iteration,accepted_count,energy,acceptance_rate
         0,         0,  1.736498569765E+02,  0.0000
         1,         1,  1.736108933276E+02,  1.0000
         2,         2,  1.735054396136E+02,  1.0000
         4,         3,  1.732325031351E+02,  0.7500
         7,         4,  1.731861201507E+02,  0.5714
         8,         5,  1.730638435106E+02,  0.6250
        10,         6,  1.729185455351E+02,  0.6000
        11,         7,  1.725406322320E+02,  0.6364
        14,         8,  1.721364855717E+02,  0.5714
        17,         9,  1.720381242381E+02,  0.5294
        18,        10,  1.719613716765E+02,  0.5556
        20,        11,  1.718454362767E+02,  0.5500
        23,        12,  1.716890558990E+02,  0.5217
        25,        13,  1.715923950920E+02,  0.5200
        26,        14,  1.715643221448E+02,  0.5385
        27,        15,  1.715305340693E+02,  0.5556
        28,        16,  1.714902981622E+02,  0.5714
        31,        17,  1.714068815188E+02,  0.5484
        32,        18,  1.713332472562E+02,  0.5625
        34,        19,  1.712837608154E+02,  0.5588
        35,        20,  1.712742062240E+02,  0.5714
        38,        21,  1.712105628358E+02,  0.5526
        40,        22,  1.711932325522E+02,  0.5500
        42,        23,  1.711790988297E+02,  0.5476
        44,        24,  1.706332867055E+02,  0.5455
        48,        25,  1.704237835758E+02,  0.5208
        52,        26,  1.701545686280E+02,  0.5000
        53,        27,  1.700353915163E+02,  0.5094
        56,        28,  1.698040629208E+02,  0.5000
        57,        29,  1.690118418666E+02,  0.5088
        58,        30,  1.689158965812E+02,  0.5172
        60,        31,  1.687250833210E+02,  0.5167
        62,        32,  1.686902704011E+02,  0.5161
        63,        33,  1.685036761161E+02,  0.5238
        64,        34,  1.684492710527E+02,  0.5312
        65,        35,  1.682716526983E+02,  0.5385
        67,        36,  1.681713240129E+02,  0.5373
        68,        37,  1.681548057853E+02,  0.5441
        72,        38,  1.680839607730E+02,  0.5278
        74,        39,  1.678789705788E+02,  0.5270
        76,        40,  1.678664526446E+02,  0.5263
        78,        41,  1.678017429151E+02,  0.5256
        83,        42,  1.676953315550E+02,  0.5060
        89,        43,  1.676717756870E+02,  0.4831
        90,        44,  1.675121230505E+02,  0.4889
        91,        45,  1.674540130453E+02,  0.4945
        92,        46,  1.674449476563E+02,  0.5000
        94,        47,  1.668597887990E+02,  0.5000
        95,        48,  1.667126102905E+02,  0.5053
       102,        49,  1.666301827997E+02,  0.4804
       103,        50,  1.665558123853E+02,  0.4854
       105,        51,  1.665419758946E+02,  0.4857
       106,        52,  1.665353308955E+02,  0.4906
       107,        53,  1.662692415576E+02,  0.4953
       110,        54,  1.661418483035E+02,  0.4909
       111,        55,  1.661062740447E+02,  0.4955
       116,        56,  1.659332745964E+02,  0.4828
       117,        57,  1.657757013178E+02,  0.4872
       121,        58,  1.657692900469E+02,  0.4793
       122,        59,  1.657293299688E+02,  0.4836
       123,        60,  1.657189482739E+02,  0.4878
       125,        61,  1.657018583586E+02,  0.4880
       127,        62,  1.656368973908E+02,  0.4882
       133,        63,  1.655906065416E+02,  0.4737
       134,        64,  1.654904351073E+02,  0.4776
       135,        65,  1.654496686965E+02,  0.4815
       138,        66,  1.653997148371E+02,  0.4783
       141,        67,  1.651786536011E+02,  0.4752
       142,        68,  1.651664298712E+02,  0.4789
       144,        69,  1.650784669587E+02,  0.4792
       146,        70,  1.649618388424E+02,  0.4795
       148,        71,  1.648589539925E+02,  0.4797
       150,        72,  1.647851477988E+02,  0.4800
       154,        73,  1.647227973078E+02,  0.4740
       155,        74,  1.646676572828E+02,  0.4774
       158,        75,  1.645535281843E+02,  0.4747
       160,        76,  1.645059566246E+02,  0.4750
       163,        77,  1.644033372023E+02,  0.4724
       165,        78,  1.643963048890E+02,  0.4727
       166,        79,  1.643169123757E+02,  0.4759
       169,        80,  1.642869821643E+02,  0.4734
       170,        81,  1.642658035220E+02,  0.4765
       173,        82,  1.640847816935E+02,  0.4740
       174,        83,  1.640769422769E+02,  0.4770
       180,        84,  1.639707781172E+02,  0.4667
       183,        85,  1.637776404927E+02,  0.4645
       184,        86,  1.636982651756E+02,  0.4674
       187,        87,  1.636410208044E+02,  0.4652
       189,        88,  1.636080579991E+02,  0.4656
       190,        89,  1.636063532920E+02,  0.4684
       193,        90,  1.635500537006E+02,  0.4663
       195,        91,  1.634599476474E+02,  0.4667
       198,        92,  1.634343431750E+02,  0.4646
       202,        93,  1.632218603242E+02,  0.4604
       204,        94,  1.631840249237E+02,  0.4608
       207,        95,  1.630711411334E+02,  0.4589
       210,        96,  1.629754044527E+02,  0.4571
       211,        97,  1.629736132185E+02,  0.4597
       221,        98,  1.629494052254E+02,  0.4434
       222,        99,  1.627692944436E+02,  0.4459
       223,       100,  1.627636746392E+02,  0.4484
       224,       101,  1.626784183001E+02,  0.4509
       225,       102,  1.626394447749E+02,  0.4533
       227,       103,  1.626248662381E+02,  0.4537
       230,       104,  1.625285636242E+02,  0.4522
       232,       105,  1.625246718692E+02,  0.4526
       234,       106,  1.624671956397E+02,  0.4530
       235,       107,  1.624145854698E+02,  0.4553
       237,       108,  1.623650669116E+02,  0.4557
       238,       109,  1.622967111875E+02,  0.4580
       239,       110,  1.622461440362E+02,  0.4603
       240,       111,  1.622372886873E+02,  0.4625
       241,       112,  1.622035670361E+02,  0.4647
       242,       113,  1.621794876425E+02,  0.4669
       245,       114,  1.621765673893E+02,  0.4653
       246,       115,  1.621378420520E+02,  0.4675
       248,       116,  1.620865818855E+02,  0.4677
       251,       117,  1.620702671031E+02,  0.4661
       253,       118,  1.619441678464E+02,  0.4664
       255,       119,  1.619274769153E+02,  0.4667
       259,       120,  1.618301800091E+02,  0.4633
       260,       121,  1.618292740945E+02,  0.4654
       261,       122,  1.617737182649E+02,  0.4674
       271,       123,  1.617200330730E+02,  0.4539
       273,       124,  1.616884077588E+02,  0.4542
       275,       125,  1.616500245859E+02,  0.4545
       276,       126,  1.616233823622E+02,  0.4565
       277,       127,  1.615446230129E+02,  0.4585
       281,       128,  1.614857928746E+02,  0.4555
       283,       129,  1.612334009819E+02,  0.4558
       284,       130,  1.611878276050E+02,  0.4577
       285,       131,  1.611120673366E+02,  0.4596
       286,       132,  1.610968292781E+02,  0.4615
       287,       133,  1.610343373146E+02,  0.4634
       289,       134,  1.610216437334E+02,  0.4637
       292,       135,  1.609941135611E+02,  0.4623
       296,       136,  1.609841710951E+02,  0.4595
       298,       137,  1.608768037677E+02,  0.4597
       300,       138,  1.608383259211E+02,  0.4600
       302,       139,  1.608320211279E+02,  0.4603
       304,       140,  1.608270895672E+02,  0.4605
       305,       141,  1.607444148898E+02,  0.4623
       307,       142,  1.605833002815E+02,  0.4625
       308,       143,  1.605306227392E+02,  0.4643
       309,       144,  1.604880206439E+02,  0.4660
       310,       145,  1.604318727833E+02,  0.4677
       315,       146,  1.602925931825E+02,  0.4635
       316,       147,  1.600423653455E+02,  0.4652
       318,       148,  1.599056391561E+02,  0.4654
       321,       149,  1.598753547751E+02,  0.4642
       322,       150,  1.596507928765E+02,  0.4658
       323,       151,  1.596012161193E+02,  0.4675
       324,       152,  1.595909336657E+02,  0.4691
       327,       153,  1.594824878855E+02,  0.4679
       329,       154,  1.593506795022E+02,  0.4681
       331,       155,  1.593245181838E+02,  0.4683
       332,       156,  1.591283885580E+02,  0.4699
       334,       157,  1.591021225979E+02,  0.4701
       335,       158,  1.590851356627E+02,  0.4716
       341,       159,  1.590472080612E+02,  0.4663
       344,       160,  1.589564278906E+02,  0.4651
       346,       161,  1.589128873587E+02,  0.4653
       347,       162,  1.588438659806E+02,  0.4669
       351,       163,  1.586922129187E+02,  0.4644
       352,       164,  1.586564431268E+02,  0.4659
       354,       165,  1.586054063220E+02,  0.4661
       357,       166,  1.585840888228E+02,  0.4650
       366,       167,  1.585486858692E+02,  0.4563
       367,       168,  1.585469025089E+02,  0.4578
       368,       169,  1.585372282663E+02,  0.4592
       370,       170,  1.584232267406E+02,  0.4595
       371,       171,  1.583479592806E+02,  0.4609
       375,       172,  1.583017430682E+02,  0.4587
       376,       173,  1.582486966694E+02,  0.4601
       377,       174,  1.582194721141E+02,  0.4615
       381,       175,  1.581622392456E+02,  0.4593
       383,       176,  1.581592954574E+02,  0.4595
       386,       177,  1.579882560196E+02,  0.4585
       387,       178,  1.579416907627E+02,  0.4599
       394,       179,  1.578846633375E+02,  0.4543
       398,       180,  1.577839217599E+02,  0.4523
       401,       181,  1.577233398528E+02,  0.4514
       405,       182,  1.576671979275E+02,  0.4494
       410,       183,  1.576421104324E+02,  0.4463
       411,       184,  1.575962389012E+02,  0.4477
       412,       185,  1.575428507686E+02,  0.4490
       414,       186,  1.574045957383E+02,  0.4493
       415,       187,  1.573979758302E+02,  0.4506
       416,       188,  1.573605390502E+02,  0.4519
       420,       189,  1.572638025114E+02,  0.4500
       425,       190,  1.572471967953E+02,  0.4471
       426,       191,  1.572380302284E+02,  0.4484
       427,       192,  1.571818634410E+02,  0.4496
       428,       193,  1.571176491158E+02,  0.4509
       429,       194,  1.570491954511E+02,  0.4522
       430,       195,  1.570139624753E+02,  0.4535
       433,       196,  1.568918579139E+02,  0.4527
       434,       197,  1.568914165797E+02,  0.4539
       435,       198,  1.568328796113E+02,  0.4552
       439,       199,  1.567620075799E+02,  0.4533
       442,       200,  1.567550131861E+02,  0.4525
       445,       201,  1.567353438035E+02,  0.4517
       448,       202,  1.566121912645E+02,  0.4509
       454,       203,  1.564870708825E+02,  0.4471
       455,       204,  1.564683949449E+02,  0.4484
       459,       205,  1.564217495926E+02,  0.4466
       461,       206,  1.564104799498E+02,  0.4469
       470,       207,  1.563973608644E+02,  0.4404
       472,       208,  1.563527597720E+02,  0.4407
       473,       209,  1.562810978867E+02,  0.4419
       474,       210,  1.562500653155E+02,  0.4430
       475,       211,  1.561810397342E+02,  0.4442
       482,       212,  1.561426083406E+02,  0.4398
       485,       213,  1.561150521375E+02,  0.4392
       486,       214,  1.560994361754E+02,  0.4403
       487,       215,  1.559150807322E+02,  0.4415
       488,       216,  1.559051041871E+02,  0.4426
       490,       217,  1.558729873977E+02,  0.4429
       491,       218,  1.558267795928E+02,  0.4440
       496,       219,  1.557971200101E+02,  0.4415
       499,       220,  1.557856232080E+02,  0.4409
       500,       221,  1.557668101502E+02,  0.4420
       506,       222,  1.557658770401E+02,  0.4387
       508,       223,  1.556086856724E+02,  0.4390
       509,       224,  1.555739670112E+02,  0.4401
       516,       225,  1.555578473424E+02,  0.4360
       517,       226,  1.555250558626E+02,  0.4371
       519,       227,  1.554978896665E+02,  0.4374
       520,       228,  1.554367462886E+02,  0.4385
       521,       229,  1.553043536400E+02,  0.4395
       522,       230,  1.552954863447E+02,  0.4406
       523,       231,  1.552942419104E+02,  0.4417
       524,       232,  1.552444516085E+02,  0.4427
       526,       233,  1.552423097374E+02,  0.4430
       529,       234,  1.551506665722E+02,  0.4423
       530,       235,  1.551175485794E+02,  0.4434
       532,       236,  1.551064624573E+02,  0.4436
       533,       237,  1.550655376968E+02,  0.4447
       535,       238,  1.550153081985E+02,  0.4449
       536,       239,  1.549666907824E+02,  0.4459
       538,       240,  1.549048490387E+02,  0.4461
       539,       241,  1.548970261147E+02,  0.4471
       542,       242,  1.548330967042E+02,  0.4465
       543,       243,  1.547943024652E+02,  0.4475
       544,       244,  1.547737529659E+02,  0.4485
       546,       245,  1.547724752254E+02,  0.4487
       548,       246,  1.546914807290E+02,  0.4489
       549,       247,  1.546511336932E+02,  0.4499
       550,       248,  1.546488511772E+02,  0.4509
       552,       249,  1.545795851069E+02,  0.4511
       554,       250,  1.545476490536E+02,  0.4513
       557,       251,  1.543922966692E+02,  0.4506
       558,       252,  1.543061042438E+02,  0.4516
       562,       253,  1.542576912722E+02,  0.4502
       563,       254,  1.542329636607E+02,  0.4512
       564,       255,  1.542157442903E+02,  0.4521
       565,       256,  1.541798508817E+02,  0.4531
       566,       257,  1.540615582866E+02,  0.4541
       569,       258,  1.540183726907E+02,  0.4534
       571,       259,  1.540057860774E+02,  0.4536
       575,       260,  1.539210931976E+02,  0.4522
       576,       261,  1.537680057511E+02,  0.4531
       584,       262,  1.537648832535E+02,  0.4486
       585,       263,  1.537374103149E+02,  0.4496
       586,       264,  1.535883790081E+02,  0.4505
       587,       265,  1.535306541916E+02,  0.4514
       591,       266,  1.534988357831E+02,  0.4501
       592,       267,  1.534208158882E+02,  0.4510
       593,       268,  1.532490169947E+02,  0.4519
       598,       269,  1.532468529273E+02,  0.4498
       600,       270,  1.532086183760E+02,  0.4500
       601,       271,  1.531965144963E+02,  0.4509
       602,       272,  1.531880707994E+02,  0.4518
       603,       273,  1.531549406611E+02,  0.4527
       605,       274,  1.530249127417E+02,  0.4529
       609,       275,  1.529724367117E+02,  0.4516
       611,       276,  1.529135497347E+02,  0.4517
       613,       277,  1.528924786440E+02,  0.4519
       616,       278,  1.528510729711E+02,  0.4513
       621,       279,  1.528149076224E+02,  0.4493
       622,       280,  1.528059618517E+02,  0.4502
       635,       281,  1.526921671144E+02,  0.4425
       639,       282,  1.526460412345E+02,  0.4413
       642,       283,  1.525986744927E+02,  0.4408
       644,       284,  1.525019184119E+02,  0.4410
       645,       285,  1.524375015079E+02,  0.4419
       648,       286,  1.524076610608E+02,  0.4414
       651,       287,  1.523282027928E+02,  0.4409
       652,       288,  1.523124128246E+02,  0.4417
       653,       289,  1.523081555304E+02,  0.4426
       656,       290,  1.522963495046E+02,  0.4421
       657,       291,  1.522827632122E+02,  0.4429
       659,       292,  1.522513741436E+02,  0.4431
       661,       293,  1.522307168632E+02,  0.4433
       662,       294,  1.521629101818E+02,  0.4441
       663,       295,  1.521562213132E+02,  0.4449
       664,       296,  1.520550052643E+02,  0.4458
       665,       297,  1.520339306345E+02,  0.4466
       667,       298,  1.520239338474E+02,  0.4468
       669,       299,  1.519773761289E+02,  0.4469
       671,       300,  1.519717501065E+02,  0.4471
       672,       301,  1.519262514029E+02,  0.4479
       675,       302,  1.516710676436E+02,  0.4474
       676,       303,  1.516212183735E+02,  0.4482
       677,       304,  1.516085806824E+02,  0.4490
       679,       305,  1.516006599166E+02,  0.4492
       684,       306,  1.515838753915E+02,  0.4474
       685,       307,  1.515440170472E+02,  0.4482
       691,       308,  1.513772259088E+02,  0.4457
       693,       309,  1.512548701979E+02,  0.4459
       696,       310,  1.512406382828E+02,  0.4454
       702,       311,  1.512137181102E+02,  0.4430
       704,       312,  1.511077543283E+02,  0.4432
       705,       313,  1.510737917834E+02,  0.4440
       706,       314,  1.510431816407E+02,  0.4448
       707,       315,  1.510386838700E+02,  0.4455
       708,       316,  1.510379349536E+02,  0.4463
       712,       317,  1.510273801670E+02,  0.4452
       714,       318,  1.509189476651E+02,  0.4454
       718,       319,  1.508943316851E+02,  0.4443
       720,       320,  1.508486254187E+02,  0.4444
       721,       321,  1.507695011973E+02,  0.4452
       723,       322,  1.507539551444E+02,  0.4454
       724,       323,  1.507145083776E+02,  0.4461
       726,       324,  1.506989008897E+02,  0.4463
       727,       325,  1.505852610364E+02,  0.4470
       728,       326,  1.505696007334E+02,  0.4478
       732,       327,  1.505053347467E+02,  0.4467
       739,       328,  1.504371918199E+02,  0.4438
       741,       329,  1.504303951062E+02,  0.4440
       742,       330,  1.504115632213E+02,  0.4447
       744,       331,  1.503888193198E+02,  0.4449
       748,       332,  1.503657493116E+02,  0.4439
       749,       333,  1.503486222936E+02,  0.4446
       751,       334,  1.503336206155E+02,  0.4447
       752,       335,  1.503248554900E+02,  0.4455
       760,       336,  1.503164017133E+02,  0.4421
       766,       337,  1.503119352683E+02,  0.4399
       767,       338,  1.502727329250E+02,  0.4407
       768,       339,  1.502359723073E+02,  0.4414
       769,       340,  1.502000656735E+02,  0.4421
       773,       341,  1.500901213193E+02,  0.4411
       778,       342,  1.500720783089E+02,  0.4396
       779,       343,  1.500586233751E+02,  0.4403
       781,       344,  1.500560562507E+02,  0.4405
       783,       345,  1.500288793360E+02,  0.4406
       784,       346,  1.499981225457E+02,  0.4413
       785,       347,  1.499842436473E+02,  0.4420
       787,       348,  1.499841658949E+02,  0.4422
       788,       349,  1.499609829273E+02,  0.4429
       789,       350,  1.499327625102E+02,  0.4436
       791,       351,  1.499209458492E+02,  0.4437
       800,       352,  1.498965157882E+02,  0.4400
       804,       353,  1.498258599790E+02,  0.4391
       805,       354,  1.498241860126E+02,  0.4398
       806,       355,  1.497729370966E+02,  0.4404
       807,       356,  1.497697586588E+02,  0.4411
       808,       357,  1.497643943179E+02,  0.4418
       814,       358,  1.497509804255E+02,  0.4398
       818,       359,  1.497310337652E+02,  0.4389
       819,       360,  1.497295526254E+02,  0.4396
       823,       361,  1.497089375840E+02,  0.4386
       824,       362,  1.496557038914E+02,  0.4393
       827,       363,  1.495878204707E+02,  0.4389
       828,       364,  1.495813182229E+02,  0.4396
       838,       365,  1.495635699041E+02,  0.4356
       840,       366,  1.495495696317E+02,  0.4357
       841,       367,  1.495068643736E+02,  0.4364
       848,       368,  1.495001001620E+02,  0.4340
       851,       369,  1.494850064411E+02,  0.4336
       852,       370,  1.494515028989E+02,  0.4343
       854,       371,  1.494238064200E+02,  0.4344
       857,       372,  1.493510120513E+02,  0.4341
       862,       373,  1.493275150646E+02,  0.4327
       863,       374,  1.493207737727E+02,  0.4334
       865,       375,  1.492984356852E+02,  0.4335
       869,       376,  1.492788566487E+02,  0.4327
       871,       377,  1.491072135035E+02,  0.4328
       874,       378,  1.490880612593E+02,  0.4325
       876,       379,  1.490121116731E+02,  0.4326
       877,       380,  1.489985174932E+02,  0.4333
       880,       381,  1.489706150158E+02,  0.4330
       882,       382,  1.489466567856E+02,  0.4331
       883,       383,  1.489437902230E+02,  0.4337
       890,       384,  1.488666258354E+02,  0.4315
       893,       385,  1.488137738034E+02,  0.4311
       894,       386,  1.487308257971E+02,  0.4318
       895,       387,  1.486666200202E+02,  0.4324
       898,       388,  1.485881346307E+02,  0.4321
       902,       389,  1.485750673395E+02,  0.4313
       904,       390,  1.484975306201E+02,  0.4314
       906,       391,  1.483909255663E+02,  0.4316
       907,       392,  1.483765387398E+02,  0.4322
       908,       393,  1.483593059638E+02,  0.4328
       914,       394,  1.483336417082E+02,  0.4311
       919,       395,  1.483226009802E+02,  0.4298
       921,       396,  1.483191286435E+02,  0.4300
       923,       397,  1.482540883131E+02,  0.4301
       924,       398,  1.482118626399E+02,  0.4307
       926,       399,  1.481383305860E+02,  0.4309
       928,       400,  1.481264085917E+02,  0.4310
       930,       401,  1.481005559882E+02,  0.4312
       932,       402,  1.480453395412E+02,  0.4313
       933,       403,  1.480360828905E+02,  0.4319
       935,       404,  1.480193146345E+02,  0.4321
       938,       405,  1.480152103681E+02,  0.4318
       942,       406,  1.480066659412E+02,  0.4310
       949,       407,  1.479916918701E+02,  0.4289
       950,       408,  1.479848060948E+02,  0.4295
       952,       409,  1.479325337307E+02,  0.4296
       953,       410,  1.478958929776E+02,  0.4302
       955,       411,  1.477901801950E+02,  0.4304
       956,       412,  1.477873302003E+02,  0.4310
       960,       413,  1.477803865946E+02,  0.4302
       961,       414,  1.477392626952E+02,  0.4308
       966,       415,  1.477305092819E+02,  0.4296
       968,       416,  1.477291721553E+02,  0.4298
       970,       417,  1.477268566522E+02,  0.4299
       979,       418,  1.477059793598E+02,  0.4270
       981,       419,  1.476814560009E+02,  0.4271
       989,       420,  1.476617608145E+02,  0.4247
       990,       421,  1.476557881045E+02,  0.4253
       992,       422,  1.476314652930E+02,  0.4254
       993,       423,  1.476221975115E+02,  0.4260
       996,       424,  1.476194509075E+02,  0.4257
       997,       425,  1.475713415136E+02,  0.4263
       999,       426,  1.475598661076E+02,  0.4264
      1000,       427,  1.475108729319E+02,  0.4270
      1003,       428,  1.474581910849E+02,  0.4267
      1009,       429,  1.474297342054E+02,  0.4252
      1013,       430,  1.473821904140E+02,  0.4245
      1014,       431,  1.473758926844E+02,  0.4250
      1015,       432,  1.473757204776E+02,  0.4256
      1027,       433,  1.473464588040E+02,  0.4216
      1029,       434,  1.473208971400E+02,  0.4218
      1033,       435,  1.471934163877E+02,  0.4211
      1044,       436,  1.471844024823E+02,  0.4176
      1045,       437,  1.471790271648E+02,  0.4182
      1053,       438,  1.471211416980E+02,  0.4160
      1054,       439,  1.470916727501E+02,  0.4165
      1056,       440,  1.470765304152E+02,  0.4167
      1057,       441,  1.470283550175E+02,  0.4172
      1059,       442,  1.470254689280E+02,  0.4174
      1063,       443,  1.469904959903E+02,  0.4167
      1069,       444,  1.468122861306E+02,  0.4153
      1070,       445,  1.467593920809E+02,  0.4159
      1072,       446,  1.467453017711E+02,  0.4160
      1075,       447,  1.467086930835E+02,  0.4158
      1078,       448,  1.466919629838E+02,  0.4156
      1079,       449,  1.466777667931E+02,  0.4161
      1081,       450,  1.466349549029E+02,  0.4163
      1085,       451,  1.465644977006E+02,  0.4157
      1086,       452,  1.464783391357E+02,  0.4162
      1088,       453,  1.463868044035E+02,  0.4164
      1101,       454,  1.463639662063E+02,  0.4124
      1107,       455,  1.463067658143E+02,  0.4110
      1112,       456,  1.462786664629E+02,  0.4101
      1116,       457,  1.462732370324E+02,  0.4095
      1119,       458,  1.462678601785E+02,  0.4093
      1120,       459,  1.462340619788E+02,  0.4098
      1125,       460,  1.462189040606E+02,  0.4089
      1137,       461,  1.462102137086E+02,  0.4055
      1154,       462,  1.461989902511E+02,  0.4003
      1155,       463,  1.461975582636E+02,  0.4009
      1156,       464,  1.461908072665E+02,  0.4014
      1161,       465,  1.461315739691E+02,  0.4005
      1163,       466,  1.460924079158E+02,  0.4007
      1165,       467,  1.460921955765E+02,  0.4009
      1168,       468,  1.460639917469E+02,  0.4007
      1171,       469,  1.460601854128E+02,  0.4005
      1172,       470,  1.460516503660E+02,  0.4010
      1174,       471,  1.460159730954E+02,  0.4012
      1175,       472,  1.460099130935E+02,  0.4017
      1177,       473,  1.459427812885E+02,  0.4019
      1179,       474,  1.459399833673E+02,  0.4020
      1181,       475,  1.458892085480E+02,  0.4022
      1184,       476,  1.458813271199E+02,  0.4020
      1187,       477,  1.458724649150E+02,  0.4019
      1192,       478,  1.457861344417E+02,  0.4010
      1193,       479,  1.456275929290E+02,  0.4015
      1198,       480,  1.455652079975E+02,  0.4007
      1201,       481,  1.455628018000E+02,  0.4005
      1204,       482,  1.455073430810E+02,  0.4003
      1210,       483,  1.454794503981E+02,  0.3992
      1211,       484,  1.453382499548E+02,  0.3997
      1213,       485,  1.453307303233E+02,  0.3998
      1218,       486,  1.453297405793E+02,  0.3990
      1222,       487,  1.453149784092E+02,  0.3985
      1223,       488,  1.452242357978E+02,  0.3990
      1225,       489,  1.452191967074E+02,  0.3992
      1226,       490,  1.452153182748E+02,  0.3997
      1228,       491,  1.451993554641E+02,  0.3998
      1230,       492,  1.451876183287E+02,  0.4000
      1233,       493,  1.451416197314E+02,  0.3998
      1239,       494,  1.451228665351E+02,  0.3987
      1242,       495,  1.450545990771E+02,  0.3986
      1243,       496,  1.450531315860E+02,  0.3990
      1244,       497,  1.450423746411E+02,  0.3995
      1248,       498,  1.449920922581E+02,  0.3990
      1250,       499,  1.449786863423E+02,  0.3992
      1253,       500,  1.449040563261E+02,  0.3990
      1258,       501,  1.448982617892E+02,  0.3983
      1263,       502,  1.448799093302E+02,  0.3975
      1265,       503,  1.448794044504E+02,  0.3976
      1268,       504,  1.448772745227E+02,  0.3975
      1269,       505,  1.448498165119E+02,  0.3980
      1270,       506,  1.448206207259E+02,  0.3984
      1273,       507,  1.448045764755E+02,  0.3983
      1275,       508,  1.447336170082E+02,  0.3984
      1276,       509,  1.447325232450E+02,  0.3989
      1279,       510,  1.446783149541E+02,  0.3987
      1282,       511,  1.446566641359E+02,  0.3986
      1285,       512,  1.446539729956E+02,  0.3984
      1287,       513,  1.445483233790E+02,  0.3986
      1295,       514,  1.445194801580E+02,  0.3969
      1296,       515,  1.445168495431E+02,  0.3974
      1299,       516,  1.445147402614E+02,  0.3972
      1300,       517,  1.445024986485E+02,  0.3977
      1301,       518,  1.444792998256E+02,  0.3982
      1307,       519,  1.444517631658E+02,  0.3971
      1308,       520,  1.444517447127E+02,  0.3976
      1311,       521,  1.444218535035E+02,  0.3974
      1313,       522,  1.444133174613E+02,  0.3976
      1316,       523,  1.444090586022E+02,  0.3974
      1321,       524,  1.443441742632E+02,  0.3967
      1322,       525,  1.443206431831E+02,  0.3971
      1324,       526,  1.442782503280E+02,  0.3973
      1326,       527,  1.442288658981E+02,  0.3974
      1327,       528,  1.442215379903E+02,  0.3979
      1328,       529,  1.441376647369E+02,  0.3983
      1329,       530,  1.441238912351E+02,  0.3988
      1331,       531,  1.440484847860E+02,  0.3989
      1338,       532,  1.440256415991E+02,  0.3976
      1341,       533,  1.439083774964E+02,  0.3975
      1342,       534,  1.437753701022E+02,  0.3979
      1345,       535,  1.437662209061E+02,  0.3978
      1346,       536,  1.437425287474E+02,  0.3982
      1352,       537,  1.437342509771E+02,  0.3972
      1355,       538,  1.436799991439E+02,  0.3970
      1356,       539,  1.435917560314E+02,  0.3975
      1358,       540,  1.435776300448E+02,  0.3976
      1359,       541,  1.435700893769E+02,  0.3981
      1362,       542,  1.435045520469E+02,  0.3979
      1363,       543,  1.435017277386E+02,  0.3984
      1367,       544,  1.434750320000E+02,  0.3980
      1368,       545,  1.434350174264E+02,  0.3984
      1369,       546,  1.434293565791E+02,  0.3988
      1386,       547,  1.434243988523E+02,  0.3947
      1391,       548,  1.434166689318E+02,  0.3940
      1394,       549,  1.433847327636E+02,  0.3938
      1399,       550,  1.433555660569E+02,  0.3931
      1401,       551,  1.432957510238E+02,  0.3933
      1405,       552,  1.432880536758E+02,  0.3929
      1409,       553,  1.432789968808E+02,  0.3925
      1411,       554,  1.432273496695E+02,  0.3926
      1418,       555,  1.432152533097E+02,  0.3914
      1420,       556,  1.432098220489E+02,  0.3915
      1421,       557,  1.431863109747E+02,  0.3920
      1423,       558,  1.431666323151E+02,  0.3921
      1424,       559,  1.431663306848E+02,  0.3926
      1425,       560,  1.431660807214E+02,  0.3930
      1427,       561,  1.431655033720E+02,  0.3931
      1430,       562,  1.431580005266E+02,  0.3930
      1435,       563,  1.430910517770E+02,  0.3923
      1437,       564,  1.430843603463E+02,  0.3925
      1438,       565,  1.430476847548E+02,  0.3929
      1440,       566,  1.429373688357E+02,  0.3931
      1441,       567,  1.428967658417E+02,  0.3935
      1443,       568,  1.428763893392E+02,  0.3936
      1445,       569,  1.428632369812E+02,  0.3938
      1446,       570,  1.427872493578E+02,  0.3942
      1447,       571,  1.427633722646E+02,  0.3946
      1449,       572,  1.427526151739E+02,  0.3948
      1450,       573,  1.427467661736E+02,  0.3952
      1455,       574,  1.427408881047E+02,  0.3945
      1460,       575,  1.426977180199E+02,  0.3938
      1468,       576,  1.426833272987E+02,  0.3924
      1473,       577,  1.426709912351E+02,  0.3917
      1474,       578,  1.426699677251E+02,  0.3921
      1475,       579,  1.425754702658E+02,  0.3925
      1476,       580,  1.425477851643E+02,  0.3930
      1478,       581,  1.424816706813E+02,  0.3931
      1479,       582,  1.424752697781E+02,  0.3935
      1480,       583,  1.424742853790E+02,  0.3939
      1481,       584,  1.424680988207E+02,  0.3943
      1483,       585,  1.424496426751E+02,  0.3945
      1490,       586,  1.424133043207E+02,  0.3933
      1494,       587,  1.424123311552E+02,  0.3929
      1498,       588,  1.424090712875E+02,  0.3925
      1502,       589,  1.424050976916E+02,  0.3921
      1503,       590,  1.423570935322E+02,  0.3925
      1508,       591,  1.423285542366E+02,  0.3919
      1512,       592,  1.422104387258E+02,  0.3915
      1513,       593,  1.420787597338E+02,  0.3919
      1514,       594,  1.420775449416E+02,  0.3923
      1515,       595,  1.420676808062E+02,  0.3927
      1516,       596,  1.420540540863E+02,  0.3931
      1517,       597,  1.420497253918E+02,  0.3935
      1525,       598,  1.420469315390E+02,  0.3921
      1526,       599,  1.420450491514E+02,  0.3925
      1534,       600,  1.420448236998E+02,  0.3911
      1536,       601,  1.420410277881E+02,  0.3913
      1537,       602,  1.419861667189E+02,  0.3917
      1539,       603,  1.419811392461E+02,  0.3918
      1542,       604,  1.419402302409E+02,  0.3917
      1544,       605,  1.418915616545E+02,  0.3918
      1550,       606,  1.418722204279E+02,  0.3910
      1551,       607,  1.418684472275E+02,  0.3914
      1553,       608,  1.418546076929E+02,  0.3915
      1554,       609,  1.418507071953E+02,  0.3919
      1556,       610,  1.418366749818E+02,  0.3920
      1564,       611,  1.417936125794E+02,  0.3907
      1566,       612,  1.417744540217E+02,  0.3908
      1567,       613,  1.417583903835E+02,  0.3912
      1570,       614,  1.416040803713E+02,  0.3911
      1572,       615,  1.415816884157E+02,  0.3912
      1573,       616,  1.415585702719E+02,  0.3916
      1577,       617,  1.415436655413E+02,  0.3912
      1578,       618,  1.415323941921E+02,  0.3916
      1581,       619,  1.415136669760E+02,  0.3915
      1583,       620,  1.414883745573E+02,  0.3917
      1584,       621,  1.413714317900E+02,  0.3920
      1585,       622,  1.413653770068E+02,  0.3924
      1589,       623,  1.413639147426E+02,  0.3921
      1593,       624,  1.412942468330E+02,  0.3917
      1594,       625,  1.412928810727E+02,  0.3921
      1598,       626,  1.412853770193E+02,  0.3917
      1601,       627,  1.412837117112E+02,  0.3916
      1602,       628,  1.412825906103E+02,  0.3920
      1609,       629,  1.412725130549E+02,  0.3909
      1613,       630,  1.412255450485E+02,  0.3906
      1617,       631,  1.411945145219E+02,  0.3902
      1619,       632,  1.411881713047E+02,  0.3904
      1620,       633,  1.411858193992E+02,  0.3907
      1624,       634,  1.411620636904E+02,  0.3904
      1626,       635,  1.411376422657E+02,  0.3905
      1627,       636,  1.411106290881E+02,  0.3909
      1628,       637,  1.410497086076E+02,  0.3913
      1633,       638,  1.410298677216E+02,  0.3907
      1635,       639,  1.410148531652E+02,  0.3908
      1640,       640,  1.409989469774E+02,  0.3902
      1646,       641,  1.409817964242E+02,  0.3894
      1647,       642,  1.409811018461E+02,  0.3898
      1648,       643,  1.409585272536E+02,  0.3902
      1656,       644,  1.409359974961E+02,  0.3889
      1662,       645,  1.409125719746E+02,  0.3881
      1667,       646,  1.408867742526E+02,  0.3875
      1668,       647,  1.408179714008E+02,  0.3879
      1669,       648,  1.408134046605E+02,  0.3883
      1674,       649,  1.407787355395E+02,  0.3877
      1675,       650,  1.407546174770E+02,  0.3881
      1679,       651,  1.407358840909E+02,  0.3877
      1694,       652,  1.406890529578E+02,  0.3849
      1696,       653,  1.406741234611E+02,  0.3850
      1697,       654,  1.406704413532E+02,  0.3854
      1699,       655,  1.406044449649E+02,  0.3855
      1702,       656,  1.405735459642E+02,  0.3854
      1703,       657,  1.405693942686E+02,  0.3858
      1707,       658,  1.405530102671E+02,  0.3855
      1709,       659,  1.405080404185E+02,  0.3856
      1711,       660,  1.404683937082E+02,  0.3857
      1713,       661,  1.403945638164E+02,  0.3859
      1721,       662,  1.403870259824E+02,  0.3847
      1722,       663,  1.403567340291E+02,  0.3850
      1724,       664,  1.403387793328E+02,  0.3852
      1727,       665,  1.403148847146E+02,  0.3851
      1728,       666,  1.402092061429E+02,  0.3854
      1730,       667,  1.402030539545E+02,  0.3855
      1732,       668,  1.401527897272E+02,  0.3857
      1736,       669,  1.401154985774E+02,  0.3854
      1739,       670,  1.400937196516E+02,  0.3853
      1740,       671,  1.400914460678E+02,  0.3856
      1742,       672,  1.400687910248E+02,  0.3858
      1743,       673,  1.400128132149E+02,  0.3861
      1744,       674,  1.399673663118E+02,  0.3865
      1749,       675,  1.399604515510E+02,  0.3859
      1753,       676,  1.399336116949E+02,  0.3856
      1756,       677,  1.398655275932E+02,  0.3855
      1757,       678,  1.398606661112E+02,  0.3859
      1765,       679,  1.398606647893E+02,  0.3847
      1768,       680,  1.398576680653E+02,  0.3846
      1772,       681,  1.398536380419E+02,  0.3843
      1774,       682,  1.398473955114E+02,  0.3844
      1776,       683,  1.398311166326E+02,  0.3846
      1778,       684,  1.398293929237E+02,  0.3847
      1779,       685,  1.398223399227E+02,  0.3850
      1781,       686,  1.398070860733E+02,  0.3852
      1782,       687,  1.398043200378E+02,  0.3855
      1784,       688,  1.398041962913E+02,  0.3857
      1786,       689,  1.397057300334E+02,  0.3858
      1787,       690,  1.396787962298E+02,  0.3861
      1788,       691,  1.396727434479E+02,  0.3865
      1791,       692,  1.396574341643E+02,  0.3864
      1793,       693,  1.396565951486E+02,  0.3865
      1794,       694,  1.396020707950E+02,  0.3868
      1800,       695,  1.395228957246E+02,  0.3861
      1801,       696,  1.394974368337E+02,  0.3865
      1804,       697,  1.394675585008E+02,  0.3864
      1805,       698,  1.394562950089E+02,  0.3867
      1817,       699,  1.394505956766E+02,  0.3847
      1820,       700,  1.393931021572E+02,  0.3846
      1824,       701,  1.393870022526E+02,  0.3843
      1826,       702,  1.393420849883E+02,  0.3844
      1829,       703,  1.393161180255E+02,  0.3844
      1835,       704,  1.393050956950E+02,  0.3837
      1838,       705,  1.393048844781E+02,  0.3836
      1842,       706,  1.393039336691E+02,  0.3833
      1843,       707,  1.392862004222E+02,  0.3836
      1845,       708,  1.392698733923E+02,  0.3837
      1848,       709,  1.392685842921E+02,  0.3837
      1849,       710,  1.392538996546E+02,  0.3840
      1852,       711,  1.392453403162E+02,  0.3839
      1853,       712,  1.392414794625E+02,  0.3842
      1855,       713,  1.391886646518E+02,  0.3844
      1856,       714,  1.391582703919E+02,  0.3847
      1859,       715,  1.391578065372E+02,  0.3846
      1871,       716,  1.390896874088E+02,  0.3827
      1875,       717,  1.390826670169E+02,  0.3824
      1879,       718,  1.390777409141E+02,  0.3821
      1880,       719,  1.390686120932E+02,  0.3824
      1882,       720,  1.390684817286E+02,  0.3826
      1883,       721,  1.390683256681E+02,  0.3829
      1885,       722,  1.390601237020E+02,  0.3830
      1888,       723,  1.390583127470E+02,  0.3829
      1889,       724,  1.390470276256E+02,  0.3833
      1890,       725,  1.390342620879E+02,  0.3836
      1891,       726,  1.390300508744E+02,  0.3839
      1893,       727,  1.390298163730E+02,  0.3840
      1894,       728,  1.390217377599E+02,  0.3844
      1896,       729,  1.389581940124E+02,  0.3845
      1901,       730,  1.389575907092E+02,  0.3840
      1905,       731,  1.389515403704E+02,  0.3837
      1907,       732,  1.389501671684E+02,  0.3838
      1909,       733,  1.389361192537E+02,  0.3840
      1911,       734,  1.389237937178E+02,  0.3841
      1912,       735,  1.389235729209E+02,  0.3844
      1917,       736,  1.388744381743E+02,  0.3839
      1918,       737,  1.388549070448E+02,  0.3843
      1919,       738,  1.388524611338E+02,  0.3846
      1920,       739,  1.388507168443E+02,  0.3849
      1922,       740,  1.387892623561E+02,  0.3850
      1923,       741,  1.387809855337E+02,  0.3853
      1924,       742,  1.387762180070E+02,  0.3857
      1925,       743,  1.387714862590E+02,  0.3860
      1927,       744,  1.387274131914E+02,  0.3861
      1929,       745,  1.387016343254E+02,  0.3862
      1932,       746,  1.386899548560E+02,  0.3861
      1933,       747,  1.386816078124E+02,  0.3864
      1935,       748,  1.386698632853E+02,  0.3866
      1936,       749,  1.386642543510E+02,  0.3869
      1943,       750,  1.386271446958E+02,  0.3860
      1944,       751,  1.386254284076E+02,  0.3863
      1947,       752,  1.385909199840E+02,  0.3862
      1949,       753,  1.385850526289E+02,  0.3864
      1952,       754,  1.385641196410E+02,  0.3863
      1955,       755,  1.385424551942E+02,  0.3862
      1956,       756,  1.385133476994E+02,  0.3865
      1957,       757,  1.385042747634E+02,  0.3868
      1967,       758,  1.385020198989E+02,  0.3854
      1973,       759,  1.384487951163E+02,  0.3847
      1976,       760,  1.383935629937E+02,  0.3846
      1979,       761,  1.383619931309E+02,  0.3845
      1980,       762,  1.383383326149E+02,  0.3848
      1983,       763,  1.383011274053E+02,  0.3848
      1988,       764,  1.382821121657E+02,  0.3843
      1989,       765,  1.382727705745E+02,  0.3846
      1990,       766,  1.382340347080E+02,  0.3849
      2000,       767,  1.382275377300E+02,  0.3835
      2005,       768,  1.382271580836E+02,  0.3830
      2007,       769,  1.381777618069E+02,  0.3832
      2022,       770,  1.381057029298E+02,  0.3808
      2027,       771,  1.381053395612E+02,  0.3804
      2029,       772,  1.381013397836E+02,  0.3805
      2031,       773,  1.380856719542E+02,  0.3806
      2042,       774,  1.380778783249E+02,  0.3790
      2043,       775,  1.380763122362E+02,  0.3793
      2053,       776,  1.380572868730E+02,  0.3780
      2054,       777,  1.380424728976E+02,  0.3783
      2055,       778,  1.380356693728E+02,  0.3786
      2057,       779,  1.379919898325E+02,  0.3787
      2061,       780,  1.379849084272E+02,  0.3785
      2064,       781,  1.379593853217E+02,  0.3784
      2066,       782,  1.379426907606E+02,  0.3785
      2072,       783,  1.378575725934E+02,  0.3779
      2075,       784,  1.378293404003E+02,  0.3778
      2078,       785,  1.378265896163E+02,  0.3778
      2080,       786,  1.378194166621E+02,  0.3779
      2087,       787,  1.378166323810E+02,  0.3771
      2090,       788,  1.378008291776E+02,  0.3770
      2091,       789,  1.377972847639E+02,  0.3773
      2094,       790,  1.377372468549E+02,  0.3773
      2104,       791,  1.377159571287E+02,  0.3760
      2106,       792,  1.376832814654E+02,  0.3761
      2112,       793,  1.376765123438E+02,  0.3755
      2114,       794,  1.376763963980E+02,  0.3756
      2120,       795,  1.376547503045E+02,  0.3750
      2121,       796,  1.376356922317E+02,  0.3753
      2126,       797,  1.376261087413E+02,  0.3749
      2131,       798,  1.375845347184E+02,  0.3745
      2132,       799,  1.375842678625E+02,  0.3748
      2134,       800,  1.375766495481E+02,  0.3749
      2140,       801,  1.375593689433E+02,  0.3743
      2153,       802,  1.375438236610E+02,  0.3725
      2158,       803,  1.374938928389E+02,  0.3721
      2159,       804,  1.374929831519E+02,  0.3724
      2160,       805,  1.374310717191E+02,  0.3727
      2163,       806,  1.374288680432E+02,  0.3726
      2164,       807,  1.373762137599E+02,  0.3729
      2167,       808,  1.373724623756E+02,  0.3729
      2172,       809,  1.373526918526E+02,  0.3725
      2177,       810,  1.373455493086E+02,  0.3721
      2182,       811,  1.373331776448E+02,  0.3717
      2183,       812,  1.373327073882E+02,  0.3720
      2189,       813,  1.372168250450E+02,  0.3714
      2191,       814,  1.372036167071E+02,  0.3715
      2193,       815,  1.372030471998E+02,  0.3716
      2196,       816,  1.371947273769E+02,  0.3716
      2206,       817,  1.371843576513E+02,  0.3704
      2215,       818,  1.371766088228E+02,  0.3693
      2217,       819,  1.371631179976E+02,  0.3694
      2226,       820,  1.370975067336E+02,  0.3684
      2227,       821,  1.370913551889E+02,  0.3687
      2230,       822,  1.370911499850E+02,  0.3686
      2232,       823,  1.370807019742E+02,  0.3687
      2234,       824,  1.370805831226E+02,  0.3688
      2236,       825,  1.370745000926E+02,  0.3690
      2242,       826,  1.370611070483E+02,  0.3684
      2243,       827,  1.370506567616E+02,  0.3687
      2245,       828,  1.370427255259E+02,  0.3688
      2246,       829,  1.370413189464E+02,  0.3691
      2247,       830,  1.370027244893E+02,  0.3694
      2250,       831,  1.369833820409E+02,  0.3693
      2257,       832,  1.369806461429E+02,  0.3686
      2262,       833,  1.369364246992E+02,  0.3683
      2270,       834,  1.369308529151E+02,  0.3674
      2272,       835,  1.368881435727E+02,  0.3675
      2274,       836,  1.368871996522E+02,  0.3676
      2280,       837,  1.367474051205E+02,  0.3671
      2281,       838,  1.367259878888E+02,  0.3674
      2282,       839,  1.367249868633E+02,  0.3677
      2283,       840,  1.367169613862E+02,  0.3679
      2284,       841,  1.367112787225E+02,  0.3682
      2288,       842,  1.367048362067E+02,  0.3680
      2290,       843,  1.366904097463E+02,  0.3681
      2291,       844,  1.366706588969E+02,  0.3684
      2295,       845,  1.366483501613E+02,  0.3682
      2300,       846,  1.366388461413E+02,  0.3678
      2302,       847,  1.365799344336E+02,  0.3679
      2311,       848,  1.365599258056E+02,  0.3669
      2315,       849,  1.365594932283E+02,  0.3667
      2326,       850,  1.365590326515E+02,  0.3654
      2328,       851,  1.365167789867E+02,  0.3655
      2333,       852,  1.365144695291E+02,  0.3652
      2334,       853,  1.364770228045E+02,  0.3655
      2335,       854,  1.364505729052E+02,  0.3657
      2336,       855,  1.363741584951E+02,  0.3660
      2341,       856,  1.363645117687E+02,  0.3657
      2344,       857,  1.363222585261E+02,  0.3656
      2345,       858,  1.363181530487E+02,  0.3659
      2350,       859,  1.363080959558E+02,  0.3655
      2351,       860,  1.362908104197E+02,  0.3658
      2354,       861,  1.362179580507E+02,  0.3658
      2357,       862,  1.361919634313E+02,  0.3657
      2361,       863,  1.361911492120E+02,  0.3655
      2366,       864,  1.361821553488E+02,  0.3652
      2374,       865,  1.360903629872E+02,  0.3644
      2378,       866,  1.360878185428E+02,  0.3642
      2379,       867,  1.360690962160E+02,  0.3644
      2380,       868,  1.360459604668E+02,  0.3647
      2381,       869,  1.360449543810E+02,  0.3650
      2384,       870,  1.360399568161E+02,  0.3649
      2389,       871,  1.360194195312E+02,  0.3646
      2390,       872,  1.360084358763E+02,  0.3649
      2391,       873,  1.359288036849E+02,  0.3651
      2396,       874,  1.359190881204E+02,  0.3648
      2401,       875,  1.359165062477E+02,  0.3644
      2404,       876,  1.359154687176E+02,  0.3644
      2406,       877,  1.359007351013E+02,  0.3645
      2407,       878,  1.358843287900E+02,  0.3648
      2415,       879,  1.358299317634E+02,  0.3640
      2420,       880,  1.358082980800E+02,  0.3636
      2424,       881,  1.358041653808E+02,  0.3634
      2432,       882,  1.356716776953E+02,  0.3627
      2438,       883,  1.356126255109E+02,  0.3622
      2441,       884,  1.356125343057E+02,  0.3621
      2452,       885,  1.355988528227E+02,  0.3609
      2460,       886,  1.355698523089E+02,  0.3602
      2461,       887,  1.355431494008E+02,  0.3604
      2462,       888,  1.355406789488E+02,  0.3607
      2469,       889,  1.355218810575E+02,  0.3601
      2471,       890,  1.354873271317E+02,  0.3602
      2472,       891,  1.354813154974E+02,  0.3604
      2475,       892,  1.354576192987E+02,  0.3604
      2481,       893,  1.354273979654E+02,  0.3599
      2486,       894,  1.354219133221E+02,  0.3596
      2489,       895,  1.354193874310E+02,  0.3596
      2491,       896,  1.354184198182E+02,  0.3597
      2494,       897,  1.353953359617E+02,  0.3597
      2498,       898,  1.353367382690E+02,  0.3595
      2510,       899,  1.353144282060E+02,  0.3582
      2511,       900,  1.352920006535E+02,  0.3584
      2514,       901,  1.352118690432E+02,  0.3584
      2522,       902,  1.351979744864E+02,  0.3577
      2525,       903,  1.351452843140E+02,  0.3576
      2526,       904,  1.351002120919E+02,  0.3579
      2536,       905,  1.350745281748E+02,  0.3569
      2539,       906,  1.350742756254E+02,  0.3568
      2540,       907,  1.350259603529E+02,  0.3571
      2552,       908,  1.350083063358E+02,  0.3558
      2553,       909,  1.349908017990E+02,  0.3561
      2557,       910,  1.349873491130E+02,  0.3559
      2565,       911,  1.349842849614E+02,  0.3552
      2580,       912,  1.349658795808E+02,  0.3535
      2589,       913,  1.349510253415E+02,  0.3526
      2593,       914,  1.349323123266E+02,  0.3525
      2594,       915,  1.349067850098E+02,  0.3527
      2597,       916,  1.349063004750E+02,  0.3527
      2598,       917,  1.349045683555E+02,  0.3530
      2604,       918,  1.348956369318E+02,  0.3525
      2605,       919,  1.348929683076E+02,  0.3528
      2607,       920,  1.348805537090E+02,  0.3529
      2609,       921,  1.348747003253E+02,  0.3530
      2610,       922,  1.348573471304E+02,  0.3533
      2618,       923,  1.348542100196E+02,  0.3526
      2619,       924,  1.348301359319E+02,  0.3528
      2620,       925,  1.348087845842E+02,  0.3531
      2621,       926,  1.348085654860E+02,  0.3533
      2626,       927,  1.348082449904E+02,  0.3530
      2629,       928,  1.347980265290E+02,  0.3530
      2633,       929,  1.347784454610E+02,  0.3528
      2634,       930,  1.347782515282E+02,  0.3531
      2635,       931,  1.347340622879E+02,  0.3533
      2640,       932,  1.347290401311E+02,  0.3530
      2641,       933,  1.347185456109E+02,  0.3533
      2642,       934,  1.347130509911E+02,  0.3535
      2648,       935,  1.347106362181E+02,  0.3531
      2649,       936,  1.347104396374E+02,  0.3533
      2653,       937,  1.346947745625E+02,  0.3532
      2654,       938,  1.346498151042E+02,  0.3534
      2659,       939,  1.345757185444E+02,  0.3531
      2663,       940,  1.345622277355E+02,  0.3530
      2668,       941,  1.345495182543E+02,  0.3527
      2671,       942,  1.345465468992E+02,  0.3527
      2676,       943,  1.345357194037E+02,  0.3524
      2679,       944,  1.345266641643E+02,  0.3524
      2682,       945,  1.345113508037E+02,  0.3523
      2683,       946,  1.344836692457E+02,  0.3526
      2686,       947,  1.344713211990E+02,  0.3526
      2692,       948,  1.344693994378E+02,  0.3522
      2694,       949,  1.344478865598E+02,  0.3523
      2697,       950,  1.344136433790E+02,  0.3522
      2700,       951,  1.343983024726E+02,  0.3522
      2705,       952,  1.343975420428E+02,  0.3519
      2708,       953,  1.343818624445E+02,  0.3519
      2709,       954,  1.343260204526E+02,  0.3522
      2714,       955,  1.342988369154E+02,  0.3519
      2716,       956,  1.342808782668E+02,  0.3520
      2728,       957,  1.342728904841E+02,  0.3508
      2743,       958,  1.342568675662E+02,  0.3493
      2748,       959,  1.342350784916E+02,  0.3490
      2749,       960,  1.341816938329E+02,  0.3492
      2756,       961,  1.341805720639E+02,  0.3487
      2757,       962,  1.341735756550E+02,  0.3489
      2761,       963,  1.341627015667E+02,  0.3488
      2764,       964,  1.341364236960E+02,  0.3488
      2765,       965,  1.341283025776E+02,  0.3490
      2768,       966,  1.340960903202E+02,  0.3490
      2772,       967,  1.340612112992E+02,  0.3488
      2773,       968,  1.340195238498E+02,  0.3491
      2775,       969,  1.340150404516E+02,  0.3492
      2777,       970,  1.339791817692E+02,  0.3493
      2796,       971,  1.339583701829E+02,  0.3473
      2797,       972,  1.338523939549E+02,  0.3475
      2798,       973,  1.338134249505E+02,  0.3477
      2799,       974,  1.337551414299E+02,  0.3480
      2807,       975,  1.337200867345E+02,  0.3473
      2812,       976,  1.337175700944E+02,  0.3471
      2813,       977,  1.337144468596E+02,  0.3473
      2825,       978,  1.336915450896E+02,  0.3462
      2831,       979,  1.336723284511E+02,  0.3458
      2832,       980,  1.336709967948E+02,  0.3460
      2833,       981,  1.336661349716E+02,  0.3463
      2840,       982,  1.336128462258E+02,  0.3458
      2843,       983,  1.336060647681E+02,  0.3458
      2857,       984,  1.335752080968E+02,  0.3444
      2864,       985,  1.335701797740E+02,  0.3439
      2867,       986,  1.335569752021E+02,  0.3439
      2870,       987,  1.335411858844E+02,  0.3439
      2874,       988,  1.335273068061E+02,  0.3438
      2886,       989,  1.335220490360E+02,  0.3427
      2888,       990,  1.335127042395E+02,  0.3428
      2891,       991,  1.335106955153E+02,  0.3428
      2897,       992,  1.334957054185E+02,  0.3424
      2898,       993,  1.334891295559E+02,  0.3427
      2901,       994,  1.334882650594E+02,  0.3426
      2903,       995,  1.334882478709E+02,  0.3427
      2905,       996,  1.334657490000E+02,  0.3429
      2911,       997,  1.334647371059E+02,  0.3425
      2912,       998,  1.334561949644E+02,  0.3427
      2915,       999,  1.334413246713E+02,  0.3427
      2917,      1000,  1.334391536647E+02,  0.3428
      2924,      1001,  1.334336886544E+02,  0.3423
      2928,      1002,  1.334188253857E+02,  0.3422
      2929,      1003,  1.333999751822E+02,  0.3424
      2933,      1004,  1.333612774109E+02,  0.3423
      2935,      1005,  1.333590752339E+02,  0.3424
      2938,      1006,  1.333502190906E+02,  0.3424
      2939,      1007,  1.333430763627E+02,  0.3426
      2940,      1008,  1.333337667039E+02,  0.3429
      2948,      1009,  1.333248438128E+02,  0.3423
      2951,      1010,  1.332936388399E+02,  0.3423
      2954,      1011,  1.332920066605E+02,  0.3422
      2956,      1012,  1.332271347835E+02,  0.3424
      2960,      1013,  1.332048796850E+02,  0.3422
      2962,      1014,  1.332047477429E+02,  0.3423
      2963,      1015,  1.331743284286E+02,  0.3426
      2966,      1016,  1.331413028537E+02,  0.3425
      2970,      1017,  1.330674215928E+02,  0.3424
      2974,      1018,  1.330635340556E+02,  0.3423
      2984,      1019,  1.330519474268E+02,  0.3415
      2987,      1020,  1.330293677163E+02,  0.3415
      2993,      1021,  1.330197420470E+02,  0.3411
      2995,      1022,  1.330192808283E+02,  0.3412
      2996,      1023,  1.330084664888E+02,  0.3415
      3013,      1024,  1.329346645833E+02,  0.3399
      3023,      1025,  1.329334501563E+02,  0.3391
      3034,      1026,  1.329307612475E+02,  0.3382
      3035,      1027,  1.328982258103E+02,  0.3384
      3041,      1028,  1.328946547952E+02,  0.3380
      3047,      1029,  1.328824901328E+02,  0.3377
      3054,      1030,  1.328819396185E+02,  0.3373
      3064,      1031,  1.328683175343E+02,  0.3365
      3065,      1032,  1.328666667621E+02,  0.3367
      3066,      1033,  1.328662575036E+02,  0.3369
      3072,      1034,  1.328551501243E+02,  0.3366
      3077,      1035,  1.328187952693E+02,  0.3364
      3079,      1036,  1.328183713496E+02,  0.3365
      3086,      1037,  1.328174769944E+02,  0.3360
      3088,      1038,  1.328094348190E+02,  0.3361
      3091,      1039,  1.327719092557E+02,  0.3361
      3093,      1040,  1.327550611101E+02,  0.3362
      3094,      1041,  1.327545631916E+02,  0.3365
      3096,      1042,  1.327537266878E+02,  0.3366
      3102,      1043,  1.327532519594E+02,  0.3362
      3107,      1044,  1.327528965601E+02,  0.3360
      3109,      1045,  1.327469890965E+02,  0.3361
      3118,      1046,  1.327410113020E+02,  0.3355
      3120,      1047,  1.327370119045E+02,  0.3356
      3124,      1048,  1.327364529520E+02,  0.3355
      3125,      1049,  1.327095907470E+02,  0.3357
      3126,      1050,  1.327087773107E+02,  0.3359
      3128,      1051,  1.326406722678E+02,  0.3360
      3133,      1052,  1.326362656448E+02,  0.3358
      3139,      1053,  1.326139261766E+02,  0.3355
      3142,      1054,  1.325980152315E+02,  0.3355
      3149,      1055,  1.325838173638E+02,  0.3350
      3158,      1056,  1.325807181601E+02,  0.3344
      3159,      1057,  1.325755539193E+02,  0.3346
      3160,      1058,  1.325737519349E+02,  0.3348
      3162,      1059,  1.325299846791E+02,  0.3349
      3164,      1060,  1.325295871208E+02,  0.3350
      3171,      1061,  1.324707820023E+02,  0.3346
      3172,      1062,  1.324699097686E+02,  0.3348
      3173,      1063,  1.324683075997E+02,  0.3350
      3174,      1064,  1.324656944180E+02,  0.3352
      3178,      1065,  1.324383872395E+02,  0.3351
      3180,      1066,  1.324376057840E+02,  0.3352
      3181,      1067,  1.324356702491E+02,  0.3354
      3194,      1068,  1.324338026314E+02,  0.3344
      3198,      1069,  1.324203892193E+02,  0.3343
      3201,      1070,  1.324181082092E+02,  0.3343
      3210,      1071,  1.324166323786E+02,  0.3336
      3217,      1072,  1.323465522516E+02,  0.3332
      3222,      1073,  1.323368586759E+02,  0.3330
      3225,      1074,  1.323356588868E+02,  0.3330
      3227,      1075,  1.323335078850E+02,  0.3331
      3237,      1076,  1.323304724943E+02,  0.3324
      3241,      1077,  1.323005871623E+02,  0.3323
      3243,      1078,  1.322877075090E+02,  0.3324
      3246,      1079,  1.322866074630E+02,  0.3324
      3251,      1080,  1.322832381932E+02,  0.3322
      3255,      1081,  1.322825118288E+02,  0.3321
      3258,      1082,  1.322820222925E+02,  0.3321
      3259,      1083,  1.322809786957E+02,  0.3323
      3265,      1084,  1.322659169489E+02,  0.3320
      3267,      1085,  1.322465019798E+02,  0.3321
      3273,      1086,  1.322450381519E+02,  0.3318
      3276,      1087,  1.322310604846E+02,  0.3318
      3277,      1088,  1.322305433162E+02,  0.3320
      3281,      1089,  1.322304924202E+02,  0.3319
      3286,      1090,  1.322253344567E+02,  0.3317
      3288,      1091,  1.321487335354E+02,  0.3318
      3295,      1092,  1.321418301887E+02,  0.3314
      3296,      1093,  1.321412077286E+02,  0.3316
      3297,      1094,  1.320515972592E+02,  0.3318
      3299,      1095,  1.320510133929E+02,  0.3319
      3303,      1096,  1.319638548728E+02,  0.3318
      3305,      1097,  1.319637846072E+02,  0.3319
      3321,      1098,  1.319604723154E+02,  0.3306
      3331,      1099,  1.319377426043E+02,  0.3299
      3334,      1100,  1.319371150431E+02,  0.3299
      3340,      1101,  1.319330258350E+02,  0.3296
      3342,      1102,  1.319228610311E+02,  0.3297
      3344,      1103,  1.319220692447E+02,  0.3298
      3349,      1104,  1.319198510202E+02,  0.3297
      3352,      1105,  1.319160756365E+02,  0.3297
      3360,      1106,  1.319130965245E+02,  0.3292
      3365,      1107,  1.318977071109E+02,  0.3290
      3366,      1108,  1.318582118986E+02,  0.3292
      3369,      1109,  1.317272480095E+02,  0.3292
      3375,      1110,  1.317256568737E+02,  0.3289
      3379,      1111,  1.317087661280E+02,  0.3288
      3385,      1112,  1.317069180240E+02,  0.3285
      3393,      1113,  1.316962477365E+02,  0.3280
      3395,      1114,  1.316941226926E+02,  0.3281
      3399,      1115,  1.316924348737E+02,  0.3280
      3403,      1116,  1.316920523322E+02,  0.3279
      3410,      1117,  1.316911707772E+02,  0.3276
      3416,      1118,  1.316704570732E+02,  0.3273
      3417,      1119,  1.316624879447E+02,  0.3275
      3421,      1120,  1.316510964018E+02,  0.3274
      3424,      1121,  1.315991412232E+02,  0.3274
      3427,      1122,  1.315838586907E+02,  0.3274
      3431,      1123,  1.315684143847E+02,  0.3273
      3432,      1124,  1.315601647925E+02,  0.3275
      3436,      1125,  1.315553659897E+02,  0.3274
      3439,      1126,  1.315290206284E+02,  0.3274
      3442,      1127,  1.315254585026E+02,  0.3274
      3444,      1128,  1.315246871452E+02,  0.3275
      3446,      1129,  1.315211194945E+02,  0.3276
      3452,      1130,  1.314749063168E+02,  0.3273
      3471,      1131,  1.314722088760E+02,  0.3258
      3476,      1132,  1.314714834859E+02,  0.3257
      3477,      1133,  1.314714126633E+02,  0.3259
      3486,      1134,  1.314699830046E+02,  0.3253
      3497,      1135,  1.314687436018E+02,  0.3246
      3505,      1136,  1.314240442898E+02,  0.3241
      3515,      1137,  1.314067306565E+02,  0.3235
      3517,      1138,  1.313930282434E+02,  0.3236
      3519,      1139,  1.313928662396E+02,  0.3237
      3522,      1140,  1.313140090044E+02,  0.3237
      3526,      1141,  1.312979845995E+02,  0.3236
      3527,      1142,  1.312974540182E+02,  0.3238
      3531,      1143,  1.312731301151E+02,  0.3237
      3532,      1144,  1.312686646843E+02,  0.3239
      3533,      1145,  1.312644942251E+02,  0.3241
      3535,      1146,  1.312541898430E+02,  0.3242
      3536,      1147,  1.312410310223E+02,  0.3244
      3542,      1148,  1.312365991217E+02,  0.3241
      3545,      1149,  1.312327298528E+02,  0.3241
      3549,      1150,  1.312325177900E+02,  0.3240
      3550,      1151,  1.312300271324E+02,  0.3242
      3551,      1152,  1.312277365123E+02,  0.3244
      3567,      1153,  1.312271945656E+02,  0.3232
      3574,      1154,  1.312264550536E+02,  0.3229
      3576,      1155,  1.311261829183E+02,  0.3230
      3577,      1156,  1.311261301452E+02,  0.3232
      3578,      1157,  1.311127697658E+02,  0.3234
      3579,      1158,  1.311114097108E+02,  0.3236
      3581,      1159,  1.311081094885E+02,  0.3237
      3592,      1160,  1.311063856624E+02,  0.3229
      3601,      1161,  1.310929096015E+02,  0.3224
      3602,      1162,  1.310839217787E+02,  0.3226
      3605,      1163,  1.310822497434E+02,  0.3226
      3608,      1164,  1.310805310665E+02,  0.3226
      3612,      1165,  1.310752043181E+02,  0.3225
      3615,      1166,  1.310744821778E+02,  0.3225
      3620,      1167,  1.310014248862E+02,  0.3224
      3622,      1168,  1.309953758539E+02,  0.3225
      3623,      1169,  1.309844531285E+02,  0.3227
      3635,      1170,  1.309575379847E+02,  0.3219
      3636,      1171,  1.309554543837E+02,  0.3221
      3637,      1172,  1.309492186832E+02,  0.3222
      3638,      1173,  1.309470830357E+02,  0.3224
      3653,      1174,  1.308974895459E+02,  0.3214
      3656,      1175,  1.308732991157E+02,  0.3214
      3659,      1176,  1.308698230331E+02,  0.3214
      3669,      1177,  1.308651882435E+02,  0.3208
      3671,      1178,  1.308651789132E+02,  0.3209
      3674,      1179,  1.308618779177E+02,  0.3209
      3681,      1180,  1.307793028220E+02,  0.3206
      3697,      1181,  1.307786177797E+02,  0.3194
      3699,      1182,  1.307729534701E+02,  0.3195
      3713,      1183,  1.307564871479E+02,  0.3186
      3715,      1184,  1.307529977531E+02,  0.3187
      3717,      1185,  1.307529308428E+02,  0.3188
      3718,      1186,  1.307512109132E+02,  0.3190
      3742,      1187,  1.307425657443E+02,  0.3172
      3744,      1188,  1.307352551582E+02,  0.3173
      3745,      1189,  1.307331588747E+02,  0.3175
      3747,      1190,  1.307260333322E+02,  0.3176
      3752,      1191,  1.307249792440E+02,  0.3174
      3755,      1192,  1.306914712967E+02,  0.3174
      3764,      1193,  1.306601507120E+02,  0.3170
      3765,      1194,  1.306469334256E+02,  0.3171
      3772,      1195,  1.306392973093E+02,  0.3168
      3773,      1196,  1.306388203996E+02,  0.3170
      3774,      1197,  1.306314172600E+02,  0.3172
      3782,      1198,  1.306211392802E+02,  0.3168
      3787,      1199,  1.306172013863E+02,  0.3166
      3797,      1200,  1.305846130944E+02,  0.3160
      3806,      1201,  1.305826679116E+02,  0.3156
      3808,      1202,  1.305622690396E+02,  0.3157
      3819,      1203,  1.305615287222E+02,  0.3150
      3842,      1204,  1.305612623048E+02,  0.3134
      3858,      1205,  1.305585767266E+02,  0.3123
      3860,      1206,  1.305555604424E+02,  0.3124
      3864,      1207,  1.305541458199E+02,  0.3124
      3880,      1208,  1.305366786551E+02,  0.3113
      3881,      1209,  1.305160204427E+02,  0.3115
      3894,      1210,  1.305136992067E+02,  0.3107
      3900,      1211,  1.305135931382E+02,  0.3105
      3902,      1212,  1.305135847997E+02,  0.3106
      3905,      1213,  1.304981840458E+02,  0.3106
      3911,      1214,  1.304751678354E+02,  0.3104
      3922,      1215,  1.304724510494E+02,  0.3098
      3928,      1216,  1.304615013126E+02,  0.3096
      3931,      1217,  1.304585953130E+02,  0.3096
      3934,      1218,  1.304585491816E+02,  0.3096
      3939,      1219,  1.303463076090E+02,  0.3095
      3941,      1220,  1.303433143794E+02,  0.3096
      3947,      1221,  1.302768659931E+02,  0.3093
      3950,      1222,  1.302755894530E+02,  0.3094
      3952,      1223,  1.302659526905E+02,  0.3095
      3957,      1224,  1.302615477171E+02,  0.3093
      3965,      1225,  1.302615238374E+02,  0.3090
      3970,      1226,  1.302482416288E+02,  0.3088
      3983,      1227,  1.302456894704E+02,  0.3081
      3985,      1228,  1.302452030429E+02,  0.3082
      3989,      1229,  1.302187282907E+02,  0.3081
      3994,      1230,  1.302166811496E+02,  0.3080
      3996,      1231,  1.301512950983E+02,  0.3081
      4005,      1232,  1.301487329717E+02,  0.3076
      4006,      1233,  1.301418695284E+02,  0.3078
      4011,      1234,  1.300916341354E+02,  0.3077
      4012,      1235,  1.300573482634E+02,  0.3078
      4013,      1236,  1.300486851249E+02,  0.3080
      4016,      1237,  1.300475756631E+02,  0.3080
      4024,      1238,  1.300403169342E+02,  0.3077
      4037,      1239,  1.300372240723E+02,  0.3069
      4039,      1240,  1.300088197548E+02,  0.3070
      4046,      1241,  1.300087667089E+02,  0.3067
      4051,      1242,  1.300068949783E+02,  0.3066
      4060,      1243,  1.299913380608E+02,  0.3062
      4061,      1244,  1.299910124799E+02,  0.3063
      4062,      1245,  1.299906636892E+02,  0.3065
      4068,      1246,  1.299798614810E+02,  0.3063
      4086,      1247,  1.299728311603E+02,  0.3052
      4093,      1248,  1.299726667502E+02,  0.3049
      4095,      1249,  1.299625478784E+02,  0.3050
      4098,      1250,  1.299622960326E+02,  0.3050
      4105,      1251,  1.299612750644E+02,  0.3048
      4106,      1252,  1.299606858676E+02,  0.3049
      4111,      1253,  1.299570465061E+02,  0.3048
      4122,      1254,  1.298973489889E+02,  0.3042
      4125,      1255,  1.298968421356E+02,  0.3042
      4127,      1256,  1.298961399635E+02,  0.3043
      4134,      1257,  1.298180463657E+02,  0.3041
      4137,      1258,  1.298159059245E+02,  0.3041
      4138,      1259,  1.298154965771E+02,  0.3043
      4146,      1260,  1.298112390545E+02,  0.3039
      4161,      1261,  1.298095338354E+02,  0.3031
      4180,      1262,  1.298018601280E+02,  0.3019
      4183,      1263,  1.297735075543E+02,  0.3019
      4187,      1264,  1.297731509049E+02,  0.3019
      4191,      1265,  1.297729128750E+02,  0.3018
      4199,      1266,  1.297699543178E+02,  0.3015
      4221,      1267,  1.297688226952E+02,  0.3002
      4231,      1268,  1.297669924443E+02,  0.2997
      4251,      1269,  1.297478827405E+02,  0.2985
      4259,      1270,  1.297062054855E+02,  0.2982
      4264,      1271,  1.297036566622E+02,  0.2981
      4266,      1272,  1.297025753241E+02,  0.2982
      4267,      1273,  1.296939953325E+02,  0.2983
      4280,      1274,  1.296836794969E+02,  0.2977
      4283,      1275,  1.296217092691E+02,  0.2977
      4286,      1276,  1.296032080203E+02,  0.2977
      4289,      1277,  1.296027603020E+02,  0.2977
      4290,      1278,  1.295954437942E+02,  0.2979
      4293,      1279,  1.295840959715E+02,  0.2979
      4294,      1280,  1.295803821170E+02,  0.2981
      4301,      1281,  1.295602204984E+02,  0.2978
      4306,      1282,  1.295492594833E+02,  0.2977
      4307,      1283,  1.295459356575E+02,  0.2979
      4313,      1284,  1.295398693822E+02,  0.2977
      4318,      1285,  1.295394056912E+02,  0.2976
      4319,      1286,  1.294755241735E+02,  0.2978
      4334,      1287,  1.294726815353E+02,  0.2970
      4341,      1288,  1.294695371029E+02,  0.2967
      4343,      1289,  1.294688307804E+02,  0.2968
      4347,      1290,  1.294539854263E+02,  0.2968
      4349,      1291,  1.294534492235E+02,  0.2968
      4350,      1292,  1.294528627937E+02,  0.2970
      4360,      1293,  1.294510899538E+02,  0.2966
      4362,      1294,  1.294465422948E+02,  0.2967
      4367,      1295,  1.294340629496E+02,  0.2965
      4372,      1296,  1.294247489568E+02,  0.2964
      4377,      1297,  1.294177648393E+02,  0.2963
      4378,      1298,  1.294167628855E+02,  0.2965
      4382,      1299,  1.294147217296E+02,  0.2964
      4389,      1300,  1.294079061799E+02,  0.2962
      4398,      1301,  1.293783425230E+02,  0.2958
      4406,      1302,  1.293745203929E+02,  0.2955
      4408,      1303,  1.293738944691E+02,  0.2956
      4412,      1304,  1.293736809439E+02,  0.2956
      4416,      1305,  1.293710223368E+02,  0.2955
      4419,      1306,  1.293705583306E+02,  0.2955
      4436,      1307,  1.293701889792E+02,  0.2946
      4459,      1308,  1.293437782536E+02,  0.2933
      4468,      1309,  1.293398180345E+02,  0.2930
      4469,      1310,  1.293034346659E+02,  0.2931
      4489,      1311,  1.293026223548E+02,  0.2920
      4490,      1312,  1.293006588596E+02,  0.2922
      4505,      1313,  1.292224374780E+02,  0.2915
      4513,      1314,  1.292220049472E+02,  0.2912
      4527,      1315,  1.292131605718E+02,  0.2905
      4532,      1316,  1.292121896352E+02,  0.2904
      4543,      1317,  1.292113785591E+02,  0.2899
      4546,      1318,  1.292107062197E+02,  0.2899
      4564,      1319,  1.291042378615E+02,  0.2890
      4568,      1320,  1.290836174962E+02,  0.2890
      4570,      1321,  1.290822221782E+02,  0.2891
      4573,      1322,  1.290814953461E+02,  0.2891
      4577,      1323,  1.290582251441E+02,  0.2891
      4578,      1324,  1.290329864538E+02,  0.2892
      4586,      1325,  1.290329504398E+02,  0.2889
      4587,      1326,  1.290296362787E+02,  0.2891
      4593,      1327,  1.290105190115E+02,  0.2889
      4608,      1328,  1.289896843737E+02,  0.2882
      4610,      1329,  1.289866633979E+02,  0.2883
      4628,      1330,  1.289853689653E+02,  0.2874
      4632,      1331,  1.289479755362E+02,  0.2873
      4634,      1332,  1.289307217281E+02,  0.2874
      4640,      1333,  1.288868539088E+02,  0.2873
      4646,      1334,  1.288455509208E+02,  0.2871
      4649,      1335,  1.288453715443E+02,  0.2872
      4654,      1336,  1.288137904045E+02,  0.2871
      4664,      1337,  1.288133202824E+02,  0.2867
      4668,      1338,  1.288007894114E+02,  0.2866
      4669,      1339,  1.287917149801E+02,  0.2868
      4675,      1340,  1.287626955893E+02,  0.2866
      4677,      1341,  1.287609638144E+02,  0.2867
      4680,      1342,  1.287590479936E+02,  0.2868
      4686,      1343,  1.287582810104E+02,  0.2866
      4690,      1344,  1.287556004002E+02,  0.2866
      4703,      1345,  1.287554769062E+02,  0.2860
      4718,      1346,  1.286151945349E+02,  0.2853
      4731,      1347,  1.286120682927E+02,  0.2847
      4738,      1348,  1.286112447675E+02,  0.2845
      4744,      1349,  1.285646189945E+02,  0.2844
      4746,      1350,  1.285632275143E+02,  0.2845
      4764,      1351,  1.285619517788E+02,  0.2836
      4767,      1352,  1.285618028021E+02,  0.2836
      4772,      1353,  1.285600353416E+02,  0.2835
      4773,      1354,  1.285588345472E+02,  0.2837
      4775,      1355,  1.285251172680E+02,  0.2838
      4777,      1356,  1.285245257676E+02,  0.2839
      4778,      1357,  1.285172650809E+02,  0.2840
      4783,      1358,  1.284897150613E+02,  0.2839
      4790,      1359,  1.284896152275E+02,  0.2837
      4793,      1360,  1.284895094779E+02,  0.2837
      4799,      1361,  1.284829015986E+02,  0.2836
      4805,      1362,  1.284827831097E+02,  0.2835
      4806,      1363,  1.284793865851E+02,  0.2836
      4814,      1364,  1.284765117999E+02,  0.2833
      4820,      1365,  1.284763421030E+02,  0.2832
      4822,      1366,  1.284727548751E+02,  0.2833
      4824,      1367,  1.284651104640E+02,  0.2834
      4832,      1368,  1.284650595479E+02,  0.2831
      4835,      1369,  1.284623679549E+02,  0.2831
      4843,      1370,  1.284605162316E+02,  0.2829
      4847,      1371,  1.284560468250E+02,  0.2829
      4853,      1372,  1.283594511159E+02,  0.2827
      4856,      1373,  1.283547082479E+02,  0.2827
      4862,      1374,  1.283508240295E+02,  0.2826
      4865,      1375,  1.283067443153E+02,  0.2826
      4866,      1376,  1.283044144728E+02,  0.2828
      4868,      1377,  1.283026394950E+02,  0.2829
      4870,      1378,  1.283018394639E+02,  0.2830
      4880,      1379,  1.283018268645E+02,  0.2826
      4882,      1380,  1.283011073102E+02,  0.2827
      4884,      1381,  1.282989317699E+02,  0.2828
      4885,      1382,  1.282521278794E+02,  0.2829
      4886,      1383,  1.282508893693E+02,  0.2831
      4893,      1384,  1.282462624381E+02,  0.2829
      4898,      1385,  1.282426704722E+02,  0.2828
      4907,      1386,  1.282404414210E+02,  0.2825
      4909,      1387,  1.282396359699E+02,  0.2825
      4910,      1388,  1.282033527581E+02,  0.2827
      4950,      1389,  1.282015553252E+02,  0.2806
      4956,      1390,  1.282013882583E+02,  0.2805
      4958,      1391,  1.282013451768E+02,  0.2806
      4963,      1392,  1.282006265648E+02,  0.2805
      4965,      1393,  1.281934529732E+02,  0.2806
      4972,      1394,  1.281882874501E+02,  0.2804
      4984,      1395,  1.281877308051E+02,  0.2799
      4986,      1396,  1.281873805758E+02,  0.2800
      5000,      1397,  1.281540410654E+02,  0.2794
      5009,      1398,  1.281446478926E+02,  0.2791
      5026,      1399,  1.281404167692E+02,  0.2784
      5029,      1400,  1.281220100389E+02,  0.2784
      5039,      1401,  1.281096571727E+02,  0.2780
      5056,      1402,  1.281035654082E+02,  0.2773
      5057,      1403,  1.281028181156E+02,  0.2774
      5058,      1404,  1.280937887059E+02,  0.2776
      5059,      1405,  1.280888992591E+02,  0.2777
      5061,      1406,  1.280877826417E+02,  0.2778
      5062,      1407,  1.280802388147E+02,  0.2780
      5065,      1408,  1.280797420440E+02,  0.2780
      5082,      1409,  1.280794581613E+02,  0.2773
      5085,      1410,  1.280786629271E+02,  0.2773
      5087,      1411,  1.280770924793E+02,  0.2774
      5124,      1412,  1.280761136557E+02,  0.2756
      5125,      1413,  1.280721195841E+02,  0.2757
      5126,      1414,  1.280716991107E+02,  0.2758
      5127,      1415,  1.280631546958E+02,  0.2760
      5137,      1416,  1.280587174705E+02,  0.2756
      5138,      1417,  1.280582964871E+02,  0.2758
      5146,      1418,  1.280582532364E+02,  0.2756
      5147,      1419,  1.280560479962E+02,  0.2757
      5149,      1420,  1.280549483365E+02,  0.2758
      5150,      1421,  1.280080358657E+02,  0.2759
      5163,      1422,  1.280070401942E+02,  0.2754
      5175,      1423,  1.280061861270E+02,  0.2750
      5179,      1424,  1.280053195602E+02,  0.2750
      5184,      1425,  1.280050577115E+02,  0.2749
      5189,      1426,  1.279791849618E+02,  0.2748
      5193,      1427,  1.279780037866E+02,  0.2748
      5205,      1428,  1.279763305839E+02,  0.2744
      5209,      1429,  1.279674291078E+02,  0.2743
      5213,      1430,  1.279524168878E+02,  0.2743
      5222,      1431,  1.279481764987E+02,  0.2740
      5244,      1432,  1.279424012954E+02,  0.2731
      5250,      1433,  1.279219148353E+02,  0.2730
      5261,      1434,  1.279078877850E+02,  0.2726
      5265,      1435,  1.279078326631E+02,  0.2726
      5281,      1436,  1.279023598139E+02,  0.2719
      5299,      1437,  1.278643917773E+02,  0.2712
      5300,      1438,  1.278637218054E+02,  0.2713
      5306,      1439,  1.278634329997E+02,  0.2712
      5309,      1440,  1.278566773037E+02,  0.2712
      5313,      1441,  1.278452751964E+02,  0.2712
      5314,      1442,  1.278445494882E+02,  0.2714
      5336,      1443,  1.278423214967E+02,  0.2704
      5339,      1444,  1.278416799147E+02,  0.2705
      5351,      1445,  1.278416516641E+02,  0.2700
      5352,      1446,  1.278412645842E+02,  0.2702
      5361,      1447,  1.278343009419E+02,  0.2699
      5365,      1448,  1.278337246626E+02,  0.2699
      5370,      1449,  1.278185519047E+02,  0.2698
      5395,      1450,  1.278089459058E+02,  0.2688
      5400,      1451,  1.278088047597E+02,  0.2687
      5405,      1452,  1.278080608996E+02,  0.2686
      5413,      1453,  1.278076641214E+02,  0.2684
      5431,      1454,  1.278039442263E+02,  0.2677
      5433,      1455,  1.276312816691E+02,  0.2678
      5440,      1456,  1.276265273645E+02,  0.2676
      5442,      1457,  1.276264228547E+02,  0.2677
      5447,      1458,  1.276087604018E+02,  0.2677
      5456,      1459,  1.275731748046E+02,  0.2674
      5468,      1460,  1.275427642632E+02,  0.2670
      5474,      1461,  1.275419470052E+02,  0.2669
      5479,      1462,  1.275173763514E+02,  0.2668
      5483,      1463,  1.275134152959E+02,  0.2668
      5493,      1464,  1.275128136724E+02,  0.2665
      5497,      1465,  1.275112754756E+02,  0.2665
      5511,      1466,  1.275095051511E+02,  0.2660
      5513,      1467,  1.275069904778E+02,  0.2661
      5525,      1468,  1.275016304893E+02,  0.2657
      5533,      1469,  1.274965945734E+02,  0.2655
      5561,      1470,  1.274963001564E+02,  0.2643
      5587,      1471,  1.274899624546E+02,  0.2633
      5598,      1472,  1.274470553963E+02,  0.2630
      5603,      1473,  1.274468031089E+02,  0.2629
      5622,      1474,  1.274145655080E+02,  0.2622
      5641,      1475,  1.274144065060E+02,  0.2615
      5645,      1476,  1.273539771250E+02,  0.2615
      5647,      1477,  1.273535495423E+02,  0.2616
      5654,      1478,  1.273507083862E+02,  0.2614
      5672,      1479,  1.273495193174E+02,  0.2608
      5674,      1480,  1.273459110778E+02,  0.2608
      5696,      1481,  1.273436813286E+02,  0.2600
      5698,      1482,  1.273416741770E+02,  0.2601
      5700,      1483,  1.273368156378E+02,  0.2602
      5707,      1484,  1.273366420574E+02,  0.2600
      5711,      1485,  1.273358625756E+02,  0.2600
      5727,      1486,  1.273356429978E+02,  0.2595
      5739,      1487,  1.273355439249E+02,  0.2591
      5740,      1488,  1.273326809577E+02,  0.2592
      5741,      1489,  1.273321748271E+02,  0.2594
      5754,      1490,  1.273241939920E+02,  0.2590
      5767,      1491,  1.273241498773E+02,  0.2585
      5769,      1492,  1.273014666392E+02,  0.2586
      5775,      1493,  1.272965634120E+02,  0.2585
      5791,      1494,  1.272960705118E+02,  0.2580
      5793,      1495,  1.272957854772E+02,  0.2581
      5800,      1496,  1.272101099242E+02,  0.2579
      5820,      1497,  1.271162710319E+02,  0.2572
      5827,      1498,  1.271146497111E+02,  0.2571
      5840,      1499,  1.270805329318E+02,  0.2567
      5841,      1500,  1.270801849669E+02,  0.2568
      5852,      1501,  1.270738739723E+02,  0.2565
      5861,      1502,  1.270737294558E+02,  0.2563
      5867,      1503,  1.270289936422E+02,  0.2562
      5877,      1504,  1.269471038931E+02,  0.2559
      5879,      1505,  1.269463996507E+02,  0.2560
      5888,      1506,  1.269462396446E+02,  0.2558
      5889,      1507,  1.269317605150E+02,  0.2559
      5894,      1508,  1.269229843268E+02,  0.2559
      5909,      1509,  1.269194145414E+02,  0.2554
      5918,      1510,  1.269072098932E+02,  0.2552
      5931,      1511,  1.269071513199E+02,  0.2548
      5940,      1512,  1.268280495402E+02,  0.2545
      5946,      1513,  1.267361367306E+02,  0.2545
      5965,      1514,  1.267360978093E+02,  0.2538
      5966,      1515,  1.267354344206E+02,  0.2539
      5988,      1516,  1.267293407469E+02,  0.2532
      6002,      1517,  1.266912434492E+02,  0.2527
      6003,      1518,  1.266909999063E+02,  0.2529
      6051,      1519,  1.266909252507E+02,  0.2510
      6068,      1520,  1.266877421399E+02,  0.2505
      6079,      1521,  1.266872356156E+02,  0.2502
      6095,      1522,  1.266862804207E+02,  0.2497
      6099,      1523,  1.266862415218E+02,  0.2497
      6101,      1524,  1.266751190349E+02,  0.2498
      6109,      1525,  1.266711206710E+02,  0.2496
      6111,      1526,  1.266647069183E+02,  0.2497
      6133,      1527,  1.266513567948E+02,  0.2490
      6134,      1528,  1.266498747250E+02,  0.2491
      6141,      1529,  1.266485845622E+02,  0.2490
      6149,      1530,  1.266403072818E+02,  0.2488
      6160,      1531,  1.266402884098E+02,  0.2485
      6161,      1532,  1.266298429962E+02,  0.2487
      6167,      1533,  1.266200755195E+02,  0.2486
      6189,      1534,  1.266190083241E+02,  0.2479
      6196,      1535,  1.266187187729E+02,  0.2477
      6224,      1536,  1.266186129275E+02,  0.2468
      6225,      1537,  1.266179062009E+02,  0.2469
      6226,      1538,  1.266150224159E+02,  0.2470
      6228,      1539,  1.266142405471E+02,  0.2471
      6233,      1540,  1.266137043201E+02,  0.2471
      6240,      1541,  1.265620728540E+02,  0.2470
      6253,      1542,  1.265617853287E+02,  0.2466
      6258,      1543,  1.265591978400E+02,  0.2466
      6273,      1544,  1.265587678668E+02,  0.2461
      6280,      1545,  1.265587533737E+02,  0.2460
      6287,      1546,  1.265585027928E+02,  0.2459
      6289,      1547,  1.265567106204E+02,  0.2460
      6321,      1548,  1.265523850766E+02,  0.2449
      6325,      1549,  1.265391482312E+02,  0.2449
      6326,      1550,  1.265260797650E+02,  0.2450
      6372,      1551,  1.265259227152E+02,  0.2434
      6382,      1552,  1.265247868099E+02,  0.2432
      6383,      1553,  1.265203224171E+02,  0.2433
      6410,      1554,  1.265196589852E+02,  0.2424
      6414,      1555,  1.264919963881E+02,  0.2424
      6434,      1556,  1.264796270620E+02,  0.2418
      6455,      1557,  1.264639135072E+02,  0.2412
      6476,      1558,  1.264637018874E+02,  0.2406
      6493,      1559,  1.264352484834E+02,  0.2401
      6495,      1560,  1.264350364077E+02,  0.2402
      6497,      1561,  1.264267131017E+02,  0.2403
      6515,      1562,  1.263334576686E+02,  0.2398
      6522,      1563,  1.263330614292E+02,  0.2397
      6551,      1564,  1.263255390085E+02,  0.2387
      6554,      1565,  1.263252161074E+02,  0.2388
      6562,      1566,  1.263005126475E+02,  0.2386
      6578,      1567,  1.263000410841E+02,  0.2382
      6587,      1568,  1.262968013767E+02,  0.2380
      6605,      1569,  1.262936607623E+02,  0.2375
      6619,      1570,  1.262751741133E+02,  0.2372
      6625,      1571,  1.262748396512E+02,  0.2371
      6652,      1572,  1.262730488559E+02,  0.2363
      6672,      1573,  1.262720714023E+02,  0.2358
      6682,      1574,  1.262693788049E+02,  0.2356
      6686,      1575,  1.262525591739E+02,  0.2356
      6692,      1576,  1.262522934913E+02,  0.2355
      6720,      1577,  1.262506328183E+02,  0.2347
      6726,      1578,  1.262504148416E+02,  0.2346
      6733,      1579,  1.262504133231E+02,  0.2345
      6736,      1580,  1.262487528458E+02,  0.2346
      6745,      1581,  1.262460982775E+02,  0.2344
      6750,      1582,  1.262426163982E+02,  0.2344
      6760,      1583,  1.262424211738E+02,  0.2342
      6769,      1584,  1.262396237465E+02,  0.2340
      6777,      1585,  1.262393035565E+02,  0.2339
      6797,      1586,  1.262355416610E+02,  0.2333
      6874,      1587,  1.262317526865E+02,  0.2309
      6886,      1588,  1.262265484733E+02,  0.2306
      6889,      1589,  1.262257765092E+02,  0.2307
      6892,      1590,  1.262254204983E+02,  0.2307
      6894,      1591,  1.262163463076E+02,  0.2308
      6902,      1592,  1.262161973472E+02,  0.2307
      6924,      1593,  1.262158951889E+02,  0.2301
      6940,      1594,  1.262148845892E+02,  0.2297
      6948,      1595,  1.262131585383E+02,  0.2296
      6956,      1596,  1.262129941915E+02,  0.2294
      6963,      1597,  1.261686829212E+02,  0.2294
      6967,      1598,  1.261685196559E+02,  0.2294
      6975,      1599,  1.261680788461E+02,  0.2292
      6976,      1600,  1.261490172763E+02,  0.2294
      6995,      1601,  1.261475407058E+02,  0.2289
      7009,      1602,  1.261454666859E+02,  0.2286
      7014,      1603,  1.261449877665E+02,  0.2285
      7032,      1604,  1.261446924490E+02,  0.2281
      7038,      1605,  1.261441779456E+02,  0.2280
      7060,      1606,  1.261163570363E+02,  0.2275
      7078,      1607,  1.261144588739E+02,  0.2270
      7091,      1608,  1.261139158442E+02,  0.2268
      7092,      1609,  1.261073539224E+02,  0.2269
      7093,      1610,  1.261056982696E+02,  0.2270
      7132,      1611,  1.261053984273E+02,  0.2259
      7150,      1612,  1.261041082222E+02,  0.2255
      7165,      1613,  1.261037154229E+02,  0.2251
      7167,      1614,  1.261033342572E+02,  0.2252
      7173,      1615,  1.261032477094E+02,  0.2251
      7174,      1616,  1.261029347018E+02,  0.2253
      7180,      1617,  1.260879352337E+02,  0.2252
      7185,      1618,  1.260721867632E+02,  0.2252
      7238,      1619,  1.260675152427E+02,  0.2237
      7251,      1620,  1.260671899338E+02,  0.2234
      7254,      1621,  1.260663854703E+02,  0.2235
      7261,      1622,  1.260654965512E+02,  0.2234
      7270,      1623,  1.260605254389E+02,  0.2232
      7283,      1624,  1.260603202455E+02,  0.2230
      7288,      1625,  1.260572989835E+02,  0.2230
      7295,      1626,  1.260566904148E+02,  0.2229
      7323,      1627,  1.260564673845E+02,  0.2222
      7336,      1628,  1.260564463959E+02,  0.2219
      7363,      1629,  1.260563729475E+02,  0.2212
      7387,      1630,  1.260561253060E+02,  0.2207
      7412,      1631,  1.260552946269E+02,  0.2200
      7414,      1632,  1.260546468034E+02,  0.2201
      7444,      1633,  1.260546071861E+02,  0.2194
      7448,      1634,  1.260539156574E+02,  0.2194
      7476,      1635,  1.260536916106E+02,  0.2187
      7479,      1636,  1.260532167969E+02,  0.2187
      7484,      1637,  1.260529890294E+02,  0.2187
      7491,      1638,  1.260514251189E+02,  0.2187
      7496,      1639,  1.260507962833E+02,  0.2186
      7503,      1640,  1.260376583033E+02,  0.2186
      7506,      1641,  1.259489323096E+02,  0.2186
      7511,      1642,  1.259479135891E+02,  0.2186
      7535,      1643,  1.259474494092E+02,  0.2180
      7536,      1644,  1.259474120558E+02,  0.2182
      7540,      1645,  1.259462380965E+02,  0.2182
      7572,      1646,  1.259428826899E+02,  0.2174
      7573,      1647,  1.259428057760E+02,  0.2175
      7577,      1648,  1.259418663197E+02,  0.2175
      7579,      1649,  1.259400418259E+02,  0.2176
      7590,      1650,  1.259372483928E+02,  0.2174
      7632,      1651,  1.259365471348E+02,  0.2163
      7645,      1652,  1.259365464343E+02,  0.2161
      7651,      1653,  1.259327797429E+02,  0.2161
      7658,      1654,  1.259317848908E+02,  0.2160
      7661,      1655,  1.259306494165E+02,  0.2160
      7663,      1656,  1.259063155355E+02,  0.2161
      7673,      1657,  1.259057561507E+02,  0.2160
      7693,      1658,  1.259055942778E+02,  0.2155
      7710,      1659,  1.258447064691E+02,  0.2152
      7712,      1660,  1.258413014497E+02,  0.2152
      7729,      1661,  1.258411264462E+02,  0.2149
      7731,      1662,  1.258409568000E+02,  0.2150
      7788,      1663,  1.258409357802E+02,  0.2135
      7845,      1664,  1.258408583406E+02,  0.2121
      7877,      1665,  1.258406899203E+02,  0.2114
      7887,      1666,  1.258376465955E+02,  0.2112
      7927,      1667,  1.258372699819E+02,  0.2103
      7935,      1668,  1.258040081676E+02,  0.2102
      7948,      1669,  1.258039208418E+02,  0.2100
      7956,      1670,  1.258037497924E+02,  0.2099
      7974,      1671,  1.258028897267E+02,  0.2096
      8019,      1672,  1.257962996498E+02,  0.2085
      8050,      1673,  1.257962104828E+02,  0.2078
      8118,      1674,  1.257958313598E+02,  0.2062
      8121,      1675,  1.257954243869E+02,  0.2063
      8149,      1676,  1.257953294523E+02,  0.2057
      8162,      1677,  1.257946682697E+02,  0.2055
      8353,      1678,  1.257942080825E+02,  0.2009
      8362,      1679,  1.257938938381E+02,  0.2008
      8370,      1680,  1.257938767169E+02,  0.2007
      8390,      1681,  1.257749053128E+02,  0.2004
      8391,      1682,  1.257665914977E+02,  0.2005
      8397,      1683,  1.257664553892E+02,  0.2004
      8409,      1684,  1.257653520002E+02,  0.2003
      8447,      1685,  1.257651809612E+02,  0.1995
      8484,      1686,  1.257648440035E+02,  0.1987
      8497,      1687,  1.257641619021E+02,  0.1985
      8519,      1688,  1.257640296626E+02,  0.1981
      8525,      1689,  1.257634952406E+02,  0.1981
      8536,      1690,  1.257630731110E+02,  0.1980
      8541,      1691,  1.257353957708E+02,  0.1980
      8563,      1692,  1.257345363506E+02,  0.1976
      8578,      1693,  1.257335056169E+02,  0.1974
      8610,      1694,  1.257318963269E+02,  0.1967
      8620,      1695,  1.257317698438E+02,  0.1966
      8628,      1696,  1.257303909554E+02,  0.1966
      8673,      1697,  1.257300813046E+02,  0.1957
      8691,      1698,  1.257286292683E+02,  0.1954
      8710,      1699,  1.257281216566E+02,  0.1951
      8714,      1700,  1.257280329878E+02,  0.1951
      8727,      1701,  1.257279338788E+02,  0.1949
      8757,      1702,  1.257277934376E+02,  0.1944
      8761,      1703,  1.257277866272E+02,  0.1944
      8772,      1704,  1.257275906770E+02,  0.1943
      8806,      1705,  1.257271177430E+02,  0.1936
      8853,      1706,  1.257266969323E+02,  0.1927
      8867,      1707,  1.257257581451E+02,  0.1925
      8883,      1708,  1.257252392875E+02,  0.1923
      8887,      1709,  1.257249863457E+02,  0.1923
      8919,      1710,  1.257247910935E+02,  0.1917
      8942,      1711,  1.257188890158E+02,  0.1913
      8949,      1712,  1.257188212967E+02,  0.1913
      8957,      1713,  1.257178678911E+02,  0.1912
      8972,      1714,  1.257178620564E+02,  0.1910
      8973,      1715,  1.257169202506E+02,  0.1911
      8974,      1716,  1.257036779457E+02,  0.1912
      8993,      1717,  1.257036533946E+02,  0.1909
      9007,      1718,  1.257025996313E+02,  0.1907
      9120,      1719,  1.257022378975E+02,  0.1885
      9143,      1720,  1.257021707706E+02,  0.1881
      9164,      1721,  1.257021211087E+02,  0.1878
      9169,      1722,  1.257020296295E+02,  0.1878
      9217,      1723,  1.257019926080E+02,  0.1869
      9288,      1724,  1.257011719817E+02,  0.1856
      9312,      1725,  1.257011132270E+02,  0.1852
      9335,      1726,  1.257009014112E+02,  0.1849
      9354,      1727,  1.257003867270E+02,  0.1846
      9404,      1728,  1.257000475350E+02,  0.1838
      9433,      1729,  1.256998229974E+02,  0.1833
      9439,      1730,  1.256997773798E+02,  0.1833
      9457,      1731,  1.256990008584E+02,  0.1830
      9467,      1732,  1.256988793970E+02,  0.1830
      9473,      1733,  1.256988279370E+02,  0.1829
      9478,      1734,  1.256985062833E+02,  0.1829
      9526,      1735,  1.256975184449E+02,  0.1821
      9549,      1736,  1.256962411000E+02,  0.1818
      9558,      1737,  1.256962116027E+02,  0.1817
      9562,      1738,  1.256959646917E+02,  0.1818
      9603,      1739,  1.256956332907E+02,  0.1811
      9628,      1740,  1.256952942237E+02,  0.1807
      9629,      1741,  1.256952400112E+02,  0.1808
      9653,      1742,  1.256950959522E+02,  0.1805
      9677,      1743,  1.256932545448E+02,  0.1801
      9685,      1744,  1.256931615073E+02,  0.1801
      9720,      1745,  1.256884608815E+02,  0.1795
      9738,      1746,  1.256883853880E+02,  0.1793
      9748,      1747,  1.256882440945E+02,  0.1792
      9752,      1748,  1.256880424298E+02,  0.1792
      9836,      1749,  1.256879382091E+02,  0.1778
      9838,      1750,  1.256876787294E+02,  0.1779
      9911,      1751,  1.256876699664E+02,  0.1767
      9994,      1752,  1.256876646626E+02,  0.1753
     10009,      1753,  1.256873931261E+02,  0.1751
     10117,      1754,  1.256873165277E+02,  0.1734
     10122,      1755,  1.256872404726E+02,  0.1734
     10126,      1756,  1.256871344013E+02,  0.1734
     10144,      1757,  1.256868455830E+02,  0.1732
     10173,      1758,  1.256867631845E+02,  0.1728
     10191,      1759,  1.256866460899E+02,  0.1726
     10201,      1760,  1.256865835205E+02,  0.1725
     10226,      1761,  1.256846764125E+02,  0.1722
     10283,      1762,  1.256843178073E+02,  0.1714
     10294,      1763,  1.256728896534E+02,  0.1713
     10326,      1764,  1.256725573226E+02,  0.1708
     10372,      1765,  1.256725283427E+02,  0.1702
     10392,      1766,  1.256724591221E+02,  0.1699
     10395,      1767,  1.256723404041E+02,  0.1700
     10397,      1768,  1.256721367089E+02,  0.1700
     10422,      1769,  1.256674447150E+02,  0.1697
     10448,      1770,  1.256673052000E+02,  0.1694
     10516,      1771,  1.256670885649E+02,  0.1684
     10530,      1772,  1.256670393086E+02,  0.1683
     10551,      1773,  1.256670184280E+02,  0.1680
     10552,      1774,  1.256611269809E+02,  0.1681
     10611,      1775,  1.256579248077E+02,  0.1673
     10632,      1776,  1.256578358668E+02,  0.1670
     10651,      1777,  1.256577012919E+02,  0.1668
     10665,      1778,  1.256574381716E+02,  0.1667
     10689,      1779,  1.256569797541E+02,  0.1664
     10692,      1780,  1.256568154605E+02,  0.1665
     10748,      1781,  1.256562700263E+02,  0.1657
     10765,      1782,  1.256560013279E+02,  0.1655
     10799,      1783,  1.256558458748E+02,  0.1651
     10837,      1784,  1.256521157963E+02,  0.1646
     10840,      1785,  1.256520756788E+02,  0.1647
     10849,      1786,  1.256520634889E+02,  0.1646
     10863,      1787,  1.256520330428E+02,  0.1645
     10929,      1788,  1.256519938966E+02,  0.1636
     10959,      1789,  1.256512299161E+02,  0.1632
     10996,      1790,  1.256511910174E+02,  0.1628
     11000,      1791,  1.256510450401E+02,  0.1628
     11043,      1792,  1.256510445199E+02,  0.1623
     11064,      1793,  1.256510159163E+02,  0.1621
     11065,      1794,  1.256509002716E+02,  0.1621
     11134,      1795,  1.256506309134E+02,  0.1612
     11143,      1796,  1.256506054531E+02,  0.1612
     11157,      1797,  1.256483673640E+02,  0.1611
     11199,      1798,  1.256482837251E+02,  0.1606
     11202,      1799,  1.256481639150E+02,  0.1606
     11219,      1800,  1.256462257805E+02,  0.1604
     11274,      1801,  1.256460805411E+02,  0.1597
     11306,      1802,  1.256460198338E+02,  0.1594
     11313,      1803,  1.256434833147E+02,  0.1594
     11315,      1804,  1.256312316860E+02,  0.1594
     11326,      1805,  1.256308899586E+02,  0.1594
     11377,      1806,  1.256308816661E+02,  0.1587
     11405,      1807,  1.256294088249E+02,  0.1584
     11445,      1808,  1.256293732686E+02,  0.1580
     11449,      1809,  1.256292927090E+02,  0.1580
     11468,      1810,  1.256108946201E+02,  0.1578
     11489,      1811,  1.256105085608E+02,  0.1576
     11524,      1812,  1.256104768368E+02,  0.1572
     11543,      1813,  1.256104009302E+02,  0.1571
     11558,      1814,  1.256103842369E+02,  0.1569
     11564,      1815,  1.256103200906E+02,  0.1570
     11605,      1816,  1.256102696643E+02,  0.1565
     11613,      1817,  1.256102235394E+02,  0.1565
     11770,      1818,  1.256102044704E+02,  0.1545
     11913,      1819,  1.256101421755E+02,  0.1527
     11951,      1820,  1.256066394936E+02,  0.1523
     12078,      1821,  1.255660724091E+02,  0.1508
     12129,      1822,  1.255659576257E+02,  0.1502
     12250,      1823,  1.255657753475E+02,  0.1488
     12254,      1824,  1.255638509510E+02,  0.1488
     12260,      1825,  1.255637758805E+02,  0.1489
     12268,      1826,  1.255636969095E+02,  0.1488
     12402,      1827,  1.255633281219E+02,  0.1473
     12424,      1828,  1.255633011048E+02,  0.1471
     12521,      1829,  1.255632306875E+02,  0.1461
     12615,      1830,  1.255631341991E+02,  0.1451
     12709,      1831,  1.255629745629E+02,  0.1441
     12722,      1832,  1.255620852615E+02,  0.1440
     12732,      1833,  1.255620172709E+02,  0.1440
     12764,      1834,  1.255617820072E+02,  0.1437
     12826,      1835,  1.255617528447E+02,  0.1431
     12922,      1836,  1.255469311733E+02,  0.1421
     12960,      1837,  1.255465373849E+02,  0.1417
     12975,      1838,  1.255465330121E+02,  0.1417
     13018,      1839,  1.255464675817E+02,  0.1413
     13031,      1840,  1.255464432969E+02,  0.1412
     13032,      1841,  1.255463198185E+02,  0.1413
     13038,      1842,  1.255428423490E+02,  0.1413
     13039,      1843,  1.255425848047E+02,  0.1413
     13099,      1844,  1.255425692221E+02,  0.1408
     13173,      1845,  1.255421271114E+02,  0.1401
     13321,      1846,  1.255421258961E+02,  0.1386
     13345,      1847,  1.255421125045E+02,  0.1384
     13380,      1848,  1.255293542700E+02,  0.1381
     13401,      1849,  1.255292646747E+02,  0.1380
     13407,      1850,  1.255290034210E+02,  0.1380
     13426,      1851,  1.255286699419E+02,  0.1379
     13470,      1852,  1.255286427194E+02,  0.1375
     13516,      1853,  1.255286405690E+02,  0.1371
     13532,      1854,  1.255279773289E+02,  0.1370
     13546,      1855,  1.255279548576E+02,  0.1369
     13576,      1856,  1.255279469271E+02,  0.1367
     13828,      1857,  1.255278767923E+02,  0.1343
     13877,      1858,  1.255265437589E+02,  0.1339
     13964,      1859,  1.255264163990E+02,  0.1331
     13981,      1860,  1.255263417142E+02,  0.1330
     14036,      1861,  1.255263307096E+02,  0.1326
     14053,      1862,  1.255254198784E+02,  0.1325
     14187,      1863,  1.255238015830E+02,  0.1313
     14208,      1864,  1.255228777914E+02,  0.1312
     14267,      1865,  1.255226413874E+02,  0.1307
     14284,      1866,  1.255197335281E+02,  0.1306
     14669,      1867,  1.255197107154E+02,  0.1273
     14684,      1868,  1.255196308670E+02,  0.1272
     14800,      1869,  1.255195707303E+02,  0.1263
     14824,      1870,  1.255194932717E+02,  0.1261
     14899,      1871,  1.255194661592E+02,  0.1256
     14977,      1872,  1.255194266012E+02,  0.1250
     15041,      1873,  1.255175818521E+02,  0.1245
     15050,      1874,  1.255141891104E+02,  0.1245
     15062,      1875,  1.255113624705E+02,  0.1245
     15063,      1876,  1.255113580720E+02,  0.1245
     15124,      1877,  1.255113234053E+02,  0.1241
     15244,      1878,  1.255112842593E+02,  0.1232
     15290,      1879,  1.255111983929E+02,  0.1229
     15334,      1880,  1.255111924925E+02,  0.1226
     15372,      1881,  1.255111390288E+02,  0.1224
     15447,      1882,  1.255110406312E+02,  0.1218
     15522,      1883,  1.255109670402E+02,  0.1213
     15550,      1884,  1.255107894340E+02,  0.1212
     15552,      1885,  1.255106597875E+02,  0.1212
     15608,      1886,  1.255105304213E+02,  0.1208
     15617,      1887,  1.255102422100E+02,  0.1208
     15625,      1888,  1.255102226865E+02,  0.1208
     15673,      1889,  1.255101442389E+02,  0.1205
     15706,      1890,  1.255099147757E+02,  0.1203
     15763,      1891,  1.255098328669E+02,  0.1200
     15830,      1892,  1.255097680355E+02,  0.1195
     15952,      1893,  1.255097151273E+02,  0.1187
     15985,      1894,  1.255096929082E+02,  0.1185
     16157,      1895,  1.255094765704E+02,  0.1173
     16325,      1896,  1.255094630012E+02,  0.1161
     16326,      1897,  1.255094151015E+02,  0.1162
     16411,      1898,  1.255093524073E+02,  0.1157
     16418,      1899,  1.255093265616E+02,  0.1157
     16430,      1900,  1.255056437616E+02,  0.1156
     16674,      1901,  1.255039332789E+02,  0.1140
     16682,      1902,  1.255038214852E+02,  0.1140
     16711,      1903,  1.255038207282E+02,  0.1139
     16750,      1904,  1.255037838023E+02,  0.1137
     16777,      1905,  1.255037266282E+02,  0.1135
     16780,      1906,  1.255035289974E+02,  0.1136
     16835,      1907,  1.255034929539E+02,  0.1133
     16860,      1908,  1.255031607402E+02,  0.1132
     16868,      1909,  1.255027686642E+02,  0.1132
     16961,      1910,  1.255026646269E+02,  0.1126
     16974,      1911,  1.255005486523E+02,  0.1126
     16987,      1912,  1.254999909196E+02,  0.1126
     17009,      1913,  1.254998236787E+02,  0.1125
     17096,      1914,  1.254997681783E+02,  0.1120
     17139,      1915,  1.254997382086E+02,  0.1117
     17190,      1916,  1.254996385591E+02,  0.1115
     17200,      1917,  1.254882829994E+02,  0.1115
     17223,      1918,  1.254880526295E+02,  0.1114
     17314,      1919,  1.254880318289E+02,  0.1108
     17359,      1920,  1.254879032578E+02,  0.1106
     17433,      1921,  1.254878908429E+02,  0.1102
     17509,      1922,  1.254876728242E+02,  0.1098
     17585,      1923,  1.254876020553E+02,  0.1094
     17595,      1924,  1.254869028851E+02,  0.1093
     17782,      1925,  1.254866900421E+02,  0.1083
     17844,      1926,  1.254865993691E+02,  0.1079
     18154,      1927,  1.254865831065E+02,  0.1061
     18164,      1928,  1.254865690742E+02,  0.1061
     18257,      1929,  1.254864916894E+02,  0.1057
     18402,      1930,  1.254864711404E+02,  0.1049
     18497,      1931,  1.254864649577E+02,  0.1044
     18531,      1932,  1.254864292857E+02,  0.1043
     18553,      1933,  1.254857863619E+02,  0.1042
     18581,      1934,  1.254857541638E+02,  0.1041
     18735,      1935,  1.254857508514E+02,  0.1033
     18789,      1936,  1.254857393845E+02,  0.1030
     18992,      1937,  1.254827510836E+02,  0.1020
     19086,      1938,  1.254827395069E+02,  0.1015
     19215,      1939,  1.254827336945E+02,  0.1009
     19257,      1940,  1.254825893808E+02,  0.1007
     19278,      1941,  1.254825622374E+02,  0.1007
     19397,      1942,  1.254796858691E+02,  0.1001
     19590,      1943,  1.254796848514E+02,  0.0992
     19709,      1944,  1.254793242830E+02,  0.0986
     19781,      1945,  1.254790115039E+02,  0.0983
     19911,      1946,  1.254769655819E+02,  0.0977
     19948,      1947,  1.254768270817E+02,  0.0976
     19994,      1948,  1.254767843375E+02,  0.0974
     20062,      1949,  1.254767572227E+02,  0.0971
     20151,      1950,  1.254766027320E+02,  0.0968
     20260,      1951,  1.254765557671E+02,  0.0963
     20369,      1952,  1.254765423499E+02,  0.0958
     20528,      1953,  1.254765051054E+02,  0.0951
     20584,      1954,  1.254764865438E+02,  0.0949
     20818,      1955,  1.254758950579E+02,  0.0939
     21112,      1956,  1.254706858106E+02,  0.0926
     21159,      1957,  1.254706757002E+02,  0.0925
     21163,      1958,  1.254705538186E+02,  0.0925
     21203,      1959,  1.254704483606E+02,  0.0924
     21277,      1960,  1.254702180337E+02,  0.0921
     21371,      1961,  1.254702144785E+02,  0.0918
     21394,      1962,  1.254679617842E+02,  0.0917
     21625,      1963,  1.254653720399E+02,  0.0908
     21854,      1964,  1.254638765787E+02,  0.0899
     22269,      1965,  1.254638670194E+02,  0.0882
     22273,      1966,  1.254638485314E+02,  0.0883
     22290,      1967,  1.254637159785E+02,  0.0882
     22307,      1968,  1.254492178894E+02,  0.0882
     22374,      1969,  1.254489475184E+02,  0.0880
     22398,      1970,  1.254488904570E+02,  0.0880
     22452,      1971,  1.254435269915E+02,  0.0878
     22566,      1972,  1.254434229709E+02,  0.0874
     22567,      1973,  1.254430427958E+02,  0.0874
     22607,      1974,  1.254411780797E+02,  0.0873
     22694,      1975,  1.254411033272E+02,  0.0870
     22699,      1976,  1.254400532936E+02,  0.0871
     22726,      1977,  1.254398119367E+02,  0.0870
     22780,      1978,  1.254392926673E+02,  0.0868
     22815,      1979,  1.254371515886E+02,  0.0867
     22817,      1980,  1.254366875799E+02,  0.0868
     23065,      1981,  1.254312440942E+02,  0.0859
     23150,      1982,  1.254309573819E+02,  0.0856
     23266,      1983,  1.254309030351E+02,  0.0852
     23304,      1984,  1.254307456988E+02,  0.0851
     23410,      1985,  1.254304725010E+02,  0.0848
     23481,      1986,  1.254303822187E+02,  0.0846
     23529,      1987,  1.254252105121E+02,  0.0844
     23683,      1988,  1.254250688361E+02,  0.0839
     23724,      1989,  1.254249130663E+02,  0.0838
     23856,      1990,  1.254245090266E+02,  0.0834
     23964,      1991,  1.254199746784E+02,  0.0831
     24215,      1992,  1.254199041423E+02,  0.0823
     24297,      1993,  1.254198099038E+02,  0.0820
     24426,      1994,  1.254195187208E+02,  0.0816
     24466,      1995,  1.254194378254E+02,  0.0815
     24526,      1996,  1.254192409958E+02,  0.0814
     24605,      1997,  1.254191857881E+02,  0.0812
     24616,      1998,  1.254191513730E+02,  0.0812
     24641,      1999,  1.254187095449E+02,  0.0811
     24683,      2000,  1.254186743531E+02,  0.0810
     24698,      2001,  1.254186400304E+02,  0.0810
     24775,      2002,  1.254184676133E+02,  0.0808
     24805,      2003,  1.254183549485E+02,  0.0807
     24833,      2004,  1.254182756000E+02,  0.0807
     24846,      2005,  1.254180170316E+02,  0.0807
     24883,      2006,  1.254179842103E+02,  0.0806
     24895,      2007,  1.254179239007E+02,  0.0806
     24935,      2008,  1.254178655361E+02,  0.0805
     24954,      2009,  1.254176363660E+02,  0.0805
     24973,      2010,  1.254175897022E+02,  0.0805
     24977,      2011,  1.254174805760E+02,  0.0805
     24997,      2012,  1.254174555820E+02,  0.0805
     25065,      2013,  1.254174492434E+02,  0.0803
     25148,      2014,  1.254173803664E+02,  0.0801
     25195,      2015,  1.254170465848E+02,  0.0800
     25198,      2016,  1.254169908686E+02,  0.0800
     25215,      2017,  1.254169851491E+02,  0.0800
     25260,      2018,  1.254169264937E+02,  0.0799
     25306,      2019,  1.254168679222E+02,  0.0798
     25328,      2020,  1.254168378981E+02,  0.0798
     25442,      2021,  1.254168002975E+02,  0.0794
     25490,      2022,  1.254166324001E+02,  0.0793
     25521,      2023,  1.254165766447E+02,  0.0793
     25542,      2024,  1.254165584347E+02,  0.0792
     25555,      2025,  1.254165380948E+02,  0.0792
     25556,      2026,  1.254164088949E+02,  0.0793
     25557,      2027,  1.254163980859E+02,  0.0793
     25684,      2028,  1.254161793735E+02,  0.0790
     25781,      2029,  1.254161472212E+02,  0.0787
     25783,      2030,  1.254161071739E+02,  0.0787
     25813,      2031,  1.254160406709E+02,  0.0787
     25848,      2032,  1.254160315660E+02,  0.0786
     25933,      2033,  1.254159253341E+02,  0.0784
     25966,      2034,  1.254157918159E+02,  0.0783
     26026,      2035,  1.254150136544E+02,  0.0782
     26116,      2036,  1.254148997475E+02,  0.0780
     26286,      2037,  1.254148980208E+02,  0.0775
     26375,      2038,  1.254148736489E+02,  0.0773
     26397,      2039,  1.254148195433E+02,  0.0772
     26452,      2040,  1.254146144240E+02,  0.0771
     26553,      2041,  1.254146028255E+02,  0.0769
     26572,      2042,  1.254145632586E+02,  0.0768
     26792,      2043,  1.254144415261E+02,  0.0763
     26982,      2044,  1.254144055785E+02,  0.0758
     27004,      2045,  1.254123904941E+02,  0.0757
     27034,      2046,  1.254110621155E+02,  0.0757
     27094,      2047,  1.254102406816E+02,  0.0756
     27159,      2048,  1.254101836700E+02,  0.0754
     27256,      2049,  1.254089708642E+02,  0.0752
     27286,      2050,  1.254089690184E+02,  0.0751
     27297,      2051,  1.254088462198E+02,  0.0751
     27345,      2052,  1.254088338050E+02,  0.0750
     27566,      2053,  1.254087974921E+02,  0.0745
     27578,      2054,  1.254086155537E+02,  0.0745
     27582,      2055,  1.254085711807E+02,  0.0745
     27613,      2056,  1.254084152976E+02,  0.0745
     27659,      2057,  1.254081139733E+02,  0.0744
     27727,      2058,  1.254080884395E+02,  0.0742
     27858,      2059,  1.254080128504E+02,  0.0739
     27880,      2060,  1.254078770009E+02,  0.0739
     27918,      2061,  1.254052456188E+02,  0.0738
     28104,      2062,  1.254051813770E+02,  0.0734
     28213,      2063,  1.254051511481E+02,  0.0731
     28588,      2064,  1.254051366963E+02,  0.0722
     28756,      2065,  1.254048329418E+02,  0.0718
     28801,      2066,  1.253934982208E+02,  0.0717
     29035,      2067,  1.253932258350E+02,  0.0712
     29038,      2068,  1.253931979611E+02,  0.0712
     29043,      2069,  1.253931277091E+02,  0.0712
     29205,      2070,  1.253918259422E+02,  0.0709
     29221,      2071,  1.253900996101E+02,  0.0709
     29227,      2072,  1.253900450609E+02,  0.0709
     29232,      2073,  1.253900138466E+02,  0.0709
     29290,      2074,  1.253898086449E+02,  0.0708
     29322,      2075,  1.253898007901E+02,  0.0708
     29363,      2076,  1.253895923552E+02,  0.0707
     29441,      2077,  1.253895739053E+02,  0.0705
     29612,      2078,  1.253894385890E+02,  0.0702
     29644,      2079,  1.253880700035E+02,  0.0701
     29677,      2080,  1.253879757829E+02,  0.0701
     29680,      2081,  1.253879753536E+02,  0.0701
     29854,      2082,  1.253879478115E+02,  0.0697
     29863,      2083,  1.253878926765E+02,  0.0698
     29873,      2084,  1.253878686753E+02,  0.0698
     29976,      2085,  1.253877560787E+02,  0.0696
     30144,      2086,  1.253877284384E+02,  0.0692
     30278,      2087,  1.253876603734E+02,  0.0689
     30289,      2088,  1.253876069121E+02,  0.0689
     30307,      2089,  1.253875553508E+02,  0.0689
     30377,      2090,  1.253875052826E+02,  0.0688
     30425,      2091,  1.253874134521E+02,  0.0687
     30450,      2092,  1.253872395497E+02,  0.0687
     30466,      2093,  1.253871749459E+02,  0.0687
     30776,      2094,  1.253841980517E+02,  0.0680
     31021,      2095,  1.253841568159E+02,  0.0675
     31088,      2096,  1.253813868531E+02,  0.0674
     31155,      2097,  1.253813645307E+02,  0.0673
     31163,      2098,  1.253813521149E+02,  0.0673
     31243,      2099,  1.253812372616E+02,  0.0672
     31429,      2100,  1.253806381662E+02,  0.0668
     31447,      2101,  1.253804939927E+02,  0.0668
     31667,      2102,  1.253803238544E+02,  0.0664
     31669,      2103,  1.253802688083E+02,  0.0664
     31907,      2104,  1.253800737619E+02,  0.0659
     31998,      2105,  1.253800182604E+02,  0.0658
     32113,      2106,  1.253799155070E+02,  0.0656
     32178,      2107,  1.253799122477E+02,  0.0655
     32230,      2108,  1.253798210761E+02,  0.0654
     32421,      2109,  1.253797783670E+02,  0.0651
     32630,      2110,  1.253787623207E+02,  0.0647
     32674,      2111,  1.253787490261E+02,  0.0646
     32717,      2112,  1.253787324399E+02,  0.0646
     32719,      2113,  1.253786994627E+02,  0.0646
     32826,      2114,  1.253786867739E+02,  0.0644
     33118,      2115,  1.253786655477E+02,  0.0639
     33192,      2116,  1.253786516063E+02,  0.0638
     33395,      2117,  1.253785788272E+02,  0.0634
     33511,      2118,  1.253785501902E+02,  0.0632
     33726,      2119,  1.253785037019E+02,  0.0628
     34051,      2120,  1.253784883179E+02,  0.0623
     34256,      2121,  1.253784743414E+02,  0.0619
     34291,      2122,  1.253784580077E+02,  0.0619
     34295,      2123,  1.253784535584E+02,  0.0619
     34304,      2124,  1.253784135625E+02,  0.0619
     34345,      2125,  1.253783879587E+02,  0.0619
     34366,      2126,  1.253783210670E+02,  0.0619
     34383,      2127,  1.253783043313E+02,  0.0619
     34686,      2128,  1.253782983933E+02,  0.0614
     34727,      2129,  1.253782100338E+02,  0.0613
     34876,      2130,  1.253781494280E+02,  0.0611
     34994,      2131,  1.253781160411E+02,  0.0609
     35163,      2132,  1.253780948440E+02,  0.0606
     35197,      2133,  1.253753735553E+02,  0.0606
     35364,      2134,  1.253753557730E+02,  0.0603
     35429,      2135,  1.253753251033E+02,  0.0603
     35455,      2136,  1.253749136393E+02,  0.0602
     35789,      2137,  1.253747960601E+02,  0.0597
     35804,      2138,  1.253747928153E+02,  0.0597
     35865,      2139,  1.253746922099E+02,  0.0596
     35915,      2140,  1.253745381996E+02,  0.0596
     36140,      2141,  1.253744994914E+02,  0.0592
     36524,      2142,  1.253739968155E+02,  0.0586
     36684,      2143,  1.253727188417E+02,  0.0584
     36969,      2144,  1.253721178569E+02,  0.0580
     37002,      2145,  1.253713086638E+02,  0.0580
     37073,      2146,  1.253712934000E+02,  0.0579
     37075,      2147,  1.253711031899E+02,  0.0579
     37102,      2148,  1.253710949076E+02,  0.0579
     37199,      2149,  1.253709239572E+02,  0.0578
     37237,      2150,  1.253708245199E+02,  0.0577
     37719,      2151,  1.253708071551E+02,  0.0570
     37880,      2152,  1.253706842342E+02,  0.0568
     38077,      2153,  1.253698730736E+02,  0.0565
     38184,      2154,  1.253690231147E+02,  0.0564
     38331,      2155,  1.253685987464E+02,  0.0562
     38371,      2156,  1.253683283347E+02,  0.0562
     38687,      2157,  1.253683246127E+02,  0.0558
     38703,      2158,  1.253681497970E+02,  0.0558
     38810,      2159,  1.253681396892E+02,  0.0556
     39088,      2160,  1.253680910996E+02,  0.0553
     39118,      2161,  1.253680714957E+02,  0.0552
     39127,      2162,  1.253680664797E+02,  0.0553
     39456,      2163,  1.253680542302E+02,  0.0548
     39596,      2164,  1.253679849283E+02,  0.0547
     39666,      2165,  1.253679121031E+02,  0.0546
     39806,      2166,  1.253678988859E+02,  0.0544
     40191,      2167,  1.253674206238E+02,  0.0539
     40327,      2168,  1.253673234569E+02,  0.0538
     40528,      2169,  1.253665062347E+02,  0.0535
     40848,      2170,  1.253658317410E+02,  0.0531
     40853,      2171,  1.253657593517E+02,  0.0531
     40889,      2172,  1.253651230493E+02,  0.0531
     40918,      2173,  1.253651034189E+02,  0.0531
     41259,      2174,  1.253642805349E+02,  0.0527
     41473,      2175,  1.253642602812E+02,  0.0524
     41485,      2176,  1.253632085155E+02,  0.0525
     41502,      2177,  1.253631478153E+02,  0.0525
     41679,      2178,  1.253615550811E+02,  0.0523
     41791,      2179,  1.253614585119E+02,  0.0521
     41953,      2180,  1.253614299684E+02,  0.0520
     42208,      2181,  1.253614292857E+02,  0.0517
     42296,      2182,  1.253593774358E+02,  0.0516
     42539,      2183,  1.253593406933E+02,  0.0513
     42618,      2184,  1.253592593932E+02,  0.0512
     42637,      2185,  1.253579710546E+02,  0.0512
     42778,      2186,  1.253578629420E+02,  0.0511
     42792,      2187,  1.253573196018E+02,  0.0511
     43277,      2188,  1.253567409308E+02,  0.0506
     43491,      2189,  1.253566848630E+02,  0.0503
     43598,      2190,  1.253561407446E+02,  0.0502
     43938,      2191,  1.253558513190E+02,  0.0499
     44172,      2192,  1.253553509026E+02,  0.0496
     44519,      2193,  1.253551584250E+02,  0.0493
     44603,      2194,  1.253511674428E+02,  0.0492
     44706,      2195,  1.253511261256E+02,  0.0491
     44811,      2196,  1.253510993496E+02,  0.0490
     44847,      2197,  1.253510772982E+02,  0.0490
     45108,      2198,  1.253506621724E+02,  0.0487
     45277,      2199,  1.253506416404E+02,  0.0486
     45534,      2200,  1.253506283537E+02,  0.0483
     46107,      2201,  1.253500020255E+02,  0.0477
     46113,      2202,  1.253499412492E+02,  0.0478
     46310,      2203,  1.253498973468E+02,  0.0476
     46754,      2204,  1.253498493097E+02,  0.0471
     47598,      2205,  1.253498478523E+02,  0.0463
     47637,      2206,  1.253497989221E+02,  0.0463
     47666,      2207,  1.253497819934E+02,  0.0463
     48059,      2208,  1.253497755347E+02,  0.0459
     48377,      2209,  1.253495559359E+02,  0.0457
     48419,      2210,  1.253495032394E+02,  0.0456
     48876,      2211,  1.253494872651E+02,  0.0452
     49204,      2212,  1.253494756793E+02,  0.0450
     49619,      2213,  1.253494266120E+02,  0.0446
     49687,      2214,  1.253494256649E+02,  0.0446
     49855,      2215,  1.253493835045E+02,  0.0444
     49955,      2216,  1.253493110874E+02,  0.0444
     50081,      2217,  1.253449957511E+02,  0.0443
     50321,      2218,  1.253449952529E+02,  0.0441
     50505,      2219,  1.253427991435E+02,  0.0439
     50868,      2220,  1.253425788573E+02,  0.0436
     51058,      2221,  1.253425498773E+02,  0.0435
     51498,      2222,  1.253425401805E+02,  0.0431
     51508,      2223,  1.253400872544E+02,  0.0432
     51775,      2224,  1.253397613698E+02,  0.0430
     52415,      2225,  1.253367051959E+02,  0.0424
     52584,      2226,  1.253366627347E+02,  0.0423
     52637,      2227,  1.253366215876E+02,  0.0423
     52969,      2228,  1.253365808767E+02,  0.0421
     53083,      2229,  1.253365234239E+02,  0.0420
     53137,      2230,  1.253347515690E+02,  0.0420
     53278,      2231,  1.253347378788E+02,  0.0419
     53505,      2232,  1.253346336104E+02,  0.0417
     53599,      2233,  1.253345826678E+02,  0.0417
     53888,      2234,  1.253345184431E+02,  0.0415
     53903,      2235,  1.253285089067E+02,  0.0415
     54149,      2236,  1.253284863217E+02,  0.0413
     54351,      2237,  1.253281870115E+02,  0.0412
     55053,      2238,  1.253281710023E+02,  0.0407
     55055,      2239,  1.253281536131E+02,  0.0407
     55308,      2240,  1.253280487089E+02,  0.0405
     55480,      2241,  1.253278718844E+02,  0.0404
     55728,      2242,  1.253278392500E+02,  0.0402
     56120,      2243,  1.253278162362E+02,  0.0400
     56191,      2244,  1.253277912051E+02,  0.0399
     56273,      2245,  1.253266039626E+02,  0.0399
     56531,      2246,  1.253265797298E+02,  0.0397
     56613,      2247,  1.253264321971E+02,  0.0397
     56747,      2248,  1.253264294519E+02,  0.0396
     56932,      2249,  1.253264265245E+02,  0.0395
     57262,      2250,  1.253264229751E+02,  0.0393
     57399,      2251,  1.253263657873E+02,  0.0392
     57657,      2252,  1.253262142952E+02,  0.0391
     57684,      2253,  1.253260996880E+02,  0.0391
     57787,      2254,  1.253260522271E+02,  0.0390
     57828,      2255,  1.253260340181E+02,  0.0390
     58148,      2256,  1.253260135059E+02,  0.0388
     58328,      2257,  1.253258906821E+02,  0.0387
     58466,      2258,  1.253258621861E+02,  0.0386
     58670,      2259,  1.253257516111E+02,  0.0385
     58868,      2260,  1.253257438758E+02,  0.0384
     59148,      2261,  1.253257248952E+02,  0.0382
     59452,      2262,  1.253251251719E+02,  0.0380
     59470,      2263,  1.253250913178E+02,  0.0381
     59582,      2264,  1.253250877589E+02,  0.0380
     59706,      2265,  1.253228019416E+02,  0.0379
     59772,      2266,  1.253227960312E+02,  0.0379
     59816,      2267,  1.253227583177E+02,  0.0379
     60125,      2268,  1.253227556660E+02,  0.0377
     60177,      2269,  1.253227279103E+02,  0.0377
     60973,      2270,  1.253225844348E+02,  0.0372
     61073,      2271,  1.253225785603E+02,  0.0372
     62878,      2272,  1.253225748411E+02,  0.0361
     63136,      2273,  1.253225639101E+02,  0.0360
     63347,      2274,  1.253225545144E+02,  0.0359
     63434,      2275,  1.253225454488E+02,  0.0359
     63977,      2276,  1.253225282867E+02,  0.0356
     64438,      2277,  1.253225196594E+02,  0.0353
     64587,      2278,  1.253223163361E+02,  0.0353
     64614,      2279,  1.253222936838E+02,  0.0353
     65287,      2280,  1.253222527318E+02,  0.0349
     65481,      2281,  1.253222517495E+02,  0.0348
     65533,      2282,  1.253212242082E+02,  0.0348
     65592,      2283,  1.253212059564E+02,  0.0348
     65907,      2284,  1.253210145622E+02,  0.0347
     66120,      2285,  1.253209678308E+02,  0.0346
     66717,      2286,  1.253209406671E+02,  0.0343
     66863,      2287,  1.253209316798E+02,  0.0342
     66870,      2288,  1.253208951303E+02,  0.0342
     68058,      2289,  1.253208892791E+02,  0.0336
     68432,      2290,  1.253208759088E+02,  0.0335
     68474,      2291,  1.253208624325E+02,  0.0335
     69430,      2292,  1.253208560589E+02,  0.0330
     69687,      2293,  1.253208550983E+02,  0.0329
     69802,      2294,  1.253208364110E+02,  0.0329
     69925,      2295,  1.253208348827E+02,  0.0328
     71679,      2296,  1.253208227434E+02,  0.0320
     72358,      2297,  1.253208106102E+02,  0.0317
     72796,      2298,  1.253208064527E+02,  0.0316
     73055,      2299,  1.253207955402E+02,  0.0315
     73238,      2300,  1.253207862139E+02,  0.0314
     73331,      2301,  1.253207852313E+02,  0.0314
     73637,      2302,  1.253207807253E+02,  0.0313
     73860,      2303,  1.253196606466E+02,  0.0312
     74286,      2304,  1.253196532964E+02,  0.0310
     74869,      2305,  1.253196501252E+02,  0.0308
     75505,      2306,  1.253196491056E+02,  0.0305
     76099,      2307,  1.253196357059E+02,  0.0303
     76383,      2308,  1.253196311984E+02,  0.0302
     76554,      2309,  1.253190779458E+02,  0.0302
     76706,      2310,  1.253190666868E+02,  0.0301
     76957,      2311,  1.253190526867E+02,  0.0300
     77596,      2312,  1.253189479542E+02,  0.0298
     77759,      2313,  1.253184405296E+02,  0.0297
     77881,      2314,  1.253184360755E+02,  0.0297
     79282,      2315,  1.253178020755E+02,  0.0292
     79533,      2316,  1.253177944171E+02,  0.0291
     80372,      2317,  1.253177802852E+02,  0.0288
     81036,      2318,  1.253177764233E+02,  0.0286
     82378,      2319,  1.253164368852E+02,  0.0282
     82617,      2320,  1.253164047539E+02,  0.0281
     84913,      2321,  1.253163889279E+02,  0.0273
     86379,      2322,  1.253163883095E+02,  0.0269
     86578,      2323,  1.253163763337E+02,  0.0268
     87843,      2324,  1.253161367166E+02,  0.0265
     88004,      2325,  1.253160671334E+02,  0.0264
     88724,      2326,  1.253156941621E+02,  0.0262
     89951,      2327,  1.253149066333E+02,  0.0259
     90575,      2328,  1.253149015782E+02,  0.0257
     90821,      2329,  1.253148200318E+02,  0.0256
     91136,      2330,  1.253148167692E+02,  0.0256
     91350,      2331,  1.253148039475E+02,  0.0255
     91434,      2332,  1.253147575320E+02,  0.0255
     91986,      2333,  1.253144852480E+02,  0.0254
     92116,      2334,  1.253131675928E+02,  0.0253
     92251,      2335,  1.253131249148E+02,  0.0253
     92496,      2336,  1.253130912511E+02,  0.0253
     93010,      2337,  1.253130891631E+02,  0.0251
     93289,      2338,  1.253130349751E+02,  0.0251
     93526,      2339,  1.253129096560E+02,  0.0250
     93819,      2340,  1.253128764896E+02,  0.0249
     93883,      2341,  1.253127549732E+02,  0.0249
     94195,      2342,  1.253127542114E+02,  0.0249
     94588,      2343,  1.253127150743E+02,  0.0248
     95780,      2344,  1.253126936262E+02,  0.0245
     96505,      2345,  1.253126908517E+02,  0.0243
     96566,      2346,  1.253126834208E+02,  0.0243
     96641,      2347,  1.253126708073E+02,  0.0243
     96660,      2348,  1.253126604601E+02,  0.0243
     96793,      2349,  1.253126435288E+02,  0.0243
     96932,      2350,  1.253125975634E+02,  0.0242
     97836,      2351,  1.253125512952E+02,  0.0240
     97903,      2352,  1.253125491227E+02,  0.0240
     98078,      2353,  1.253125472525E+02,  0.0240
     98397,      2354,  1.253125159651E+02,  0.0239
     99956,      2355,  1.253125135412E+02,  0.0236
    100450,      2356,  1.253116734633E+02,  0.0235
    100721,      2357,  1.253116649283E+02,  0.0234
    102073,      2358,  1.253116436745E+02,  0.0231
    103267,      2359,  1.253116435351E+02,  0.0228
    103537,      2360,  1.253116323096E+02,  0.0228
    105153,      2361,  1.253116283790E+02,  0.0225
    105239,      2362,  1.253116268243E+02,  0.0224
    105613,      2363,  1.253116158516E+02,  0.0224
    105650,      2364,  1.253116089894E+02,  0.0224
    105967,      2365,  1.253116006871E+02,  0.0223
    106060,      2366,  1.253115731417E+02,  0.0223
    106272,      2367,  1.253115576024E+02,  0.0223
    106569,      2368,  1.253115102850E+02,  0.0222
    107554,      2369,  1.253114790394E+02,  0.0220
    108845,      2370,  1.253114623689E+02,  0.0218
    110736,      2371,  1.253114537976E+02,  0.0214
    111273,      2372,  1.253114537008E+02,  0.0213
    111450,      2373,  1.253114462481E+02,  0.0213
    111785,      2374,  1.253114396074E+02,  0.0212
    111865,      2375,  1.253111806577E+02,  0.0212
    113835,      2376,  1.253111773199E+02,  0.0209
    113840,      2377,  1.253100112071E+02,  0.0209
    114123,      2378,  1.253100096240E+02,  0.0208
    114746,      2379,  1.253099960232E+02,  0.0207
    116015,      2380,  1.253099842329E+02,  0.0205
    118190,      2381,  1.253099808823E+02,  0.0201
    118928,      2382,  1.253099708662E+02,  0.0200
    119097,      2383,  1.253099595767E+02,  0.0200
    119587,      2384,  1.253087370188E+02,  0.0199
    122534,      2385,  1.253087319953E+02,  0.0195
    123285,      2386,  1.253081536654E+02,  0.0194
    126143,      2387,  1.253017851104E+02,  0.0189
    126911,      2388,  1.253017850719E+02,  0.0188
    128208,      2389,  1.253017834337E+02,  0.0186
    128858,      2390,  1.253017777659E+02,  0.0185
    129178,      2391,  1.253017767761E+02,  0.0185
    129438,      2392,  1.253017738437E+02,  0.0185
    131028,      2393,  1.253017577538E+02,  0.0183
    132107,      2394,  1.253016958310E+02,  0.0181
    132133,      2395,  1.253016671366E+02,  0.0181
    132158,      2396,  1.253016477381E+02,  0.0181
    132171,      2397,  1.253016341069E+02,  0.0181
    133536,      2398,  1.253016256779E+02,  0.0180
    134133,      2399,  1.253016217904E+02,  0.0179
    134437,      2400,  1.253016213038E+02,  0.0179
    135578,      2401,  1.253016206140E+02,  0.0177
    135947,      2402,  1.253014504506E+02,  0.0177
    137480,      2403,  1.253014462395E+02,  0.0175
    138236,      2404,  1.253014361882E+02,  0.0174
    138537,      2405,  1.253014340648E+02,  0.0174
    139538,      2406,  1.253014272234E+02,  0.0172
    141650,      2407,  1.253008149898E+02,  0.0170
    141716,      2408,  1.253008145776E+02,  0.0170
    142710,      2409,  1.253008118844E+02,  0.0169
    143384,      2410,  1.253008108893E+02,  0.0168
    143787,      2411,  1.253008102498E+02,  0.0168
    144874,      2412,  1.253008092471E+02,  0.0166
    145154,      2413,  1.253007744563E+02,  0.0166
    146112,      2414,  1.253007671962E+02,  0.0165
    147809,      2415,  1.253006619037E+02,  0.0163
    150830,      2416,  1.253006436107E+02,  0.0160
    151249,      2417,  1.253005840152E+02,  0.0160
    152398,      2418,  1.253005712028E+02,  0.0159
    152758,      2419,  1.253005656936E+02,  0.0158
    154145,      2420,  1.253005646056E+02,  0.0157
    154349,      2421,  1.253005402762E+02,  0.0157
    154811,      2422,  1.253005335932E+02,  0.0156
    155409,      2423,  1.253005294388E+02,  0.0156
    155524,      2424,  1.253001745109E+02,  0.0156
    156534,      2425,  1.253001742238E+02,  0.0155
    157128,      2426,  1.253001721782E+02,  0.0154
    159107,      2427,  1.253001707161E+02,  0.0153
    160999,      2428,  1.253001520163E+02,  0.0151
    161988,      2429,  1.253001308993E+02,  0.0150
    162158,      2430,  1.253000483623E+02,  0.0150
    163325,      2431,  1.252999353810E+02,  0.0149
    163493,      2432,  1.252999268817E+02,  0.0149
    163691,      2433,  1.252998891046E+02,  0.0149
    163832,      2434,  1.252998835051E+02,  0.0149
    163924,      2435,  1.252998681189E+02,  0.0149
    163973,      2436,  1.252996366414E+02,  0.0149
    164022,      2437,  1.252996251237E+02,  0.0149
    166819,      2438,  1.252996159481E+02,  0.0146
    166846,      2439,  1.252996061648E+02,  0.0146
    167396,      2440,  1.252996023500E+02,  0.0146
    167988,      2441,  1.252995760598E+02,  0.0145
    168105,      2442,  1.252995716163E+02,  0.0145
    168238,      2443,  1.252995634326E+02,  0.0145
    168307,      2444,  1.252995631664E+02,  0.0145
    168451,      2445,  1.252995434928E+02,  0.0145
    168505,      2446,  1.252995316954E+02,  0.0145
    169925,      2447,  1.252995046251E+02,  0.0144
    173192,      2448,  1.252994758663E+02,  0.0141
    173301,      2449,  1.252994751973E+02,  0.0141
    173378,      2450,  1.252994577924E+02,  0.0141
    175466,      2451,  1.252994442001E+02,  0.0140
    175574,      2452,  1.252994438088E+02,  0.0140
    176354,      2453,  1.252994359878E+02,  0.0139
    178234,      2454,  1.252994346066E+02,  0.0138
    179821,      2455,  1.252994176295E+02,  0.0137
    179970,      2456,  1.252993052625E+02,  0.0136
    180074,      2457,  1.252992812216E+02,  0.0136
    181024,      2458,  1.252991632177E+02,  0.0136
    181376,      2459,  1.252989700366E+02,  0.0136
    181618,      2460,  1.252989446481E+02,  0.0135
    185452,      2461,  1.252989106781E+02,  0.0133
    186295,      2462,  1.252988972803E+02,  0.0132
    186775,      2463,  1.252988970156E+02,  0.0132
    187414,      2464,  1.252988943771E+02,  0.0131
    187425,      2465,  1.252988841015E+02,  0.0132
    188070,      2466,  1.252988810731E+02,  0.0131
    188080,      2467,  1.252988707792E+02,  0.0131
    188465,      2468,  1.252988674507E+02,  0.0131
    188577,      2469,  1.252988647503E+02,  0.0131
    188650,      2470,  1.252988507183E+02,  0.0131
    189287,      2471,  1.252988462434E+02,  0.0131
    189781,      2472,  1.252988423555E+02,  0.0130
    190563,      2473,  1.252988413804E+02,  0.0130
    193932,      2474,  1.252988400986E+02,  0.0128
    196237,      2475,  1.252988394473E+02,  0.0126
    199337,      2476,  1.252988385053E+02,  0.0124
    203462,      2477,  1.252984392161E+02,  0.0122
    204256,      2478,  1.252984382023E+02,  0.0121
    204692,      2479,  1.252984333560E+02,  0.0121
    205563,      2480,  1.252984266284E+02,  0.0121
    206680,      2481,  1.252984255857E+02,  0.0120
    207129,      2482,  1.252984227730E+02,  0.0120
    208486,      2483,  1.252984088749E+02,  0.0119
    209657,      2484,  1.252984021929E+02,  0.0118
    209837,      2485,  1.252983994040E+02,  0.0118
    210771,      2486,  1.252983954511E+02,  0.0118
    210993,      2487,  1.252983886446E+02,  0.0118
    216011,      2488,  1.252983870730E+02,  0.0115
    219881,      2489,  1.252983857718E+02,  0.0113
    219906,      2490,  1.252983835032E+02,  0.0113
    224770,      2491,  1.252983818459E+02,  0.0111
    226965,      2492,  1.252983816730E+02,  0.0110
    227513,      2493,  1.252980588120E+02,  0.0110
    228365,      2494,  1.252980585671E+02,  0.0109
    230952,      2495,  1.252976615247E+02,  0.0108
    233099,      2496,  1.252976468797E+02,  0.0107
    234967,      2497,  1.252976458790E+02,  0.0106
    243592,      2498,  1.252976396913E+02,  0.0103
    246725,      2499,  1.252975860427E+02,  0.0101
    247322,      2500,  1.252975859976E+02,  0.0101
    250770,      2501,  1.252974557689E+02,  0.0100
    252512,      2502,  1.252974062370E+02,  0.0099
    254465,      2503,  1.252972161398E+02,  0.0098
    256349,      2504,  1.252972157893E+02,  0.0098
    257082,      2505,  1.252971869438E+02,  0.0097
    261085,      2506,  1.252970348734E+02,  0.0096
    261143,      2507,  1.252970347152E+02,  0.0096
    263559,      2508,  1.252970034217E+02,  0.0095
    265797,      2509,  1.252970020127E+02,  0.0094
    267818,      2510,  1.252970006275E+02,  0.0094
    271168,      2511,  1.252969873638E+02,  0.0093
    275069,      2512,  1.252969870828E+02,  0.0091
    275170,      2513,  1.252969783067E+02,  0.0091
    275217,      2514,  1.252969762014E+02,  0.0091
    275831,      2515,  1.252969620258E+02,  0.0091
    276002,      2516,  1.252960762872E+02,  0.0091
    276166,      2517,  1.252960699340E+02,  0.0091
    277519,      2518,  1.252960666800E+02,  0.0091
    281317,      2519,  1.252960660626E+02,  0.0090
    283218,      2520,  1.252960655126E+02,  0.0089
    283337,      2521,  1.252960639155E+02,  0.0089
    283441,      2522,  1.252960620798E+02,  0.0089
    283545,      2523,  1.252960614495E+02,  0.0089
    284549,      2524,  1.252960513041E+02,  0.0089
    286760,      2525,  1.252960008234E+02,  0.0088
    287515,      2526,  1.252943689313E+02,  0.0088
    290193,      2527,  1.252943083460E+02,  0.0087
    290274,      2528,  1.252943049114E+02,  0.0087
    290356,      2529,  1.252942595740E+02,  0.0087
    291029,      2530,  1.252941635568E+02,  0.0087
    291138,      2531,  1.252941008311E+02,  0.0087
    291520,      2532,  1.252940730217E+02,  0.0087
    292016,      2533,  1.252940648109E+02,  0.0087
    292111,      2534,  1.252940589866E+02,  0.0087
    293358,      2535,  1.252939464798E+02,  0.0086
    293961,      2536,  1.252939381976E+02,  0.0086
    294918,      2537,  1.252939352694E+02,  0.0086
    295131,      2538,  1.252939315396E+02,  0.0086
    295136,      2539,  1.252939236391E+02,  0.0086
    299032,      2540,  1.252939080537E+02,  0.0085
    299395,      2541,  1.252939065708E+02,  0.0085
    299763,      2542,  1.252939063305E+02,  0.0085
    303158,      2543,  1.252938227220E+02,  0.0084
    303423,      2544,  1.252937993746E+02,  0.0084
    303943,      2545,  1.252934233308E+02,  0.0084
    304242,      2546,  1.252934227639E+02,  0.0084
    304311,      2547,  1.252932177979E+02,  0.0084
    304496,      2548,  1.252932140112E+02,  0.0084
    305043,      2549,  1.252931961570E+02,  0.0084
    306357,      2550,  1.252931762776E+02,  0.0083
    308725,      2551,  1.252931742889E+02,  0.0083
    309386,      2552,  1.252931689488E+02,  0.0082
    309435,      2553,  1.252931422806E+02,  0.0083
    309919,      2554,  1.252930468901E+02,  0.0082
    311398,      2555,  1.252930467266E+02,  0.0082
    312652,      2556,  1.252930351586E+02,  0.0082
    313753,      2557,  1.252930349482E+02,  0.0081
    313970,      2558,  1.252930332843E+02,  0.0081
    314711,      2559,  1.252930305386E+02,  0.0081
    315654,      2560,  1.252930204397E+02,  0.0081
    316143,      2561,  1.252930158634E+02,  0.0081
    316727,      2562,  1.252930155176E+02,  0.0081
    323435,      2563,  1.252930149182E+02,  0.0079
    327151,      2564,  1.252930132915E+02,  0.0078
    329247,      2565,  1.252896318896E+02,  0.0078
    335406,      2566,  1.252893616864E+02,  0.0077
    340363,      2567,  1.252893598261E+02,  0.0075
    340877,      2568,  1.252893387177E+02,  0.0075
    340970,      2569,  1.252893043876E+02,  0.0075
    342485,      2570,  1.252892752034E+02,  0.0075
    342756,      2571,  1.252892638202E+02,  0.0075
    352577,      2572,  1.252892433294E+02,  0.0073
    354671,      2573,  1.252891915185E+02,  0.0073
    355439,      2574,  1.252891894328E+02,  0.0072
    363711,      2575,  1.252891833675E+02,  0.0071
    367200,      2576,  1.252891189659E+02,  0.0070
    367570,      2577,  1.252891173610E+02,  0.0070
    367980,      2578,  1.252891166319E+02,  0.0070
    370500,      2579,  1.252891144657E+02,  0.0070
    370924,      2580,  1.252891079915E+02,  0.0070
    377547,      2581,  1.252891048646E+02,  0.0068
    378426,      2582,  1.252891045521E+02,  0.0068
    380414,      2583,  1.252891036771E+02,  0.0068
    383038,      2584,  1.252891008300E+02,  0.0067
    383721,      2585,  1.252878709609E+02,  0.0067
    384951,      2586,  1.252877207854E+02,  0.0067
    385406,      2587,  1.252876957338E+02,  0.0067
    386338,      2588,  1.252876943240E+02,  0.0067
    387560,      2589,  1.252876933884E+02,  0.0067
    388786,      2590,  1.252876872184E+02,  0.0067
    388926,      2591,  1.252871219752E+02,  0.0067
    393983,      2592,  1.252871166100E+02,  0.0066
    395538,      2593,  1.252871164107E+02,  0.0066
    395674,      2594,  1.252871147230E+02,  0.0066
    398106,      2595,  1.252871116829E+02,  0.0065
    398446,      2596,  1.252870982006E+02,  0.0065
    398546,      2597,  1.252870792758E+02,  0.0065
    400948,      2598,  1.252870739219E+02,  0.0065
    401638,      2599,  1.252870531578E+02,  0.0065
    404575,      2600,  1.252870458538E+02,  0.0064
    405764,      2601,  1.252870454810E+02,  0.0064
    405868,      2602,  1.252870320658E+02,  0.0064
    406466,      2603,  1.252870306592E+02,  0.0064
    407844,      2604,  1.252870298404E+02,  0.0064
    408408,      2605,  1.252870284374E+02,  0.0064
    408736,      2606,  1.252870266804E+02,  0.0064
    409061,      2607,  1.252870263245E+02,  0.0064
    411432,      2608,  1.252870204096E+02,  0.0063
    411558,      2609,  1.252870166975E+02,  0.0063
    412378,      2610,  1.252870164747E+02,  0.0063
    412631,      2611,  1.252870083534E+02,  0.0063
    416367,      2612,  1.252870074027E+02,  0.0063
    416734,      2613,  1.252870058782E+02,  0.0063
    418933,      2614,  1.252870035566E+02,  0.0062
    419942,      2615,  1.252870001145E+02,  0.0062
    429603,      2616,  1.252869942091E+02,  0.0061
    430735,      2617,  1.252869529615E+02,  0.0061
    431512,      2618,  1.252869518358E+02,  0.0061
    434034,      2619,  1.252869485008E+02,  0.0060
    435632,      2620,  1.252869384980E+02,  0.0060
    437550,      2621,  1.252869318921E+02,  0.0060
    438488,      2622,  1.252869296828E+02,  0.0060
    440824,      2623,  1.252869275940E+02,  0.0060
    441619,      2624,  1.252869234595E+02,  0.0059
    445127,      2625,  1.252868213397E+02,  0.0059
    448269,      2626,  1.252868211263E+02,  0.0059
    448526,      2627,  1.252868182159E+02,  0.0059
    448666,      2628,  1.252868148265E+02,  0.0059
    450168,      2629,  1.252868126727E+02,  0.0058
    450208,      2630,  1.252868068490E+02,  0.0058
    455290,      2631,  1.252864104936E+02,  0.0058
    456275,      2632,  1.252864084250E+02,  0.0058
    459264,      2633,  1.252864062903E+02,  0.0057
    459618,      2634,  1.252864059288E+02,  0.0057
    460255,      2635,  1.252864023953E+02,  0.0057
    462155,      2636,  1.252863939765E+02,  0.0057
    462646,      2637,  1.252863862222E+02,  0.0057
    463558,      2638,  1.252863846935E+02,  0.0057
    467386,      2639,  1.252863844196E+02,  0.0056
    468350,      2640,  1.252863805203E+02,  0.0056
    474681,      2641,  1.252863786432E+02,  0.0056
    481024,      2642,  1.252863761068E+02,  0.0055
    481597,      2643,  1.252862415243E+02,  0.0055
    488965,      2644,  1.252862385364E+02,  0.0054
    489260,      2645,  1.252862335498E+02,  0.0054
    492412,      2646,  1.252862288398E+02,  0.0054
    493995,      2647,  1.252861454665E+02,  0.0054
    496421,      2648,  1.252861434823E+02,  0.0053
    496965,      2649,  1.252861416204E+02,  0.0053
    497461,      2650,  1.252861403390E+02,  0.0053
