iteration,accepted_count,energy,acceptance_rate
         0,         0,  1.729951371675E+02,  0.0000
         1,         1,  1.729305557245E+02,  1.0000
         2,         2,  1.725138653981E+02,  1.0000
         5,         3,  1.724360523572E+02,  0.6000
         6,         4,  1.723800167246E+02,  0.6667
         8,         5,  1.723602875578E+02,  0.6250
         9,         6,  1.721356302414E+02,  0.6667
        13,         7,  1.719887441950E+02,  0.5385
        17,         8,  1.717825183180E+02,  0.4706
        21,         9,  1.716982682987E+02,  0.4286
        22,        10,  1.716836574505E+02,  0.4545
        23,        11,  1.715038885516E+02,  0.4783
        25,        12,  1.713987567397E+02,  0.4800
        26,        13,  1.713021682580E+02,  0.5000
        27,        14,  1.711572635153E+02,  0.5185
        28,        15,  1.711203709348E+02,  0.5357
        29,        16,  1.711045438044E+02,  0.5517
        30,        17,  1.710025072818E+02,  0.5667
        31,        18,  1.709682768251E+02,  0.5806
        33,        19,  1.705204682234E+02,  0.5758
        34,        20,  1.704983406480E+02,  0.5882
        36,        21,  1.702388379064E+02,  0.5833
        41,        22,  1.700617061619E+02,  0.5366
        43,        23,  1.699574463834E+02,  0.5349
        46,        24,  1.698502945821E+02,  0.5217
        47,        25,  1.697642421755E+02,  0.5319
        50,        26,  1.696281992243E+02,  0.5200
        54,        27,  1.695714359228E+02,  0.5000
        55,        28,  1.695516812220E+02,  0.5091
        58,        29,  1.695220661842E+02,  0.5000
        59,        30,  1.693563198627E+02,  0.5085
        61,        31,  1.691507144666E+02,  0.5082
        64,        32,  1.691477725875E+02,  0.5000
        66,        33,  1.688767416265E+02,  0.5000
        67,        34,  1.688118781219E+02,  0.5075
        69,        35,  1.687807510184E+02,  0.5072
        73,        36,  1.687733735479E+02,  0.4932
        74,        37,  1.686028896540E+02,  0.5000
        77,        38,  1.686014949783E+02,  0.4935
        78,        39,  1.685520108680E+02,  0.5000
        79,        40,  1.685264767698E+02,  0.5063
        80,        41,  1.685235997974E+02,  0.5125
        84,        42,  1.684976300352E+02,  0.5000
        85,        43,  1.684969526410E+02,  0.5059
        87,        44,  1.684762442661E+02,  0.5057
        89,        45,  1.682786592457E+02,  0.5056
        90,        46,  1.682626066164E+02,  0.5111
        91,        47,  1.681926456724E+02,  0.5165
        92,        48,  1.681827244698E+02,  0.5217
        96,        49,  1.681595807413E+02,  0.5104
        99,        50,  1.680435084930E+02,  0.5051
       104,        51,  1.679927244998E+02,  0.4904
       106,        52,  1.679227421817E+02,  0.4906
       109,        53,  1.678497680721E+02,  0.4862
       110,        54,  1.678312186922E+02,  0.4909
       113,        55,  1.676787859029E+02,  0.4867
       115,        56,  1.674239388236E+02,  0.4870
       118,        57,  1.672164675377E+02,  0.4831
       120,        58,  1.671881806957E+02,  0.4833
       121,        59,  1.671844206601E+02,  0.4876
       123,        60,  1.671760426526E+02,  0.4878
       125,        61,  1.670853930866E+02,  0.4880
       126,        62,  1.670527276125E+02,  0.4921
       127,        63,  1.670354109914E+02,  0.4961
       128,        64,  1.669732835537E+02,  0.5000
       130,        65,  1.668430144984E+02,  0.5000
       134,        66,  1.662021479206E+02,  0.4925
       138,        67,  1.661921720288E+02,  0.4855
       139,        68,  1.659552853055E+02,  0.4892
       146,        69,  1.659545604969E+02,  0.4726
       147,        70,  1.659159698555E+02,  0.4762
       150,        71,  1.659091596445E+02,  0.4733
       151,        72,  1.658778764926E+02,  0.4768
       152,        73,  1.658585266490E+02,  0.4803
       154,        74,  1.657561428101E+02,  0.4805
       155,        75,  1.656769668739E+02,  0.4839
       159,        76,  1.656229215808E+02,  0.4780
       160,        77,  1.656154499355E+02,  0.4813
       161,        78,  1.656093343312E+02,  0.4845
       166,        79,  1.655798749264E+02,  0.4759
       167,        80,  1.654166055354E+02,  0.4790
       168,        81,  1.653332927368E+02,  0.4821
       169,        82,  1.653280791909E+02,  0.4852
       170,        83,  1.652566130618E+02,  0.4882
       171,        84,  1.651458533969E+02,  0.4912
       172,        85,  1.651317987351E+02,  0.4942
       174,        86,  1.650435804575E+02,  0.4943
       176,        87,  1.648177006165E+02,  0.4943
       181,        88,  1.647700457520E+02,  0.4862
       184,        89,  1.647635766325E+02,  0.4837
       185,        90,  1.647092860248E+02,  0.4865
       186,        91,  1.646975958298E+02,  0.4892
       189,        92,  1.646911659361E+02,  0.4868
       192,        93,  1.646218354481E+02,  0.4844
       193,        94,  1.645355732811E+02,  0.4870
       194,        95,  1.644655421161E+02,  0.4897
       195,        96,  1.643130012918E+02,  0.4923
       196,        97,  1.643060964724E+02,  0.4949
       197,        98,  1.642326258208E+02,  0.4975
       199,        99,  1.642284851407E+02,  0.4975
       200,       100,  1.641593750908E+02,  0.5000
       206,       101,  1.641504479630E+02,  0.4903
       209,       102,  1.639417013734E+02,  0.4880
       210,       103,  1.639261601452E+02,  0.4905
       211,       104,  1.639193442842E+02,  0.4929
       213,       105,  1.638998106150E+02,  0.4930
       223,       106,  1.637410850221E+02,  0.4753
       224,       107,  1.636968370922E+02,  0.4777
       225,       108,  1.636927920214E+02,  0.4800
       226,       109,  1.636661184295E+02,  0.4823
       227,       110,  1.636353408440E+02,  0.4846
       229,       111,  1.636323358727E+02,  0.4847
       231,       112,  1.636315634455E+02,  0.4848
       232,       113,  1.635107119198E+02,  0.4871
       234,       114,  1.634970078931E+02,  0.4872
       237,       115,  1.634605857362E+02,  0.4852
       239,       116,  1.634541321655E+02,  0.4854
       241,       117,  1.634533807054E+02,  0.4855
       243,       118,  1.634473318324E+02,  0.4856
       244,       119,  1.634091519433E+02,  0.4877
       247,       120,  1.632517363280E+02,  0.4858
       248,       121,  1.632488272216E+02,  0.4879
       249,       122,  1.632299071755E+02,  0.4900
       251,       123,  1.632155712708E+02,  0.4900
       253,       124,  1.631623800001E+02,  0.4901
       254,       125,  1.631616319119E+02,  0.4921
       257,       126,  1.631052184290E+02,  0.4903
       259,       127,  1.629711964217E+02,  0.4903
       264,       128,  1.629682552945E+02,  0.4848
       266,       129,  1.629018406113E+02,  0.4850
       267,       130,  1.627025386160E+02,  0.4869
       268,       131,  1.626976167706E+02,  0.4888
       269,       132,  1.626933472742E+02,  0.4907
       270,       133,  1.626932412108E+02,  0.4926
       271,       134,  1.626652153655E+02,  0.4945
       272,       135,  1.626569347539E+02,  0.4963
       275,       136,  1.626537484091E+02,  0.4945
       276,       137,  1.626216498491E+02,  0.4964
       277,       138,  1.624715972070E+02,  0.4982
       278,       139,  1.624524873091E+02,  0.5000
       279,       140,  1.624438090845E+02,  0.5018
       282,       141,  1.623830389583E+02,  0.5000
       284,       142,  1.623125658065E+02,  0.5000
       285,       143,  1.623093327487E+02,  0.5018
       286,       144,  1.621790373630E+02,  0.5035
       287,       145,  1.620974986728E+02,  0.5052
       292,       146,  1.620471195897E+02,  0.5000
       294,       147,  1.620188740527E+02,  0.5000
       295,       148,  1.619790870583E+02,  0.5017
       298,       149,  1.619027275238E+02,  0.5000
       300,       150,  1.618905877471E+02,  0.5000
       302,       151,  1.618493542940E+02,  0.5000
       304,       152,  1.618035070017E+02,  0.5000
       306,       153,  1.617089965272E+02,  0.5000
       310,       154,  1.617033199901E+02,  0.4968
       311,       155,  1.616477283148E+02,  0.4984
       313,       156,  1.616405818419E+02,  0.4984
       314,       157,  1.616276123152E+02,  0.5000
       318,       158,  1.615725715911E+02,  0.4969
       323,       159,  1.615352052446E+02,  0.4923
       324,       160,  1.614193366907E+02,  0.4938
       327,       161,  1.612997703874E+02,  0.4924
       328,       162,  1.612913789426E+02,  0.4939
       329,       163,  1.612714370603E+02,  0.4954
       333,       164,  1.611550979343E+02,  0.4925
       334,       165,  1.610708529778E+02,  0.4940
       342,       166,  1.608202851336E+02,  0.4854
       343,       167,  1.607272404098E+02,  0.4869
       347,       168,  1.606941565074E+02,  0.4841
       349,       169,  1.605292464357E+02,  0.4842
       350,       170,  1.604976167304E+02,  0.4857
       352,       171,  1.604963478382E+02,  0.4858
       355,       172,  1.604557026808E+02,  0.4845
       359,       173,  1.604399404695E+02,  0.4819
       362,       174,  1.604237722151E+02,  0.4807
       365,       175,  1.603957293859E+02,  0.4795
       366,       176,  1.602637519547E+02,  0.4809
       368,       177,  1.602271226948E+02,  0.4810
       369,       178,  1.601874829877E+02,  0.4824
       370,       179,  1.599912850796E+02,  0.4838
       371,       180,  1.599063155648E+02,  0.4852
       372,       181,  1.599062514527E+02,  0.4866
       375,       182,  1.598600330243E+02,  0.4853
       378,       183,  1.598273454216E+02,  0.4841
       379,       184,  1.597617203932E+02,  0.4855
       381,       185,  1.596605561767E+02,  0.4856
       384,       186,  1.596226657799E+02,  0.4844
       386,       187,  1.596109011618E+02,  0.4845
       393,       188,  1.596048885031E+02,  0.4784
       396,       189,  1.594337801899E+02,  0.4773
       399,       190,  1.594333336370E+02,  0.4762
       403,       191,  1.593952812861E+02,  0.4739
       404,       192,  1.592637168472E+02,  0.4752
       405,       193,  1.592133816170E+02,  0.4765
       408,       194,  1.591941751672E+02,  0.4755
       409,       195,  1.591534462591E+02,  0.4768
       412,       196,  1.591498652283E+02,  0.4757
       413,       197,  1.590977571692E+02,  0.4770
       417,       198,  1.590969133403E+02,  0.4748
       419,       199,  1.590720739509E+02,  0.4749
       425,       200,  1.590667082295E+02,  0.4706
       426,       201,  1.590448305396E+02,  0.4718
       427,       202,  1.589674854362E+02,  0.4731
       431,       203,  1.588852589419E+02,  0.4710
       433,       204,  1.588774768489E+02,  0.4711
       436,       205,  1.587660899858E+02,  0.4702
       437,       206,  1.586937518453E+02,  0.4714
       438,       207,  1.586904658285E+02,  0.4726
       439,       208,  1.585472857754E+02,  0.4738
       441,       209,  1.585074087056E+02,  0.4739
       445,       210,  1.584064851760E+02,  0.4719
       447,       211,  1.583688420744E+02,  0.4720
       448,       212,  1.583659391412E+02,  0.4732
       450,       213,  1.583570098618E+02,  0.4733
       452,       214,  1.583153022741E+02,  0.4735
       455,       215,  1.583141773131E+02,  0.4725
       460,       216,  1.580938835744E+02,  0.4696
       461,       217,  1.580163938018E+02,  0.4707
       463,       218,  1.579090203736E+02,  0.4708
       464,       219,  1.578795355802E+02,  0.4720
       466,       220,  1.578234120603E+02,  0.4721
       467,       221,  1.578048625748E+02,  0.4732
       468,       222,  1.578043178253E+02,  0.4744
       469,       223,  1.577267015608E+02,  0.4755
       472,       224,  1.576849084183E+02,  0.4746
       474,       225,  1.576833495897E+02,  0.4747
       476,       226,  1.576551836448E+02,  0.4748
       477,       227,  1.575623151074E+02,  0.4759
       478,       228,  1.574323213464E+02,  0.4770
       479,       229,  1.574111258092E+02,  0.4781
       480,       230,  1.573688251320E+02,  0.4792
       483,       231,  1.573629452466E+02,  0.4783
       484,       232,  1.573315172270E+02,  0.4793
       485,       233,  1.572363906081E+02,  0.4804
       486,       234,  1.572180272255E+02,  0.4815
       487,       235,  1.571903916637E+02,  0.4825
       488,       236,  1.571113914946E+02,  0.4836
       490,       237,  1.569919699799E+02,  0.4837
       491,       238,  1.569691546346E+02,  0.4847
       496,       239,  1.569690506095E+02,  0.4819
       497,       240,  1.568896939205E+02,  0.4829
       499,       241,  1.568697355149E+02,  0.4830
       500,       242,  1.568308871932E+02,  0.4840
       501,       243,  1.568179658586E+02,  0.4850
       502,       244,  1.567452545403E+02,  0.4861
       503,       245,  1.566887682107E+02,  0.4871
       505,       246,  1.565175981426E+02,  0.4871
       508,       247,  1.564291122514E+02,  0.4862
       509,       248,  1.564276310029E+02,  0.4872
       510,       249,  1.564252387809E+02,  0.4882
       519,       250,  1.564204826620E+02,  0.4817
       521,       251,  1.563241699925E+02,  0.4818
       522,       252,  1.562796950858E+02,  0.4828
       523,       253,  1.561888867230E+02,  0.4837
       526,       254,  1.561767449441E+02,  0.4829
       528,       255,  1.561341324916E+02,  0.4830
       529,       256,  1.560326707696E+02,  0.4839
       531,       257,  1.558571033662E+02,  0.4840
       537,       258,  1.558390468807E+02,  0.4804
       538,       259,  1.558390271711E+02,  0.4814
       539,       260,  1.557497444362E+02,  0.4824
       540,       261,  1.556970627136E+02,  0.4833
       541,       262,  1.556075845200E+02,  0.4843
       546,       263,  1.555666122869E+02,  0.4817
       548,       264,  1.555391554357E+02,  0.4818
       549,       265,  1.555089477676E+02,  0.4827
       553,       266,  1.555033869694E+02,  0.4810
       555,       267,  1.554654132879E+02,  0.4811
       559,       268,  1.553994778140E+02,  0.4794
       566,       269,  1.553811804319E+02,  0.4753
       568,       270,  1.553593555821E+02,  0.4754
       571,       271,  1.553181754423E+02,  0.4746
       578,       272,  1.552252877801E+02,  0.4706
       579,       273,  1.552226533405E+02,  0.4715
       580,       274,  1.552219175352E+02,  0.4724
       582,       275,  1.552067248142E+02,  0.4725
       583,       276,  1.551179492118E+02,  0.4734
       595,       277,  1.549864980805E+02,  0.4655
       598,       278,  1.549349757185E+02,  0.4649
       599,       279,  1.548904195145E+02,  0.4658
       604,       280,  1.548799359816E+02,  0.4636
       608,       281,  1.547945005005E+02,  0.4622
       609,       282,  1.547230841497E+02,  0.4631
       618,       283,  1.546934481245E+02,  0.4579
       619,       284,  1.544961133926E+02,  0.4588
       630,       285,  1.543984226149E+02,  0.4524
       634,       286,  1.542842266970E+02,  0.4511
       635,       287,  1.541921800991E+02,  0.4520
       636,       288,  1.541504725790E+02,  0.4528
       637,       289,  1.541292965822E+02,  0.4537
       640,       290,  1.540671220791E+02,  0.4531
       644,       291,  1.539221866156E+02,  0.4519
       647,       292,  1.536986820631E+02,  0.4513
       650,       293,  1.536551520916E+02,  0.4508
       652,       294,  1.535928218877E+02,  0.4509
       655,       295,  1.535919593154E+02,  0.4504
       659,       296,  1.535410180554E+02,  0.4492
       660,       297,  1.535370754492E+02,  0.4500
       663,       298,  1.534579039151E+02,  0.4495
       667,       299,  1.534014670460E+02,  0.4483
       668,       300,  1.533416992343E+02,  0.4491
       673,       301,  1.533073924263E+02,  0.4473
       674,       302,  1.532911192810E+02,  0.4481
       680,       303,  1.532850078120E+02,  0.4456
       683,       304,  1.532366735657E+02,  0.4451
       685,       305,  1.531983803510E+02,  0.4453
       689,       306,  1.531739845534E+02,  0.4441
       690,       307,  1.530191369398E+02,  0.4449
       694,       308,  1.529908322738E+02,  0.4438
       696,       309,  1.529025822951E+02,  0.4440
       699,       310,  1.528648734179E+02,  0.4435
       701,       311,  1.527491985656E+02,  0.4437
       706,       312,  1.527425281650E+02,  0.4419
       710,       313,  1.527138493967E+02,  0.4408
       714,       314,  1.526807495670E+02,  0.4398
       717,       315,  1.526496649717E+02,  0.4393
       720,       316,  1.525877247153E+02,  0.4389
       723,       317,  1.525877159691E+02,  0.4385
       726,       318,  1.525705542013E+02,  0.4380
       729,       319,  1.525702427981E+02,  0.4376
       730,       320,  1.525226350232E+02,  0.4384
       735,       321,  1.524740805311E+02,  0.4367
       736,       322,  1.524005242356E+02,  0.4375
       739,       323,  1.523497249746E+02,  0.4371
       748,       324,  1.523300056939E+02,  0.4332
       750,       325,  1.522383894578E+02,  0.4333
       753,       326,  1.521976176473E+02,  0.4329
       757,       327,  1.521882326885E+02,  0.4320
       760,       328,  1.520061980029E+02,  0.4316
       762,       329,  1.519678359444E+02,  0.4318
       763,       330,  1.519319186518E+02,  0.4325
       765,       331,  1.518887109591E+02,  0.4327
       766,       332,  1.517960539440E+02,  0.4334
       769,       333,  1.517812533956E+02,  0.4330
       770,       334,  1.517099649715E+02,  0.4338
       772,       335,  1.516842520295E+02,  0.4339
       773,       336,  1.516608735466E+02,  0.4347
       775,       337,  1.516550085306E+02,  0.4348
       781,       338,  1.516352588304E+02,  0.4328
       782,       339,  1.516329585858E+02,  0.4335
       784,       340,  1.516008223501E+02,  0.4337
       789,       341,  1.515953506374E+02,  0.4322
       791,       342,  1.515909660318E+02,  0.4324
       792,       343,  1.515841042656E+02,  0.4331
       794,       344,  1.515355560794E+02,  0.4332
       796,       345,  1.515166720683E+02,  0.4334
       799,       346,  1.513686300841E+02,  0.4330
       801,       347,  1.513437251581E+02,  0.4332
       804,       348,  1.512752142454E+02,  0.4328
       806,       349,  1.511251758184E+02,  0.4330
       808,       350,  1.511018975767E+02,  0.4332
       813,       351,  1.510076469942E+02,  0.4317
       814,       352,  1.509860507383E+02,  0.4324
       816,       353,  1.508836169323E+02,  0.4326
       817,       354,  1.508802069711E+02,  0.4333
       818,       355,  1.508308398811E+02,  0.4340
       819,       356,  1.507303329052E+02,  0.4347
       820,       357,  1.506903520191E+02,  0.4354
       822,       358,  1.506568030209E+02,  0.4355
       824,       359,  1.506137453825E+02,  0.4357
       825,       360,  1.504599216789E+02,  0.4364
       829,       361,  1.504438844367E+02,  0.4355
       831,       362,  1.503539905235E+02,  0.4356
       832,       363,  1.503410671198E+02,  0.4363
       835,       364,  1.502389830271E+02,  0.4359
       838,       365,  1.501019741515E+02,  0.4356
       840,       366,  1.500620096478E+02,  0.4357
       843,       367,  1.500345694410E+02,  0.4353
       848,       368,  1.499423874543E+02,  0.4340
       853,       369,  1.499031932807E+02,  0.4326
       854,       370,  1.498578872227E+02,  0.4333
       858,       371,  1.498474739753E+02,  0.4324
       859,       372,  1.497770666037E+02,  0.4331
       860,       373,  1.497528234849E+02,  0.4337
       863,       374,  1.496778447170E+02,  0.4334
       864,       375,  1.496228621025E+02,  0.4340
       865,       376,  1.496095855949E+02,  0.4347
       867,       377,  1.495949328871E+02,  0.4348
       869,       378,  1.495336433368E+02,  0.4350
       872,       379,  1.495009533490E+02,  0.4346
       873,       380,  1.495000569681E+02,  0.4353
       875,       381,  1.494716990178E+02,  0.4354
       876,       382,  1.494284513614E+02,  0.4361
       877,       383,  1.494055215897E+02,  0.4367
       878,       384,  1.493203938890E+02,  0.4374
       887,       385,  1.492777961272E+02,  0.4340
       888,       386,  1.492600240451E+02,  0.4347
       889,       387,  1.492497895605E+02,  0.4353
       895,       388,  1.491472760545E+02,  0.4335
       898,       389,  1.491453276983E+02,  0.4332
       899,       390,  1.491380158196E+02,  0.4338
       900,       391,  1.491043025492E+02,  0.4344
       901,       392,  1.490781757508E+02,  0.4351
       903,       393,  1.489774151846E+02,  0.4352
       904,       394,  1.489446165806E+02,  0.4358
       905,       395,  1.488854466499E+02,  0.4365
       906,       396,  1.488682240359E+02,  0.4371
       908,       397,  1.488574006996E+02,  0.4372
       912,       398,  1.488188323065E+02,  0.4364
       920,       399,  1.488069084529E+02,  0.4337
       921,       400,  1.487684031181E+02,  0.4343
       923,       401,  1.486956478304E+02,  0.4345
       924,       402,  1.486695131559E+02,  0.4351
       927,       403,  1.485991478092E+02,  0.4347
       928,       404,  1.485392516346E+02,  0.4353
       930,       405,  1.484336812599E+02,  0.4355
       933,       406,  1.484303270730E+02,  0.4352
       935,       407,  1.484124866708E+02,  0.4353
       937,       408,  1.483814972680E+02,  0.4354
       939,       409,  1.482830034089E+02,  0.4356
       941,       410,  1.482808220211E+02,  0.4357
       944,       411,  1.482746881809E+02,  0.4354
       946,       412,  1.482382201293E+02,  0.4355
       947,       413,  1.481480252614E+02,  0.4361
       948,       414,  1.481470661564E+02,  0.4367
       954,       415,  1.481288846484E+02,  0.4350
       955,       416,  1.481210389767E+02,  0.4356
       958,       417,  1.479903397450E+02,  0.4353
       961,       418,  1.479144388746E+02,  0.4350
       962,       419,  1.479009918902E+02,  0.4356
       963,       420,  1.478894149905E+02,  0.4361
       965,       421,  1.478140036188E+02,  0.4363
       967,       422,  1.477919585443E+02,  0.4364
       969,       423,  1.477237735910E+02,  0.4365
       970,       424,  1.477159772767E+02,  0.4371
       973,       425,  1.476078334045E+02,  0.4368
       975,       426,  1.475721050333E+02,  0.4369
       977,       427,  1.475500938434E+02,  0.4371
       980,       428,  1.475400454395E+02,  0.4367
       982,       429,  1.473882165428E+02,  0.4369
       984,       430,  1.473855363025E+02,  0.4370
       989,       431,  1.472169807503E+02,  0.4358
       998,       432,  1.471975425616E+02,  0.4329
       999,       433,  1.471464564488E+02,  0.4334
      1000,       434,  1.471370683062E+02,  0.4340
      1001,       435,  1.470901613013E+02,  0.4346
      1002,       436,  1.470842458248E+02,  0.4351
      1009,       437,  1.469991841921E+02,  0.4331
      1014,       438,  1.469911327775E+02,  0.4320
      1016,       439,  1.469911077834E+02,  0.4321
      1017,       440,  1.469910373906E+02,  0.4326
      1019,       441,  1.469779930677E+02,  0.4328
      1023,       442,  1.469465387649E+02,  0.4321
      1028,       443,  1.469191802303E+02,  0.4309
      1029,       444,  1.468631253366E+02,  0.4315
      1033,       445,  1.468090622909E+02,  0.4308
      1036,       446,  1.467833856751E+02,  0.4305
      1037,       447,  1.467706493382E+02,  0.4311
      1038,       448,  1.467570149058E+02,  0.4316
      1041,       449,  1.467536351673E+02,  0.4313
      1042,       450,  1.467532944871E+02,  0.4319
      1043,       451,  1.465795747007E+02,  0.4324
      1044,       452,  1.465770649071E+02,  0.4330
      1046,       453,  1.465425481612E+02,  0.4331
      1049,       454,  1.464894565708E+02,  0.4328
      1050,       455,  1.464694688756E+02,  0.4333
      1051,       456,  1.464455181467E+02,  0.4339
      1052,       457,  1.464355810460E+02,  0.4344
      1053,       458,  1.464097174093E+02,  0.4349
      1059,       459,  1.463783387841E+02,  0.4334
      1061,       460,  1.462434142900E+02,  0.4336
      1063,       461,  1.462125892828E+02,  0.4337
      1064,       462,  1.462041569950E+02,  0.4342
      1065,       463,  1.461451104973E+02,  0.4347
      1076,       464,  1.461385551044E+02,  0.4312
      1078,       465,  1.461126343477E+02,  0.4314
      1080,       466,  1.460527875136E+02,  0.4315
      1082,       467,  1.459860036319E+02,  0.4316
      1084,       468,  1.459512680919E+02,  0.4317
      1085,       469,  1.459002506024E+02,  0.4323
      1086,       470,  1.458532589615E+02,  0.4328
      1090,       471,  1.458472644702E+02,  0.4321
      1094,       472,  1.458151578422E+02,  0.4314
      1095,       473,  1.458141622837E+02,  0.4320
      1099,       474,  1.457328672224E+02,  0.4313
      1100,       475,  1.457109133691E+02,  0.4318
      1106,       476,  1.456668170996E+02,  0.4304
      1107,       477,  1.456607455966E+02,  0.4309
      1111,       478,  1.455997936884E+02,  0.4302
      1112,       479,  1.455827805498E+02,  0.4308
      1113,       480,  1.455704589142E+02,  0.4313
      1115,       481,  1.455684012939E+02,  0.4314
      1116,       482,  1.455340341019E+02,  0.4319
      1120,       483,  1.455125736634E+02,  0.4313
      1123,       484,  1.454944172480E+02,  0.4310
      1124,       485,  1.454794794935E+02,  0.4315
      1126,       486,  1.454269758310E+02,  0.4316
      1132,       487,  1.454251554014E+02,  0.4302
      1133,       488,  1.453740496492E+02,  0.4307
      1138,       489,  1.453157035666E+02,  0.4297
      1141,       490,  1.452886023579E+02,  0.4294
      1143,       491,  1.452172744385E+02,  0.4296
      1144,       492,  1.451249823221E+02,  0.4301
      1145,       493,  1.451138476897E+02,  0.4306
      1146,       494,  1.451051751421E+02,  0.4311
      1148,       495,  1.451042942062E+02,  0.4312
      1152,       496,  1.450957276098E+02,  0.4306
      1158,       497,  1.450003526517E+02,  0.4292
      1159,       498,  1.448894761453E+02,  0.4297
      1160,       499,  1.448772827996E+02,  0.4302
      1161,       500,  1.448670771512E+02,  0.4307
      1162,       501,  1.448584936960E+02,  0.4312
      1163,       502,  1.448492578888E+02,  0.4316
      1167,       503,  1.448469412648E+02,  0.4310
      1168,       504,  1.447890715760E+02,  0.4315
      1169,       505,  1.447441187327E+02,  0.4320
      1173,       506,  1.447190019598E+02,  0.4314
      1174,       507,  1.447068622420E+02,  0.4319
      1179,       508,  1.446829675448E+02,  0.4309
      1180,       509,  1.446595025817E+02,  0.4314
      1181,       510,  1.446589654807E+02,  0.4318
      1183,       511,  1.445681648425E+02,  0.4320
      1185,       512,  1.445614650806E+02,  0.4321
      1187,       513,  1.445582142196E+02,  0.4322
      1191,       514,  1.445019941793E+02,  0.4316
      1196,       515,  1.444988488003E+02,  0.4306
      1197,       516,  1.444582203549E+02,  0.4311
      1198,       517,  1.443219645929E+02,  0.4316
      1199,       518,  1.442542613791E+02,  0.4320
      1201,       519,  1.442526773481E+02,  0.4321
      1203,       520,  1.442517300450E+02,  0.4323
      1205,       521,  1.442424599048E+02,  0.4324
      1207,       522,  1.441449422660E+02,  0.4325
      1213,       523,  1.441442867454E+02,  0.4312
      1221,       524,  1.441214050317E+02,  0.4292
      1222,       525,  1.440159882856E+02,  0.4296
      1224,       526,  1.439665284635E+02,  0.4297
      1225,       527,  1.439518225258E+02,  0.4302
      1230,       528,  1.439451313561E+02,  0.4293
      1231,       529,  1.438538924657E+02,  0.4297
      1232,       530,  1.438102927325E+02,  0.4302
      1234,       531,  1.437820721871E+02,  0.4303
      1239,       532,  1.437443858300E+02,  0.4294
      1242,       533,  1.437272262945E+02,  0.4291
      1244,       534,  1.435601998804E+02,  0.4293
      1245,       535,  1.435092236151E+02,  0.4297
      1246,       536,  1.434428602827E+02,  0.4302
      1249,       537,  1.434313655880E+02,  0.4299
      1253,       538,  1.434303486052E+02,  0.4294
      1254,       539,  1.434261533616E+02,  0.4298
      1255,       540,  1.434151097536E+02,  0.4303
      1256,       541,  1.433962176736E+02,  0.4307
      1257,       542,  1.433678724031E+02,  0.4312
      1261,       543,  1.433224955138E+02,  0.4306
      1262,       544,  1.433154180438E+02,  0.4311
      1263,       545,  1.432711002648E+02,  0.4315
      1264,       546,  1.432632509228E+02,  0.4320
      1265,       547,  1.432414996819E+02,  0.4324
      1267,       548,  1.431924570738E+02,  0.4325
      1270,       549,  1.431349522082E+02,  0.4323
      1272,       550,  1.431211325394E+02,  0.4324
      1275,       551,  1.430602059604E+02,  0.4322
      1277,       552,  1.430240455959E+02,  0.4323
      1279,       553,  1.430132291299E+02,  0.4324
      1280,       554,  1.429222811770E+02,  0.4328
      1284,       555,  1.429140669802E+02,  0.4322
      1285,       556,  1.428637401671E+02,  0.4327
      1288,       557,  1.428503344961E+02,  0.4325
      1290,       558,  1.427982949607E+02,  0.4326
      1292,       559,  1.427724551141E+02,  0.4327
      1294,       560,  1.427182799412E+02,  0.4328
      1299,       561,  1.427173156770E+02,  0.4319
      1303,       562,  1.426686042401E+02,  0.4313
      1305,       563,  1.426685326041E+02,  0.4314
      1306,       564,  1.426597914728E+02,  0.4319
      1310,       565,  1.426431216685E+02,  0.4313
      1312,       566,  1.426327205161E+02,  0.4314
      1314,       567,  1.426279368890E+02,  0.4315
      1318,       568,  1.426159639761E+02,  0.4310
      1319,       569,  1.425472148401E+02,  0.4314
      1321,       570,  1.425432346517E+02,  0.4315
      1322,       571,  1.425327453424E+02,  0.4319
      1325,       572,  1.424917164490E+02,  0.4317
      1329,       573,  1.424885904506E+02,  0.4312
      1330,       574,  1.424661242573E+02,  0.4316
      1333,       575,  1.423872429420E+02,  0.4314
      1336,       576,  1.423836090107E+02,  0.4311
      1337,       577,  1.422778705389E+02,  0.4316
      1338,       578,  1.422778105999E+02,  0.4320
      1339,       579,  1.422576962310E+02,  0.4324
      1343,       580,  1.422239274489E+02,  0.4319
      1344,       581,  1.422143695682E+02,  0.4323
      1345,       582,  1.422108231659E+02,  0.4327
      1346,       583,  1.421987119366E+02,  0.4331
      1358,       584,  1.421919387268E+02,  0.4300
      1362,       585,  1.421868066510E+02,  0.4295
      1363,       586,  1.421608855918E+02,  0.4299
      1364,       587,  1.421178031599E+02,  0.4304
      1369,       588,  1.421098966451E+02,  0.4295
      1372,       589,  1.421077469898E+02,  0.4293
      1373,       590,  1.420490205481E+02,  0.4297
      1376,       591,  1.419488672175E+02,  0.4295
      1378,       592,  1.418874518867E+02,  0.4296
      1380,       593,  1.418869135714E+02,  0.4297
      1382,       594,  1.418672186706E+02,  0.4298
      1385,       595,  1.417401123471E+02,  0.4296
      1387,       596,  1.417061877385E+02,  0.4297
      1388,       597,  1.417033308993E+02,  0.4301
      1390,       598,  1.416946032845E+02,  0.4302
      1394,       599,  1.416688426383E+02,  0.4297
      1395,       600,  1.415718744424E+02,  0.4301
      1397,       601,  1.415540464741E+02,  0.4302
      1399,       602,  1.415140894472E+02,  0.4303
      1401,       603,  1.414849332113E+02,  0.4304
      1403,       604,  1.414643654380E+02,  0.4305
      1407,       605,  1.414120020415E+02,  0.4300
      1409,       606,  1.413823404270E+02,  0.4301
      1411,       607,  1.412997191136E+02,  0.4302
      1414,       608,  1.412909145210E+02,  0.4300
      1417,       609,  1.412699013829E+02,  0.4298
      1419,       610,  1.412225085990E+02,  0.4299
      1420,       611,  1.412193204088E+02,  0.4303
      1421,       612,  1.411662874385E+02,  0.4307
      1423,       613,  1.411644525141E+02,  0.4308
      1427,       614,  1.411598000771E+02,  0.4303
      1428,       615,  1.411539076376E+02,  0.4307
      1429,       616,  1.411215048042E+02,  0.4311
      1431,       617,  1.411200972767E+02,  0.4312
      1442,       618,  1.411186402360E+02,  0.4286
      1446,       619,  1.410688181173E+02,  0.4281
      1463,       620,  1.410561658987E+02,  0.4238
      1466,       621,  1.410393714908E+02,  0.4236
      1467,       622,  1.410111978815E+02,  0.4240
      1468,       623,  1.409828145505E+02,  0.4244
      1469,       624,  1.409106698192E+02,  0.4248
      1481,       625,  1.408976945323E+02,  0.4220
      1482,       626,  1.408486325779E+02,  0.4224
      1483,       627,  1.408356585999E+02,  0.4228
      1484,       628,  1.408100381910E+02,  0.4232
      1485,       629,  1.407935935972E+02,  0.4236
      1486,       630,  1.407894525061E+02,  0.4240
      1489,       631,  1.406671394378E+02,  0.4238
      1492,       632,  1.406536016683E+02,  0.4236
      1493,       633,  1.406159261411E+02,  0.4240
      1497,       634,  1.406000361565E+02,  0.4235
      1503,       635,  1.405885235668E+02,  0.4225
      1505,       636,  1.404738898621E+02,  0.4226
      1508,       637,  1.404333834426E+02,  0.4224
      1514,       638,  1.403958891280E+02,  0.4214
      1515,       639,  1.403887517378E+02,  0.4218
      1516,       640,  1.403724389080E+02,  0.4222
      1518,       641,  1.403668842904E+02,  0.4223
      1521,       642,  1.403544237056E+02,  0.4221
      1522,       643,  1.403239272204E+02,  0.4225
      1527,       644,  1.403197015073E+02,  0.4217
      1528,       645,  1.403082507522E+02,  0.4221
      1529,       646,  1.403026662168E+02,  0.4225
      1534,       647,  1.403013716095E+02,  0.4218
      1538,       648,  1.402791185121E+02,  0.4213
      1540,       649,  1.402751152476E+02,  0.4214
      1541,       650,  1.402723798023E+02,  0.4218
      1551,       651,  1.402082303399E+02,  0.4197
      1563,       652,  1.402035317760E+02,  0.4171
      1566,       653,  1.401940306252E+02,  0.4170
      1569,       654,  1.401552834916E+02,  0.4168
      1572,       655,  1.401441241000E+02,  0.4167
      1576,       656,  1.401223986048E+02,  0.4162
      1577,       657,  1.401062877513E+02,  0.4166
      1581,       658,  1.401009490014E+02,  0.4162
      1587,       659,  1.400673551605E+02,  0.4152
      1594,       660,  1.400099991824E+02,  0.4141
      1598,       661,  1.400045053871E+02,  0.4136
      1600,       662,  1.400023644266E+02,  0.4138
      1601,       663,  1.400015648293E+02,  0.4141
      1606,       664,  1.399928495614E+02,  0.4134
      1608,       665,  1.399916171445E+02,  0.4136
      1610,       666,  1.399879638940E+02,  0.4137
      1612,       667,  1.399503642669E+02,  0.4138
      1619,       668,  1.399284081945E+02,  0.4126
      1622,       669,  1.399043720379E+02,  0.4125
      1624,       670,  1.398987123978E+02,  0.4126
      1628,       671,  1.398981459799E+02,  0.4122
      1629,       672,  1.398481241427E+02,  0.4125
      1631,       673,  1.397996816061E+02,  0.4126
      1633,       674,  1.397708296065E+02,  0.4127
      1648,       675,  1.397546676242E+02,  0.4096
      1650,       676,  1.397486355311E+02,  0.4097
      1653,       677,  1.397454787854E+02,  0.4096
      1654,       678,  1.397353929514E+02,  0.4099
      1656,       679,  1.397236037016E+02,  0.4100
      1659,       680,  1.396758772628E+02,  0.4099
      1660,       681,  1.396556561224E+02,  0.4102
      1662,       682,  1.396419635953E+02,  0.4103
      1665,       683,  1.396385435692E+02,  0.4102
      1670,       684,  1.396295174609E+02,  0.4096
      1672,       685,  1.396206917034E+02,  0.4097
      1673,       686,  1.396150451606E+02,  0.4100
      1679,       687,  1.395630686407E+02,  0.4092
      1680,       688,  1.395524495345E+02,  0.4095
      1681,       689,  1.395177254135E+02,  0.4099
      1682,       690,  1.394625288852E+02,  0.4102
      1683,       691,  1.394022237001E+02,  0.4106
      1685,       692,  1.393405352071E+02,  0.4107
      1686,       693,  1.393300902606E+02,  0.4110
      1687,       694,  1.393298980167E+02,  0.4114
      1688,       695,  1.393273774495E+02,  0.4117
      1689,       696,  1.392694691528E+02,  0.4121
      1696,       697,  1.392400137652E+02,  0.4110
      1697,       698,  1.391121326854E+02,  0.4113
      1699,       699,  1.390723107028E+02,  0.4114
      1702,       700,  1.390699202333E+02,  0.4113
      1704,       701,  1.390659973044E+02,  0.4114
      1707,       702,  1.390388071064E+02,  0.4112
      1710,       703,  1.390385716699E+02,  0.4111
      1713,       704,  1.390224791845E+02,  0.4110
      1719,       705,  1.389951461357E+02,  0.4101
      1722,       706,  1.389384198102E+02,  0.4100
      1723,       707,  1.389358093837E+02,  0.4103
      1725,       708,  1.389003318216E+02,  0.4104
      1726,       709,  1.387987891242E+02,  0.4108
      1727,       710,  1.387948766656E+02,  0.4111
      1729,       711,  1.387647296975E+02,  0.4112
      1730,       712,  1.386970113015E+02,  0.4116
      1731,       713,  1.386872917750E+02,  0.4119
      1733,       714,  1.386314089574E+02,  0.4120
      1738,       715,  1.386279762782E+02,  0.4114
      1740,       716,  1.386214706050E+02,  0.4115
      1743,       717,  1.386170841102E+02,  0.4114
      1745,       718,  1.386109258095E+02,  0.4115
      1747,       719,  1.386039516056E+02,  0.4116
      1751,       720,  1.385339724484E+02,  0.4112
      1754,       721,  1.385151489243E+02,  0.4111
      1755,       722,  1.384745281467E+02,  0.4114
      1759,       723,  1.384687593463E+02,  0.4110
      1761,       724,  1.384575679206E+02,  0.4111
      1764,       725,  1.384312360447E+02,  0.4110
      1768,       726,  1.383973617898E+02,  0.4106
      1769,       727,  1.383810539329E+02,  0.4110
      1774,       728,  1.383779183057E+02,  0.4104
      1775,       729,  1.382380898493E+02,  0.4107
      1778,       730,  1.381959117364E+02,  0.4106
      1781,       731,  1.381577739273E+02,  0.4104
      1782,       732,  1.381226527088E+02,  0.4108
      1796,       733,  1.380734736038E+02,  0.4081
      1797,       734,  1.380069735649E+02,  0.4085
      1798,       735,  1.380011907954E+02,  0.4088
      1801,       736,  1.379964919393E+02,  0.4087
      1804,       737,  1.379851789555E+02,  0.4085
      1806,       738,  1.379828344644E+02,  0.4086
      1810,       739,  1.379767287399E+02,  0.4083
      1811,       740,  1.379724827994E+02,  0.4086
      1813,       741,  1.379049749865E+02,  0.4087
      1814,       742,  1.378950891659E+02,  0.4090
      1815,       743,  1.378845826183E+02,  0.4094
      1818,       744,  1.378273307746E+02,  0.4092
      1821,       745,  1.378217520856E+02,  0.4091
      1828,       746,  1.378180218710E+02,  0.4081
      1833,       747,  1.378142058539E+02,  0.4075
      1837,       748,  1.377989197132E+02,  0.4072
      1838,       749,  1.377979699301E+02,  0.4075
      1839,       750,  1.377968925976E+02,  0.4078
      1841,       751,  1.377751650486E+02,  0.4079
      1844,       752,  1.377679952792E+02,  0.4078
      1846,       753,  1.377678785853E+02,  0.4079
      1847,       754,  1.377609682589E+02,  0.4082
      1849,       755,  1.377565717543E+02,  0.4083
      1852,       756,  1.377131879478E+02,  0.4082
      1854,       757,  1.376650890399E+02,  0.4083
      1855,       758,  1.376484596687E+02,  0.4086
      1857,       759,  1.375899285688E+02,  0.4087
      1858,       760,  1.375895076641E+02,  0.4090
      1866,       761,  1.375618759510E+02,  0.4078
      1868,       762,  1.375611054810E+02,  0.4079
      1869,       763,  1.375404436738E+02,  0.4082
      1870,       764,  1.374600418307E+02,  0.4086
      1871,       765,  1.374353601503E+02,  0.4089
      1873,       766,  1.374303311051E+02,  0.4090
      1874,       767,  1.374273194024E+02,  0.4093
      1879,       768,  1.374215763457E+02,  0.4087
      1883,       769,  1.374208900867E+02,  0.4084
      1893,       770,  1.373580705237E+02,  0.4068
      1896,       771,  1.373462345165E+02,  0.4066
      1902,       772,  1.373405600227E+02,  0.4059
      1904,       773,  1.373366432851E+02,  0.4060
      1912,       774,  1.373007916726E+02,  0.4048
      1914,       775,  1.372715675856E+02,  0.4049
      1916,       776,  1.372398443567E+02,  0.4050
      1926,       777,  1.372307239749E+02,  0.4034
      1928,       778,  1.372295361525E+02,  0.4035
      1929,       779,  1.372196306488E+02,  0.4038
      1932,       780,  1.372066160194E+02,  0.4037
      1934,       781,  1.371802371946E+02,  0.4038
      1939,       782,  1.371581540219E+02,  0.4033
      1941,       783,  1.371525539049E+02,  0.4034
      1945,       784,  1.371474756331E+02,  0.4031
      1949,       785,  1.371417235403E+02,  0.4028
      1950,       786,  1.371395174014E+02,  0.4031
      1954,       787,  1.370752848388E+02,  0.4028
      1955,       788,  1.369923883386E+02,  0.4031
      1963,       789,  1.369916836475E+02,  0.4019
      1964,       790,  1.369692918169E+02,  0.4022
      1965,       791,  1.369645104995E+02,  0.4025
      1967,       792,  1.369503699045E+02,  0.4026
      1968,       793,  1.369430997718E+02,  0.4029
      1969,       794,  1.368342860743E+02,  0.4033
      1972,       795,  1.368286714488E+02,  0.4031
      1973,       796,  1.368195464193E+02,  0.4034
      1974,       797,  1.367621117251E+02,  0.4037
      1977,       798,  1.367617984536E+02,  0.4036
      1980,       799,  1.367601819009E+02,  0.4035
      1984,       800,  1.367433519895E+02,  0.4032
      1989,       801,  1.367339498328E+02,  0.4027
      1993,       802,  1.367335021817E+02,  0.4024
      1995,       803,  1.366886639348E+02,  0.4025
      1996,       804,  1.366813920361E+02,  0.4028
      2003,       805,  1.366792132401E+02,  0.4019
      2016,       806,  1.366704824313E+02,  0.3998
      2020,       807,  1.366415108486E+02,  0.3995
      2022,       808,  1.366389996905E+02,  0.3996
      2025,       809,  1.366366303337E+02,  0.3995
      2026,       810,  1.366335222344E+02,  0.3998
      2030,       811,  1.366314394528E+02,  0.3995
      2031,       812,  1.365587272199E+02,  0.3998
      2033,       813,  1.365413627482E+02,  0.3999
      2040,       814,  1.365406667022E+02,  0.3990
      2043,       815,  1.365400435905E+02,  0.3989
      2049,       816,  1.365353870744E+02,  0.3982
      2051,       817,  1.364677696789E+02,  0.3983
      2055,       818,  1.364652924054E+02,  0.3981
      2065,       819,  1.364609672862E+02,  0.3966
      2066,       820,  1.364566083676E+02,  0.3969
      2069,       821,  1.364542067304E+02,  0.3968
      2070,       822,  1.364355346168E+02,  0.3971
      2077,       823,  1.363319549018E+02,  0.3962
      2078,       824,  1.362634963149E+02,  0.3965
      2080,       825,  1.362583024752E+02,  0.3966
      2085,       826,  1.362322123101E+02,  0.3962
      2086,       827,  1.361926587586E+02,  0.3965
      2089,       828,  1.361857163466E+02,  0.3964
      2092,       829,  1.361824513151E+02,  0.3963
      2095,       830,  1.361816505475E+02,  0.3962
      2096,       831,  1.361806667425E+02,  0.3965
      2097,       832,  1.361634361561E+02,  0.3968
      2098,       833,  1.361489638090E+02,  0.3970
      2101,       834,  1.361460781456E+02,  0.3970
      2109,       835,  1.361454822037E+02,  0.3959
      2114,       836,  1.361430761937E+02,  0.3955
      2130,       837,  1.361263423160E+02,  0.3930
      2133,       838,  1.361263365699E+02,  0.3929
      2134,       839,  1.361250824200E+02,  0.3932
      2147,       840,  1.361138699278E+02,  0.3912
      2149,       841,  1.360535481341E+02,  0.3913
      2150,       842,  1.359654242736E+02,  0.3916
      2152,       843,  1.359249960902E+02,  0.3917
      2153,       844,  1.359196646062E+02,  0.3920
      2156,       845,  1.358962939754E+02,  0.3919
      2157,       846,  1.358450317409E+02,  0.3922
      2162,       847,  1.358348565836E+02,  0.3918
      2174,       848,  1.358348152279E+02,  0.3901
      2178,       849,  1.358273977595E+02,  0.3898
      2183,       850,  1.358187834550E+02,  0.3894
      2185,       851,  1.358069683028E+02,  0.3895
      2187,       852,  1.358040359013E+02,  0.3896
      2188,       853,  1.357314763254E+02,  0.3899
      2191,       854,  1.357133018554E+02,  0.3898
      2195,       855,  1.356892145718E+02,  0.3895
      2198,       856,  1.356868076728E+02,  0.3894
      2199,       857,  1.356864316607E+02,  0.3897
      2203,       858,  1.356811238145E+02,  0.3895
      2209,       859,  1.356590686207E+02,  0.3889
      2210,       860,  1.356390537516E+02,  0.3891
      2213,       861,  1.356298689412E+02,  0.3891
      2215,       862,  1.356157460048E+02,  0.3892
      2218,       863,  1.356122496064E+02,  0.3891
      2219,       864,  1.356063891360E+02,  0.3894
      2222,       865,  1.356063088048E+02,  0.3893
      2225,       866,  1.355951978878E+02,  0.3892
      2229,       867,  1.355919500216E+02,  0.3890
      2232,       868,  1.355249969484E+02,  0.3889
      2233,       869,  1.355013543292E+02,  0.3892
      2237,       870,  1.354866189013E+02,  0.3889
      2251,       871,  1.354312627297E+02,  0.3869
      2256,       872,  1.354290768432E+02,  0.3865
      2263,       873,  1.354142432373E+02,  0.3858
      2265,       874,  1.353417475008E+02,  0.3859
      2266,       875,  1.353309133686E+02,  0.3861
      2269,       876,  1.353267072658E+02,  0.3861
      2270,       877,  1.353264780028E+02,  0.3863
      2277,       878,  1.353156520678E+02,  0.3856
      2280,       879,  1.353104801785E+02,  0.3855
      2292,       880,  1.352903877385E+02,  0.3839
      2293,       881,  1.352859827419E+02,  0.3842
      2301,       882,  1.352524207441E+02,  0.3833
      2303,       883,  1.352420607065E+02,  0.3834
      2305,       884,  1.352246186062E+02,  0.3835
      2306,       885,  1.352243012078E+02,  0.3838
      2307,       886,  1.351442978774E+02,  0.3840
      2311,       887,  1.351440469006E+02,  0.3838
      2313,       888,  1.351197768755E+02,  0.3839
      2320,       889,  1.350932808123E+02,  0.3832
      2322,       890,  1.350750855763E+02,  0.3833
      2327,       891,  1.350698119224E+02,  0.3829
      2331,       892,  1.350675707646E+02,  0.3827
      2334,       893,  1.350268875196E+02,  0.3826
      2338,       894,  1.350240675682E+02,  0.3824
      2345,       895,  1.350222464827E+02,  0.3817
      2346,       896,  1.349602751357E+02,  0.3819
      2347,       897,  1.349596982591E+02,  0.3822
      2352,       898,  1.349303995148E+02,  0.3818
      2355,       899,  1.349247655445E+02,  0.3817
      2366,       900,  1.349230980234E+02,  0.3804
      2372,       901,  1.349230765543E+02,  0.3798
      2377,       902,  1.349098809428E+02,  0.3795
      2378,       903,  1.348968669351E+02,  0.3797
      2379,       904,  1.348877851528E+02,  0.3800
      2386,       905,  1.348660525743E+02,  0.3793
      2389,       906,  1.348578806162E+02,  0.3792
      2391,       907,  1.348572901347E+02,  0.3793
      2400,       908,  1.348273041779E+02,  0.3783
      2405,       909,  1.348163269656E+02,  0.3780
      2408,       910,  1.348162647532E+02,  0.3779
      2420,       911,  1.348156178072E+02,  0.3764
      2421,       912,  1.347669333895E+02,  0.3767
      2422,       913,  1.347636032295E+02,  0.3770
      2424,       914,  1.347574326931E+02,  0.3771
      2432,       915,  1.347569848699E+02,  0.3762
      2438,       916,  1.347382888285E+02,  0.3757
      2442,       917,  1.347230853717E+02,  0.3755
      2446,       918,  1.347222782776E+02,  0.3753
      2449,       919,  1.346993228530E+02,  0.3753
      2451,       920,  1.346992135459E+02,  0.3754
      2453,       921,  1.346968194793E+02,  0.3755
      2457,       922,  1.346682349434E+02,  0.3753
      2458,       923,  1.346286574225E+02,  0.3755
      2460,       924,  1.346267583160E+02,  0.3756
      2461,       925,  1.346054435682E+02,  0.3759
      2462,       926,  1.346010734339E+02,  0.3761
      2465,       927,  1.345858845910E+02,  0.3761
      2472,       928,  1.345840954839E+02,  0.3754
      2481,       929,  1.345600427175E+02,  0.3744
      2482,       930,  1.345589868392E+02,  0.3747
      2486,       931,  1.345584479665E+02,  0.3745
      2489,       932,  1.345578715690E+02,  0.3744
      2504,       933,  1.345437767064E+02,  0.3726
      2505,       934,  1.345280116582E+02,  0.3729
      2508,       935,  1.345114465956E+02,  0.3728
      2516,       936,  1.344768711541E+02,  0.3720
      2522,       937,  1.344698201206E+02,  0.3715
      2527,       938,  1.344252486853E+02,  0.3712
      2549,       939,  1.343558001913E+02,  0.3684
      2559,       940,  1.343474921265E+02,  0.3673
      2560,       941,  1.343462356751E+02,  0.3676
      2561,       942,  1.342855860947E+02,  0.3678
      2567,       943,  1.342852734041E+02,  0.3674
      2570,       944,  1.342839888912E+02,  0.3673
      2580,       945,  1.342836539259E+02,  0.3663
      2592,       946,  1.342232614585E+02,  0.3650
      2595,       947,  1.342225694230E+02,  0.3649
      2599,       948,  1.341718129896E+02,  0.3648
      2604,       949,  1.341703641339E+02,  0.3644
      2609,       950,  1.341696488401E+02,  0.3641
      2614,       951,  1.341651305786E+02,  0.3638
      2615,       952,  1.340917333813E+02,  0.3641
      2616,       953,  1.340894987414E+02,  0.3643
      2618,       954,  1.340890253296E+02,  0.3644
      2621,       955,  1.340200732670E+02,  0.3644
      2628,       956,  1.340141678860E+02,  0.3638
      2629,       957,  1.340022077292E+02,  0.3640
      2635,       958,  1.339473944582E+02,  0.3636
      2638,       959,  1.339357010948E+02,  0.3635
      2639,       960,  1.339188970915E+02,  0.3638
      2644,       961,  1.338708902356E+02,  0.3635
      2650,       962,  1.338612645622E+02,  0.3630
      2651,       963,  1.337990976276E+02,  0.3633
      2656,       964,  1.337961685781E+02,  0.3630
      2657,       965,  1.337953305774E+02,  0.3632
      2665,       966,  1.337931801281E+02,  0.3625
      2678,       967,  1.337782823413E+02,  0.3611
      2686,       968,  1.337781509304E+02,  0.3604
      2696,       969,  1.337755707967E+02,  0.3594
      2697,       970,  1.337325271792E+02,  0.3597
      2706,       971,  1.337297259851E+02,  0.3588
      2708,       972,  1.337248521971E+02,  0.3589
      2711,       973,  1.336521993702E+02,  0.3589
      2713,       974,  1.336441013837E+02,  0.3590
      2719,       975,  1.336356517860E+02,  0.3586
      2725,       976,  1.336344952269E+02,  0.3582
      2727,       977,  1.336304591338E+02,  0.3583
      2730,       978,  1.335619578669E+02,  0.3582
      2733,       979,  1.335592274334E+02,  0.3582
      2734,       980,  1.335485806451E+02,  0.3584
      2737,       981,  1.335419963317E+02,  0.3584
      2738,       982,  1.334935306741E+02,  0.3587
      2749,       983,  1.334933747414E+02,  0.3576
      2760,       984,  1.334772271622E+02,  0.3565
      2764,       985,  1.334452993308E+02,  0.3564
      2765,       986,  1.334281362971E+02,  0.3566
      2768,       987,  1.334265452573E+02,  0.3566
      2772,       988,  1.333590319112E+02,  0.3564
      2780,       989,  1.333526903935E+02,  0.3558
      2783,       990,  1.333454045180E+02,  0.3557
      2788,       991,  1.333306327418E+02,  0.3555
      2789,       992,  1.333071234441E+02,  0.3557
      2796,       993,  1.332953939992E+02,  0.3552
      2806,       994,  1.332932102333E+02,  0.3542
      2810,       995,  1.332897711404E+02,  0.3541
      2815,       996,  1.332870514455E+02,  0.3538
      2816,       997,  1.332859075655E+02,  0.3540
      2817,       998,  1.332549264717E+02,  0.3543
      2821,       999,  1.332364030336E+02,  0.3541
      2826,      1000,  1.332355236497E+02,  0.3539
      2827,      1001,  1.332193103043E+02,  0.3541
      2830,      1002,  1.332162651471E+02,  0.3541
      2834,      1003,  1.332142644853E+02,  0.3539
      2835,      1004,  1.331181203045E+02,  0.3541
      2837,      1005,  1.331157938951E+02,  0.3542
      2851,      1006,  1.331087910848E+02,  0.3529
      2856,      1007,  1.330963590292E+02,  0.3526
      2859,      1008,  1.330362168111E+02,  0.3526
      2863,      1009,  1.330196672788E+02,  0.3524
      2864,      1010,  1.329823647254E+02,  0.3527
      2868,      1011,  1.329777948618E+02,  0.3525
      2869,      1012,  1.329774943131E+02,  0.3527
      2883,      1013,  1.329575365384E+02,  0.3514
      2890,      1014,  1.329096732919E+02,  0.3509
      2895,      1015,  1.328943864678E+02,  0.3506
      2906,      1016,  1.328376691517E+02,  0.3496
      2909,      1017,  1.328057985999E+02,  0.3496
      2910,      1018,  1.328034797394E+02,  0.3498
      2923,      1019,  1.327632897197E+02,  0.3486
      2924,      1020,  1.327617510800E+02,  0.3488
      2925,      1021,  1.327016278641E+02,  0.3491
      2928,      1022,  1.326591214382E+02,  0.3490
      2930,      1023,  1.326541881557E+02,  0.3491
      2934,      1024,  1.326319468403E+02,  0.3490
      2935,      1025,  1.326200182754E+02,  0.3492
      2946,      1026,  1.325785201573E+02,  0.3483
      2948,      1027,  1.325738861870E+02,  0.3484
      2952,      1028,  1.325727481142E+02,  0.3482
      2955,      1029,  1.325710119087E+02,  0.3482
      2961,      1030,  1.325082765721E+02,  0.3479
      2967,      1031,  1.324547352129E+02,  0.3475
      2985,      1032,  1.324413926054E+02,  0.3457
      2990,      1033,  1.324402514113E+02,  0.3455
      2991,      1034,  1.324225849426E+02,  0.3457
      2995,      1035,  1.323875612073E+02,  0.3456
      2996,      1036,  1.323783900142E+02,  0.3458
      2997,      1037,  1.323771781188E+02,  0.3460
      3003,      1038,  1.322805806552E+02,  0.3457
      3015,      1039,  1.322800723138E+02,  0.3446
      3022,      1040,  1.322779690171E+02,  0.3441
      3025,      1041,  1.322562848339E+02,  0.3441
      3035,      1042,  1.322209985581E+02,  0.3433
      3036,      1043,  1.322161248931E+02,  0.3435
      3039,      1044,  1.322120223532E+02,  0.3435
      3041,      1045,  1.322115637328E+02,  0.3436
      3045,      1046,  1.321655686002E+02,  0.3435
      3047,      1047,  1.321650532368E+02,  0.3436
      3049,      1048,  1.321566991705E+02,  0.3437
      3057,      1049,  1.321341973652E+02,  0.3431
      3058,      1050,  1.321328622545E+02,  0.3434
      3063,      1051,  1.321317343354E+02,  0.3431
      3068,      1052,  1.320870383020E+02,  0.3429
      3073,      1053,  1.320813770734E+02,  0.3427
      3075,      1054,  1.320807383692E+02,  0.3428
      3079,      1055,  1.320145794563E+02,  0.3426
      3086,      1056,  1.320047116223E+02,  0.3422
      3087,      1057,  1.320045494651E+02,  0.3424
      3090,      1058,  1.318905036687E+02,  0.3424
      3095,      1059,  1.318889497394E+02,  0.3422
      3100,      1060,  1.318536459389E+02,  0.3419
      3105,      1061,  1.318527536388E+02,  0.3417
      3106,      1062,  1.317986764578E+02,  0.3419
      3111,      1063,  1.317711910916E+02,  0.3417
      3117,      1064,  1.317698878619E+02,  0.3414
      3118,      1065,  1.317580898035E+02,  0.3416
      3122,      1066,  1.317569247075E+02,  0.3414
      3124,      1067,  1.317192970358E+02,  0.3415
      3125,      1068,  1.316930195403E+02,  0.3418
      3126,      1069,  1.316928922595E+02,  0.3420
      3128,      1070,  1.316860883968E+02,  0.3421
      3129,      1071,  1.316687569658E+02,  0.3423
      3132,      1072,  1.316562699915E+02,  0.3423
      3133,      1073,  1.316555933032E+02,  0.3425
      3140,      1074,  1.316501788947E+02,  0.3420
      3144,      1075,  1.316439358433E+02,  0.3419
      3151,      1076,  1.315843128608E+02,  0.3415
      3153,      1077,  1.315626445569E+02,  0.3416
      3164,      1078,  1.315624482655E+02,  0.3407
      3165,      1079,  1.315477741448E+02,  0.3409
      3167,      1080,  1.315449857210E+02,  0.3410
      3168,      1081,  1.315384780919E+02,  0.3412
      3173,      1082,  1.315369161673E+02,  0.3410
      3175,      1083,  1.315345712346E+02,  0.3411
      3182,      1084,  1.315306413197E+02,  0.3407
      3183,      1085,  1.315243010769E+02,  0.3409
      3189,      1086,  1.315214153319E+02,  0.3405
      3191,      1087,  1.315159483962E+02,  0.3406
      3194,      1088,  1.315153875630E+02,  0.3406
      3198,      1089,  1.315152150847E+02,  0.3405
      3205,      1090,  1.315049878245E+02,  0.3401
      3210,      1091,  1.315023250294E+02,  0.3399
      3225,      1092,  1.314990161683E+02,  0.3386
      3233,      1093,  1.314937129306E+02,  0.3381
      3238,      1094,  1.314925814033E+02,  0.3379
      3253,      1095,  1.314916917878E+02,  0.3366
      3260,      1096,  1.314743733306E+02,  0.3362
      3261,      1097,  1.314722420393E+02,  0.3364
      3265,      1098,  1.314555743955E+02,  0.3363
      3268,      1099,  1.314554246804E+02,  0.3363
      3270,      1100,  1.314503247688E+02,  0.3364
      3287,      1101,  1.314486540425E+02,  0.3350
      3288,      1102,  1.314461386781E+02,  0.3352
      3294,      1103,  1.314370421003E+02,  0.3349
      3297,      1104,  1.314367765947E+02,  0.3348
      3298,      1105,  1.314333558896E+02,  0.3351
      3309,      1106,  1.314331399395E+02,  0.3342
      3310,      1107,  1.314296968463E+02,  0.3344
      3311,      1108,  1.314280101653E+02,  0.3346
      3326,      1109,  1.314275351990E+02,  0.3334
      3332,      1110,  1.314273087096E+02,  0.3331
      3343,      1111,  1.313924963949E+02,  0.3323
      3357,      1112,  1.313901528282E+02,  0.3312
      3361,      1113,  1.313848686914E+02,  0.3312
      3365,      1114,  1.313819758311E+02,  0.3311
      3370,      1115,  1.313283512161E+02,  0.3309
      3374,      1116,  1.313232747639E+02,  0.3308
      3376,      1117,  1.312605194892E+02,  0.3309
      3378,      1118,  1.312553914177E+02,  0.3310
      3379,      1119,  1.312245350822E+02,  0.3312
      3381,      1120,  1.312155074923E+02,  0.3313
      3386,      1121,  1.312133042764E+02,  0.3311
      3390,      1122,  1.311908633883E+02,  0.3310
      3400,      1123,  1.311889534486E+02,  0.3303
      3401,      1124,  1.311850825210E+02,  0.3305
      3402,      1125,  1.311746209930E+02,  0.3307
      3407,      1126,  1.311614100701E+02,  0.3305
      3417,      1127,  1.311597900946E+02,  0.3298
      3421,      1128,  1.311533170900E+02,  0.3297
      3422,      1129,  1.311476883349E+02,  0.3299
      3424,      1130,  1.311470655097E+02,  0.3300
      3435,      1131,  1.311454992520E+02,  0.3293
      3436,      1132,  1.311443232137E+02,  0.3295
      3437,      1133,  1.311433579096E+02,  0.3296
      3438,      1134,  1.311415162835E+02,  0.3298
      3445,      1135,  1.311361602257E+02,  0.3295
      3454,      1136,  1.311248668170E+02,  0.3289
      3456,      1137,  1.311209197261E+02,  0.3290
      3469,      1138,  1.311165175314E+02,  0.3280
      3471,      1139,  1.311063372281E+02,  0.3281
      3481,      1140,  1.311040658038E+02,  0.3275
      3488,      1141,  1.311019698716E+02,  0.3271
      3498,      1142,  1.310206523884E+02,  0.3265
      3499,      1143,  1.310200584482E+02,  0.3267
      3502,      1144,  1.309925752501E+02,  0.3267
      3503,      1145,  1.309761461557E+02,  0.3269
      3504,      1146,  1.309484323319E+02,  0.3271
      3510,      1147,  1.309459647184E+02,  0.3268
      3512,      1148,  1.309367925399E+02,  0.3269
      3513,      1149,  1.309358459820E+02,  0.3271
      3521,      1150,  1.308749425948E+02,  0.3266
      3522,      1151,  1.308729729214E+02,  0.3268
      3523,      1152,  1.308626092992E+02,  0.3270
      3525,      1153,  1.308612168117E+02,  0.3271
      3526,      1154,  1.308525685343E+02,  0.3273
      3541,      1155,  1.308483571013E+02,  0.3262
      3544,      1156,  1.308478282312E+02,  0.3262
      3547,      1157,  1.308472893801E+02,  0.3262
      3548,      1158,  1.308248775008E+02,  0.3264
      3549,      1159,  1.308214136491E+02,  0.3266
      3550,      1160,  1.308202806386E+02,  0.3268
      3551,      1161,  1.308190904758E+02,  0.3270
      3562,      1162,  1.308188410100E+02,  0.3262
      3567,      1163,  1.308173417613E+02,  0.3260
      3568,      1164,  1.308157856277E+02,  0.3262
      3572,      1165,  1.308013032503E+02,  0.3261
      3583,      1166,  1.307874336042E+02,  0.3254
      3590,      1167,  1.307852514748E+02,  0.3251
      3591,      1168,  1.307841002124E+02,  0.3253
      3594,      1169,  1.307798607447E+02,  0.3253
      3598,      1170,  1.307778121599E+02,  0.3252
      3599,      1171,  1.307769139614E+02,  0.3254
      3606,      1172,  1.307743377720E+02,  0.3250
      3609,      1173,  1.307723463378E+02,  0.3250
      3616,      1174,  1.307719127905E+02,  0.3247
      3620,      1175,  1.307188583201E+02,  0.3246
      3621,      1176,  1.307184730750E+02,  0.3248
      3622,      1177,  1.307044895450E+02,  0.3250
      3627,      1178,  1.307035425716E+02,  0.3248
      3631,      1179,  1.306924561457E+02,  0.3247
      3635,      1180,  1.306891983138E+02,  0.3246
      3640,      1181,  1.306096865673E+02,  0.3245
      3641,      1182,  1.305896928268E+02,  0.3246
      3645,      1183,  1.305708032041E+02,  0.3246
      3654,      1184,  1.305515950646E+02,  0.3240
      3655,      1185,  1.305515758869E+02,  0.3242
      3659,      1186,  1.305131986563E+02,  0.3241
      3662,      1187,  1.305120347719E+02,  0.3241
      3663,      1188,  1.305100517315E+02,  0.3243
      3669,      1189,  1.305073992121E+02,  0.3241
      3670,      1190,  1.305063165498E+02,  0.3243
      3676,      1191,  1.305058639169E+02,  0.3240
      3681,      1192,  1.304867143765E+02,  0.3238
      3688,      1193,  1.304849967509E+02,  0.3235
      3695,      1194,  1.304815836249E+02,  0.3231
      3696,      1195,  1.304780324402E+02,  0.3233
      3719,      1196,  1.304754410150E+02,  0.3216
      3731,      1197,  1.304754107555E+02,  0.3208
      3732,      1198,  1.304734844435E+02,  0.3210
      3733,      1199,  1.304673330958E+02,  0.3212
      3735,      1200,  1.304662117905E+02,  0.3213
      3738,      1201,  1.304216748348E+02,  0.3213
      3742,      1202,  1.304216488041E+02,  0.3212
      3743,      1203,  1.304214311751E+02,  0.3214
      3747,      1204,  1.304144420264E+02,  0.3213
      3748,      1205,  1.304016430008E+02,  0.3215
      3755,      1206,  1.303945922734E+02,  0.3212
      3758,      1207,  1.303931167489E+02,  0.3212
      3769,      1208,  1.303767009176E+02,  0.3205
      3781,      1209,  1.303762313000E+02,  0.3198
      3782,      1210,  1.303762070613E+02,  0.3199
      3785,      1211,  1.303755039336E+02,  0.3199
      3794,      1212,  1.303598127662E+02,  0.3195
      3801,      1213,  1.302605478457E+02,  0.3191
      3804,      1214,  1.302598417841E+02,  0.3191
      3809,      1215,  1.302584865290E+02,  0.3190
      3819,      1216,  1.302530831585E+02,  0.3184
      3825,      1217,  1.302516308644E+02,  0.3182
      3829,      1218,  1.302248326942E+02,  0.3181
      3839,      1219,  1.302193485423E+02,  0.3175
      3846,      1220,  1.302168337930E+02,  0.3172
      3847,      1221,  1.302159191577E+02,  0.3174
      3849,      1222,  1.301763428148E+02,  0.3175
      3855,      1223,  1.301691691132E+02,  0.3173
      3870,      1224,  1.301256682115E+02,  0.3163
      3877,      1225,  1.301255215677E+02,  0.3160
      3882,      1226,  1.301253911857E+02,  0.3158
      3883,      1227,  1.301247011768E+02,  0.3160
      3884,      1228,  1.301233101558E+02,  0.3162
      3890,      1229,  1.301203327596E+02,  0.3159
      3904,      1230,  1.301195200577E+02,  0.3151
      3905,      1231,  1.301194674360E+02,  0.3152
      3913,      1232,  1.301113904855E+02,  0.3148
      3919,      1233,  1.301094408592E+02,  0.3146
      3923,      1234,  1.301086528768E+02,  0.3146
      3938,      1235,  1.301061510413E+02,  0.3136
      3940,      1236,  1.301051516508E+02,  0.3137
      3944,      1237,  1.301038598115E+02,  0.3136
      3962,      1238,  1.301024638848E+02,  0.3125
      3963,      1239,  1.300987043871E+02,  0.3126
      3969,      1240,  1.300979989235E+02,  0.3124
      3974,      1241,  1.300974969063E+02,  0.3123
      3975,      1242,  1.300968779295E+02,  0.3125
      3976,      1243,  1.300967489706E+02,  0.3126
      3978,      1244,  1.300870107320E+02,  0.3127
      3979,      1245,  1.300750871204E+02,  0.3129
      3986,      1246,  1.300715329022E+02,  0.3126
      3991,      1247,  1.300673063592E+02,  0.3125
      3995,      1248,  1.300630422653E+02,  0.3124
      4002,      1249,  1.300624269186E+02,  0.3121
      4009,      1250,  1.299643027525E+02,  0.3118
      4012,      1251,  1.299642653101E+02,  0.3118
      4013,      1252,  1.299632536417E+02,  0.3120
      4016,      1253,  1.299398029244E+02,  0.3120
      4017,      1254,  1.299397576319E+02,  0.3122
      4030,      1255,  1.299381465914E+02,  0.3114
      4042,      1256,  1.299380481210E+02,  0.3107
      4045,      1257,  1.299263500783E+02,  0.3108
      4049,      1258,  1.299256173894E+02,  0.3107
      4050,      1259,  1.299222589890E+02,  0.3109
      4061,      1260,  1.299220839074E+02,  0.3103
      4071,      1261,  1.298869154007E+02,  0.3098
      4073,      1262,  1.298855010136E+02,  0.3098
      4074,      1263,  1.298852719257E+02,  0.3100
      4077,      1264,  1.298814340721E+02,  0.3100
      4084,      1265,  1.298120084334E+02,  0.3097
      4095,      1266,  1.298064780425E+02,  0.3092
      4109,      1267,  1.298060224881E+02,  0.3083
      4111,      1268,  1.297318442524E+02,  0.3084
      4118,      1269,  1.297314030502E+02,  0.3082
      4126,      1270,  1.297273249226E+02,  0.3078
      4132,      1271,  1.297101786641E+02,  0.3076
      4133,      1272,  1.297091505504E+02,  0.3078
      4137,      1273,  1.297047108417E+02,  0.3077
      4145,      1274,  1.297026106634E+02,  0.3074
      4158,      1275,  1.296780615157E+02,  0.3066
      4162,      1276,  1.296768285807E+02,  0.3066
      4163,      1277,  1.296751154535E+02,  0.3067
      4170,      1278,  1.296576009879E+02,  0.3065
      4171,      1279,  1.296511675221E+02,  0.3066
      4172,      1280,  1.296280066962E+02,  0.3068
      4181,      1281,  1.296277953043E+02,  0.3064
      4182,      1282,  1.296264478750E+02,  0.3066
      4192,      1283,  1.295759032178E+02,  0.3061
      4199,      1284,  1.295440167527E+02,  0.3058
      4201,      1285,  1.295021410842E+02,  0.3059
      4203,      1286,  1.294702257469E+02,  0.3060
      4206,      1287,  1.294166167935E+02,  0.3060
      4209,      1288,  1.294161953137E+02,  0.3060
      4213,      1289,  1.294120802311E+02,  0.3060
      4225,      1290,  1.294119039009E+02,  0.3053
      4228,      1291,  1.294116385097E+02,  0.3053
      4243,      1292,  1.294050564568E+02,  0.3045
      4253,      1293,  1.294034419733E+02,  0.3040
      4262,      1294,  1.294024200499E+02,  0.3036
      4266,      1295,  1.294016698153E+02,  0.3036
      4269,      1296,  1.293909022285E+02,  0.3036
      4275,      1297,  1.293893748466E+02,  0.3034
      4279,      1298,  1.293846960518E+02,  0.3033
      4286,      1299,  1.293839207352E+02,  0.3031
      4287,      1300,  1.293828918204E+02,  0.3032
      4295,      1301,  1.293488282782E+02,  0.3029
      4299,      1302,  1.293481279105E+02,  0.3029
      4312,      1303,  1.293427982401E+02,  0.3022
      4316,      1304,  1.293330587701E+02,  0.3021
      4347,      1305,  1.293315106484E+02,  0.3002
      4351,      1306,  1.293308545520E+02,  0.3002
      4352,      1307,  1.293301386252E+02,  0.3003
      4355,      1308,  1.293297241986E+02,  0.3003
      4359,      1309,  1.293284118782E+02,  0.3003
      4368,      1310,  1.293275565404E+02,  0.2999
      4370,      1311,  1.293255630352E+02,  0.3000
      4372,      1312,  1.292824748880E+02,  0.3001
      4377,      1313,  1.292634324599E+02,  0.3000
      4390,      1314,  1.292614235858E+02,  0.2993
      4395,      1315,  1.292611416925E+02,  0.2992
      4401,      1316,  1.292557675966E+02,  0.2990
      4402,      1317,  1.292555173751E+02,  0.2992
      4405,      1318,  1.292528063557E+02,  0.2992
      4414,      1319,  1.292513220953E+02,  0.2988
      4417,      1320,  1.292461301287E+02,  0.2988
      4426,      1321,  1.292220469329E+02,  0.2985
      4434,      1322,  1.292162393991E+02,  0.2982
      4439,      1323,  1.292137858712E+02,  0.2980
      4441,      1324,  1.291629281698E+02,  0.2981
      4456,      1325,  1.291463414918E+02,  0.2974
      4464,      1326,  1.291442802143E+02,  0.2970
      4465,      1327,  1.291406197068E+02,  0.2972
      4468,      1328,  1.291352596136E+02,  0.2972
      4469,      1329,  1.291253292515E+02,  0.2974
      4471,      1330,  1.291227548323E+02,  0.2975
      4473,      1331,  1.291223126692E+02,  0.2976
      4474,      1332,  1.290682378965E+02,  0.2977
      4475,      1333,  1.290141158093E+02,  0.2979
      4489,      1334,  1.290118803155E+02,  0.2972
      4493,      1335,  1.289465195248E+02,  0.2971
      4494,      1336,  1.289394419630E+02,  0.2973
      4496,      1337,  1.289259712783E+02,  0.2974
      4498,      1338,  1.289094585475E+02,  0.2975
      4506,      1339,  1.289025198797E+02,  0.2972
      4512,      1340,  1.288981766917E+02,  0.2970
      4513,      1341,  1.288981426786E+02,  0.2971
      4516,      1342,  1.288006258277E+02,  0.2972
      4518,      1343,  1.287537141584E+02,  0.2973
      4521,      1344,  1.287535121302E+02,  0.2973
      4527,      1345,  1.287534678370E+02,  0.2971
      4532,      1346,  1.287308859119E+02,  0.2970
      4549,      1347,  1.287270567120E+02,  0.2961
      4550,      1348,  1.287267002583E+02,  0.2963
      4580,      1349,  1.287150090694E+02,  0.2945
      4583,      1350,  1.287146290273E+02,  0.2946
      4597,      1351,  1.287127925216E+02,  0.2939
      4599,      1352,  1.287121217283E+02,  0.2940
      4603,      1353,  1.287112944199E+02,  0.2939
      4606,      1354,  1.286858620274E+02,  0.2940
      4614,      1355,  1.286844184645E+02,  0.2937
      4620,      1356,  1.286842499229E+02,  0.2935
      4625,      1357,  1.286839052172E+02,  0.2934
      4644,      1358,  1.286829580987E+02,  0.2924
      4649,      1359,  1.286327164789E+02,  0.2923
      4660,      1360,  1.286305875624E+02,  0.2918
      4673,      1361,  1.286255082712E+02,  0.2912
      4678,      1362,  1.286173140796E+02,  0.2912
      4683,      1363,  1.286164200604E+02,  0.2911
      4687,      1364,  1.286154525783E+02,  0.2910
      4718,      1365,  1.286142821951E+02,  0.2893
      4727,      1366,  1.286021673356E+02,  0.2890
      4728,      1367,  1.286009849928E+02,  0.2891
      4737,      1368,  1.285666287250E+02,  0.2888
      4743,      1369,  1.285472974923E+02,  0.2886
      4751,      1370,  1.285471137618E+02,  0.2884
      4766,      1371,  1.285467565722E+02,  0.2877
      4767,      1372,  1.285459384516E+02,  0.2878
      4775,      1373,  1.285364858670E+02,  0.2875
      4778,      1374,  1.285349198034E+02,  0.2876
      4783,      1375,  1.285345368637E+02,  0.2875
      4794,      1376,  1.285338085855E+02,  0.2870
      4821,      1377,  1.285304692784E+02,  0.2856
      4829,      1378,  1.285203264645E+02,  0.2854
      4838,      1379,  1.285201138389E+02,  0.2850
      4862,      1380,  1.284922923343E+02,  0.2838
      4886,      1381,  1.284906955132E+02,  0.2826
      4904,      1382,  1.284900102897E+02,  0.2818
      4905,      1383,  1.284777988576E+02,  0.2820
      4908,      1384,  1.284744922065E+02,  0.2820
      4909,      1385,  1.284719614551E+02,  0.2821
      4912,      1386,  1.284698736851E+02,  0.2822
      4915,      1387,  1.284692544952E+02,  0.2822
      4934,      1388,  1.284690986166E+02,  0.2813
      4948,      1389,  1.284689451264E+02,  0.2807
      4951,      1390,  1.284243488753E+02,  0.2808
      4962,      1391,  1.284096684705E+02,  0.2803
      4963,      1392,  1.283841142528E+02,  0.2805
      4967,      1393,  1.283838317090E+02,  0.2805
      4979,      1394,  1.283808432060E+02,  0.2800
      4984,      1395,  1.283693922851E+02,  0.2799
      4988,      1396,  1.283692507874E+02,  0.2799
      5001,      1397,  1.283689789152E+02,  0.2793
      5028,      1398,  1.283683983902E+02,  0.2780
      5030,      1399,  1.283660193144E+02,  0.2781
      5041,      1400,  1.283659004628E+02,  0.2777
      5042,      1401,  1.283571510767E+02,  0.2779
      5048,      1402,  1.283533343629E+02,  0.2777
      5072,      1403,  1.282841813082E+02,  0.2766
      5083,      1404,  1.282834392505E+02,  0.2762
      5089,      1405,  1.282825353429E+02,  0.2761
      5100,      1406,  1.282819847347E+02,  0.2757
      5104,      1407,  1.282469145249E+02,  0.2757
      5110,      1408,  1.282465803229E+02,  0.2755
      5115,      1409,  1.282147961020E+02,  0.2755
      5125,      1410,  1.280857716607E+02,  0.2751
      5133,      1411,  1.280856352295E+02,  0.2749
      5134,      1412,  1.280779612594E+02,  0.2750
      5140,      1413,  1.280763625510E+02,  0.2749
      5144,      1414,  1.280716063161E+02,  0.2749
      5146,      1415,  1.280706376117E+02,  0.2750
      5173,      1416,  1.280695951023E+02,  0.2737
      5176,      1417,  1.280603744001E+02,  0.2738
      5177,      1418,  1.280527241926E+02,  0.2739
      5181,      1419,  1.280519261743E+02,  0.2739
      5185,      1420,  1.280516011750E+02,  0.2739
      5201,      1421,  1.280494142320E+02,  0.2732
      5204,      1422,  1.280480048752E+02,  0.2733
      5206,      1423,  1.280475914917E+02,  0.2733
      5224,      1424,  1.280473382672E+02,  0.2726
      5226,      1425,  1.279869505941E+02,  0.2727
      5230,      1426,  1.279866815923E+02,  0.2727
      5236,      1427,  1.279859771739E+02,  0.2725
      5238,      1428,  1.279818428768E+02,  0.2726
      5240,      1429,  1.279750525568E+02,  0.2727
      5249,      1430,  1.279745096636E+02,  0.2724
      5252,      1431,  1.279384110064E+02,  0.2725
      5256,      1432,  1.278985350604E+02,  0.2725
      5274,      1433,  1.278497554939E+02,  0.2717
      5292,      1434,  1.278202783320E+02,  0.2710
      5301,      1435,  1.278104468935E+02,  0.2707
      5302,      1436,  1.278101553248E+02,  0.2708
      5304,      1437,  1.277949797200E+02,  0.2709
      5315,      1438,  1.277521669140E+02,  0.2706
      5325,      1439,  1.277508995787E+02,  0.2702
      5330,      1440,  1.277457767891E+02,  0.2702
      5331,      1441,  1.277453763668E+02,  0.2703
      5342,      1442,  1.277250174501E+02,  0.2699
      5363,      1443,  1.277249469789E+02,  0.2691
      5370,      1444,  1.277246703045E+02,  0.2689
      5381,      1445,  1.277201496745E+02,  0.2685
      5386,      1446,  1.277179728035E+02,  0.2685
      5391,      1447,  1.276868564773E+02,  0.2684
      5400,      1448,  1.276864548024E+02,  0.2681
      5415,      1449,  1.276780535078E+02,  0.2676
      5427,      1450,  1.276778801977E+02,  0.2672
      5431,      1451,  1.276719824645E+02,  0.2672
      5439,      1452,  1.276711449485E+02,  0.2670
      5440,      1453,  1.276700434158E+02,  0.2671
      5441,      1454,  1.276617693542E+02,  0.2672
      5449,      1455,  1.276586451066E+02,  0.2670
      5453,      1456,  1.276582008262E+02,  0.2670
      5484,      1457,  1.276572981531E+02,  0.2657
      5501,      1458,  1.276571613801E+02,  0.2650
      5536,      1459,  1.276570275831E+02,  0.2635
      5553,      1460,  1.276474836410E+02,  0.2629
      5555,      1461,  1.276285714144E+02,  0.2630
      5576,      1462,  1.276248698530E+02,  0.2622
      5579,      1463,  1.276132159925E+02,  0.2622
      5581,      1464,  1.276131424065E+02,  0.2623
      5584,      1465,  1.276125116393E+02,  0.2624
      5589,      1466,  1.276111695671E+02,  0.2623
      5599,      1467,  1.276102663394E+02,  0.2620
      5601,      1468,  1.275527999510E+02,  0.2621
      5615,      1469,  1.275485440905E+02,  0.2616
      5620,      1470,  1.275480688500E+02,  0.2616
      5621,      1471,  1.274970086308E+02,  0.2617
      5637,      1472,  1.274969621430E+02,  0.2611
      5684,      1473,  1.274958383520E+02,  0.2591
      5699,      1474,  1.274957115598E+02,  0.2586
      5711,      1475,  1.274946960872E+02,  0.2583
      5737,      1476,  1.274932997493E+02,  0.2573
      5754,      1477,  1.274916005017E+02,  0.2567
      5760,      1478,  1.274915913632E+02,  0.2566
      5764,      1479,  1.274908549270E+02,  0.2566
      5772,      1480,  1.274905311018E+02,  0.2564
      5777,      1481,  1.274556748329E+02,  0.2564
      5791,      1482,  1.274553950224E+02,  0.2559
      5818,      1483,  1.274552067686E+02,  0.2549
      5843,      1484,  1.274539149672E+02,  0.2540
      5854,      1485,  1.274294233217E+02,  0.2537
      5855,      1486,  1.273351596754E+02,  0.2538
      5873,      1487,  1.273350724362E+02,  0.2532
      5875,      1488,  1.273346001507E+02,  0.2533
      5877,      1489,  1.273345909509E+02,  0.2534
      5904,      1490,  1.273345375956E+02,  0.2524
      5922,      1491,  1.273287353333E+02,  0.2518
      5923,      1492,  1.273285357028E+02,  0.2519
      5926,      1493,  1.273275324099E+02,  0.2519
      5936,      1494,  1.272647836795E+02,  0.2517
      5937,      1495,  1.272646249552E+02,  0.2518
      5946,      1496,  1.272603429945E+02,  0.2516
      5951,      1497,  1.272595412023E+02,  0.2516
      5962,      1498,  1.272588751078E+02,  0.2513
      5968,      1499,  1.272527591516E+02,  0.2512
      5976,      1500,  1.272502820259E+02,  0.2510
      5987,      1501,  1.272442293956E+02,  0.2507
      5992,      1502,  1.272427658980E+02,  0.2507
      6006,      1503,  1.272418353692E+02,  0.2502
      6008,      1504,  1.272364253843E+02,  0.2503
      6012,      1505,  1.272189914503E+02,  0.2503
      6015,      1506,  1.272116626153E+02,  0.2504
      6031,      1507,  1.272112850723E+02,  0.2499
      6047,      1508,  1.272106614057E+02,  0.2494
      6050,      1509,  1.271981489549E+02,  0.2494
      6062,      1510,  1.271639954342E+02,  0.2491
      6070,      1511,  1.271558495494E+02,  0.2489
      6072,      1512,  1.271555830040E+02,  0.2490
      6080,      1513,  1.271540007508E+02,  0.2488
      6081,      1514,  1.271511181625E+02,  0.2490
      6092,      1515,  1.271491942021E+02,  0.2487
      6098,      1516,  1.271491897673E+02,  0.2486
      6106,      1517,  1.271491358764E+02,  0.2484
      6113,      1518,  1.271439132434E+02,  0.2483
      6122,      1519,  1.271434105028E+02,  0.2481
      6127,      1520,  1.271377586064E+02,  0.2481
      6147,      1521,  1.271350215260E+02,  0.2474
      6149,      1522,  1.271342996956E+02,  0.2475
      6153,      1523,  1.271338400505E+02,  0.2475
      6159,      1524,  1.271259644809E+02,  0.2474
      6169,      1525,  1.271242788822E+02,  0.2472
      6172,      1526,  1.271241805293E+02,  0.2472
      6177,      1527,  1.271228127464E+02,  0.2472
      6187,      1528,  1.271226152285E+02,  0.2470
      6188,      1529,  1.271062716580E+02,  0.2471
      6191,      1530,  1.271055003435E+02,  0.2471
      6192,      1531,  1.271019309835E+02,  0.2473
      6196,      1532,  1.271017762697E+02,  0.2473
      6197,      1533,  1.271017243792E+02,  0.2474
      6204,      1534,  1.271015399621E+02,  0.2473
      6215,      1535,  1.270971107046E+02,  0.2470
      6244,      1536,  1.270968285826E+02,  0.2460
      6264,      1537,  1.270961097000E+02,  0.2454
      6267,      1538,  1.270772365310E+02,  0.2454
      6269,      1539,  1.270768333241E+02,  0.2455
      6276,      1540,  1.270766164518E+02,  0.2454
      6277,      1541,  1.270589897319E+02,  0.2455
      6288,      1542,  1.270574594826E+02,  0.2452
      6289,      1543,  1.270570870078E+02,  0.2453
      6298,      1544,  1.270567749269E+02,  0.2452
      6303,      1545,  1.270567580661E+02,  0.2451
      6312,      1546,  1.270563331932E+02,  0.2449
      6332,      1547,  1.270563330084E+02,  0.2443
      6344,      1548,  1.270563002437E+02,  0.2440
      6384,      1549,  1.270562397798E+02,  0.2426
      6391,      1550,  1.270554641785E+02,  0.2425
      6411,      1551,  1.270454595164E+02,  0.2419
      6414,      1552,  1.270454518326E+02,  0.2420
      6419,      1553,  1.270436134191E+02,  0.2419
      6426,      1554,  1.270416283214E+02,  0.2418
      6428,      1555,  1.269705646144E+02,  0.2419
      6434,      1556,  1.269705415129E+02,  0.2418
      6442,      1557,  1.269701929421E+02,  0.2417
      6463,      1558,  1.269632454468E+02,  0.2411
      6472,      1559,  1.269618896919E+02,  0.2409
      6477,      1560,  1.269312180710E+02,  0.2409
      6483,      1561,  1.269302513992E+02,  0.2408
      6505,      1562,  1.269177807752E+02,  0.2401
      6506,      1563,  1.269177090040E+02,  0.2402
      6516,      1564,  1.269086152933E+02,  0.2400
      6518,      1565,  1.269076200278E+02,  0.2401
      6530,      1566,  1.269068921405E+02,  0.2398
      6536,      1567,  1.269067323011E+02,  0.2397
      6537,      1568,  1.269053610191E+02,  0.2399
      6545,      1569,  1.268571891300E+02,  0.2397
      6552,      1570,  1.268570036495E+02,  0.2396
      6554,      1571,  1.268564540482E+02,  0.2397
      6560,      1572,  1.268562152498E+02,  0.2396
      6566,      1573,  1.268476616958E+02,  0.2396
      6577,      1574,  1.268476551929E+02,  0.2393
      6582,      1575,  1.268343422311E+02,  0.2393
      6585,      1576,  1.268221105642E+02,  0.2393
      6597,      1577,  1.268220820912E+02,  0.2390
      6611,      1578,  1.268191053295E+02,  0.2387
      6628,      1579,  1.268190043668E+02,  0.2382
      6637,      1580,  1.268161812181E+02,  0.2381
      6640,      1581,  1.268139639198E+02,  0.2381
      6644,      1582,  1.268134242019E+02,  0.2381
      6676,      1583,  1.267897264336E+02,  0.2371
      6682,      1584,  1.267872119669E+02,  0.2371
      6686,      1585,  1.267729705245E+02,  0.2371
      6711,      1586,  1.267721960952E+02,  0.2363
      6718,      1587,  1.267721717480E+02,  0.2362
      6740,      1588,  1.267694751943E+02,  0.2356
      6764,      1589,  1.267589997228E+02,  0.2349
      6779,      1590,  1.267589101092E+02,  0.2345
      6787,      1591,  1.267588446176E+02,  0.2344
      6791,      1592,  1.267547570040E+02,  0.2344
      6794,      1593,  1.267543297248E+02,  0.2345
      6807,      1594,  1.267040781708E+02,  0.2342
      6808,      1595,  1.267039588062E+02,  0.2343
      6821,      1596,  1.267034362887E+02,  0.2340
      6850,      1597,  1.266999870121E+02,  0.2331
      6853,      1598,  1.266951288170E+02,  0.2332
      6865,      1599,  1.266948528030E+02,  0.2329
      6883,      1600,  1.266946745416E+02,  0.2325
      6889,      1601,  1.266944431503E+02,  0.2324
      6904,      1602,  1.266942371923E+02,  0.2320
      6908,      1603,  1.266921449140E+02,  0.2320
      6929,      1604,  1.266919573757E+02,  0.2315
      6931,      1605,  1.266614506257E+02,  0.2316
      6934,      1606,  1.266490721751E+02,  0.2316
      6964,      1607,  1.265971826193E+02,  0.2308
      7015,      1608,  1.265958937375E+02,  0.2292
      7034,      1609,  1.265957712182E+02,  0.2287
      7037,      1610,  1.265951279849E+02,  0.2288
      7054,      1611,  1.265951273210E+02,  0.2284
      7081,      1612,  1.265754430968E+02,  0.2277
      7109,      1613,  1.265727578215E+02,  0.2269
      7129,      1614,  1.265726908596E+02,  0.2264
      7135,      1615,  1.265723933718E+02,  0.2263
      7137,      1616,  1.265621877917E+02,  0.2264
      7166,      1617,  1.265375075046E+02,  0.2256
      7189,      1618,  1.265299435202E+02,  0.2251
      7212,      1619,  1.265266643721E+02,  0.2245
      7216,      1620,  1.265249116864E+02,  0.2245
      7220,      1621,  1.265247068158E+02,  0.2245
      7223,      1622,  1.265230854293E+02,  0.2246
      7245,      1623,  1.265172966751E+02,  0.2240
      7248,      1624,  1.264666998300E+02,  0.2241
      7266,      1625,  1.264664379700E+02,  0.2236
      7268,      1626,  1.264650539532E+02,  0.2237
      7272,      1627,  1.264616191642E+02,  0.2237
      7306,      1628,  1.264602022294E+02,  0.2228
      7322,      1629,  1.264597264841E+02,  0.2225
      7333,      1630,  1.264593039920E+02,  0.2223
      7334,      1631,  1.264592447865E+02,  0.2224
      7344,      1632,  1.264587650362E+02,  0.2222
      7345,      1633,  1.264586871196E+02,  0.2223
      7351,      1634,  1.264580640284E+02,  0.2223
      7362,      1635,  1.264577007050E+02,  0.2221
      7367,      1636,  1.264576108384E+02,  0.2221
      7369,      1637,  1.264505884788E+02,  0.2221
      7419,      1638,  1.264498310602E+02,  0.2208
      7431,      1639,  1.264496237732E+02,  0.2206
      7435,      1640,  1.264491225646E+02,  0.2206
      7438,      1641,  1.264416283947E+02,  0.2206
      7462,      1642,  1.264353058836E+02,  0.2200
      7476,      1643,  1.264316302075E+02,  0.2198
      7531,      1644,  1.264243363162E+02,  0.2183
      7578,      1645,  1.264175096727E+02,  0.2171
      7592,      1646,  1.264170777759E+02,  0.2168
      7616,      1647,  1.264088305460E+02,  0.2163
      7646,      1648,  1.264086451174E+02,  0.2155
      7676,      1649,  1.264071505346E+02,  0.2148
      7679,      1650,  1.263730428285E+02,  0.2149
      7703,      1651,  1.263047453433E+02,  0.2143
      7705,      1652,  1.263035777550E+02,  0.2144
      7716,      1653,  1.263026661562E+02,  0.2142
      7783,      1654,  1.262934215254E+02,  0.2125
      7813,      1655,  1.262930809822E+02,  0.2118
      7817,      1656,  1.262927529643E+02,  0.2118
      7841,      1657,  1.262926879504E+02,  0.2113
      7866,      1658,  1.262925535592E+02,  0.2108
      7953,      1659,  1.262920590415E+02,  0.2086
      7958,      1660,  1.262918754827E+02,  0.2086
      7981,      1661,  1.262918744800E+02,  0.2081
      7999,      1662,  1.262917909933E+02,  0.2078
      8029,      1663,  1.262894991052E+02,  0.2071
      8034,      1664,  1.262894282985E+02,  0.2071
      8049,      1665,  1.262883877480E+02,  0.2069
      8105,      1666,  1.262882334154E+02,  0.2056
      8107,      1667,  1.262881279606E+02,  0.2056
      8141,      1668,  1.262880567165E+02,  0.2049
      8163,      1669,  1.262877311020E+02,  0.2045
      8188,      1670,  1.262777159096E+02,  0.2040
      8225,      1671,  1.262764352129E+02,  0.2032
      8256,      1672,  1.262763898989E+02,  0.2025
      8273,      1673,  1.262762891620E+02,  0.2022
      8297,      1674,  1.262731824145E+02,  0.2018
      8308,      1675,  1.262730609617E+02,  0.2016
      8334,      1676,  1.262730303283E+02,  0.2011
      8338,      1677,  1.262726327632E+02,  0.2011
      8354,      1678,  1.262721717835E+02,  0.2009
      8362,      1679,  1.262721438480E+02,  0.2008
      8382,      1680,  1.262721284456E+02,  0.2004
      8393,      1681,  1.262718416703E+02,  0.2003
      8423,      1682,  1.262525955470E+02,  0.1997
      8462,      1683,  1.262521247391E+02,  0.1989
      8485,      1684,  1.262521208882E+02,  0.1985
      8516,      1685,  1.262501018093E+02,  0.1979
      8528,      1686,  1.262483333561E+02,  0.1977
      8536,      1687,  1.262407346749E+02,  0.1976
      8547,      1688,  1.262407108832E+02,  0.1975
      8563,      1689,  1.262403284560E+02,  0.1972
      8575,      1690,  1.262402391444E+02,  0.1971
      8630,      1691,  1.262356825215E+02,  0.1959
      8640,      1692,  1.262354109568E+02,  0.1958
      8642,      1693,  1.262352979634E+02,  0.1959
      8645,      1694,  1.262300797266E+02,  0.1960
      8747,      1695,  1.262176352017E+02,  0.1938
      8797,      1696,  1.262158242292E+02,  0.1928
      8803,      1697,  1.262151948220E+02,  0.1928
      8823,      1698,  1.262142333813E+02,  0.1925
      8850,      1699,  1.262136944675E+02,  0.1920
      8854,      1700,  1.262128217988E+02,  0.1920
      8865,      1701,  1.262121588172E+02,  0.1919
      8890,      1702,  1.262121138633E+02,  0.1915
      8908,      1703,  1.262119567492E+02,  0.1912
      8923,      1704,  1.262115020089E+02,  0.1910
      8945,      1705,  1.261208026581E+02,  0.1906
      9014,      1706,  1.261202836566E+02,  0.1893
      9043,      1707,  1.261177680843E+02,  0.1888
      9044,      1708,  1.261176111127E+02,  0.1889
      9062,      1709,  1.261171577535E+02,  0.1886
      9066,      1710,  1.261169477344E+02,  0.1886
      9119,      1711,  1.261097947578E+02,  0.1876
      9132,      1712,  1.261021487448E+02,  0.1875
      9142,      1713,  1.260996514431E+02,  0.1874
      9182,      1714,  1.260989669847E+02,  0.1867
      9188,      1715,  1.260957181571E+02,  0.1867
      9245,      1716,  1.260893353424E+02,  0.1856
      9323,      1717,  1.260893152050E+02,  0.1842
      9339,      1718,  1.260876943725E+02,  0.1840
      9362,      1719,  1.260845254709E+02,  0.1836
      9375,      1720,  1.260844539234E+02,  0.1835
      9388,      1721,  1.260843050228E+02,  0.1833
      9416,      1722,  1.260832093021E+02,  0.1829
      9429,      1723,  1.260790541323E+02,  0.1827
      9433,      1724,  1.260710823271E+02,  0.1828
      9461,      1725,  1.260709663968E+02,  0.1823
      9472,      1726,  1.260580928578E+02,  0.1822
      9485,      1727,  1.260559720174E+02,  0.1821
      9514,      1728,  1.259766033495E+02,  0.1816
      9536,      1729,  1.259719923167E+02,  0.1813
      9537,      1730,  1.259704172724E+02,  0.1814
      9543,      1731,  1.259593996357E+02,  0.1814
      9565,      1732,  1.259593616518E+02,  0.1811
      9577,      1733,  1.259578889703E+02,  0.1810
      9664,      1734,  1.259578103070E+02,  0.1794
      9692,      1735,  1.259539993238E+02,  0.1790
      9712,      1736,  1.259530358118E+02,  0.1787
      9713,      1737,  1.259528281628E+02,  0.1788
      9739,      1738,  1.259518325614E+02,  0.1785
      9776,      1739,  1.259509439717E+02,  0.1779
      9793,      1740,  1.259468276193E+02,  0.1777
      9796,      1741,  1.258290408968E+02,  0.1777
      9830,      1742,  1.258275518600E+02,  0.1772
      9864,      1743,  1.258274024676E+02,  0.1767
      9871,      1744,  1.258186653355E+02,  0.1767
      9890,      1745,  1.258184020337E+02,  0.1764
      9908,      1746,  1.258176969371E+02,  0.1762
      9931,      1747,  1.258159609982E+02,  0.1759
      9934,      1748,  1.258159230320E+02,  0.1760
      9945,      1749,  1.258159122943E+02,  0.1759
      9952,      1750,  1.258156451180E+02,  0.1758
      9966,      1751,  1.258117234821E+02,  0.1757
      9967,      1752,  1.257976893010E+02,  0.1758
      9973,      1753,  1.257975801307E+02,  0.1758
      9993,      1754,  1.257972518501E+02,  0.1755
      9994,      1755,  1.257970862409E+02,  0.1756
      9996,      1756,  1.257881301817E+02,  0.1757
      9998,      1757,  1.257880991425E+02,  0.1757
     10111,      1758,  1.257880509035E+02,  0.1739
     10176,      1759,  1.257876860257E+02,  0.1729
     10181,      1760,  1.257875681568E+02,  0.1729
     10182,      1761,  1.257544736699E+02,  0.1730
     10185,      1762,  1.257540806863E+02,  0.1730
     10202,      1763,  1.257458565510E+02,  0.1728
     10205,      1764,  1.257443773716E+02,  0.1729
     10212,      1765,  1.257399583311E+02,  0.1728
     10243,      1766,  1.257398221176E+02,  0.1724
     10276,      1767,  1.257398026952E+02,  0.1720
     10293,      1768,  1.257049916190E+02,  0.1718
     10312,      1769,  1.257043586336E+02,  0.1715
     10332,      1770,  1.257035873380E+02,  0.1713
     10343,      1771,  1.257019270701E+02,  0.1712
     10364,      1772,  1.256991371505E+02,  0.1710
     10412,      1773,  1.256378661747E+02,  0.1703
     10447,      1774,  1.256366093460E+02,  0.1698
     10458,      1775,  1.256353445400E+02,  0.1697
     10488,      1776,  1.256327554293E+02,  0.1693
     10490,      1777,  1.256318965829E+02,  0.1694
     10496,      1778,  1.256316544607E+02,  0.1694
     10498,      1779,  1.256304201314E+02,  0.1695
     10513,      1780,  1.256141707621E+02,  0.1693
     10529,      1781,  1.255723405219E+02,  0.1692
     10570,      1782,  1.255717426915E+02,  0.1686
     10571,      1783,  1.255709817622E+02,  0.1687
     10579,      1784,  1.255706076928E+02,  0.1686
     10599,      1785,  1.255705568351E+02,  0.1684
     10610,      1786,  1.255703736509E+02,  0.1683
     10656,      1787,  1.255697745979E+02,  0.1677
     10715,      1788,  1.255697400060E+02,  0.1669
     10773,      1789,  1.255262063317E+02,  0.1661
     10777,      1790,  1.255261602435E+02,  0.1661
     10798,      1791,  1.255255928494E+02,  0.1659
     10840,      1792,  1.255254894372E+02,  0.1653
     10849,      1793,  1.255253978422E+02,  0.1653
     10885,      1794,  1.255175708372E+02,  0.1648
     10913,      1795,  1.255174816636E+02,  0.1645
     10950,      1796,  1.255149332617E+02,  0.1640
     10994,      1797,  1.255149324886E+02,  0.1635
     11013,      1798,  1.255148955156E+02,  0.1633
     11026,      1799,  1.255148412048E+02,  0.1632
     11047,      1800,  1.255145258994E+02,  0.1629
     11060,      1801,  1.255143892718E+02,  0.1628
     11083,      1802,  1.255142936247E+02,  0.1626
     11091,      1803,  1.255141039051E+02,  0.1626
     11119,      1804,  1.255139855720E+02,  0.1622
     11157,      1805,  1.255139764314E+02,  0.1618
     11245,      1806,  1.254883279498E+02,  0.1606
     11247,      1807,  1.254881691632E+02,  0.1607
     11274,      1808,  1.254848100385E+02,  0.1604
     11279,      1809,  1.254846800566E+02,  0.1604
     11280,      1810,  1.254843316386E+02,  0.1605
     11281,      1811,  1.254839215737E+02,  0.1605
     11289,      1812,  1.254828173857E+02,  0.1605
     11337,      1813,  1.254827845329E+02,  0.1599
     11355,      1814,  1.254827748872E+02,  0.1598
     11362,      1815,  1.254825756312E+02,  0.1597
     11384,      1816,  1.254825110190E+02,  0.1595
     11385,      1817,  1.254825006939E+02,  0.1596
     11432,      1818,  1.254823233245E+02,  0.1590
     11443,      1819,  1.254762176285E+02,  0.1590
     11472,      1820,  1.254760171213E+02,  0.1586
     11474,      1821,  1.254758944959E+02,  0.1587
     11487,      1822,  1.254758569045E+02,  0.1586
     11491,      1823,  1.254178381871E+02,  0.1586
     11516,      1824,  1.254175795006E+02,  0.1584
     11537,      1825,  1.254175243570E+02,  0.1582
     11572,      1826,  1.254174094961E+02,  0.1578
     11592,      1827,  1.254171228815E+02,  0.1576
     11594,      1828,  1.254169376813E+02,  0.1577
     11599,      1829,  1.254169023079E+02,  0.1577
     11641,      1830,  1.254150251968E+02,  0.1572
     11649,      1831,  1.254149645962E+02,  0.1572
     11742,      1832,  1.254112203567E+02,  0.1560
     11799,      1833,  1.254110492637E+02,  0.1554
     11817,      1834,  1.254109145113E+02,  0.1552
     11875,      1835,  1.254108211874E+02,  0.1545
     11994,      1836,  1.254091109163E+02,  0.1531
     12115,      1837,  1.254090759547E+02,  0.1516
     12122,      1838,  1.254090649992E+02,  0.1516
     12142,      1839,  1.254090605752E+02,  0.1515
     12290,      1840,  1.254089388465E+02,  0.1497
     12390,      1841,  1.254089103072E+02,  0.1486
     12394,      1842,  1.254014606529E+02,  0.1486
     12410,      1843,  1.253991561501E+02,  0.1485
     12526,      1844,  1.253990976479E+02,  0.1472
     12572,      1845,  1.253988902010E+02,  0.1468
     12584,      1846,  1.253987358406E+02,  0.1467
     12595,      1847,  1.253937791143E+02,  0.1466
     12634,      1848,  1.253935624841E+02,  0.1463
     12708,      1849,  1.253596350601E+02,  0.1455
     12888,      1850,  1.253596127675E+02,  0.1435
     12926,      1851,  1.253556129138E+02,  0.1432
     13082,      1852,  1.253536452320E+02,  0.1416
     13127,      1853,  1.253402397242E+02,  0.1412
     13153,      1854,  1.253400338477E+02,  0.1410
     13186,      1855,  1.253399004649E+02,  0.1407
     13335,      1856,  1.253246235258E+02,  0.1392
     13490,      1857,  1.252987677555E+02,  0.1377
     13617,      1858,  1.252987628737E+02,  0.1364
     13866,      1859,  1.252970365473E+02,  0.1341
     13873,      1860,  1.252969997540E+02,  0.1341
     14090,      1861,  1.252969951497E+02,  0.1321
     14140,      1862,  1.252969300982E+02,  0.1317
     14198,      1863,  1.252969075203E+02,  0.1312
     14537,      1864,  1.252954919799E+02,  0.1282
     14671,      1865,  1.252954698793E+02,  0.1271
     14732,      1866,  1.252935125207E+02,  0.1267
     14739,      1867,  1.252934136730E+02,  0.1267
     14767,      1868,  1.252933921356E+02,  0.1265
     14966,      1869,  1.252896256004E+02,  0.1249
     15143,      1870,  1.252895853802E+02,  0.1235
     15206,      1871,  1.252895835655E+02,  0.1230
     15216,      1872,  1.252895184522E+02,  0.1230
     15296,      1873,  1.252886859165E+02,  0.1225
     15414,      1874,  1.252886628630E+02,  0.1216
     15468,      1875,  1.252873092399E+02,  0.1212
     15488,      1876,  1.252871556775E+02,  0.1211
     15558,      1877,  1.252870806457E+02,  0.1206
     15570,      1878,  1.252832509674E+02,  0.1206
     15657,      1879,  1.252825952585E+02,  0.1200
     15726,      1880,  1.252802576127E+02,  0.1195
     15775,      1881,  1.252802492840E+02,  0.1192
     15811,      1882,  1.252801616844E+02,  0.1190
     15929,      1883,  1.252799014314E+02,  0.1182
     15948,      1884,  1.252788907328E+02,  0.1181
     16233,      1885,  1.252762259110E+02,  0.1161
     16301,      1886,  1.252761629323E+02,  0.1157
     16579,      1887,  1.252761333584E+02,  0.1138
     16590,      1888,  1.252760162785E+02,  0.1138
     16616,      1889,  1.252760012996E+02,  0.1137
     16686,      1890,  1.252759853975E+02,  0.1133
     16843,      1891,  1.252759333994E+02,  0.1123
     16923,      1892,  1.252759126818E+02,  0.1118
     17070,      1893,  1.252758814621E+02,  0.1109
     17150,      1894,  1.252758814416E+02,  0.1104
     17595,      1895,  1.252742171035E+02,  0.1077
     17802,      1896,  1.252742159011E+02,  0.1065
     17843,      1897,  1.252742040286E+02,  0.1063
     17945,      1898,  1.252741700054E+02,  0.1058
     18184,      1899,  1.252741236283E+02,  0.1044
     18262,      1900,  1.252741103968E+02,  0.1040
     18328,      1901,  1.252718974929E+02,  0.1037
     18343,      1902,  1.252718224729E+02,  0.1037
     18537,      1903,  1.252717009126E+02,  0.1027
     18615,      1904,  1.252702929524E+02,  0.1023
     18640,      1905,  1.252683302195E+02,  0.1022
     18658,      1906,  1.252682648991E+02,  0.1022
     18679,      1907,  1.252659670498E+02,  0.1021
     18717,      1908,  1.252659451112E+02,  0.1019
     18741,      1909,  1.252658945948E+02,  0.1019
     18873,      1910,  1.252658258563E+02,  0.1012
     18951,      1911,  1.252657833387E+02,  0.1008
     18988,      1912,  1.252657796061E+02,  0.1007
     19362,      1913,  1.252657623133E+02,  0.0988
     19434,      1914,  1.252646081481E+02,  0.0985
     19502,      1915,  1.252645412912E+02,  0.0982
     19651,      1916,  1.252644509849E+02,  0.0975
     20028,      1917,  1.252636858289E+02,  0.0957
     20099,      1918,  1.252636061163E+02,  0.0954
     20296,      1919,  1.252631440926E+02,  0.0946
     20413,      1920,  1.252630688767E+02,  0.0941
     20455,      1921,  1.252629596044E+02,  0.0939
     20531,      1922,  1.252628858749E+02,  0.0936
     20534,      1923,  1.252628783409E+02,  0.0936
     20637,      1924,  1.252628769106E+02,  0.0932
     20746,      1925,  1.252628748697E+02,  0.0928
     20938,      1926,  1.252628670716E+02,  0.0920
     21066,      1927,  1.252627904149E+02,  0.0915
     21342,      1928,  1.252627865485E+02,  0.0903
     21469,      1929,  1.252627764747E+02,  0.0899
     21556,      1930,  1.252623833777E+02,  0.0895
     21633,      1931,  1.252623781838E+02,  0.0893
     21782,      1932,  1.252623772392E+02,  0.0887
     21817,      1933,  1.252623109819E+02,  0.0886
     21904,      1934,  1.252623109224E+02,  0.0883
     22475,      1935,  1.252622891244E+02,  0.0861
     22662,      1936,  1.252622616155E+02,  0.0854
     22741,      1937,  1.252616293764E+02,  0.0852
     22831,      1938,  1.252611787353E+02,  0.0849
     22993,      1939,  1.252611736478E+02,  0.0843
     23084,      1940,  1.252604060680E+02,  0.0840
     23244,      1941,  1.252602511086E+02,  0.0835
     23476,      1942,  1.252602394499E+02,  0.0827
     23798,      1943,  1.252602062302E+02,  0.0816
     23900,      1944,  1.252534974848E+02,  0.0813
     24018,      1945,  1.252534847310E+02,  0.0810
     24612,      1946,  1.252534822584E+02,  0.0791
     24989,      1947,  1.252529103952E+02,  0.0779
     25004,      1948,  1.252528992740E+02,  0.0779
     25418,      1949,  1.252528932462E+02,  0.0767
     25543,      1950,  1.252511632854E+02,  0.0763
     25564,      1951,  1.252509921421E+02,  0.0763
     25893,      1952,  1.252487698042E+02,  0.0754
     25956,      1953,  1.252487363349E+02,  0.0752
     26117,      1954,  1.252481963727E+02,  0.0748
     26212,      1955,  1.252481863773E+02,  0.0746
     26217,      1956,  1.252481415723E+02,  0.0746
     26453,      1957,  1.252481043108E+02,  0.0740
     26466,      1958,  1.252471404453E+02,  0.0740
     26699,      1959,  1.252467588117E+02,  0.0734
     26985,      1960,  1.252467292167E+02,  0.0726
     27140,      1961,  1.252466780843E+02,  0.0723
     27393,      1962,  1.252432908769E+02,  0.0716
     27440,      1963,  1.252412872933E+02,  0.0715
     28013,      1964,  1.252412230808E+02,  0.0701
     28178,      1965,  1.252409911257E+02,  0.0697
     28207,      1966,  1.252409906707E+02,  0.0697
     28591,      1967,  1.252409577321E+02,  0.0688
     29026,      1968,  1.252409409464E+02,  0.0678
     29269,      1969,  1.252399696556E+02,  0.0673
     29398,      1970,  1.252387770458E+02,  0.0670
     29542,      1971,  1.252381677395E+02,  0.0667
     29886,      1972,  1.252381675871E+02,  0.0660
     30225,      1973,  1.252381519672E+02,  0.0653
     30636,      1974,  1.252381299724E+02,  0.0644
     31362,      1975,  1.252367631075E+02,  0.0630
     31364,      1976,  1.252367405664E+02,  0.0630
     31636,      1977,  1.252323728359E+02,  0.0625
     31780,      1978,  1.252323633408E+02,  0.0622
     32207,      1979,  1.252322723943E+02,  0.0614
     32319,      1980,  1.252322500285E+02,  0.0613
     32605,      1981,  1.252320909357E+02,  0.0608
     32823,      1982,  1.252320828512E+02,  0.0604
     32866,      1983,  1.252319298044E+02,  0.0603
     33145,      1984,  1.252319112570E+02,  0.0599
     33671,      1985,  1.252319040022E+02,  0.0590
     33744,      1986,  1.252299632930E+02,  0.0589
     34498,      1987,  1.252296015368E+02,  0.0576
     34544,      1988,  1.252295139479E+02,  0.0575
     34561,      1989,  1.252295114238E+02,  0.0576
     34794,      1990,  1.252275423514E+02,  0.0572
     34799,      1991,  1.252271792561E+02,  0.0572
     34818,      1992,  1.252271662894E+02,  0.0572
     34826,      1993,  1.252271600145E+02,  0.0572
     34999,      1994,  1.252271305349E+02,  0.0570
     35103,      1995,  1.252271180078E+02,  0.0568
     35113,      1996,  1.252271172033E+02,  0.0568
     35173,      1997,  1.252260186395E+02,  0.0568
     35410,      1998,  1.252259303975E+02,  0.0564
     35699,      1999,  1.252259134705E+02,  0.0560
     35759,      2000,  1.252242647634E+02,  0.0559
     35794,      2001,  1.252242393704E+02,  0.0559
     35946,      2002,  1.252242022437E+02,  0.0557
     36041,      2003,  1.252241826782E+02,  0.0556
     36328,      2004,  1.252228208849E+02,  0.0552
     36482,      2005,  1.252227994793E+02,  0.0550
     36546,      2006,  1.252225143437E+02,  0.0549
     36749,      2007,  1.252225108654E+02,  0.0546
     36993,      2008,  1.252217278223E+02,  0.0543
     37195,      2009,  1.252216955845E+02,  0.0540
     37384,      2010,  1.252216860707E+02,  0.0538
     37434,      2011,  1.252216372655E+02,  0.0537
     37691,      2012,  1.252216352266E+02,  0.0534
     37853,      2013,  1.252213579344E+02,  0.0532
     37910,      2014,  1.252213426892E+02,  0.0531
     38111,      2015,  1.252197755241E+02,  0.0529
     38305,      2016,  1.252197743217E+02,  0.0526
     39173,      2017,  1.252197706372E+02,  0.0515
     39219,      2018,  1.252197701528E+02,  0.0515
     39999,      2019,  1.252184007928E+02,  0.0505
     40083,      2020,  1.252183904430E+02,  0.0504
     40329,      2021,  1.252181200168E+02,  0.0501
     40514,      2022,  1.252169446908E+02,  0.0499
     41100,      2023,  1.252169393244E+02,  0.0492
     41907,      2024,  1.252168908421E+02,  0.0483
     41948,      2025,  1.252168796298E+02,  0.0483
     42153,      2026,  1.252168645623E+02,  0.0481
     42511,      2027,  1.252162663924E+02,  0.0477
     42569,      2028,  1.252157220198E+02,  0.0476
     42678,      2029,  1.252156761175E+02,  0.0475
     42904,      2030,  1.252156516236E+02,  0.0473
     43034,      2031,  1.252156458291E+02,  0.0472
     43188,      2032,  1.252153061416E+02,  0.0471
     43508,      2033,  1.252148194412E+02,  0.0467
     44499,      2034,  1.252147539825E+02,  0.0457
     44683,      2035,  1.252147465711E+02,  0.0455
     44931,      2036,  1.252137434628E+02,  0.0453
     44949,      2037,  1.252133270561E+02,  0.0453
     45357,      2038,  1.252131452889E+02,  0.0449
     45676,      2039,  1.252131040046E+02,  0.0446
     45828,      2040,  1.252124109114E+02,  0.0445
     45846,      2041,  1.252124041047E+02,  0.0445
     46274,      2042,  1.252116171268E+02,  0.0441
     46358,      2043,  1.252035470710E+02,  0.0441
     46737,      2044,  1.252029906476E+02,  0.0437
     46832,      2045,  1.252025053044E+02,  0.0437
     46925,      2046,  1.252024998526E+02,  0.0436
     47296,      2047,  1.252024726521E+02,  0.0433
     47300,      2048,  1.252024714732E+02,  0.0433
     47425,      2049,  1.252024591427E+02,  0.0432
     47524,      2050,  1.252024283386E+02,  0.0431
     48046,      2051,  1.252023787464E+02,  0.0427
     48195,      2052,  1.252016875909E+02,  0.0426
     48292,      2053,  1.252016768328E+02,  0.0425
     48415,      2054,  1.252016487107E+02,  0.0424
     49811,      2055,  1.252016464435E+02,  0.0413
     50309,      2056,  1.252016301151E+02,  0.0409
     50857,      2057,  1.252010707714E+02,  0.0404
     50957,      2058,  1.252010610703E+02,  0.0404
     51122,      2059,  1.252010570870E+02,  0.0403
     51422,      2060,  1.252010527700E+02,  0.0401
     51929,      2061,  1.252010393664E+02,  0.0397
     52002,      2062,  1.252010349779E+02,  0.0397
     52300,      2063,  1.252009513689E+02,  0.0394
     52323,      2064,  1.252009513271E+02,  0.0394
     52501,      2065,  1.252002304018E+02,  0.0393
     52761,      2066,  1.252002178297E+02,  0.0392
     52823,      2067,  1.251999424648E+02,  0.0391
     52999,      2068,  1.251995237532E+02,  0.0390
     53150,      2069,  1.251995234577E+02,  0.0389
     53366,      2070,  1.251995154173E+02,  0.0388
     53675,      2071,  1.251993953247E+02,  0.0386
     53853,      2072,  1.251993728064E+02,  0.0385
     53920,      2073,  1.251993609428E+02,  0.0384
     54135,      2074,  1.251991617138E+02,  0.0383
     54444,      2075,  1.251984376933E+02,  0.0381
     54680,      2076,  1.251984337579E+02,  0.0380
     55193,      2077,  1.251975290347E+02,  0.0376
     55852,      2078,  1.251965386133E+02,  0.0372
     55958,      2079,  1.251957363457E+02,  0.0372
     56265,      2080,  1.251957289580E+02,  0.0370
     56757,      2081,  1.251956957001E+02,  0.0367
     57096,      2082,  1.251956921946E+02,  0.0365
     57449,      2083,  1.251955447499E+02,  0.0363
     58534,      2084,  1.251955228567E+02,  0.0356
     58606,      2085,  1.251955198665E+02,  0.0356
     58631,      2086,  1.251947448698E+02,  0.0356
     58720,      2087,  1.251917405854E+02,  0.0355
     59288,      2088,  1.251917246749E+02,  0.0352
     60356,      2089,  1.251917154605E+02,  0.0346
     60668,      2090,  1.251913285312E+02,  0.0344
     60855,      2091,  1.251899828172E+02,  0.0344
     60929,      2092,  1.251899494031E+02,  0.0343
     61072,      2093,  1.251896786705E+02,  0.0343
     61444,      2094,  1.251896664071E+02,  0.0341
     61645,      2095,  1.251896476361E+02,  0.0340
     62588,      2096,  1.251896462838E+02,  0.0335
     62594,      2097,  1.251896390373E+02,  0.0335
     63176,      2098,  1.251896353117E+02,  0.0332
     63508,      2099,  1.251896201118E+02,  0.0331
     63514,      2100,  1.251895726176E+02,  0.0331
     63795,      2101,  1.251895585049E+02,  0.0329
     63901,      2102,  1.251895511457E+02,  0.0329
     63978,      2103,  1.251895477853E+02,  0.0329
     64010,      2104,  1.251895021879E+02,  0.0329
     64207,      2105,  1.251894955770E+02,  0.0328
     64355,      2106,  1.251894902148E+02,  0.0327
     64692,      2107,  1.251894884283E+02,  0.0326
     64726,      2108,  1.251894808596E+02,  0.0326
     64839,      2109,  1.251894747240E+02,  0.0325
     65115,      2110,  1.251894227146E+02,  0.0324
     65162,      2111,  1.251893661688E+02,  0.0324
     65394,      2112,  1.251890617768E+02,  0.0323
     65529,      2113,  1.251878067733E+02,  0.0322
     65740,      2114,  1.251877932478E+02,  0.0322
     66533,      2115,  1.251877922319E+02,  0.0318
     66680,      2116,  1.251877700688E+02,  0.0317
     66772,      2117,  1.251877623807E+02,  0.0317
     66827,      2118,  1.251876997896E+02,  0.0317
     66927,      2119,  1.251876995638E+02,  0.0317
     67366,      2120,  1.251876977461E+02,  0.0315
     67402,      2121,  1.251876831868E+02,  0.0315
     67439,      2122,  1.251876652984E+02,  0.0315
     67883,      2123,  1.251875588887E+02,  0.0313
     68135,      2124,  1.251875080538E+02,  0.0312
     68181,      2125,  1.251874975236E+02,  0.0312
     68463,      2126,  1.251874822924E+02,  0.0311
     68840,      2127,  1.251874758753E+02,  0.0309
     68893,      2128,  1.251865046572E+02,  0.0309
     69049,      2129,  1.251863489901E+02,  0.0308
     69384,      2130,  1.251863330013E+02,  0.0307
     69497,      2131,  1.251863008190E+02,  0.0307
     69560,      2132,  1.251861843510E+02,  0.0306
     69563,      2133,  1.251861800253E+02,  0.0307
     69821,      2134,  1.251861521463E+02,  0.0306
     69891,      2135,  1.251861350125E+02,  0.0305
     70124,      2136,  1.251861295293E+02,  0.0305
     70158,      2137,  1.251859536227E+02,  0.0305
     70425,      2138,  1.251858924360E+02,  0.0304
     70906,      2139,  1.251858501445E+02,  0.0302
     71242,      2140,  1.251857413752E+02,  0.0300
     71359,      2141,  1.251857243937E+02,  0.0300
     71380,      2142,  1.251857176359E+02,  0.0300
     71644,      2143,  1.251855203163E+02,  0.0299
     71716,      2144,  1.251855183912E+02,  0.0299
     71862,      2145,  1.251855064072E+02,  0.0298
     72067,      2146,  1.251853825802E+02,  0.0298
     72111,      2147,  1.251853321367E+02,  0.0298
     72354,      2148,  1.251851974183E+02,  0.0297
     72357,      2149,  1.251851101329E+02,  0.0297
     72494,      2150,  1.251850918139E+02,  0.0297
     72511,      2151,  1.251849730900E+02,  0.0297
     72527,      2152,  1.251849631570E+02,  0.0297
     72575,      2153,  1.251849190597E+02,  0.0297
     72587,      2154,  1.251848895707E+02,  0.0297
     72724,      2155,  1.251848790709E+02,  0.0296
     72760,      2156,  1.251847021356E+02,  0.0296
     72899,      2157,  1.251846422641E+02,  0.0296
     72922,      2158,  1.251844698865E+02,  0.0296
     72939,      2159,  1.251844274993E+02,  0.0296
     73082,      2160,  1.251843869261E+02,  0.0296
     73214,      2161,  1.251843499207E+02,  0.0295
     73240,      2162,  1.251839988444E+02,  0.0295
     73269,      2163,  1.251837758951E+02,  0.0295
     73510,      2164,  1.251837653240E+02,  0.0294
     73681,      2165,  1.251837496737E+02,  0.0294
     73825,      2166,  1.251837237049E+02,  0.0293
     73848,      2167,  1.251835190995E+02,  0.0293
     74040,      2168,  1.251834282034E+02,  0.0293
     74054,      2169,  1.251829331377E+02,  0.0293
     74075,      2170,  1.251829138525E+02,  0.0293
     74085,      2171,  1.251828606432E+02,  0.0293
     74135,      2172,  1.251828130575E+02,  0.0293
     74143,      2173,  1.251827955723E+02,  0.0293
     74185,      2174,  1.251826938308E+02,  0.0293
     74188,      2175,  1.251823316484E+02,  0.0293
     74209,      2176,  1.251823206431E+02,  0.0293
     74243,      2177,  1.251821692095E+02,  0.0293
     74250,      2178,  1.251821289882E+02,  0.0293
     74265,      2179,  1.251818293334E+02,  0.0293
     74273,      2180,  1.251817455164E+02,  0.0294
     74274,      2181,  1.251817197772E+02,  0.0294
     74315,      2182,  1.251815493500E+02,  0.0294
     74331,      2183,  1.251812387510E+02,  0.0294
     74361,      2184,  1.251809296328E+02,  0.0294
     74379,      2185,  1.251809056629E+02,  0.0294
     74521,      2186,  1.251808858526E+02,  0.0293
     74585,      2187,  1.251805172144E+02,  0.0293
     74598,      2188,  1.251804684935E+02,  0.0293
     74607,      2189,  1.251802013092E+02,  0.0293
     74627,      2190,  1.251801602539E+02,  0.0293
     74651,      2191,  1.251795747561E+02,  0.0293
     74704,      2192,  1.251792432447E+02,  0.0293
     74745,      2193,  1.251789884316E+02,  0.0293
     74869,      2194,  1.251789718651E+02,  0.0293
     74895,      2195,  1.251789260853E+02,  0.0293
     74920,      2196,  1.251788542698E+02,  0.0293
     74929,      2197,  1.251787002736E+02,  0.0293
     74930,      2198,  1.251786691531E+02,  0.0293
     74945,      2199,  1.251783992898E+02,  0.0293
     74947,      2200,  1.251780409614E+02,  0.0294
     74952,      2201,  1.251780223438E+02,  0.0294
     74960,      2202,  1.251777868860E+02,  0.0294
     74961,      2203,  1.251776962570E+02,  0.0294
     74974,      2204,  1.251776849521E+02,  0.0294
     75087,      2205,  1.251776748228E+02,  0.0294
     75096,      2206,  1.251771232227E+02,  0.0294
     75116,      2207,  1.251771080799E+02,  0.0294
     75158,      2208,  1.251769896448E+02,  0.0294
     75177,      2209,  1.251762747592E+02,  0.0294
     75225,      2210,  1.251762410347E+02,  0.0294
     75321,      2211,  1.251761617209E+02,  0.0294
     75506,      2212,  1.251759135845E+02,  0.0293
     75509,      2213,  1.251747935794E+02,  0.0293
     75537,      2214,  1.251746025803E+02,  0.0293
     75585,      2215,  1.251746005781E+02,  0.0293
     75618,      2216,  1.251744332521E+02,  0.0293
     75688,      2217,  1.251742370733E+02,  0.0293
     75693,      2218,  1.251740812953E+02,  0.0293
     75772,      2219,  1.251740279216E+02,  0.0293
     75794,      2220,  1.251737828268E+02,  0.0293
     76077,      2221,  1.251737112444E+02,  0.0292
     76080,      2222,  1.251736353681E+02,  0.0292
     76207,      2223,  1.251735027253E+02,  0.0292
     76347,      2224,  1.251734425815E+02,  0.0291
     76351,      2225,  1.251731497422E+02,  0.0291
     76366,      2226,  1.251724508360E+02,  0.0291
     76367,      2227,  1.251723424720E+02,  0.0292
     76383,      2228,  1.251722368900E+02,  0.0292
     76434,      2229,  1.251719248667E+02,  0.0292
     76457,      2230,  1.251718232003E+02,  0.0292
     76516,      2231,  1.251716421883E+02,  0.0292
     76520,      2232,  1.251715932825E+02,  0.0292
     76667,      2233,  1.251713132431E+02,  0.0291
     76670,      2234,  1.251703863493E+02,  0.0291
     76691,      2235,  1.251701205542E+02,  0.0291
     76709,      2236,  1.251699165630E+02,  0.0291
     76782,      2237,  1.251698755173E+02,  0.0291
     76876,      2238,  1.251698176848E+02,  0.0291
     77021,      2239,  1.251693380803E+02,  0.0291
     77095,      2240,  1.251692180651E+02,  0.0291
     77110,      2241,  1.251687207302E+02,  0.0291
     77153,      2242,  1.251683376290E+02,  0.0291
     77216,      2243,  1.251682332043E+02,  0.0290
     77250,      2244,  1.251681108303E+02,  0.0290
     77297,      2245,  1.251679457167E+02,  0.0290
     77387,      2246,  1.251676840121E+02,  0.0290
     77495,      2247,  1.251676743849E+02,  0.0290
     77531,      2248,  1.251673302800E+02,  0.0290
     77595,      2249,  1.251672434093E+02,  0.0290
     77637,      2250,  1.251670896244E+02,  0.0290
     77686,      2251,  1.251670270018E+02,  0.0290
     77726,      2252,  1.251669550416E+02,  0.0290
     77728,      2253,  1.251667606419E+02,  0.0290
     77890,      2254,  1.251667227987E+02,  0.0289
     77900,      2255,  1.251666376910E+02,  0.0289
     77922,      2256,  1.251665719274E+02,  0.0290
     77936,      2257,  1.251663935865E+02,  0.0290
     78032,      2258,  1.251662774155E+02,  0.0289
     78075,      2259,  1.251662759188E+02,  0.0289
     78126,      2260,  1.251658228726E+02,  0.0289
     78142,      2261,  1.251657045900E+02,  0.0289
     78278,      2262,  1.251654205416E+02,  0.0289
     78290,      2263,  1.251648630958E+02,  0.0289
     78296,      2264,  1.251648566248E+02,  0.0289
     78302,      2265,  1.251646933298E+02,  0.0289
     78306,      2266,  1.251644928030E+02,  0.0289
     78315,      2267,  1.251642388587E+02,  0.0289
     78334,      2268,  1.251640653690E+02,  0.0290
     78346,      2269,  1.251640459209E+02,  0.0290
     78365,      2270,  1.251638965604E+02,  0.0290
     78370,      2271,  1.251628827759E+02,  0.0290
     78398,      2272,  1.251628355895E+02,  0.0290
     78408,      2273,  1.251621004338E+02,  0.0290
     78420,      2274,  1.251616026101E+02,  0.0290
     78434,      2275,  1.251616025137E+02,  0.0290
     78437,      2276,  1.251615926979E+02,  0.0290
     78449,      2277,  1.251614868371E+02,  0.0290
     78546,      2278,  1.251613434902E+02,  0.0290
     78553,      2279,  1.251613013167E+02,  0.0290
     78558,      2280,  1.251608163362E+02,  0.0290
     78630,      2281,  1.251607420976E+02,  0.0290
     78730,      2282,  1.251606820195E+02,  0.0290
     78947,      2283,  1.251606257723E+02,  0.0289
     78964,      2284,  1.251605268261E+02,  0.0289
     79023,      2285,  1.251586782762E+02,  0.0289
     79152,      2286,  1.251585643280E+02,  0.0289
     79164,      2287,  1.251585284138E+02,  0.0289
     79170,      2288,  1.251574980985E+02,  0.0289
     79244,      2289,  1.251569178280E+02,  0.0289
     79279,      2290,  1.251560098837E+02,  0.0289
     79327,      2291,  1.251559415733E+02,  0.0289
     79345,      2292,  1.251559116669E+02,  0.0289
     79352,      2293,  1.251552443351E+02,  0.0289
     79367,      2294,  1.251550347177E+02,  0.0289
     79376,      2295,  1.251548991414E+02,  0.0289
     79385,      2296,  1.251531213036E+02,  0.0289
     79412,      2297,  1.251527247304E+02,  0.0289
     79418,      2298,  1.251524777233E+02,  0.0289
     79465,      2299,  1.251524140794E+02,  0.0289
     79518,      2300,  1.251522064685E+02,  0.0289
     79702,      2301,  1.251519197408E+02,  0.0289
     79824,      2302,  1.251517344243E+02,  0.0288
     79882,      2303,  1.251516123809E+02,  0.0288
     79920,      2304,  1.251515063894E+02,  0.0288
     79921,      2305,  1.251515032678E+02,  0.0288
     79947,      2306,  1.251513172616E+02,  0.0288
     80035,      2307,  1.251512233747E+02,  0.0288
     80072,      2308,  1.251512077337E+02,  0.0288
     80211,      2309,  1.251510161899E+02,  0.0288
     80245,      2310,  1.251509963336E+02,  0.0288
     80276,      2311,  1.251509273643E+02,  0.0288
     80292,      2312,  1.251505779554E+02,  0.0288
     80386,      2313,  1.251505065851E+02,  0.0288
     80406,      2314,  1.251504323169E+02,  0.0288
     80439,      2315,  1.251502087654E+02,  0.0288
     80450,      2316,  1.251500936566E+02,  0.0288
     80505,      2317,  1.251499131869E+02,  0.0288
     80521,      2318,  1.251498320371E+02,  0.0288
     80528,      2319,  1.251496807142E+02,  0.0288
     80660,      2320,  1.251494201467E+02,  0.0288
     80685,      2321,  1.251492058582E+02,  0.0288
     80698,      2322,  1.251490252965E+02,  0.0288
     80797,      2323,  1.251488165117E+02,  0.0288
     80828,      2324,  1.251485149560E+02,  0.0288
     80876,      2325,  1.251481807619E+02,  0.0287
     80917,      2326,  1.251480484000E+02,  0.0287
     81036,      2327,  1.251479834236E+02,  0.0287
     81157,      2328,  1.251479039895E+02,  0.0287
     81232,      2329,  1.251478878587E+02,  0.0287
     81362,      2330,  1.251477586021E+02,  0.0286
     81514,      2331,  1.251477325806E+02,  0.0286
     81618,      2332,  1.251476041092E+02,  0.0286
     81623,      2333,  1.251475316426E+02,  0.0286
     81626,      2334,  1.251475144138E+02,  0.0286
     81655,      2335,  1.251470347342E+02,  0.0286
     81665,      2336,  1.251468794001E+02,  0.0286
     81711,      2337,  1.251467925170E+02,  0.0286
     81760,      2338,  1.251467063522E+02,  0.0286
     81913,      2339,  1.251466621052E+02,  0.0286
     81980,      2340,  1.251466535517E+02,  0.0285
     81984,      2341,  1.251466469248E+02,  0.0286
     82046,      2342,  1.251465609001E+02,  0.0285
     82132,      2343,  1.251465383403E+02,  0.0285
     82154,      2344,  1.251464656406E+02,  0.0285
     82165,      2345,  1.251464289417E+02,  0.0285
     82451,      2346,  1.251463785460E+02,  0.0285
     82567,      2347,  1.251462679815E+02,  0.0284
     82607,      2348,  1.251460655762E+02,  0.0284
     82871,      2349,  1.251459570698E+02,  0.0283
     82971,      2350,  1.251459446755E+02,  0.0283
     83034,      2351,  1.251459362041E+02,  0.0283
     83062,      2352,  1.251458337141E+02,  0.0283
     83121,      2353,  1.251458288216E+02,  0.0283
     83161,      2354,  1.251455419429E+02,  0.0283
     83191,      2355,  1.251447761839E+02,  0.0283
     83286,      2356,  1.251446044390E+02,  0.0283
     83398,      2357,  1.251444794666E+02,  0.0283
     83446,      2358,  1.251444472523E+02,  0.0283
     83462,      2359,  1.251444158983E+02,  0.0283
     83566,      2360,  1.251443892617E+02,  0.0282
     83578,      2361,  1.251443373605E+02,  0.0282
     83788,      2362,  1.251443238132E+02,  0.0282
     84208,      2363,  1.251442932429E+02,  0.0281
     84316,      2364,  1.251442921146E+02,  0.0280
     84439,      2365,  1.251442168650E+02,  0.0280
     84472,      2366,  1.251441722834E+02,  0.0280
     84587,      2367,  1.251439308662E+02,  0.0280
     84592,      2368,  1.251439236429E+02,  0.0280
     84642,      2369,  1.251438855582E+02,  0.0280
     84704,      2370,  1.251437316257E+02,  0.0280
     84875,      2371,  1.251436997260E+02,  0.0279
     85064,      2372,  1.251436976810E+02,  0.0279
     85104,      2373,  1.251436585663E+02,  0.0279
     85105,      2374,  1.251425017686E+02,  0.0279
     85199,      2375,  1.251424121882E+02,  0.0279
     85255,      2376,  1.251419786917E+02,  0.0279
     85392,      2377,  1.251419769288E+02,  0.0278
     85394,      2378,  1.251419670409E+02,  0.0278
     85431,      2379,  1.251417673473E+02,  0.0278
     85723,      2380,  1.251417522533E+02,  0.0278
     85734,      2381,  1.251416881032E+02,  0.0278
     86020,      2382,  1.251416168155E+02,  0.0277
     86151,      2383,  1.251415841353E+02,  0.0277
     86154,      2384,  1.251415458865E+02,  0.0277
     86168,      2385,  1.251412870032E+02,  0.0277
     86192,      2386,  1.251412077083E+02,  0.0277
     86296,      2387,  1.251411224345E+02,  0.0277
     86953,      2388,  1.251411213443E+02,  0.0275
     87079,      2389,  1.251411027659E+02,  0.0274
     87116,      2390,  1.251410802849E+02,  0.0274
     87249,      2391,  1.251409604976E+02,  0.0274
     87252,      2392,  1.251409283900E+02,  0.0274
     88052,      2393,  1.251409152721E+02,  0.0272
     88141,      2394,  1.251408899702E+02,  0.0272
     88829,      2395,  1.251408483651E+02,  0.0270
     89087,      2396,  1.251408404625E+02,  0.0269
     89541,      2397,  1.251408216508E+02,  0.0268
     89649,      2398,  1.251407951526E+02,  0.0267
     89830,      2399,  1.251407434523E+02,  0.0267
     90378,      2400,  1.251407243497E+02,  0.0266
     90543,      2401,  1.251407080348E+02,  0.0265
     91030,      2402,  1.251406959483E+02,  0.0264
     91273,      2403,  1.251406816395E+02,  0.0263
     91334,      2404,  1.251406615092E+02,  0.0263
     92087,      2405,  1.251406415377E+02,  0.0261
     92313,      2406,  1.251406289950E+02,  0.0261
     92557,      2407,  1.251406060145E+02,  0.0260
     92563,      2408,  1.251406007540E+02,  0.0260
     92579,      2409,  1.251402415385E+02,  0.0260
     92628,      2410,  1.251402341235E+02,  0.0260
     92808,      2411,  1.251402165137E+02,  0.0260
     92978,      2412,  1.251401846857E+02,  0.0259
     93650,      2413,  1.251401095584E+02,  0.0258
     93766,      2414,  1.251401080842E+02,  0.0257
     93808,      2415,  1.251400995990E+02,  0.0257
     93875,      2416,  1.251400859295E+02,  0.0257
     94081,      2417,  1.251400717371E+02,  0.0257
     94403,      2418,  1.251400582380E+02,  0.0256
     94428,      2419,  1.251400440205E+02,  0.0256
     95340,      2420,  1.251400097875E+02,  0.0254
     95433,      2421,  1.251399754971E+02,  0.0254
     96683,      2422,  1.251390519061E+02,  0.0251
     96887,      2423,  1.251390379378E+02,  0.0250
     97000,      2424,  1.251390337060E+02,  0.0250
     97099,      2425,  1.251390066087E+02,  0.0250
     97163,      2426,  1.251389959461E+02,  0.0250
     97812,      2427,  1.251389870632E+02,  0.0248
     98309,      2428,  1.251389805030E+02,  0.0247
     99201,      2429,  1.251386459915E+02,  0.0245
     99366,      2430,  1.251386324722E+02,  0.0245
     99472,      2431,  1.251385651765E+02,  0.0244
     99485,      2432,  1.251385649154E+02,  0.0244
     99644,      2433,  1.251385545731E+02,  0.0244
     99774,      2434,  1.251384675070E+02,  0.0244
     99846,      2435,  1.251381005853E+02,  0.0244
    100006,      2436,  1.251380973195E+02,  0.0244
    100314,      2437,  1.251380582540E+02,  0.0243
    100440,      2438,  1.251380456222E+02,  0.0243
    100957,      2439,  1.251380395317E+02,  0.0242
    101365,      2440,  1.251380280933E+02,  0.0241
    101868,      2441,  1.251380234880E+02,  0.0240
    102678,      2442,  1.251379951668E+02,  0.0238
    103319,      2443,  1.251379840645E+02,  0.0236
    103965,      2444,  1.251379052492E+02,  0.0235
    104337,      2445,  1.251378971016E+02,  0.0234
    104535,      2446,  1.251378924562E+02,  0.0234
    104707,      2447,  1.251378711771E+02,  0.0234
    104712,      2448,  1.251371344864E+02,  0.0234
    104970,      2449,  1.251371027572E+02,  0.0233
    105738,      2450,  1.251370804291E+02,  0.0232
    105909,      2451,  1.251370802422E+02,  0.0231
    106478,      2452,  1.251370636223E+02,  0.0230
    107238,      2453,  1.251370446673E+02,  0.0229
    107584,      2454,  1.251370396978E+02,  0.0228
    107915,      2455,  1.251369787888E+02,  0.0227
    108582,      2456,  1.251369613937E+02,  0.0226
    108673,      2457,  1.251369535026E+02,  0.0226
    109114,      2458,  1.251369530940E+02,  0.0225
    109738,      2459,  1.251369525202E+02,  0.0224
    110735,      2460,  1.251369446650E+02,  0.0222
    110763,      2461,  1.251369358506E+02,  0.0222
    110842,      2462,  1.251369334659E+02,  0.0222
    111230,      2463,  1.251369188949E+02,  0.0221
    112001,      2464,  1.251369071596E+02,  0.0220
    112262,      2465,  1.251369051142E+02,  0.0220
    113058,      2466,  1.251367204186E+02,  0.0218
    113168,      2467,  1.251367189349E+02,  0.0218
    113334,      2468,  1.251367076122E+02,  0.0218
    113801,      2469,  1.251366208691E+02,  0.0217
    114187,      2470,  1.251366074184E+02,  0.0216
    114419,      2471,  1.251360555145E+02,  0.0216
    114452,      2472,  1.251360406737E+02,  0.0216
    114798,      2473,  1.251360037263E+02,  0.0215
    115067,      2474,  1.251359993950E+02,  0.0215
    115325,      2475,  1.251359922253E+02,  0.0215
    115499,      2476,  1.251359850124E+02,  0.0214
    115926,      2477,  1.251359816419E+02,  0.0214
    116233,      2478,  1.251359547731E+02,  0.0213
    116337,      2479,  1.251354598194E+02,  0.0213
    116390,      2480,  1.251352160061E+02,  0.0213
    116453,      2481,  1.251352125397E+02,  0.0213
    116729,      2482,  1.251352059377E+02,  0.0213
    116886,      2483,  1.251351940763E+02,  0.0212
    117066,      2484,  1.251351833890E+02,  0.0212
    117130,      2485,  1.251351112897E+02,  0.0212
    117260,      2486,  1.251340851260E+02,  0.0212
    118988,      2487,  1.251340802883E+02,  0.0209
    119282,      2488,  1.251336049251E+02,  0.0209
    119894,      2489,  1.251335652715E+02,  0.0208
    120045,      2490,  1.251335621011E+02,  0.0207
    120230,      2491,  1.251335447830E+02,  0.0207
    120737,      2492,  1.251335266572E+02,  0.0206
    121073,      2493,  1.251334741579E+02,  0.0206
    121164,      2494,  1.251334728424E+02,  0.0206
    121242,      2495,  1.251321633506E+02,  0.0206
    121508,      2496,  1.251321387665E+02,  0.0205
    121547,      2497,  1.251321165827E+02,  0.0205
    121620,      2498,  1.251321020298E+02,  0.0205
    122803,      2499,  1.251320709961E+02,  0.0203
    122876,      2500,  1.251320632615E+02,  0.0203
    122886,      2501,  1.251320375114E+02,  0.0204
    122910,      2502,  1.251294766299E+02,  0.0204
    123066,      2503,  1.251294731317E+02,  0.0203
    123880,      2504,  1.251294723042E+02,  0.0202
    124152,      2505,  1.251294669668E+02,  0.0202
    124356,      2506,  1.251287297754E+02,  0.0202
    124536,      2507,  1.251287235496E+02,  0.0201
    124611,      2508,  1.251287211019E+02,  0.0201
    125195,      2509,  1.251287208706E+02,  0.0200
    125324,      2510,  1.251287084044E+02,  0.0200
    126476,      2511,  1.251287012158E+02,  0.0199
    126837,      2512,  1.251284835913E+02,  0.0198
    127019,      2513,  1.251284644731E+02,  0.0198
    127492,      2514,  1.251284625898E+02,  0.0197
    127871,      2515,  1.251284289616E+02,  0.0197
    128096,      2516,  1.251284259189E+02,  0.0196
    129016,      2517,  1.251284230045E+02,  0.0195
    129227,      2518,  1.251284064928E+02,  0.0195
    129513,      2519,  1.251283932029E+02,  0.0194
    130447,      2520,  1.251283907364E+02,  0.0193
    131544,      2521,  1.251283840274E+02,  0.0192
    131761,      2522,  1.251283827591E+02,  0.0191
    132830,      2523,  1.251283824450E+02,  0.0190
    133402,      2524,  1.251283788397E+02,  0.0189
    134395,      2525,  1.251282058057E+02,  0.0188
    134885,      2526,  1.251281948438E+02,  0.0187
    135526,      2527,  1.251281793532E+02,  0.0186
    136172,      2528,  1.251281663708E+02,  0.0186
    136183,      2529,  1.251281585722E+02,  0.0186
    137395,      2530,  1.251281583054E+02,  0.0184
    138481,      2531,  1.251281481482E+02,  0.0183
    138546,      2532,  1.251279295938E+02,  0.0183
    138908,      2533,  1.251279164478E+02,  0.0182
    139584,      2534,  1.251278893519E+02,  0.0182
    140194,      2535,  1.251275292451E+02,  0.0181
    141642,      2536,  1.251275244827E+02,  0.0179
    141957,      2537,  1.251258756502E+02,  0.0179
    142154,      2538,  1.251258491343E+02,  0.0179
    142552,      2539,  1.251258256122E+02,  0.0178
    142942,      2540,  1.251258185927E+02,  0.0178
    142956,      2541,  1.251249814110E+02,  0.0178
    143089,      2542,  1.251249812600E+02,  0.0178
    143416,      2543,  1.251249610592E+02,  0.0177
    144355,      2544,  1.251249576118E+02,  0.0176
    144660,      2545,  1.251249569152E+02,  0.0176
    144726,      2546,  1.251243804718E+02,  0.0176
    145599,      2547,  1.251243730840E+02,  0.0175
    146065,      2548,  1.251243410924E+02,  0.0174
    146280,      2549,  1.251243409361E+02,  0.0174
    147025,      2550,  1.251243198395E+02,  0.0173
    148207,      2551,  1.251242922171E+02,  0.0172
    148827,      2552,  1.251242906026E+02,  0.0171
    149911,      2553,  1.251242885670E+02,  0.0170
    150411,      2554,  1.251242859214E+02,  0.0170
    151209,      2555,  1.251242668218E+02,  0.0169
    151745,      2556,  1.251242656780E+02,  0.0168
    151999,      2557,  1.251241621714E+02,  0.0168
    152630,      2558,  1.251241383568E+02,  0.0168
    154129,      2559,  1.251241374505E+02,  0.0166
    154950,      2560,  1.251241371033E+02,  0.0165
    155290,      2561,  1.251241296964E+02,  0.0165
    155380,      2562,  1.251241226491E+02,  0.0165
    155631,      2563,  1.251241203184E+02,  0.0165
    156980,      2564,  1.251241109189E+02,  0.0163
    158873,      2565,  1.251241022833E+02,  0.0161
    160213,      2566,  1.251236592469E+02,  0.0160
    160472,      2567,  1.251236529839E+02,  0.0160
    160616,      2568,  1.251235470142E+02,  0.0160
    160828,      2569,  1.251235466983E+02,  0.0160
    161572,      2570,  1.251235355649E+02,  0.0159
    162176,      2571,  1.251226216102E+02,  0.0159
    163419,      2572,  1.251226195095E+02,  0.0157
    163642,      2573,  1.251226169725E+02,  0.0157
    164133,      2574,  1.251225971531E+02,  0.0157
    164604,      2575,  1.251222429350E+02,  0.0156
    164729,      2576,  1.251222302897E+02,  0.0156
    165965,      2577,  1.251222294945E+02,  0.0155
    166232,      2578,  1.251222102413E+02,  0.0155
    167511,      2579,  1.251221961715E+02,  0.0154
    168121,      2580,  1.251217301812E+02,  0.0153
    168453,      2581,  1.251214204324E+02,  0.0153
    169418,      2582,  1.251211499394E+02,  0.0152
    169680,      2583,  1.251211484753E+02,  0.0152
    171024,      2584,  1.251211441628E+02,  0.0151
    171300,      2585,  1.251209406107E+02,  0.0151
    171942,      2586,  1.251209247120E+02,  0.0150
    172018,      2587,  1.251209243249E+02,  0.0150
    172170,      2588,  1.251209240951E+02,  0.0150
    173112,      2589,  1.251209225779E+02,  0.0150
    173852,      2590,  1.251186482197E+02,  0.0149
    175298,      2591,  1.251186478446E+02,  0.0148
    176869,      2592,  1.251186476027E+02,  0.0147
    177111,      2593,  1.251183828043E+02,  0.0146
    179292,      2594,  1.251183763116E+02,  0.0145
    180796,      2595,  1.251183700978E+02,  0.0144
    181174,      2596,  1.251178971837E+02,  0.0143
    181429,      2597,  1.251178802854E+02,  0.0143
    182217,      2598,  1.251178801894E+02,  0.0143
    182797,      2599,  1.251178770517E+02,  0.0142
    183759,      2600,  1.251178769972E+02,  0.0141
    185567,      2601,  1.251178743986E+02,  0.0140
    186434,      2602,  1.251178741281E+02,  0.0140
    188571,      2603,  1.251178526494E+02,  0.0138
    189650,      2604,  1.251178506756E+02,  0.0137
    190312,      2605,  1.251178446941E+02,  0.0137
    191034,      2606,  1.251178437002E+02,  0.0136
    191125,      2607,  1.251177985585E+02,  0.0136
    191595,      2608,  1.251177847772E+02,  0.0136
    192611,      2609,  1.251177847735E+02,  0.0135
    193321,      2610,  1.251177846752E+02,  0.0135
    193501,      2611,  1.251177804378E+02,  0.0135
    194566,      2612,  1.251177793825E+02,  0.0134
    194689,      2613,  1.251177763100E+02,  0.0134
    194701,      2614,  1.251177230450E+02,  0.0134
    196382,      2615,  1.251177123866E+02,  0.0133
    198794,      2616,  1.251177107316E+02,  0.0132
    201914,      2617,  1.251177099825E+02,  0.0130
    202143,      2618,  1.251175314452E+02,  0.0130
    205097,      2619,  1.251175307437E+02,  0.0128
    209478,      2620,  1.251175282517E+02,  0.0125
    209732,      2621,  1.251175260176E+02,  0.0125
    210502,      2622,  1.251174616475E+02,  0.0125
    212849,      2623,  1.251174577606E+02,  0.0123
    213548,      2624,  1.251174548540E+02,  0.0123
    214497,      2625,  1.251174503376E+02,  0.0122
    215161,      2626,  1.251174471679E+02,  0.0122
    217902,      2627,  1.251174461915E+02,  0.0121
    220740,      2628,  1.251174395284E+02,  0.0119
    224429,      2629,  1.251174242997E+02,  0.0117
    225057,      2630,  1.251174239683E+02,  0.0117
    225344,      2631,  1.251174161180E+02,  0.0117
    226082,      2632,  1.251174108647E+02,  0.0116
    226712,      2633,  1.251174092087E+02,  0.0116
    227057,      2634,  1.251173961947E+02,  0.0116
    231821,      2635,  1.251173871605E+02,  0.0114
    232529,      2636,  1.251173824307E+02,  0.0113
    235106,      2637,  1.251173796873E+02,  0.0112
    236943,      2638,  1.251173663038E+02,  0.0111
    239117,      2639,  1.251173612978E+02,  0.0110
    246720,      2640,  1.251173599467E+02,  0.0107
    247587,      2641,  1.251173585297E+02,  0.0107
    247784,      2642,  1.251173582197E+02,  0.0107
    250168,      2643,  1.251173580205E+02,  0.0106
    257075,      2644,  1.251173560296E+02,  0.0103
    257870,      2645,  1.251171224249E+02,  0.0103
    258709,      2646,  1.251171214421E+02,  0.0102
    259119,      2647,  1.251169824030E+02,  0.0102
    261447,      2648,  1.251169730776E+02,  0.0101
    261919,      2649,  1.251169674441E+02,  0.0101
    262101,      2650,  1.251167125618E+02,  0.0101
    263590,      2651,  1.251167061415E+02,  0.0101
    263777,      2652,  1.251167060191E+02,  0.0101
    264826,      2653,  1.251164036116E+02,  0.0100
    266916,      2654,  1.251164027066E+02,  0.0099
    267052,      2655,  1.251163970192E+02,  0.0099
    268641,      2656,  1.251163924104E+02,  0.0099
    270682,      2657,  1.251161072856E+02,  0.0098
    270744,      2658,  1.251160969644E+02,  0.0098
    277626,      2659,  1.251160958643E+02,  0.0096
    281346,      2660,  1.251160947998E+02,  0.0095
    285041,      2661,  1.251160939376E+02,  0.0093
    294914,      2662,  1.251158526690E+02,  0.0090
    295979,      2663,  1.251157459994E+02,  0.0090
    296270,      2664,  1.251157431864E+02,  0.0090
    296577,      2665,  1.251157424096E+02,  0.0090
    299084,      2666,  1.251157411139E+02,  0.0089
    299098,      2667,  1.251157404823E+02,  0.0089
    301674,      2668,  1.251157401073E+02,  0.0088
    301918,      2669,  1.251157376386E+02,  0.0088
    303088,      2670,  1.251156592141E+02,  0.0088
    304981,      2671,  1.251156569237E+02,  0.0088
    305155,      2672,  1.251156568706E+02,  0.0088
    307805,      2673,  1.251156500932E+02,  0.0087
    308054,      2674,  1.251152824072E+02,  0.0087
    308838,      2675,  1.251152795586E+02,  0.0087
    309759,      2676,  1.251151670735E+02,  0.0086
    311169,      2677,  1.251151609627E+02,  0.0086
    311326,      2678,  1.251151492780E+02,  0.0086
    311361,      2679,  1.251151412884E+02,  0.0086
    312175,      2680,  1.251151388266E+02,  0.0086
    313116,      2681,  1.251151387442E+02,  0.0086
    318113,      2682,  1.251151355316E+02,  0.0084
    318559,      2683,  1.251151291487E+02,  0.0084
    319060,      2684,  1.251151269199E+02,  0.0084
    319251,      2685,  1.251150579597E+02,  0.0084
    319870,      2686,  1.251150563240E+02,  0.0084
    319956,      2687,  1.251150533736E+02,  0.0084
    320947,      2688,  1.251150533496E+02,  0.0084
    327190,      2689,  1.251150524414E+02,  0.0082
    328699,      2690,  1.251150523469E+02,  0.0082
    330510,      2691,  1.251150503208E+02,  0.0081
    331116,      2692,  1.251150465113E+02,  0.0081
    336041,      2693,  1.251150436173E+02,  0.0080
    340416,      2694,  1.251150388666E+02,  0.0079
    342805,      2695,  1.251150375612E+02,  0.0079
    343971,      2696,  1.251150356379E+02,  0.0078
    344979,      2697,  1.251150331695E+02,  0.0078
    350181,      2698,  1.251150293313E+02,  0.0077
    350307,      2699,  1.251150258267E+02,  0.0077
    351477,      2700,  1.251150257528E+02,  0.0077
    358288,      2701,  1.251150246102E+02,  0.0075
    358391,      2702,  1.251150230651E+02,  0.0075
    358620,      2703,  1.251150226291E+02,  0.0075
    361101,      2704,  1.251150206242E+02,  0.0075
    367712,      2705,  1.251148710452E+02,  0.0074
    368764,      2706,  1.251147516795E+02,  0.0073
    370561,      2707,  1.251147374923E+02,  0.0073
    370616,      2708,  1.251147373978E+02,  0.0073
    372733,      2709,  1.251147373703E+02,  0.0073
    377538,      2710,  1.251147371824E+02,  0.0072
    378788,      2711,  1.251147363683E+02,  0.0072
    383306,      2712,  1.251147326233E+02,  0.0071
    391743,      2713,  1.251147315256E+02,  0.0069
    394162,      2714,  1.251146611835E+02,  0.0069
    400265,      2715,  1.251146576575E+02,  0.0068
    402369,      2716,  1.251146574519E+02,  0.0068
    406558,      2717,  1.251146548636E+02,  0.0067
    408337,      2718,  1.251146544046E+02,  0.0067
    408930,      2719,  1.251146485940E+02,  0.0066
    416446,      2720,  1.251146475487E+02,  0.0065
    422394,      2721,  1.251146473166E+02,  0.0064
    425066,      2722,  1.251144534363E+02,  0.0064
    425828,      2723,  1.251144532757E+02,  0.0064
    430279,      2724,  1.251144262265E+02,  0.0063
    439810,      2725,  1.251143579180E+02,  0.0062
    441484,      2726,  1.251143577751E+02,  0.0062
    443942,      2727,  1.251143564220E+02,  0.0061
    446209,      2728,  1.251139038006E+02,  0.0061
    462114,      2729,  1.251138288427E+02,  0.0059
    463129,      2730,  1.251138255403E+02,  0.0059
    463579,      2731,  1.251138237452E+02,  0.0059
    464199,      2732,  1.251138236151E+02,  0.0059
    470010,      2733,  1.251138231141E+02,  0.0058
    471484,      2734,  1.251138207923E+02,  0.0058
    472074,      2735,  1.251138182297E+02,  0.0058
    473023,      2736,  1.251136577998E+02,  0.0058
    473875,      2737,  1.251136577595E+02,  0.0058
    478327,      2738,  1.251136569891E+02,  0.0057
    478630,      2739,  1.251136557824E+02,  0.0057
    479595,      2740,  1.251136492400E+02,  0.0057
    480435,      2741,  1.251136478413E+02,  0.0057
    483071,      2742,  1.251136444665E+02,  0.0057
    486018,      2743,  1.251136039228E+02,  0.0056
    489564,      2744,  1.251136032972E+02,  0.0056
    490746,      2745,  1.251136029758E+02,  0.0056
    493843,      2746,  1.251136029001E+02,  0.0056
    498316,      2747,  1.251136004997E+02,  0.0055
