iteration,accepted_count,energy,acceptance_rate
         0,         0,  1.700480942698E+02,  0.0000
         2,         1,  1.700041164634E+02,  0.5000
         3,         2,  1.696584194248E+02,  0.6667
         5,         3,  1.696125220592E+02,  0.6000
         8,         4,  1.695728788219E+02,  0.5000
        11,         5,  1.695685845337E+02,  0.4545
        13,         6,  1.695088274000E+02,  0.4615
        14,         7,  1.692981752768E+02,  0.5000
        19,         8,  1.691828731982E+02,  0.4211
        20,         9,  1.690470206777E+02,  0.4500
        21,        10,  1.689202241439E+02,  0.4762
        23,        11,  1.688691199721E+02,  0.4783
        24,        12,  1.687929147813E+02,  0.5000
        25,        13,  1.685890594088E+02,  0.5200
        28,        14,  1.685608927501E+02,  0.5000
        31,        15,  1.684474436499E+02,  0.4839
        32,        16,  1.682145300186E+02,  0.5000
        33,        17,  1.681732478235E+02,  0.5152
        34,        18,  1.679087190086E+02,  0.5294
        40,        19,  1.677469099118E+02,  0.4750
        42,        20,  1.676120343093E+02,  0.4762
        47,        21,  1.675580776483E+02,  0.4468
        48,        22,  1.675470510960E+02,  0.4583
        50,        23,  1.675189395732E+02,  0.4600
        52,        24,  1.674360924528E+02,  0.4615
        54,        25,  1.674112782291E+02,  0.4630
        55,        26,  1.673567446072E+02,  0.4727
        56,        27,  1.672136058287E+02,  0.4821
        60,        28,  1.671872339890E+02,  0.4667
        61,        29,  1.671293307854E+02,  0.4754
        62,        30,  1.670125666436E+02,  0.4839
        63,        31,  1.669674542869E+02,  0.4921
        64,        32,  1.668598511064E+02,  0.5000
        67,        33,  1.668489914709E+02,  0.4925
        69,        34,  1.668003765440E+02,  0.4928
        73,        35,  1.665430713218E+02,  0.4795
        74,        36,  1.665229343770E+02,  0.4865
        78,        37,  1.664660936414E+02,  0.4744
        80,        38,  1.664421110259E+02,  0.4750
        81,        39,  1.663871526181E+02,  0.4815
        85,        40,  1.663774555809E+02,  0.4706
        86,        41,  1.654817342497E+02,  0.4767
        87,        42,  1.654719617732E+02,  0.4828
        89,        43,  1.652345410511E+02,  0.4831
        90,        44,  1.652206747245E+02,  0.4889
        91,        45,  1.651838484745E+02,  0.4945
        92,        46,  1.651364352088E+02,  0.5000
        97,        47,  1.644868562607E+02,  0.4845
       100,        48,  1.644372224642E+02,  0.4800
       101,        49,  1.644343806767E+02,  0.4851
       104,        50,  1.642590743281E+02,  0.4808
       109,        51,  1.641326956693E+02,  0.4679
       110,        52,  1.640892672157E+02,  0.4727
       112,        53,  1.639010066171E+02,  0.4732
       114,        54,  1.637961909487E+02,  0.4737
       115,        55,  1.637632369674E+02,  0.4783
       116,        56,  1.637203020995E+02,  0.4828
       118,        57,  1.636863368282E+02,  0.4831
       124,        58,  1.636714365696E+02,  0.4677
       125,        59,  1.634752772391E+02,  0.4720
       129,        60,  1.634280575727E+02,  0.4651
       131,        61,  1.634209336094E+02,  0.4656
       138,        62,  1.633139799693E+02,  0.4493
       142,        63,  1.631984378212E+02,  0.4437
       144,        64,  1.631648558126E+02,  0.4444
       147,        65,  1.631216623802E+02,  0.4422
       148,        66,  1.630938675015E+02,  0.4459
       149,        67,  1.629312113273E+02,  0.4497
       153,        68,  1.629223868026E+02,  0.4444
       154,        69,  1.628967313823E+02,  0.4481
       157,        70,  1.628272941762E+02,  0.4459
       158,        71,  1.626747217596E+02,  0.4494
       159,        72,  1.626412574385E+02,  0.4528
       161,        73,  1.626166359330E+02,  0.4534
       162,        74,  1.625496331213E+02,  0.4568
       163,        75,  1.625363221457E+02,  0.4601
       164,        76,  1.624062036139E+02,  0.4634
       165,        77,  1.620673259319E+02,  0.4667
       166,        78,  1.620632641645E+02,  0.4699
       167,        79,  1.620502158293E+02,  0.4731
       168,        80,  1.620343667267E+02,  0.4762
       169,        81,  1.620228683429E+02,  0.4793
       172,        82,  1.619932979890E+02,  0.4767
       177,        83,  1.619468958943E+02,  0.4689
       178,        84,  1.619279030009E+02,  0.4719
       180,        85,  1.610391872044E+02,  0.4722
       185,        86,  1.610336344966E+02,  0.4649
       186,        87,  1.610199059608E+02,  0.4677
       187,        88,  1.609301510334E+02,  0.4706
       188,        89,  1.609231869353E+02,  0.4734
       191,        90,  1.609180450305E+02,  0.4712
       198,        91,  1.607468353135E+02,  0.4596
       200,        92,  1.605804187691E+02,  0.4600
       202,        93,  1.605635045329E+02,  0.4604
       203,        94,  1.605372438297E+02,  0.4631
       205,        95,  1.602430594305E+02,  0.4634
       206,        96,  1.601842133462E+02,  0.4660
       207,        97,  1.601416964325E+02,  0.4686
       211,        98,  1.600614677709E+02,  0.4645
       220,        99,  1.599109425722E+02,  0.4500
       221,       100,  1.598841628115E+02,  0.4525
       222,       101,  1.598641121066E+02,  0.4550
       225,       102,  1.598336081539E+02,  0.4533
       228,       103,  1.597238690509E+02,  0.4518
       229,       104,  1.595491731810E+02,  0.4541
       230,       105,  1.595231599122E+02,  0.4565
       231,       106,  1.594927398810E+02,  0.4589
       233,       107,  1.594576153450E+02,  0.4592
       235,       108,  1.593958303812E+02,  0.4596
       236,       109,  1.590266106289E+02,  0.4619
       237,       110,  1.589570466326E+02,  0.4641
       239,       111,  1.589368959113E+02,  0.4644
       240,       112,  1.589024103222E+02,  0.4667
       242,       113,  1.588968867088E+02,  0.4669
       243,       114,  1.588939720457E+02,  0.4691
       246,       115,  1.588909792263E+02,  0.4675
       247,       116,  1.588721042062E+02,  0.4696
       252,       117,  1.587380766638E+02,  0.4643
       254,       118,  1.587044484531E+02,  0.4646
       255,       119,  1.586702023950E+02,  0.4667
       257,       120,  1.586658615219E+02,  0.4669
       258,       121,  1.586608540327E+02,  0.4690
       263,       122,  1.586356754397E+02,  0.4639
       265,       123,  1.585542213041E+02,  0.4642
       266,       124,  1.585127651628E+02,  0.4662
       274,       125,  1.581900201314E+02,  0.4562
       276,       126,  1.581473915879E+02,  0.4565
       277,       127,  1.580811223723E+02,  0.4585
       278,       128,  1.580785826141E+02,  0.4604
       279,       129,  1.580148917373E+02,  0.4624
       280,       130,  1.579927981048E+02,  0.4643
       281,       131,  1.579754926997E+02,  0.4662
       282,       132,  1.579439951707E+02,  0.4681
       286,       133,  1.578608182579E+02,  0.4650
       287,       134,  1.578227482993E+02,  0.4669
       288,       135,  1.578153387813E+02,  0.4688
       294,       136,  1.577772823563E+02,  0.4626
       295,       137,  1.577770894677E+02,  0.4644
       296,       138,  1.577386553831E+02,  0.4662
       297,       139,  1.576909273944E+02,  0.4680
       299,       140,  1.576801100252E+02,  0.4682
       301,       141,  1.576493479445E+02,  0.4684
       304,       142,  1.576226729436E+02,  0.4671
       307,       143,  1.576210693962E+02,  0.4658
       309,       144,  1.575813497149E+02,  0.4660
       311,       145,  1.575667908044E+02,  0.4662
       313,       146,  1.574179081335E+02,  0.4665
       314,       147,  1.573569089216E+02,  0.4682
       322,       148,  1.573516223867E+02,  0.4596
       330,       149,  1.571922510407E+02,  0.4515
       331,       150,  1.571805940915E+02,  0.4532
       332,       151,  1.571261791897E+02,  0.4548
       334,       152,  1.571110650889E+02,  0.4551
       337,       153,  1.570511337446E+02,  0.4540
       339,       154,  1.569375466258E+02,  0.4543
       340,       155,  1.569077320741E+02,  0.4559
       346,       156,  1.569020568382E+02,  0.4509
       348,       157,  1.566138264796E+02,  0.4511
       349,       158,  1.565857955746E+02,  0.4527
       357,       159,  1.565765461190E+02,  0.4454
       358,       160,  1.565008540130E+02,  0.4469
       363,       161,  1.564637043152E+02,  0.4435
       366,       162,  1.563524373439E+02,  0.4426
       375,       163,  1.562987795222E+02,  0.4347
       379,       164,  1.562093608536E+02,  0.4327
       381,       165,  1.562074336657E+02,  0.4331
       383,       166,  1.561087329359E+02,  0.4334
       384,       167,  1.560645233084E+02,  0.4349
       386,       168,  1.560617532416E+02,  0.4352
       388,       169,  1.560428493728E+02,  0.4356
       391,       170,  1.560258429263E+02,  0.4348
       393,       171,  1.560189629618E+02,  0.4351
       394,       172,  1.559910796748E+02,  0.4365
       396,       173,  1.559640305110E+02,  0.4369
       398,       174,  1.559455300992E+02,  0.4372
       400,       175,  1.558719722487E+02,  0.4375
       402,       176,  1.558380487030E+02,  0.4378
       403,       177,  1.555524729252E+02,  0.4392
       405,       178,  1.555045967015E+02,  0.4395
       408,       179,  1.552825250908E+02,  0.4387
       415,       180,  1.552681892533E+02,  0.4337
       416,       181,  1.552560573724E+02,  0.4351
       421,       182,  1.552023729643E+02,  0.4323
       422,       183,  1.551890064020E+02,  0.4336
       426,       184,  1.550661419777E+02,  0.4319
       428,       185,  1.550453354478E+02,  0.4322
       429,       186,  1.550363926920E+02,  0.4336
       431,       187,  1.550336729436E+02,  0.4339
       434,       188,  1.549975102365E+02,  0.4332
       438,       189,  1.548085950772E+02,  0.4315
       440,       190,  1.547721099915E+02,  0.4318
       443,       191,  1.547093094918E+02,  0.4312
       447,       192,  1.546937625599E+02,  0.4295
       449,       193,  1.546126964482E+02,  0.4298
       450,       194,  1.545506317901E+02,  0.4311
       453,       195,  1.545500203825E+02,  0.4305
       458,       196,  1.545384482146E+02,  0.4279
       459,       197,  1.545160097484E+02,  0.4292
       460,       198,  1.544836520212E+02,  0.4304
       465,       199,  1.544320282113E+02,  0.4280
       466,       200,  1.544040321763E+02,  0.4292
       467,       201,  1.543275534815E+02,  0.4304
       468,       202,  1.543013624378E+02,  0.4316
       469,       203,  1.542872518003E+02,  0.4328
       474,       204,  1.540942795907E+02,  0.4304
       479,       205,  1.540154613714E+02,  0.4280
       482,       206,  1.540037544223E+02,  0.4274
       484,       207,  1.539916276841E+02,  0.4277
       488,       208,  1.539737870741E+02,  0.4262
       491,       209,  1.539615767672E+02,  0.4257
       492,       210,  1.537866343185E+02,  0.4268
       497,       211,  1.537812182983E+02,  0.4245
       499,       212,  1.537789256266E+02,  0.4248
       502,       213,  1.537399947377E+02,  0.4243
       506,       214,  1.535646134525E+02,  0.4229
       507,       215,  1.534997473977E+02,  0.4241
       509,       216,  1.534920840053E+02,  0.4244
       512,       217,  1.533973662007E+02,  0.4238
       513,       218,  1.533824691457E+02,  0.4250
       515,       219,  1.532751059420E+02,  0.4252
       516,       220,  1.532359092057E+02,  0.4264
       517,       221,  1.532136306921E+02,  0.4275
       521,       222,  1.531980687423E+02,  0.4261
       522,       223,  1.530780234481E+02,  0.4272
       526,       224,  1.530421741262E+02,  0.4259
       527,       225,  1.528994664839E+02,  0.4269
       528,       226,  1.527313845836E+02,  0.4280
       530,       227,  1.527267537385E+02,  0.4283
       531,       228,  1.527256081625E+02,  0.4294
       532,       229,  1.527239020561E+02,  0.4305
       534,       230,  1.527029672007E+02,  0.4307
       535,       231,  1.526961166707E+02,  0.4318
       536,       232,  1.526854064169E+02,  0.4328
       538,       233,  1.526543088476E+02,  0.4331
       539,       234,  1.526280363747E+02,  0.4341
       541,       235,  1.525634564860E+02,  0.4344
       543,       236,  1.525511089194E+02,  0.4346
       545,       237,  1.524471772515E+02,  0.4349
       547,       238,  1.524385131490E+02,  0.4351
       548,       239,  1.524000250880E+02,  0.4361
       553,       240,  1.523996225859E+02,  0.4340
       554,       241,  1.523708723891E+02,  0.4350
       558,       242,  1.522754983859E+02,  0.4337
       559,       243,  1.522639680032E+02,  0.4347
       560,       244,  1.521338145993E+02,  0.4357
       561,       245,  1.521248386191E+02,  0.4367
       564,       246,  1.520622271717E+02,  0.4362
       565,       247,  1.520616131332E+02,  0.4372
       566,       248,  1.520490991174E+02,  0.4382
       569,       249,  1.520032915585E+02,  0.4376
       570,       250,  1.519731020505E+02,  0.4386
       575,       251,  1.519655888741E+02,  0.4365
       580,       252,  1.519555532195E+02,  0.4345
       589,       253,  1.519544228442E+02,  0.4295
       590,       254,  1.519056126848E+02,  0.4305
       592,       255,  1.518987310101E+02,  0.4307
       593,       256,  1.518498753586E+02,  0.4317
       595,       257,  1.517912574221E+02,  0.4319
       596,       258,  1.517446039555E+02,  0.4329
       601,       259,  1.517397143347E+02,  0.4309
       602,       260,  1.516827747183E+02,  0.4319
       607,       261,  1.516822341511E+02,  0.4300
       608,       262,  1.515762342129E+02,  0.4309
       609,       263,  1.515754607321E+02,  0.4319
       611,       264,  1.515536029791E+02,  0.4321
       618,       265,  1.515494289750E+02,  0.4288
       620,       266,  1.515463867562E+02,  0.4290
       621,       267,  1.515328637553E+02,  0.4300
       622,       268,  1.514837837121E+02,  0.4309
       623,       269,  1.513641259803E+02,  0.4318
       625,       270,  1.513464815964E+02,  0.4320
       634,       271,  1.513096472209E+02,  0.4274
       635,       272,  1.512373254932E+02,  0.4283
       637,       273,  1.512026687438E+02,  0.4286
       638,       274,  1.512014813489E+02,  0.4295
       639,       275,  1.511922340058E+02,  0.4304
       642,       276,  1.510478365734E+02,  0.4299
       644,       277,  1.510447459260E+02,  0.4301
       646,       278,  1.510432053331E+02,  0.4303
       647,       279,  1.510128420068E+02,  0.4312
       648,       280,  1.509758659495E+02,  0.4321
       651,       281,  1.509405459143E+02,  0.4316
       658,       282,  1.509194475288E+02,  0.4286
       663,       283,  1.508352747075E+02,  0.4268
       668,       284,  1.508346246737E+02,  0.4251
       671,       285,  1.508032991737E+02,  0.4247
       675,       286,  1.507981180129E+02,  0.4237
       676,       287,  1.507933212536E+02,  0.4246
       678,       288,  1.507357508078E+02,  0.4248
       681,       289,  1.507092597354E+02,  0.4244
       684,       290,  1.506544525552E+02,  0.4240
       685,       291,  1.505510603445E+02,  0.4248
       686,       292,  1.504654111276E+02,  0.4257
       687,       293,  1.504583320965E+02,  0.4265
       689,       294,  1.504283745991E+02,  0.4267
       690,       295,  1.503885013259E+02,  0.4275
       691,       296,  1.503615886810E+02,  0.4284
       692,       297,  1.502607798498E+02,  0.4292
       693,       298,  1.502462233206E+02,  0.4300
       696,       299,  1.502434711856E+02,  0.4296
       697,       300,  1.502351467079E+02,  0.4304
       699,       301,  1.501950828029E+02,  0.4306
       707,       302,  1.501010309888E+02,  0.4272
       708,       303,  1.501004298867E+02,  0.4280
       712,       304,  1.500802394242E+02,  0.4270
       713,       305,  1.499511041824E+02,  0.4278
       715,       306,  1.498228747243E+02,  0.4280
       719,       307,  1.497983294057E+02,  0.4270
       721,       308,  1.497812768340E+02,  0.4272
       722,       309,  1.497281246414E+02,  0.4280
       725,       310,  1.497082884784E+02,  0.4276
       726,       311,  1.496894924975E+02,  0.4284
       728,       312,  1.496751461247E+02,  0.4286
       729,       313,  1.496343152239E+02,  0.4294
       734,       314,  1.495671523275E+02,  0.4278
       738,       315,  1.495428318652E+02,  0.4268
       739,       316,  1.495128614190E+02,  0.4276
       741,       317,  1.495079229555E+02,  0.4278
       742,       318,  1.494566518381E+02,  0.4286
       744,       319,  1.494558388899E+02,  0.4288
       748,       320,  1.493868114918E+02,  0.4278
       753,       321,  1.493838900295E+02,  0.4263
       761,       322,  1.493093145186E+02,  0.4231
       764,       323,  1.493035109823E+02,  0.4228
       767,       324,  1.492677345730E+02,  0.4224
       768,       325,  1.492456331595E+02,  0.4232
       770,       326,  1.492306954002E+02,  0.4234
       771,       327,  1.492041911959E+02,  0.4241
       781,       328,  1.491065876233E+02,  0.4200
       783,       329,  1.490764136006E+02,  0.4202
       785,       330,  1.490626193892E+02,  0.4204
       789,       331,  1.490504165251E+02,  0.4195
       791,       332,  1.489773641568E+02,  0.4197
       792,       333,  1.489607170894E+02,  0.4205
       794,       334,  1.489303340171E+02,  0.4207
       797,       335,  1.487354062296E+02,  0.4203
       798,       336,  1.486319590299E+02,  0.4211
       799,       337,  1.486282492895E+02,  0.4218
       801,       338,  1.485886868000E+02,  0.4220
       802,       339,  1.485691152950E+02,  0.4227
       808,       340,  1.484148220146E+02,  0.4208
       810,       341,  1.484087790871E+02,  0.4210
       813,       342,  1.484019589808E+02,  0.4207
       821,       343,  1.483850686857E+02,  0.4178
       824,       344,  1.483392862130E+02,  0.4175
       828,       345,  1.482416804067E+02,  0.4167
       829,       346,  1.481040256975E+02,  0.4174
       830,       347,  1.480876668591E+02,  0.4181
       838,       348,  1.480557491654E+02,  0.4153
       841,       349,  1.480106571213E+02,  0.4150
       844,       350,  1.479982265218E+02,  0.4147
       845,       351,  1.479714746936E+02,  0.4154
       854,       352,  1.479686997189E+02,  0.4122
       858,       353,  1.479680737144E+02,  0.4114
       859,       354,  1.479234379133E+02,  0.4121
       860,       355,  1.479151966485E+02,  0.4128
       865,       356,  1.478392540114E+02,  0.4116
       867,       357,  1.478205076762E+02,  0.4118
       871,       358,  1.478191778460E+02,  0.4110
       874,       359,  1.477568939435E+02,  0.4108
       876,       360,  1.476479585616E+02,  0.4110
       882,       361,  1.476239138597E+02,  0.4093
       886,       362,  1.474721319739E+02,  0.4086
       889,       363,  1.474147580974E+02,  0.4083
       890,       364,  1.473660539982E+02,  0.4090
       891,       365,  1.473176364863E+02,  0.4097
       893,       366,  1.473126044500E+02,  0.4099
       894,       367,  1.472533220866E+02,  0.4105
       896,       368,  1.471930720984E+02,  0.4107
       899,       369,  1.471672296382E+02,  0.4105
       901,       370,  1.471035878719E+02,  0.4107
       908,       371,  1.471016802253E+02,  0.4086
       911,       372,  1.470977924779E+02,  0.4083
       913,       373,  1.469292446328E+02,  0.4085
       915,       374,  1.468679503725E+02,  0.4087
       920,       375,  1.468103521077E+02,  0.4076
       921,       376,  1.468028846891E+02,  0.4083
       922,       377,  1.467942875610E+02,  0.4089
       925,       378,  1.467151263159E+02,  0.4086
       926,       379,  1.466246565199E+02,  0.4093
       929,       380,  1.465733278716E+02,  0.4090
       933,       381,  1.465233407421E+02,  0.4084
       936,       382,  1.464709661143E+02,  0.4081
       937,       383,  1.464678989181E+02,  0.4088
       938,       384,  1.464364967383E+02,  0.4094
       941,       385,  1.463315622288E+02,  0.4091
       942,       386,  1.463305028449E+02,  0.4098
       945,       387,  1.463279346763E+02,  0.4095
       954,       388,  1.463116022716E+02,  0.4067
       957,       389,  1.462360707484E+02,  0.4065
       959,       390,  1.462160074259E+02,  0.4067
       961,       391,  1.461887655425E+02,  0.4069
       962,       392,  1.461883988063E+02,  0.4075
       963,       393,  1.461845273279E+02,  0.4081
       964,       394,  1.461784501396E+02,  0.4087
       968,       395,  1.461464780769E+02,  0.4081
       969,       396,  1.461415717932E+02,  0.4087
       970,       397,  1.461412488217E+02,  0.4093
       972,       398,  1.460863163754E+02,  0.4095
       975,       399,  1.460731391633E+02,  0.4092
       977,       400,  1.460698345811E+02,  0.4094
       979,       401,  1.460010894313E+02,  0.4096
       987,       402,  1.459791204150E+02,  0.4073
       992,       403,  1.459745457699E+02,  0.4062
       996,       404,  1.459080961374E+02,  0.4056
      1003,       405,  1.458742911614E+02,  0.4038
      1005,       406,  1.458732419591E+02,  0.4040
      1009,       407,  1.458537901455E+02,  0.4034
      1011,       408,  1.457276522203E+02,  0.4036
      1012,       409,  1.456951161420E+02,  0.4042
      1013,       410,  1.456549114839E+02,  0.4047
      1014,       411,  1.456496534317E+02,  0.4053
      1024,       412,  1.456487396504E+02,  0.4023
      1025,       413,  1.456281342605E+02,  0.4029
      1029,       414,  1.455556103242E+02,  0.4023
      1030,       415,  1.455354299592E+02,  0.4029
      1036,       416,  1.454860595334E+02,  0.4015
      1037,       417,  1.454802716311E+02,  0.4021
      1040,       418,  1.454430885439E+02,  0.4019
      1044,       419,  1.453141299621E+02,  0.4013
      1045,       420,  1.453073157676E+02,  0.4019
      1046,       421,  1.453023389217E+02,  0.4025
      1048,       422,  1.452987561386E+02,  0.4027
      1049,       423,  1.452449635398E+02,  0.4032
      1056,       424,  1.452428763976E+02,  0.4015
      1060,       425,  1.451988783633E+02,  0.4009
      1069,       426,  1.451819394177E+02,  0.3985
      1073,       427,  1.451565591064E+02,  0.3979
      1075,       428,  1.450991155102E+02,  0.3981
      1078,       429,  1.450913889385E+02,  0.3980
      1081,       430,  1.450750944935E+02,  0.3978
      1082,       431,  1.450145405803E+02,  0.3983
      1084,       432,  1.449087135694E+02,  0.3985
      1087,       433,  1.449031839606E+02,  0.3983
      1095,       434,  1.448796118881E+02,  0.3963
      1096,       435,  1.448117252459E+02,  0.3969
      1099,       436,  1.447747466685E+02,  0.3967
      1101,       437,  1.447695622500E+02,  0.3969
      1102,       438,  1.447674146980E+02,  0.3975
      1104,       439,  1.447476494450E+02,  0.3976
      1112,       440,  1.447474982598E+02,  0.3957
      1115,       441,  1.447277147363E+02,  0.3955
      1116,       442,  1.446772219945E+02,  0.3961
      1117,       443,  1.446767996089E+02,  0.3966
      1119,       444,  1.445817045056E+02,  0.3968
      1120,       445,  1.445439733237E+02,  0.3973
      1122,       446,  1.445356710253E+02,  0.3975
      1124,       447,  1.445346275446E+02,  0.3977
      1133,       448,  1.445167499156E+02,  0.3954
      1137,       449,  1.445107714070E+02,  0.3949
      1139,       450,  1.444832658800E+02,  0.3951
      1144,       451,  1.444012790386E+02,  0.3942
      1145,       452,  1.443750332667E+02,  0.3948
      1146,       453,  1.442872302555E+02,  0.3953
      1148,       454,  1.442488807580E+02,  0.3955
      1149,       455,  1.442430374884E+02,  0.3960
      1150,       456,  1.441602959138E+02,  0.3965
      1163,       457,  1.440562874283E+02,  0.3929
      1166,       458,  1.439625141583E+02,  0.3928
      1168,       459,  1.439615048395E+02,  0.3930
      1176,       460,  1.438958206598E+02,  0.3912
      1177,       461,  1.438832345054E+02,  0.3917
      1178,       462,  1.438756135130E+02,  0.3922
      1180,       463,  1.438628111387E+02,  0.3924
      1182,       464,  1.438607480761E+02,  0.3926
      1187,       465,  1.438573987547E+02,  0.3917
      1188,       466,  1.438139974405E+02,  0.3923
      1189,       467,  1.437315972975E+02,  0.3928
      1190,       468,  1.437226618980E+02,  0.3933
      1191,       469,  1.435640626097E+02,  0.3938
      1195,       470,  1.435604216315E+02,  0.3933
      1199,       471,  1.435350171815E+02,  0.3928
      1201,       472,  1.435131887018E+02,  0.3930
      1203,       473,  1.434965320142E+02,  0.3932
      1209,       474,  1.434114698942E+02,  0.3921
      1216,       475,  1.433814444645E+02,  0.3906
      1223,       476,  1.433609145818E+02,  0.3892
      1225,       477,  1.433327724351E+02,  0.3894
      1228,       478,  1.433314644468E+02,  0.3893
      1230,       479,  1.432873671691E+02,  0.3894
      1233,       480,  1.432775893939E+02,  0.3893
      1234,       481,  1.432670627522E+02,  0.3898
      1238,       482,  1.432535482075E+02,  0.3893
      1240,       483,  1.432258650318E+02,  0.3895
      1241,       484,  1.430077780205E+02,  0.3900
      1242,       485,  1.429695621997E+02,  0.3905
      1243,       486,  1.429610083523E+02,  0.3910
      1244,       487,  1.429160037097E+02,  0.3915
      1245,       488,  1.428946714860E+02,  0.3920
      1248,       489,  1.428710237822E+02,  0.3918
      1249,       490,  1.428677906041E+02,  0.3923
      1255,       491,  1.427488957580E+02,  0.3912
      1258,       492,  1.427459387954E+02,  0.3911
      1261,       493,  1.427169086253E+02,  0.3910
      1262,       494,  1.426926747771E+02,  0.3914
      1269,       495,  1.426832445817E+02,  0.3901
      1270,       496,  1.426354646393E+02,  0.3906
      1271,       497,  1.426230229132E+02,  0.3910
      1274,       498,  1.425888200192E+02,  0.3909
      1275,       499,  1.425709777543E+02,  0.3914
      1287,       500,  1.425360552117E+02,  0.3885
      1292,       501,  1.424153705044E+02,  0.3878
      1299,       502,  1.424104033426E+02,  0.3865
      1305,       503,  1.423927024071E+02,  0.3854
      1306,       504,  1.423816002422E+02,  0.3859
      1310,       505,  1.423520224416E+02,  0.3855
      1318,       506,  1.422208659652E+02,  0.3839
      1319,       507,  1.421715804867E+02,  0.3844
      1322,       508,  1.421511411364E+02,  0.3843
      1334,       509,  1.421346500655E+02,  0.3816
      1335,       510,  1.421325898752E+02,  0.3820
      1339,       511,  1.421064850688E+02,  0.3816
      1342,       512,  1.420916621658E+02,  0.3815
      1347,       513,  1.420206216912E+02,  0.3808
      1349,       514,  1.419664324614E+02,  0.3810
      1350,       515,  1.419639338607E+02,  0.3815
      1352,       516,  1.419477699565E+02,  0.3817
      1357,       517,  1.419292231184E+02,  0.3810
      1358,       518,  1.418846755667E+02,  0.3814
      1362,       519,  1.418328734311E+02,  0.3811
      1363,       520,  1.418316600775E+02,  0.3815
      1365,       521,  1.418316522652E+02,  0.3817
      1366,       522,  1.418223436551E+02,  0.3821
      1368,       523,  1.417963153887E+02,  0.3823
      1370,       524,  1.417404105913E+02,  0.3825
      1371,       525,  1.417360173717E+02,  0.3829
      1373,       526,  1.417191658222E+02,  0.3831
      1380,       527,  1.417071259343E+02,  0.3819
      1381,       528,  1.416314615852E+02,  0.3823
      1382,       529,  1.416181020879E+02,  0.3828
      1384,       530,  1.416070587661E+02,  0.3829
      1385,       531,  1.415592222683E+02,  0.3834
      1386,       532,  1.415582616555E+02,  0.3838
      1391,       533,  1.415323199702E+02,  0.3832
      1400,       534,  1.414885585790E+02,  0.3814
      1403,       535,  1.414299292900E+02,  0.3813
      1404,       536,  1.414162243510E+02,  0.3818
      1407,       537,  1.413598974465E+02,  0.3817
      1414,       538,  1.413445968774E+02,  0.3805
      1415,       539,  1.412648702117E+02,  0.3809
      1422,       540,  1.412632656542E+02,  0.3797
      1428,       541,  1.412553464296E+02,  0.3789
      1435,       542,  1.412123299916E+02,  0.3777
      1436,       543,  1.412118149867E+02,  0.3781
      1437,       544,  1.412050495074E+02,  0.3786
      1441,       545,  1.412050386847E+02,  0.3782
      1444,       546,  1.412010723102E+02,  0.3781
      1445,       547,  1.411216375697E+02,  0.3785
      1448,       548,  1.410895909145E+02,  0.3785
      1455,       549,  1.410873263825E+02,  0.3773
      1457,       550,  1.410705336893E+02,  0.3775
      1458,       551,  1.410378408356E+02,  0.3779
      1461,       552,  1.410377876759E+02,  0.3778
      1463,       553,  1.410370431024E+02,  0.3780
      1466,       554,  1.410299848078E+02,  0.3779
      1468,       555,  1.409311533610E+02,  0.3781
      1472,       556,  1.409221629849E+02,  0.3777
      1474,       557,  1.408932362216E+02,  0.3779
      1475,       558,  1.408736067154E+02,  0.3783
      1476,       559,  1.408339626517E+02,  0.3787
      1478,       560,  1.408110853113E+02,  0.3789
      1482,       561,  1.407978653430E+02,  0.3785
      1483,       562,  1.407910518979E+02,  0.3790
      1499,       563,  1.407588459146E+02,  0.3756
      1501,       564,  1.407528488760E+02,  0.3757
      1506,       565,  1.406866335161E+02,  0.3752
      1508,       566,  1.406545809964E+02,  0.3753
      1511,       567,  1.406326756749E+02,  0.3752
      1517,       568,  1.406299925958E+02,  0.3744
      1520,       569,  1.406077944651E+02,  0.3743
      1522,       570,  1.405758393444E+02,  0.3745
      1523,       571,  1.404187054389E+02,  0.3749
      1524,       572,  1.404146715499E+02,  0.3753
      1526,       573,  1.404109955917E+02,  0.3755
      1528,       574,  1.403946249287E+02,  0.3757
      1530,       575,  1.403922138328E+02,  0.3758
      1531,       576,  1.403885863129E+02,  0.3762
      1537,       577,  1.403862281515E+02,  0.3754
      1540,       578,  1.403105112673E+02,  0.3753
      1544,       579,  1.403088484391E+02,  0.3750
      1545,       580,  1.403024776323E+02,  0.3754
      1548,       581,  1.403016893711E+02,  0.3753
      1549,       582,  1.402650567011E+02,  0.3757
      1551,       583,  1.402616580980E+02,  0.3759
      1552,       584,  1.402295010140E+02,  0.3763
      1555,       585,  1.402151578013E+02,  0.3762
      1556,       586,  1.402096084544E+02,  0.3766
      1561,       587,  1.401831356081E+02,  0.3760
      1563,       588,  1.401787476458E+02,  0.3762
      1569,       589,  1.401639121064E+02,  0.3754
      1570,       590,  1.401439415935E+02,  0.3758
      1571,       591,  1.401072489957E+02,  0.3762
      1577,       592,  1.400845576942E+02,  0.3754
      1578,       593,  1.400824244768E+02,  0.3758
      1579,       594,  1.400772195587E+02,  0.3762
      1584,       595,  1.400372654842E+02,  0.3756
      1598,       596,  1.400367827442E+02,  0.3730
      1599,       597,  1.400349008410E+02,  0.3734
      1603,       598,  1.400263998018E+02,  0.3731
      1605,       599,  1.400207175286E+02,  0.3732
      1607,       600,  1.399397586380E+02,  0.3734
      1608,       601,  1.399377856694E+02,  0.3738
      1611,       602,  1.398669159855E+02,  0.3737
      1613,       603,  1.398584461302E+02,  0.3738
      1615,       604,  1.398505686390E+02,  0.3740
      1617,       605,  1.398374042185E+02,  0.3741
      1618,       606,  1.398348455214E+02,  0.3745
      1619,       607,  1.398238495789E+02,  0.3749
      1621,       608,  1.398151739399E+02,  0.3751
      1624,       609,  1.397431481998E+02,  0.3750
      1634,       610,  1.397430368230E+02,  0.3733
      1637,       611,  1.397307543596E+02,  0.3732
      1640,       612,  1.395850951708E+02,  0.3732
      1644,       613,  1.395771118871E+02,  0.3729
      1652,       614,  1.395734916752E+02,  0.3717
      1653,       615,  1.395704204129E+02,  0.3721
      1656,       616,  1.395703854276E+02,  0.3720
      1657,       617,  1.395595149914E+02,  0.3724
      1658,       618,  1.395539179091E+02,  0.3727
      1659,       619,  1.395292874359E+02,  0.3731
      1665,       620,  1.395222317470E+02,  0.3724
      1667,       621,  1.395178510201E+02,  0.3725
      1675,       622,  1.395077358455E+02,  0.3713
      1676,       623,  1.394995462361E+02,  0.3717
      1677,       624,  1.394705915645E+02,  0.3721
      1684,       625,  1.394515701330E+02,  0.3711
      1685,       626,  1.393877288142E+02,  0.3715
      1686,       627,  1.393823032065E+02,  0.3719
      1688,       628,  1.393423735800E+02,  0.3720
      1689,       629,  1.393032409714E+02,  0.3724
      1698,       630,  1.392995348355E+02,  0.3710
      1700,       631,  1.392725382117E+02,  0.3712
      1701,       632,  1.392639092493E+02,  0.3715
      1702,       633,  1.392544623875E+02,  0.3719
      1704,       634,  1.392471420808E+02,  0.3721
      1708,       635,  1.392400054792E+02,  0.3718
      1709,       636,  1.392392975251E+02,  0.3721
      1710,       637,  1.392139702853E+02,  0.3725
      1716,       638,  1.391777968422E+02,  0.3718
      1721,       639,  1.391437923184E+02,  0.3713
      1726,       640,  1.390626215930E+02,  0.3708
      1737,       641,  1.390112692480E+02,  0.3690
      1738,       642,  1.389948241486E+02,  0.3694
      1742,       643,  1.389903963800E+02,  0.3691
      1745,       644,  1.389009077500E+02,  0.3691
      1747,       645,  1.388458758199E+02,  0.3692
      1751,       646,  1.388097010942E+02,  0.3689
      1755,       647,  1.387963764026E+02,  0.3687
      1757,       648,  1.387913562703E+02,  0.3688
      1767,       649,  1.387882831621E+02,  0.3673
      1770,       650,  1.387615249381E+02,  0.3672
      1772,       651,  1.387065581921E+02,  0.3674
      1775,       652,  1.386838984007E+02,  0.3673
      1780,       653,  1.386016194261E+02,  0.3669
      1781,       654,  1.385984370857E+02,  0.3672
      1782,       655,  1.385875224835E+02,  0.3676
      1784,       656,  1.385080033223E+02,  0.3677
      1785,       657,  1.384188839543E+02,  0.3681
      1787,       658,  1.384093578163E+02,  0.3682
      1788,       659,  1.383828901809E+02,  0.3686
      1803,       660,  1.383597670954E+02,  0.3661
      1807,       661,  1.383340347279E+02,  0.3658
      1814,       662,  1.383340288397E+02,  0.3649
      1818,       663,  1.382771392802E+02,  0.3647
      1821,       664,  1.382340833349E+02,  0.3646
      1822,       665,  1.382186225973E+02,  0.3650
      1823,       666,  1.381995577963E+02,  0.3653
      1833,       667,  1.381797835650E+02,  0.3639
      1835,       668,  1.380693330116E+02,  0.3640
      1843,       669,  1.380104060403E+02,  0.3630
      1850,       670,  1.379626185510E+02,  0.3622
      1852,       671,  1.379461986421E+02,  0.3623
      1853,       672,  1.379440792511E+02,  0.3627
      1855,       673,  1.379163418717E+02,  0.3628
      1858,       674,  1.379122800332E+02,  0.3628
      1859,       675,  1.378392466537E+02,  0.3631
      1860,       676,  1.378330210578E+02,  0.3634
      1861,       677,  1.378228114314E+02,  0.3638
      1878,       678,  1.378073500016E+02,  0.3610
      1879,       679,  1.378040372104E+02,  0.3614
      1880,       680,  1.377942110446E+02,  0.3617
      1883,       681,  1.377203195557E+02,  0.3617
      1884,       682,  1.376001016461E+02,  0.3620
      1888,       683,  1.375967359543E+02,  0.3618
      1892,       684,  1.375559793543E+02,  0.3615
      1896,       685,  1.375549576894E+02,  0.3613
      1899,       686,  1.375538087988E+02,  0.3612
      1900,       687,  1.375427361508E+02,  0.3616
      1903,       688,  1.375403488740E+02,  0.3615
      1908,       689,  1.375299546289E+02,  0.3611
      1914,       690,  1.374828382071E+02,  0.3605
      1920,       691,  1.373403668691E+02,  0.3599
      1927,       692,  1.373004495931E+02,  0.3591
      1937,       693,  1.372817769218E+02,  0.3578
      1941,       694,  1.372814235416E+02,  0.3575
      1943,       695,  1.372653715678E+02,  0.3577
      1946,       696,  1.372650960247E+02,  0.3577
      1952,       697,  1.372020754729E+02,  0.3571
      1958,       698,  1.371688061285E+02,  0.3565
      1959,       699,  1.371389186990E+02,  0.3568
      1960,       700,  1.371037026640E+02,  0.3571
      1961,       701,  1.370943827774E+02,  0.3575
      1962,       702,  1.370847585121E+02,  0.3578
      1963,       703,  1.370531138664E+02,  0.3581
      1965,       704,  1.370477078346E+02,  0.3583
      1967,       705,  1.370325839585E+02,  0.3584
      1968,       706,  1.369858840806E+02,  0.3587
      1970,       707,  1.369745612373E+02,  0.3589
      1974,       708,  1.369738767102E+02,  0.3587
      1975,       709,  1.369716256650E+02,  0.3590
      1977,       710,  1.369564170955E+02,  0.3591
      1980,       711,  1.369222087605E+02,  0.3591
      1987,       712,  1.369182193034E+02,  0.3583
      1988,       713,  1.369154079466E+02,  0.3587
      1995,       714,  1.369131796120E+02,  0.3579
      2000,       715,  1.368800209438E+02,  0.3575
      2001,       716,  1.368179009028E+02,  0.3578
      2003,       717,  1.368108399708E+02,  0.3580
      2004,       718,  1.366999072120E+02,  0.3583
      2014,       719,  1.366991768677E+02,  0.3570
      2021,       720,  1.366952402425E+02,  0.3563
      2023,       721,  1.365570644652E+02,  0.3564
      2032,       722,  1.365099270139E+02,  0.3553
      2040,       723,  1.365089442605E+02,  0.3544
      2054,       724,  1.364832347728E+02,  0.3525
      2056,       725,  1.364561238134E+02,  0.3526
      2058,       726,  1.364529102325E+02,  0.3528
      2059,       727,  1.364215268716E+02,  0.3531
      2063,       728,  1.363913436064E+02,  0.3529
      2067,       729,  1.363792796752E+02,  0.3527
      2068,       730,  1.363745742817E+02,  0.3530
      2070,       731,  1.363632506260E+02,  0.3531
      2073,       732,  1.363500073978E+02,  0.3531
      2075,       733,  1.363489840003E+02,  0.3533
      2078,       734,  1.363417617195E+02,  0.3532
      2084,       735,  1.363372472441E+02,  0.3527
      2086,       736,  1.363370751280E+02,  0.3528
      2088,       737,  1.362979307503E+02,  0.3530
      2089,       738,  1.362973534730E+02,  0.3533
      2094,       739,  1.362972593682E+02,  0.3529
      2096,       740,  1.362760704412E+02,  0.3531
      2100,       741,  1.362354780082E+02,  0.3529
      2101,       742,  1.362201665099E+02,  0.3532
      2103,       743,  1.362021014182E+02,  0.3533
      2104,       744,  1.361972415192E+02,  0.3536
      2105,       745,  1.361943205397E+02,  0.3539
      2108,       746,  1.361708005328E+02,  0.3539
      2113,       747,  1.361339004043E+02,  0.3535
      2114,       748,  1.361336959920E+02,  0.3538
      2116,       749,  1.361335215911E+02,  0.3540
      2119,       750,  1.361112573372E+02,  0.3539
      2120,       751,  1.361103426707E+02,  0.3542
      2121,       752,  1.361102899778E+02,  0.3545
      2124,       753,  1.360626707612E+02,  0.3545
      2126,       754,  1.360481254883E+02,  0.3547
      2128,       755,  1.359956139146E+02,  0.3548
      2131,       756,  1.359709982686E+02,  0.3548
      2137,       757,  1.358665137155E+02,  0.3542
      2140,       758,  1.358471294329E+02,  0.3542
      2143,       759,  1.358462020499E+02,  0.3542
      2146,       760,  1.358209177806E+02,  0.3541
      2149,       761,  1.358133644107E+02,  0.3541
      2151,       762,  1.358015296969E+02,  0.3543
      2161,       763,  1.357949939853E+02,  0.3531
      2167,       764,  1.357911852457E+02,  0.3526
      2169,       765,  1.357903091526E+02,  0.3527
      2175,       766,  1.357545672802E+02,  0.3522
      2177,       767,  1.357393649644E+02,  0.3523
      2181,       768,  1.356899797467E+02,  0.3521
      2184,       769,  1.356161326048E+02,  0.3521
      2187,       770,  1.355958572076E+02,  0.3521
      2188,       771,  1.355948652856E+02,  0.3524
      2195,       772,  1.355595780742E+02,  0.3517
      2197,       773,  1.355283596402E+02,  0.3518
      2198,       774,  1.355279357970E+02,  0.3521
      2206,       775,  1.355082113121E+02,  0.3513
      2207,       776,  1.354922024727E+02,  0.3516
      2212,       777,  1.354703463563E+02,  0.3513
      2215,       778,  1.354296486886E+02,  0.3512
      2216,       779,  1.354040543534E+02,  0.3515
      2225,       780,  1.353772815471E+02,  0.3506
      2227,       781,  1.353739576484E+02,  0.3507
      2228,       782,  1.353703963340E+02,  0.3510
      2229,       783,  1.353291751012E+02,  0.3513
      2230,       784,  1.353068258468E+02,  0.3516
      2237,       785,  1.353046042506E+02,  0.3509
      2239,       786,  1.353020426543E+02,  0.3510
      2240,       787,  1.352991475443E+02,  0.3513
      2243,       788,  1.352985558277E+02,  0.3513
      2249,       789,  1.352760831679E+02,  0.3508
      2250,       790,  1.352504444148E+02,  0.3511
      2252,       791,  1.352432619000E+02,  0.3512
      2254,       792,  1.352346436205E+02,  0.3514
      2260,       793,  1.352131405500E+02,  0.3509
      2262,       794,  1.352054759552E+02,  0.3510
      2265,       795,  1.351564380245E+02,  0.3510
      2269,       796,  1.351461223367E+02,  0.3508
      2274,       797,  1.351375798863E+02,  0.3505
      2275,       798,  1.350404292172E+02,  0.3508
      2278,       799,  1.350401638635E+02,  0.3507
      2279,       800,  1.349562494152E+02,  0.3510
      2282,       801,  1.349324864008E+02,  0.3510
      2283,       802,  1.348741314339E+02,  0.3513
      2286,       803,  1.348723383991E+02,  0.3513
      2287,       804,  1.348695136932E+02,  0.3516
      2292,       805,  1.348655930380E+02,  0.3512
      2295,       806,  1.347843105441E+02,  0.3512
      2304,       807,  1.347799141672E+02,  0.3503
      2308,       808,  1.347740487213E+02,  0.3501
      2311,       809,  1.347730508367E+02,  0.3501
      2317,       810,  1.347523412771E+02,  0.3496
      2318,       811,  1.347433425577E+02,  0.3499
      2319,       812,  1.347381163217E+02,  0.3502
      2324,       813,  1.347231661052E+02,  0.3498
      2325,       814,  1.347223006237E+02,  0.3501
      2326,       815,  1.346399551214E+02,  0.3504
      2330,       816,  1.345936011170E+02,  0.3502
      2335,       817,  1.345933702066E+02,  0.3499
      2336,       818,  1.345040980256E+02,  0.3502
      2337,       819,  1.344970076446E+02,  0.3504
      2338,       820,  1.344818968004E+02,  0.3507
      2341,       821,  1.344757300331E+02,  0.3507
      2347,       822,  1.344205148093E+02,  0.3502
      2353,       823,  1.344195653041E+02,  0.3498
      2354,       824,  1.342630568842E+02,  0.3500
      2355,       825,  1.342331781139E+02,  0.3503
      2357,       826,  1.342329888476E+02,  0.3504
      2358,       827,  1.342316087153E+02,  0.3507
      2359,       828,  1.342089337998E+02,  0.3510
      2362,       829,  1.341920979621E+02,  0.3510
      2363,       830,  1.341886470504E+02,  0.3512
      2365,       831,  1.341876199256E+02,  0.3514
      2369,       832,  1.341789541578E+02,  0.3512
      2374,       833,  1.341763914800E+02,  0.3509
      2376,       834,  1.341081624376E+02,  0.3510
      2377,       835,  1.340940306140E+02,  0.3513
      2379,       836,  1.340885917215E+02,  0.3514
      2385,       837,  1.340844057905E+02,  0.3509
      2387,       838,  1.340815674326E+02,  0.3511
      2391,       839,  1.340177770217E+02,  0.3509
      2398,       840,  1.340150202294E+02,  0.3503
      2399,       841,  1.339929654498E+02,  0.3506
      2401,       842,  1.339605313616E+02,  0.3507
      2405,       843,  1.339591597713E+02,  0.3505
      2406,       844,  1.339550322547E+02,  0.3508
      2412,       845,  1.339503745556E+02,  0.3503
      2416,       846,  1.339320758268E+02,  0.3502
      2420,       847,  1.339318242141E+02,  0.3500
      2423,       848,  1.339309011344E+02,  0.3500
      2424,       849,  1.339072068549E+02,  0.3502
      2425,       850,  1.338993511667E+02,  0.3505
      2430,       851,  1.338768734436E+02,  0.3502
      2435,       852,  1.338762935319E+02,  0.3499
      2437,       853,  1.338438597456E+02,  0.3500
      2440,       854,  1.338246149654E+02,  0.3500
      2441,       855,  1.338219321499E+02,  0.3503
      2443,       856,  1.338166061503E+02,  0.3504
      2445,       857,  1.337627811376E+02,  0.3505
      2446,       858,  1.337543204802E+02,  0.3508
      2450,       859,  1.337181422291E+02,  0.3506
      2451,       860,  1.335883191679E+02,  0.3509
      2452,       861,  1.335813498775E+02,  0.3511
      2453,       862,  1.335789644583E+02,  0.3514
      2455,       863,  1.335390018556E+02,  0.3515
      2460,       864,  1.335208361468E+02,  0.3512
      2466,       865,  1.334971912967E+02,  0.3508
      2468,       866,  1.334888052541E+02,  0.3509
      2471,       867,  1.334881285944E+02,  0.3509
      2472,       868,  1.334859786223E+02,  0.3511
      2475,       869,  1.334856540719E+02,  0.3511
      2476,       870,  1.334799959522E+02,  0.3514
      2494,       871,  1.334108781610E+02,  0.3492
      2495,       872,  1.334095768446E+02,  0.3495
      2509,       873,  1.334054054232E+02,  0.3479
      2514,       874,  1.334047088030E+02,  0.3477
      2517,       875,  1.332618938145E+02,  0.3476
      2520,       876,  1.332568949817E+02,  0.3476
      2522,       877,  1.332414655354E+02,  0.3477
      2527,       878,  1.332359417822E+02,  0.3474
      2528,       879,  1.332301284723E+02,  0.3477
      2531,       880,  1.332260706480E+02,  0.3477
      2535,       881,  1.332214764867E+02,  0.3475
      2540,       882,  1.332105979990E+02,  0.3472
      2542,       883,  1.331852263688E+02,  0.3474
      2548,       884,  1.330518042869E+02,  0.3469
      2549,       885,  1.330481277695E+02,  0.3472
      2551,       886,  1.330413323313E+02,  0.3473
      2554,       887,  1.330164667641E+02,  0.3473
      2559,       888,  1.330158488535E+02,  0.3470
      2567,       889,  1.330080779312E+02,  0.3463
      2569,       890,  1.330069212532E+02,  0.3464
      2571,       891,  1.329371729818E+02,  0.3466
      2575,       892,  1.329296125798E+02,  0.3464
      2576,       893,  1.329101369369E+02,  0.3467
      2583,       894,  1.328986649579E+02,  0.3461
      2585,       895,  1.328984563887E+02,  0.3462
      2587,       896,  1.328774278036E+02,  0.3463
      2592,       897,  1.328764378381E+02,  0.3461
      2599,       898,  1.328740003314E+02,  0.3455
      2600,       899,  1.328736243709E+02,  0.3458
      2604,       900,  1.328654819619E+02,  0.3456
      2606,       901,  1.328296626868E+02,  0.3457
      2607,       902,  1.328264253267E+02,  0.3460
      2614,       903,  1.328257706201E+02,  0.3454
      2618,       904,  1.328206194585E+02,  0.3453
      2620,       905,  1.328128897081E+02,  0.3454
      2621,       906,  1.328066029842E+02,  0.3457
      2622,       907,  1.328031193310E+02,  0.3459
      2625,       908,  1.327965918452E+02,  0.3459
      2631,       909,  1.327815445530E+02,  0.3455
      2633,       910,  1.327814991805E+02,  0.3456
      2635,       911,  1.327541691710E+02,  0.3457
      2638,       912,  1.327540954277E+02,  0.3457
      2640,       913,  1.327536517721E+02,  0.3458
      2642,       914,  1.327496319085E+02,  0.3460
      2644,       915,  1.327474409577E+02,  0.3461
      2646,       916,  1.327472358456E+02,  0.3462
      2647,       917,  1.327463895179E+02,  0.3464
      2649,       918,  1.327457106048E+02,  0.3465
      2651,       919,  1.327384676535E+02,  0.3467
      2652,       920,  1.327356479588E+02,  0.3469
      2654,       921,  1.326793034653E+02,  0.3470
      2655,       922,  1.326768071284E+02,  0.3473
      2664,       923,  1.326741145088E+02,  0.3465
      2666,       924,  1.326709956449E+02,  0.3466
      2670,       925,  1.326657866696E+02,  0.3464
      2672,       926,  1.326213733303E+02,  0.3466
      2673,       927,  1.326213515787E+02,  0.3468
      2675,       928,  1.326084244948E+02,  0.3469
      2676,       929,  1.326013617964E+02,  0.3472
      2677,       930,  1.325758922160E+02,  0.3474
      2678,       931,  1.325703426574E+02,  0.3476
      2679,       932,  1.325643891967E+02,  0.3479
      2680,       933,  1.325637342896E+02,  0.3481
      2685,       934,  1.325620109394E+02,  0.3479
      2687,       935,  1.325521450241E+02,  0.3480
      2700,       936,  1.325501369678E+02,  0.3467
      2701,       937,  1.325489550172E+02,  0.3469
      2705,       938,  1.325411170231E+02,  0.3468
      2712,       939,  1.325324430153E+02,  0.3462
      2713,       940,  1.325316610475E+02,  0.3465
      2714,       941,  1.324332998942E+02,  0.3467
      2715,       942,  1.324208190529E+02,  0.3470
      2724,       943,  1.324198989624E+02,  0.3462
      2726,       944,  1.324192162932E+02,  0.3463
      2727,       945,  1.323867939194E+02,  0.3465
      2728,       946,  1.323859821688E+02,  0.3468
      2729,       947,  1.323028046647E+02,  0.3470
      2731,       948,  1.322542617760E+02,  0.3471
      2736,       949,  1.322460262760E+02,  0.3469
      2738,       950,  1.322441925526E+02,  0.3470
      2751,       951,  1.322425636751E+02,  0.3457
      2754,       952,  1.322398294439E+02,  0.3457
      2755,       953,  1.322112320104E+02,  0.3459
      2756,       954,  1.322072079713E+02,  0.3462
      2759,       955,  1.322071053001E+02,  0.3461
      2760,       956,  1.321962814954E+02,  0.3464
      2771,       957,  1.321438284996E+02,  0.3454
      2775,       958,  1.321384255878E+02,  0.3452
      2779,       959,  1.321331892082E+02,  0.3451
      2786,       960,  1.321329710181E+02,  0.3446
      2789,       961,  1.321204012929E+02,  0.3446
      2793,       962,  1.321056468734E+02,  0.3444
      2794,       963,  1.321038183176E+02,  0.3447
      2797,       964,  1.320840498424E+02,  0.3447
      2801,       965,  1.320819022921E+02,  0.3445
      2803,       966,  1.320294810261E+02,  0.3446
      2804,       967,  1.319554596565E+02,  0.3449
      2833,       968,  1.319311602758E+02,  0.3417
      2837,       969,  1.319248283805E+02,  0.3416
      2841,       970,  1.319092553608E+02,  0.3414
      2855,       971,  1.319026887728E+02,  0.3401
      2857,       972,  1.318964670641E+02,  0.3402
      2860,       973,  1.317966777659E+02,  0.3402
      2861,       974,  1.317250114091E+02,  0.3404
      2873,       975,  1.316617301253E+02,  0.3394
      2874,       976,  1.316599468227E+02,  0.3396
      2886,       977,  1.316467698766E+02,  0.3385
      2889,       978,  1.316321758173E+02,  0.3385
      2900,       979,  1.316065962858E+02,  0.3376
      2906,       980,  1.316028013661E+02,  0.3372
      2913,       981,  1.316002859588E+02,  0.3368
      2923,       982,  1.315987818933E+02,  0.3360
      2924,       983,  1.315823940082E+02,  0.3362
      2925,       984,  1.315755258189E+02,  0.3364
      2930,       985,  1.315413948848E+02,  0.3362
      2931,       986,  1.315204021130E+02,  0.3364
      2934,       987,  1.315170254198E+02,  0.3364
      2944,       988,  1.314950852432E+02,  0.3356
      2950,       989,  1.314826123855E+02,  0.3353
      2963,       990,  1.314729775696E+02,  0.3341
      2966,       991,  1.314453853903E+02,  0.3341
      2967,       992,  1.314408208782E+02,  0.3343
      2971,       993,  1.314405639782E+02,  0.3342
      2974,       994,  1.314402169161E+02,  0.3342
      2975,       995,  1.314249357898E+02,  0.3345
      2977,       996,  1.313081265361E+02,  0.3346
      2980,       997,  1.313061846544E+02,  0.3346
      2985,       998,  1.312991404332E+02,  0.3343
      2986,       999,  1.312863501110E+02,  0.3346
      2993,      1000,  1.312485960836E+02,  0.3341
      2994,      1001,  1.312336936000E+02,  0.3343
      3004,      1002,  1.312330034560E+02,  0.3336
      3006,      1003,  1.312256796083E+02,  0.3337
      3008,      1004,  1.312256249472E+02,  0.3338
      3016,      1005,  1.312190439175E+02,  0.3332
      3017,      1006,  1.312170714712E+02,  0.3334
      3019,      1007,  1.311933279231E+02,  0.3336
      3024,      1008,  1.311894974299E+02,  0.3333
      3026,      1009,  1.311862044384E+02,  0.3334
      3032,      1010,  1.311292063131E+02,  0.3331
      3042,      1011,  1.311196155762E+02,  0.3323
      3044,      1012,  1.311154297038E+02,  0.3325
      3047,      1013,  1.310674201084E+02,  0.3325
      3048,      1014,  1.310643361643E+02,  0.3327
      3050,      1015,  1.310577007788E+02,  0.3328
      3056,      1016,  1.310255812595E+02,  0.3325
      3061,      1017,  1.310251184092E+02,  0.3322
      3064,      1018,  1.310177470282E+02,  0.3322
      3071,      1019,  1.310038257016E+02,  0.3318
      3079,      1020,  1.309910587400E+02,  0.3313
      3083,      1021,  1.309376159491E+02,  0.3312
      3084,      1022,  1.309323293733E+02,  0.3314
      3095,      1023,  1.308225741452E+02,  0.3305
      3099,      1024,  1.308194600893E+02,  0.3304
      3107,      1025,  1.308192998044E+02,  0.3299
      3112,      1026,  1.308157627662E+02,  0.3297
      3120,      1027,  1.308125714942E+02,  0.3292
      3128,      1028,  1.308096212143E+02,  0.3286
      3129,      1029,  1.308093213424E+02,  0.3289
      3131,      1030,  1.308018788370E+02,  0.3290
      3132,      1031,  1.307779262747E+02,  0.3292
      3138,      1032,  1.307747406193E+02,  0.3289
      3142,      1033,  1.307746004850E+02,  0.3288
      3146,      1034,  1.307745615139E+02,  0.3287
      3157,      1035,  1.307708635274E+02,  0.3278
      3166,      1036,  1.307441864498E+02,  0.3272
      3191,      1037,  1.306520182349E+02,  0.3250
      3192,      1038,  1.306486520490E+02,  0.3252
      3196,      1039,  1.306346973614E+02,  0.3251
      3200,      1040,  1.306310781868E+02,  0.3250
      3202,      1041,  1.306169460035E+02,  0.3251
      3203,      1042,  1.305812224832E+02,  0.3253
      3204,      1043,  1.305812122028E+02,  0.3255
      3207,      1044,  1.305642329681E+02,  0.3255
      3209,      1045,  1.305637318097E+02,  0.3256
      3214,      1046,  1.305382452651E+02,  0.3255
      3221,      1047,  1.305261552287E+02,  0.3251
      3223,      1048,  1.305233714061E+02,  0.3252
      3224,      1049,  1.305099504863E+02,  0.3254
      3227,      1050,  1.304892987706E+02,  0.3254
      3230,      1051,  1.304881710529E+02,  0.3254
      3238,      1052,  1.304869182725E+02,  0.3249
      3241,      1053,  1.304860506384E+02,  0.3249
      3246,      1054,  1.304733031369E+02,  0.3247
      3253,      1055,  1.304451043783E+02,  0.3243
      3260,      1056,  1.304330302967E+02,  0.3239
      3264,      1057,  1.304328076421E+02,  0.3238
      3265,      1058,  1.304301014093E+02,  0.3240
      3268,      1059,  1.304073722136E+02,  0.3241
      3272,      1060,  1.304005873261E+02,  0.3240
      3275,      1061,  1.303988216176E+02,  0.3240
      3276,      1062,  1.303682206021E+02,  0.3242
      3278,      1063,  1.303665616696E+02,  0.3243
      3279,      1064,  1.303574637921E+02,  0.3245
      3281,      1065,  1.303571627926E+02,  0.3246
      3283,      1066,  1.303504045834E+02,  0.3247
      3298,      1067,  1.303064301256E+02,  0.3235
      3300,      1068,  1.302779481765E+02,  0.3236
      3302,      1069,  1.302690556277E+02,  0.3237
      3304,      1070,  1.302395047587E+02,  0.3238
      3306,      1071,  1.302348316112E+02,  0.3240
      3307,      1072,  1.301471898058E+02,  0.3242
      3312,      1073,  1.301467849189E+02,  0.3240
      3313,      1074,  1.301339058140E+02,  0.3242
      3314,      1075,  1.301288623266E+02,  0.3244
      3315,      1076,  1.301249319975E+02,  0.3246
      3322,      1077,  1.301123487321E+02,  0.3242
      3327,      1078,  1.301106239328E+02,  0.3240
      3328,      1079,  1.300651187691E+02,  0.3242
      3351,      1080,  1.300645012895E+02,  0.3223
      3352,      1081,  1.300605627947E+02,  0.3225
      3353,      1082,  1.300597683349E+02,  0.3227
      3359,      1083,  1.300265204684E+02,  0.3224
      3361,      1084,  1.300207282749E+02,  0.3225
      3362,      1085,  1.300197583903E+02,  0.3227
      3364,      1086,  1.300197256117E+02,  0.3228
      3378,      1087,  1.300110729707E+02,  0.3218
      3380,      1088,  1.299892510203E+02,  0.3219
      3385,      1089,  1.299731355480E+02,  0.3217
      3388,      1090,  1.299585376110E+02,  0.3217
      3393,      1091,  1.299585212815E+02,  0.3215
      3399,      1092,  1.299518468825E+02,  0.3213
      3405,      1093,  1.299513972614E+02,  0.3210
      3406,      1094,  1.299511921832E+02,  0.3212
      3407,      1095,  1.299204027553E+02,  0.3214
      3410,      1096,  1.299051541352E+02,  0.3214
      3412,      1097,  1.298587274835E+02,  0.3215
      3413,      1098,  1.298575361669E+02,  0.3217
      3418,      1099,  1.298148305708E+02,  0.3215
      3421,      1100,  1.298043543367E+02,  0.3215
      3422,      1101,  1.298040044741E+02,  0.3217
      3430,      1102,  1.298031243354E+02,  0.3213
      3431,      1103,  1.297884873606E+02,  0.3215
      3432,      1104,  1.297839388031E+02,  0.3217
      3437,      1105,  1.297813870129E+02,  0.3215
      3450,      1106,  1.297670947746E+02,  0.3206
      3451,      1107,  1.297408944084E+02,  0.3208
      3462,      1108,  1.297084170913E+02,  0.3200
      3466,      1109,  1.297083303365E+02,  0.3200
      3470,      1110,  1.297066165065E+02,  0.3199
      3480,      1111,  1.297052619391E+02,  0.3193
      3484,      1112,  1.297020173364E+02,  0.3192
      3492,      1113,  1.297017941843E+02,  0.3187
      3497,      1114,  1.297015282170E+02,  0.3186
      3514,      1115,  1.296453645427E+02,  0.3173
      3515,      1116,  1.296442007812E+02,  0.3175
      3525,      1117,  1.296440938012E+02,  0.3169
      3528,      1118,  1.296319990055E+02,  0.3169
      3529,      1119,  1.296313044932E+02,  0.3171
      3531,      1120,  1.296114556932E+02,  0.3172
      3533,      1121,  1.296099976134E+02,  0.3173
      3534,      1122,  1.295890492375E+02,  0.3175
      3535,      1123,  1.295705887029E+02,  0.3177
      3536,      1124,  1.295678789509E+02,  0.3179
      3539,      1125,  1.295547837082E+02,  0.3179
      3541,      1126,  1.295532902004E+02,  0.3180
      3552,      1127,  1.295441819338E+02,  0.3173
      3554,      1128,  1.295439769920E+02,  0.3174
      3565,      1129,  1.295104518735E+02,  0.3167
      3567,      1130,  1.294969779503E+02,  0.3168
      3570,      1131,  1.294762484694E+02,  0.3168
      3571,      1132,  1.294693633483E+02,  0.3170
      3575,      1133,  1.294692054042E+02,  0.3169
      3577,      1134,  1.294615384671E+02,  0.3170
      3585,      1135,  1.294607683083E+02,  0.3166
      3586,      1136,  1.294607428175E+02,  0.3168
      3594,      1137,  1.294604589441E+02,  0.3164
      3598,      1138,  1.294499611323E+02,  0.3163
      3601,      1139,  1.294498190024E+02,  0.3163
      3611,      1140,  1.294491837054E+02,  0.3157
      3616,      1141,  1.294136174208E+02,  0.3155
      3624,      1142,  1.293749628560E+02,  0.3151
      3628,      1143,  1.293733952660E+02,  0.3150
      3633,      1144,  1.293700948397E+02,  0.3149
      3634,      1145,  1.293700775749E+02,  0.3151
      3643,      1146,  1.293697266807E+02,  0.3146
      3658,      1147,  1.293671127187E+02,  0.3136
      3660,      1148,  1.293649949374E+02,  0.3137
      3661,      1149,  1.293567050928E+02,  0.3138
      3670,      1150,  1.293566212719E+02,  0.3134
      3674,      1151,  1.293469587928E+02,  0.3133
      3675,      1152,  1.293233758816E+02,  0.3135
      3691,      1153,  1.293102496733E+02,  0.3124
      3703,      1154,  1.292862188332E+02,  0.3116
      3722,      1155,  1.291727599347E+02,  0.3103
      3726,      1156,  1.291702444992E+02,  0.3103
      3739,      1157,  1.291527564779E+02,  0.3094
      3743,      1158,  1.291248337308E+02,  0.3094
      3747,      1159,  1.291247695687E+02,  0.3093
      3748,      1160,  1.291246911782E+02,  0.3095
      3751,      1161,  1.291244365843E+02,  0.3095
      3758,      1162,  1.291153980277E+02,  0.3092
      3762,      1163,  1.291146927590E+02,  0.3091
      3768,      1164,  1.291144914837E+02,  0.3089
      3773,      1165,  1.291138532552E+02,  0.3088
      3790,      1166,  1.291096219057E+02,  0.3077
      3801,      1167,  1.291094025937E+02,  0.3070
      3804,      1168,  1.290983443164E+02,  0.3070
      3805,      1169,  1.289189963458E+02,  0.3072
      3809,      1170,  1.289073766230E+02,  0.3072
      3810,      1171,  1.288947732159E+02,  0.3073
      3819,      1172,  1.288761390651E+02,  0.3069
      3823,      1173,  1.288541776294E+02,  0.3068
      3824,      1174,  1.288483501112E+02,  0.3070
      3834,      1175,  1.288352386465E+02,  0.3065
      3838,      1176,  1.288217555099E+02,  0.3064
      3839,      1177,  1.288215293812E+02,  0.3066
      3841,      1178,  1.288213583918E+02,  0.3067
      3843,      1179,  1.288186079775E+02,  0.3068
      3846,      1180,  1.288181074862E+02,  0.3068
      3849,      1181,  1.288127076914E+02,  0.3068
      3850,      1182,  1.288126987932E+02,  0.3070
      3851,      1183,  1.287348953182E+02,  0.3072
      3852,      1184,  1.287306182549E+02,  0.3074
      3857,      1185,  1.287297323833E+02,  0.3072
      3864,      1186,  1.287296815213E+02,  0.3069
      3869,      1187,  1.287282110349E+02,  0.3068
      3871,      1188,  1.287268905821E+02,  0.3069
      3876,      1189,  1.287267734615E+02,  0.3068
      3879,      1190,  1.287227838421E+02,  0.3068
      3885,      1191,  1.287212078193E+02,  0.3066
      3886,      1192,  1.287170823295E+02,  0.3067
      3888,      1193,  1.286557231916E+02,  0.3068
      3891,      1194,  1.286306407046E+02,  0.3069
      3897,      1195,  1.286299298101E+02,  0.3066
      3903,      1196,  1.286296738704E+02,  0.3064
      3905,      1197,  1.286263814108E+02,  0.3065
      3907,      1198,  1.286223648074E+02,  0.3066
      3919,      1199,  1.286192874113E+02,  0.3059
      3923,      1200,  1.286043162875E+02,  0.3059
      3929,      1201,  1.286035706128E+02,  0.3057
      3930,      1202,  1.285919329601E+02,  0.3059
      3947,      1203,  1.285909074685E+02,  0.3048
      3955,      1204,  1.285905639516E+02,  0.3044
      3972,      1205,  1.285903316935E+02,  0.3034
      3976,      1206,  1.285852069606E+02,  0.3033
      3978,      1207,  1.285849493773E+02,  0.3034
      3982,      1208,  1.285806146372E+02,  0.3034
      3984,      1209,  1.285793778432E+02,  0.3035
      3986,      1210,  1.285675826409E+02,  0.3036
      3987,      1211,  1.285671759617E+02,  0.3037
      3998,      1212,  1.285659066492E+02,  0.3032
      4003,      1213,  1.285584188903E+02,  0.3030
      4006,      1214,  1.285180417546E+02,  0.3030
      4011,      1215,  1.285178915417E+02,  0.3029
      4013,      1216,  1.285043950667E+02,  0.3030
      4015,      1217,  1.285035240063E+02,  0.3031
      4019,      1218,  1.285024702408E+02,  0.3031
      4020,      1219,  1.285005343823E+02,  0.3032
      4040,      1220,  1.284960586699E+02,  0.3020
      4060,      1221,  1.284955116675E+02,  0.3007
      4067,      1222,  1.284945332250E+02,  0.3005
      4068,      1223,  1.284815362273E+02,  0.3006
      4078,      1224,  1.284810901278E+02,  0.3001
      4090,      1225,  1.284787919063E+02,  0.2995
      4152,      1226,  1.284555452748E+02,  0.2953
      4155,      1227,  1.284064835241E+02,  0.2953
      4156,      1228,  1.284042741851E+02,  0.2955
      4163,      1229,  1.283905068134E+02,  0.2952
      4170,      1230,  1.283862089767E+02,  0.2950
      4173,      1231,  1.283852331817E+02,  0.2950
      4177,      1232,  1.283819560687E+02,  0.2949
      4197,      1233,  1.283793684063E+02,  0.2938
      4199,      1234,  1.283784562651E+02,  0.2939
      4203,      1235,  1.283648432026E+02,  0.2938
      4208,      1236,  1.283394603912E+02,  0.2937
      4209,      1237,  1.283391885021E+02,  0.2939
      4211,      1238,  1.283369808120E+02,  0.2940
      4229,      1239,  1.283364015282E+02,  0.2930
      4230,      1240,  1.282755709925E+02,  0.2931
      4238,      1241,  1.282751614790E+02,  0.2928
      4245,      1242,  1.282728757094E+02,  0.2926
      4251,      1243,  1.282404571225E+02,  0.2924
      4261,      1244,  1.282390358534E+02,  0.2920
      4277,      1245,  1.282315495627E+02,  0.2911
      4281,      1246,  1.282314846045E+02,  0.2911
      4285,      1247,  1.282182845266E+02,  0.2910
      4286,      1248,  1.282044717787E+02,  0.2912
      4287,      1249,  1.281544189413E+02,  0.2913
      4302,      1250,  1.281531221331E+02,  0.2906
      4306,      1251,  1.281454906356E+02,  0.2905
      4307,      1252,  1.281448285002E+02,  0.2907
      4313,      1253,  1.281410094904E+02,  0.2905
      4315,      1254,  1.281395592831E+02,  0.2906
      4320,      1255,  1.281389770669E+02,  0.2905
      4335,      1256,  1.281367664397E+02,  0.2897
      4350,      1257,  1.281366917670E+02,  0.2890
      4354,      1258,  1.281079074628E+02,  0.2889
      4367,      1259,  1.281078119634E+02,  0.2883
      4368,      1260,  1.281075826551E+02,  0.2885
      4370,      1261,  1.280865346505E+02,  0.2886
      4375,      1262,  1.280810931255E+02,  0.2885
      4381,      1263,  1.280672515849E+02,  0.2883
      4385,      1264,  1.280670930165E+02,  0.2883
      4387,      1265,  1.280665977060E+02,  0.2884
      4390,      1266,  1.280396293293E+02,  0.2884
      4394,      1267,  1.280365978016E+02,  0.2883
      4399,      1268,  1.280364521558E+02,  0.2882
      4401,      1269,  1.280075471404E+02,  0.2883
      4403,      1270,  1.280058777128E+02,  0.2884
      4407,      1271,  1.280051516400E+02,  0.2884
      4412,      1272,  1.279728220743E+02,  0.2883
      4414,      1273,  1.279699173982E+02,  0.2884
      4418,      1274,  1.279694590096E+02,  0.2884
      4420,      1275,  1.279646623598E+02,  0.2885
      4428,      1276,  1.279410567055E+02,  0.2882
      4433,      1277,  1.279408692260E+02,  0.2881
      4437,      1278,  1.279379535781E+02,  0.2880
      4456,      1279,  1.279371364176E+02,  0.2870
      4458,      1280,  1.279370340514E+02,  0.2871
      4459,      1281,  1.279360009101E+02,  0.2873
      4465,      1282,  1.279329675460E+02,  0.2871
      4466,      1283,  1.279301061978E+02,  0.2873
      4479,      1284,  1.278913870082E+02,  0.2867
      4481,      1285,  1.278680651719E+02,  0.2868
      4486,      1286,  1.278462263244E+02,  0.2867
      4495,      1287,  1.278446475914E+02,  0.2863
      4511,      1288,  1.278441559184E+02,  0.2855
      4522,      1289,  1.278427750672E+02,  0.2851
      4524,      1290,  1.278420054317E+02,  0.2851
      4525,      1291,  1.278417336126E+02,  0.2853
      4531,      1292,  1.278225166174E+02,  0.2851
      4554,      1293,  1.278198553797E+02,  0.2839
      4565,      1294,  1.278194214954E+02,  0.2835
      4573,      1295,  1.277695007738E+02,  0.2832
      4574,      1296,  1.277358786788E+02,  0.2833
      4578,      1297,  1.277347170466E+02,  0.2833
      4589,      1298,  1.277215702731E+02,  0.2829
      4590,      1299,  1.277171095891E+02,  0.2830
      4592,      1300,  1.277168685324E+02,  0.2831
      4605,      1301,  1.276431146512E+02,  0.2825
      4609,      1302,  1.275885855374E+02,  0.2825
      4616,      1303,  1.275397144684E+02,  0.2823
      4622,      1304,  1.275395633466E+02,  0.2821
      4624,      1305,  1.275363814058E+02,  0.2822
      4626,      1306,  1.275358021705E+02,  0.2823
      4632,      1307,  1.274709482868E+02,  0.2822
      4635,      1308,  1.274696843749E+02,  0.2822
      4655,      1309,  1.274691579832E+02,  0.2812
      4669,      1310,  1.274440460530E+02,  0.2806
      4694,      1311,  1.274433930035E+02,  0.2793
      4697,      1312,  1.274433807266E+02,  0.2793
      4714,      1313,  1.274432366551E+02,  0.2785
      4730,      1314,  1.274429166018E+02,  0.2778
      4750,      1315,  1.274409231806E+02,  0.2768
      4758,      1316,  1.274316384166E+02,  0.2766
      4778,      1317,  1.274076145262E+02,  0.2756
      4780,      1318,  1.273208325361E+02,  0.2757
      4782,      1319,  1.273207098393E+02,  0.2758
      4788,      1320,  1.273186714006E+02,  0.2757
      4791,      1321,  1.272823260497E+02,  0.2757
      4793,      1322,  1.272134260077E+02,  0.2758
      4811,      1323,  1.272124228986E+02,  0.2750
      4822,      1324,  1.271843810908E+02,  0.2746
      4824,      1325,  1.271838826214E+02,  0.2747
      4825,      1326,  1.271826432259E+02,  0.2748
      4832,      1327,  1.271795189796E+02,  0.2746
      4836,      1328,  1.271365945701E+02,  0.2746
      4850,      1329,  1.271343419778E+02,  0.2740
      4852,      1330,  1.271329878441E+02,  0.2741
      4853,      1331,  1.271290792989E+02,  0.2743
      4855,      1332,  1.271189830458E+02,  0.2744
      4856,      1333,  1.271181677364E+02,  0.2745
      4857,      1334,  1.271165988498E+02,  0.2747
      4858,      1335,  1.271161935705E+02,  0.2748
      4870,      1336,  1.271138016634E+02,  0.2743
      4905,      1337,  1.271134876616E+02,  0.2726
      4918,      1338,  1.271133294445E+02,  0.2721
      4923,      1339,  1.270873913318E+02,  0.2720
      4942,      1340,  1.270867714085E+02,  0.2711
      4947,      1341,  1.270793726086E+02,  0.2711
      4949,      1342,  1.270785647845E+02,  0.2712
      4958,      1343,  1.270776509747E+02,  0.2709
      4960,      1344,  1.270775262434E+02,  0.2710
      4972,      1345,  1.270760743340E+02,  0.2705
      4980,      1346,  1.270742060573E+02,  0.2703
      4983,      1347,  1.270681149068E+02,  0.2703
      4985,      1348,  1.270587755667E+02,  0.2704
      4987,      1349,  1.270519942371E+02,  0.2705
      4994,      1350,  1.270199999293E+02,  0.2703
      5009,      1351,  1.270189293448E+02,  0.2697
      5012,      1352,  1.270186362700E+02,  0.2698
      5013,      1353,  1.270175260203E+02,  0.2699
      5023,      1354,  1.270173149080E+02,  0.2696
      5030,      1355,  1.270170613221E+02,  0.2694
      5032,      1356,  1.270149409240E+02,  0.2695
      5040,      1357,  1.270145111329E+02,  0.2692
      5043,      1358,  1.270144288311E+02,  0.2693
      5052,      1359,  1.270063395111E+02,  0.2690
      5058,      1360,  1.270050533288E+02,  0.2689
      5061,      1361,  1.270026391075E+02,  0.2689
      5074,      1362,  1.270008002521E+02,  0.2684
      5089,      1363,  1.270000983594E+02,  0.2678
      5097,      1364,  1.269813245682E+02,  0.2676
      5101,      1365,  1.269798041293E+02,  0.2676
      5108,      1366,  1.269790195217E+02,  0.2674
      5117,      1367,  1.269777008933E+02,  0.2671
      5119,      1368,  1.269770620929E+02,  0.2672
      5125,      1369,  1.269754863283E+02,  0.2671
      5135,      1370,  1.269671603199E+02,  0.2668
      5145,      1371,  1.269665959732E+02,  0.2665
      5156,      1372,  1.269545247605E+02,  0.2661
      5171,      1373,  1.269527826412E+02,  0.2655
      5183,      1374,  1.269514281063E+02,  0.2651
      5196,      1375,  1.269342966164E+02,  0.2646
      5200,      1376,  1.269342207644E+02,  0.2646
      5226,      1377,  1.269339971757E+02,  0.2635
      5230,      1378,  1.269321557333E+02,  0.2635
      5244,      1379,  1.269317525591E+02,  0.2630
      5258,      1380,  1.269308595713E+02,  0.2625
      5266,      1381,  1.269201244506E+02,  0.2622
      5269,      1382,  1.269135896823E+02,  0.2623
      5272,      1383,  1.269102909037E+02,  0.2623
      5274,      1384,  1.269090460531E+02,  0.2624
      5285,      1385,  1.269088687069E+02,  0.2621
      5290,      1386,  1.269071256818E+02,  0.2620
      5291,      1387,  1.269042136016E+02,  0.2621
      5293,      1388,  1.269030143786E+02,  0.2622
      5330,      1389,  1.269014494432E+02,  0.2606
      5342,      1390,  1.268985631930E+02,  0.2602
      5346,      1391,  1.268985355232E+02,  0.2602
      5355,      1392,  1.268983485434E+02,  0.2599
      5361,      1393,  1.268974700876E+02,  0.2598
      5363,      1394,  1.268869774176E+02,  0.2599
      5364,      1395,  1.268863405008E+02,  0.2601
      5370,      1396,  1.268840719281E+02,  0.2600
      5372,      1397,  1.268832687082E+02,  0.2601
      5374,      1398,  1.268832643117E+02,  0.2601
      5383,      1399,  1.268818121603E+02,  0.2599
      5386,      1400,  1.268613440954E+02,  0.2599
      5400,      1401,  1.268548246524E+02,  0.2594
      5402,      1402,  1.268534882338E+02,  0.2595
      5408,      1403,  1.268520983231E+02,  0.2594
      5423,      1404,  1.268361677041E+02,  0.2589
      5426,      1405,  1.268345718103E+02,  0.2589
      5442,      1406,  1.268339539843E+02,  0.2584
      5448,      1407,  1.268330662330E+02,  0.2583
      5467,      1408,  1.268299832229E+02,  0.2575
      5488,      1409,  1.268266944587E+02,  0.2567
      5494,      1410,  1.268266571158E+02,  0.2566
      5499,      1411,  1.268260627323E+02,  0.2566
      5501,      1412,  1.268254815081E+02,  0.2567
      5505,      1413,  1.268254493259E+02,  0.2567
      5512,      1414,  1.268249865218E+02,  0.2565
      5513,      1415,  1.268180368050E+02,  0.2567
      5532,      1416,  1.268161215415E+02,  0.2560
      5553,      1417,  1.268142989277E+02,  0.2552
      5562,      1418,  1.268139387883E+02,  0.2549
      5565,      1419,  1.268131815415E+02,  0.2550
      5575,      1420,  1.268071250482E+02,  0.2547
      5577,      1421,  1.268045936001E+02,  0.2548
      5578,      1422,  1.268024771334E+02,  0.2549
      5581,      1423,  1.268022103110E+02,  0.2550
      5617,      1424,  1.268021901207E+02,  0.2535
      5618,      1425,  1.267957398678E+02,  0.2536
      5624,      1426,  1.267953911444E+02,  0.2536
      5633,      1427,  1.267930611062E+02,  0.2533
      5635,      1428,  1.267809345697E+02,  0.2534
      5646,      1429,  1.267793534060E+02,  0.2531
      5659,      1430,  1.267793278141E+02,  0.2527
      5661,      1431,  1.267766065023E+02,  0.2528
      5671,      1432,  1.267762493439E+02,  0.2525
      5672,      1433,  1.267704303598E+02,  0.2526
      5682,      1434,  1.267687580787E+02,  0.2524
      5690,      1435,  1.267594031133E+02,  0.2522
      5692,      1436,  1.267593423294E+02,  0.2523
      5705,      1437,  1.267583830460E+02,  0.2519
      5716,      1438,  1.267516815567E+02,  0.2516
      5722,      1439,  1.267132749832E+02,  0.2515
      5725,      1440,  1.267116941910E+02,  0.2515
      5727,      1441,  1.267115692993E+02,  0.2516
      5741,      1442,  1.267101462784E+02,  0.2512
      5745,      1443,  1.266955310036E+02,  0.2512
      5759,      1444,  1.266506999377E+02,  0.2507
      5764,      1445,  1.266499887397E+02,  0.2507
      5784,      1446,  1.266499611513E+02,  0.2500
      5792,      1447,  1.266491355034E+02,  0.2498
      5797,      1448,  1.266470980795E+02,  0.2498
      5808,      1449,  1.266464284908E+02,  0.2495
      5814,      1450,  1.266329456247E+02,  0.2494
      5827,      1451,  1.266303227232E+02,  0.2490
      5846,      1452,  1.266269208983E+02,  0.2484
      5857,      1453,  1.266264173181E+02,  0.2481
      5864,      1454,  1.266168406629E+02,  0.2480
      5878,      1455,  1.266165343891E+02,  0.2475
      5892,      1456,  1.266134315422E+02,  0.2471
      5896,      1457,  1.265786072132E+02,  0.2471
      5911,      1458,  1.265785494645E+02,  0.2467
      5912,      1459,  1.265783398572E+02,  0.2468
      5914,      1460,  1.265780760890E+02,  0.2469
      5921,      1461,  1.264890067323E+02,  0.2467
      5947,      1462,  1.264878904979E+02,  0.2458
      5973,      1463,  1.264566788041E+02,  0.2449
      5974,      1464,  1.264118248402E+02,  0.2451
      5978,      1465,  1.264115514638E+02,  0.2451
      6018,      1466,  1.264114948501E+02,  0.2436
      6021,      1467,  1.264102140663E+02,  0.2436
      6025,      1468,  1.264096276502E+02,  0.2437
      6034,      1469,  1.263519561420E+02,  0.2435
      6079,      1470,  1.263470465240E+02,  0.2418
      6086,      1471,  1.263465176344E+02,  0.2417
      6101,      1472,  1.263462110991E+02,  0.2413
      6104,      1473,  1.263458879705E+02,  0.2413
      6108,      1474,  1.263447250138E+02,  0.2413
      6149,      1475,  1.263447162896E+02,  0.2399
      6156,      1476,  1.263356514241E+02,  0.2398
      6168,      1477,  1.263349758129E+02,  0.2395
      6177,      1478,  1.263349068974E+02,  0.2393
      6179,      1479,  1.263214200229E+02,  0.2394
      6182,      1480,  1.263213109294E+02,  0.2394
      6192,      1481,  1.263188218098E+02,  0.2392
      6202,      1482,  1.263187335712E+02,  0.2390
      6212,      1483,  1.263182682808E+02,  0.2387
      6219,      1484,  1.263159132926E+02,  0.2386
      6222,      1485,  1.263157831986E+02,  0.2387
      6223,      1486,  1.263156618616E+02,  0.2388
      6228,      1487,  1.263124152026E+02,  0.2388
      6287,      1488,  1.263102358665E+02,  0.2367
      6302,      1489,  1.263097777088E+02,  0.2363
      6311,      1490,  1.263086579887E+02,  0.2361
      6313,      1491,  1.262923023011E+02,  0.2362
      6325,      1492,  1.262808853207E+02,  0.2359
      6326,      1493,  1.262805320580E+02,  0.2360
      6334,      1494,  1.262804714151E+02,  0.2359
      6351,      1495,  1.262784666000E+02,  0.2354
      6379,      1496,  1.262782494426E+02,  0.2345
      6380,      1497,  1.262747255542E+02,  0.2346
      6390,      1498,  1.262702750339E+02,  0.2344
      6426,      1499,  1.262675895631E+02,  0.2333
      6429,      1500,  1.262675851282E+02,  0.2333
      6446,      1501,  1.262674922462E+02,  0.2329
      6449,      1502,  1.262662066769E+02,  0.2329
      6451,      1503,  1.262651336764E+02,  0.2330
      6461,      1504,  1.262649277686E+02,  0.2328
      6462,      1505,  1.262383974298E+02,  0.2329
      6463,      1506,  1.262377837960E+02,  0.2330
      6477,      1507,  1.262326491396E+02,  0.2327
      6502,      1508,  1.262318168503E+02,  0.2319
      6510,      1509,  1.262306367010E+02,  0.2318
      6518,      1510,  1.262300415023E+02,  0.2317
      6539,      1511,  1.262293740935E+02,  0.2311
      6543,      1512,  1.262291136821E+02,  0.2311
      6556,      1513,  1.262234056845E+02,  0.2308
      6563,      1514,  1.262229206856E+02,  0.2307
      6564,      1515,  1.262227545121E+02,  0.2308
      6611,      1516,  1.262227458119E+02,  0.2293
      6613,      1517,  1.262226461668E+02,  0.2294
      6615,      1518,  1.262048532755E+02,  0.2295
      6620,      1519,  1.261843049694E+02,  0.2295
      6638,      1520,  1.261831705894E+02,  0.2290
      6646,      1521,  1.261818380706E+02,  0.2289
      6665,      1522,  1.261817138868E+02,  0.2284
      6666,      1523,  1.261814605465E+02,  0.2285
      6672,      1524,  1.261801752997E+02,  0.2284
      6681,      1525,  1.261784941826E+02,  0.2283
      6753,      1526,  1.261776891960E+02,  0.2260
      6756,      1527,  1.261602026105E+02,  0.2260
      6784,      1528,  1.261517579434E+02,  0.2252
      6798,      1529,  1.261517276805E+02,  0.2249
      6801,      1530,  1.261516741816E+02,  0.2250
      6802,      1531,  1.261514072593E+02,  0.2251
      6808,      1532,  1.261504671844E+02,  0.2250
      6828,      1533,  1.261498393001E+02,  0.2245
      6849,      1534,  1.261145050740E+02,  0.2240
      6854,      1535,  1.260749120062E+02,  0.2240
      6885,      1536,  1.260555860741E+02,  0.2231
      6886,      1537,  1.260551517203E+02,  0.2232
      6890,      1538,  1.260540059886E+02,  0.2232
      6897,      1539,  1.260536730738E+02,  0.2231
      6898,      1540,  1.260510942832E+02,  0.2233
      6903,      1541,  1.260405003651E+02,  0.2232
      6905,      1542,  1.260339445764E+02,  0.2233
      6918,      1543,  1.260337370826E+02,  0.2230
      6947,      1544,  1.260049261946E+02,  0.2223
      6955,      1545,  1.260040387377E+02,  0.2221
      6972,      1546,  1.259989400870E+02,  0.2217
      6975,      1547,  1.259964051403E+02,  0.2218
      6999,      1548,  1.259745506857E+02,  0.2212
      7029,      1549,  1.259734717540E+02,  0.2204
      7040,      1550,  1.259644513750E+02,  0.2202
      7057,      1551,  1.259636802238E+02,  0.2198
      7067,      1552,  1.259634855305E+02,  0.2196
      7068,      1553,  1.259633778271E+02,  0.2197
      7078,      1554,  1.259632385142E+02,  0.2196
      7100,      1555,  1.259625574078E+02,  0.2190
      7106,      1556,  1.259439084964E+02,  0.2190
      7114,      1557,  1.259437750693E+02,  0.2189
      7119,      1558,  1.259394607299E+02,  0.2189
      7120,      1559,  1.259391581892E+02,  0.2190
      7127,      1560,  1.259382607501E+02,  0.2189
      7160,      1561,  1.259288108226E+02,  0.2180
      7184,      1562,  1.259268899313E+02,  0.2174
      7186,      1563,  1.259268597042E+02,  0.2175
      7208,      1564,  1.259259816693E+02,  0.2170
      7212,      1565,  1.259258111470E+02,  0.2170
      7223,      1566,  1.258956557331E+02,  0.2168
      7240,      1567,  1.258948637969E+02,  0.2164
      7253,      1568,  1.258943505791E+02,  0.2162
      7265,      1569,  1.258942776167E+02,  0.2160
      7294,      1570,  1.258940181340E+02,  0.2152
      7313,      1571,  1.258937613383E+02,  0.2148
      7338,      1572,  1.258937335297E+02,  0.2142
      7342,      1573,  1.258803129782E+02,  0.2142
      7383,      1574,  1.258765716221E+02,  0.2132
      7394,      1575,  1.258761646017E+02,  0.2130
      7409,      1576,  1.258760456919E+02,  0.2127
      7418,      1577,  1.258756396070E+02,  0.2126
      7482,      1578,  1.258754666638E+02,  0.2109
      7489,      1579,  1.258752361484E+02,  0.2108
      7501,      1580,  1.258748144626E+02,  0.2106
      7504,      1581,  1.258439014887E+02,  0.2107
      7507,      1582,  1.258437706928E+02,  0.2107
      7561,      1583,  1.258434958451E+02,  0.2094
      7571,      1584,  1.258426496415E+02,  0.2092
      7580,      1585,  1.257804057749E+02,  0.2091
      7592,      1586,  1.257762008943E+02,  0.2089
      7626,      1587,  1.257760569640E+02,  0.2081
      7642,      1588,  1.257739041962E+02,  0.2078
      7643,      1589,  1.257683825450E+02,  0.2079
      7679,      1590,  1.257678108826E+02,  0.2071
      7720,      1591,  1.257676894658E+02,  0.2061
      7751,      1592,  1.257675956333E+02,  0.2054
      7772,      1593,  1.257673598557E+02,  0.2050
      7808,      1594,  1.257671506594E+02,  0.2041
      7819,      1595,  1.257388635620E+02,  0.2040
      7861,      1596,  1.257387633872E+02,  0.2030
      7884,      1597,  1.257386564438E+02,  0.2026
      7935,      1598,  1.257315409887E+02,  0.2014
      7967,      1599,  1.257146285740E+02,  0.2007
      7972,      1600,  1.257145809477E+02,  0.2007
      7977,      1601,  1.257109182542E+02,  0.2007
      8056,      1602,  1.257108220359E+02,  0.1989
      8058,      1603,  1.257108102907E+02,  0.1989
      8073,      1604,  1.257105901744E+02,  0.1987
      8094,      1605,  1.257102660274E+02,  0.1983
      8095,      1606,  1.257100714270E+02,  0.1984
      8107,      1607,  1.257100103210E+02,  0.1982
      8112,      1608,  1.257098783569E+02,  0.1982
      8158,      1609,  1.257068006406E+02,  0.1972
      8161,      1610,  1.256997822604E+02,  0.1973
      8176,      1611,  1.256996231243E+02,  0.1970
      8177,      1612,  1.256988124674E+02,  0.1971
      8181,      1613,  1.256983799346E+02,  0.1972
      8226,      1614,  1.256982467819E+02,  0.1962
      8232,      1615,  1.256980741998E+02,  0.1962
      8294,      1616,  1.256968473119E+02,  0.1948
      8296,      1617,  1.256932582411E+02,  0.1949
      8343,      1618,  1.256932545927E+02,  0.1939
      8348,      1619,  1.256909064826E+02,  0.1939
      8393,      1620,  1.256823870627E+02,  0.1930
      8400,      1621,  1.256765312282E+02,  0.1930
      8454,      1622,  1.256737458073E+02,  0.1919
      8473,      1623,  1.256733065662E+02,  0.1915
      8506,      1624,  1.256732400617E+02,  0.1909
      8585,      1625,  1.256709871819E+02,  0.1893
      8619,      1626,  1.256708602344E+02,  0.1887
      8659,      1627,  1.256706624305E+02,  0.1879
      8667,      1628,  1.256683962586E+02,  0.1878
      8701,      1629,  1.256683040622E+02,  0.1872
      8719,      1630,  1.256562679780E+02,  0.1869
      8782,      1631,  1.256561559626E+02,  0.1857
      8813,      1632,  1.256559684082E+02,  0.1852
      8863,      1633,  1.256557478061E+02,  0.1842
      8876,      1634,  1.256466754216E+02,  0.1841
      8976,      1635,  1.256465863620E+02,  0.1822
      8999,      1636,  1.256464049536E+02,  0.1818
      9016,      1637,  1.256446033558E+02,  0.1816
      9081,      1638,  1.256443363245E+02,  0.1804
      9147,      1639,  1.256336309882E+02,  0.1792
      9194,      1640,  1.256335245557E+02,  0.1784
      9231,      1641,  1.256333022984E+02,  0.1778
      9266,      1642,  1.256332508113E+02,  0.1772
      9285,      1643,  1.256332178697E+02,  0.1770
      9339,      1644,  1.256331527396E+02,  0.1760
      9360,      1645,  1.256330380412E+02,  0.1757
      9500,      1646,  1.256330368659E+02,  0.1733
      9523,      1647,  1.256326387780E+02,  0.1729
      9534,      1648,  1.256321269743E+02,  0.1729
      9538,      1649,  1.256321260942E+02,  0.1729
      9543,      1650,  1.256319474467E+02,  0.1729
      9583,      1651,  1.256318115704E+02,  0.1723
      9648,      1652,  1.256315545560E+02,  0.1712
      9699,      1653,  1.256292357585E+02,  0.1704
      9701,      1654,  1.256292163295E+02,  0.1705
      9704,      1655,  1.256197033946E+02,  0.1705
      9729,      1656,  1.256196953737E+02,  0.1702
      9821,      1657,  1.256196162412E+02,  0.1687
      9843,      1658,  1.256120953258E+02,  0.1684
      9864,      1659,  1.256109164578E+02,  0.1682
      9867,      1660,  1.256108485873E+02,  0.1682
      9961,      1661,  1.256099643311E+02,  0.1668
     10048,      1662,  1.256085085620E+02,  0.1654
     10106,      1663,  1.256083831560E+02,  0.1646
     10127,      1664,  1.256083449901E+02,  0.1643
     10355,      1665,  1.256081981830E+02,  0.1608
     10462,      1666,  1.256058433649E+02,  0.1592
     10467,      1667,  1.256005167486E+02,  0.1593
     10655,      1668,  1.256004397057E+02,  0.1565
     10667,      1669,  1.256003964929E+02,  0.1565
     10788,      1670,  1.255976929477E+02,  0.1548
     10793,      1671,  1.255970701751E+02,  0.1548
     10938,      1672,  1.255969843911E+02,  0.1529
     10946,      1673,  1.255965413949E+02,  0.1528
     10978,      1674,  1.255964654991E+02,  0.1525
     11023,      1675,  1.255964420005E+02,  0.1520
     11139,      1676,  1.255964175114E+02,  0.1505
     11151,      1677,  1.255956920319E+02,  0.1504
     11187,      1678,  1.255956465258E+02,  0.1500
     11188,      1679,  1.255956323764E+02,  0.1501
     11221,      1680,  1.255955826496E+02,  0.1497
     11263,      1681,  1.255954582659E+02,  0.1492
     11267,      1682,  1.255953685506E+02,  0.1493
     11290,      1683,  1.255952119582E+02,  0.1491
     11324,      1684,  1.255950644965E+02,  0.1487
     11364,      1685,  1.255950340173E+02,  0.1483
     11393,      1686,  1.255949650768E+02,  0.1480
     11401,      1687,  1.255948522630E+02,  0.1480
     11479,      1688,  1.255948043565E+02,  0.1471
     11676,      1689,  1.255789107982E+02,  0.1447
     11740,      1690,  1.255786855391E+02,  0.1440
     11745,      1691,  1.255786554568E+02,  0.1440
     11808,      1692,  1.255784333474E+02,  0.1433
     11872,      1693,  1.255778791490E+02,  0.1426
     12015,      1694,  1.255778318821E+02,  0.1410
     12037,      1695,  1.255699634828E+02,  0.1408
     12044,      1696,  1.255695902360E+02,  0.1408
     12174,      1697,  1.255694704056E+02,  0.1394
     12279,      1698,  1.255694004623E+02,  0.1383
     12321,      1699,  1.255693630088E+02,  0.1379
     12368,      1700,  1.255693587957E+02,  0.1375
     12375,      1701,  1.255692513608E+02,  0.1375
     12397,      1702,  1.255691851621E+02,  0.1373
     12437,      1703,  1.255691467720E+02,  0.1369
     12449,      1704,  1.255689325556E+02,  0.1369
     12474,      1705,  1.255646999345E+02,  0.1367
     12537,      1706,  1.255624467677E+02,  0.1361
     12540,      1707,  1.255619405950E+02,  0.1361
     12659,      1708,  1.255618343865E+02,  0.1349
     12662,      1709,  1.255617186578E+02,  0.1350
     12747,      1710,  1.255602663361E+02,  0.1341
     12803,      1711,  1.255599365837E+02,  0.1336
     13016,      1712,  1.255599003498E+02,  0.1315
     13036,      1713,  1.255598873204E+02,  0.1314
     13185,      1714,  1.255578118400E+02,  0.1300
     13212,      1715,  1.255577931608E+02,  0.1298
     13222,      1716,  1.255572875305E+02,  0.1298
     13239,      1717,  1.255570838146E+02,  0.1297
     13253,      1718,  1.255570559021E+02,  0.1296
     13260,      1719,  1.255570393208E+02,  0.1296
     13291,      1720,  1.255566870151E+02,  0.1294
     13318,      1721,  1.255560619917E+02,  0.1292
     13345,      1722,  1.255558548603E+02,  0.1290
     13364,      1723,  1.255557156554E+02,  0.1289
     13379,      1724,  1.255557146003E+02,  0.1289
     13411,      1725,  1.255556988221E+02,  0.1286
     13453,      1726,  1.255554486776E+02,  0.1283
     13460,      1727,  1.255552752672E+02,  0.1283
     13490,      1728,  1.255552435932E+02,  0.1281
     13615,      1729,  1.255550242497E+02,  0.1270
     13775,      1730,  1.255548896590E+02,  0.1256
     13818,      1731,  1.255522017740E+02,  0.1253
     13860,      1732,  1.255514901822E+02,  0.1250
     13867,      1733,  1.255511329833E+02,  0.1250
     13898,      1734,  1.255479260980E+02,  0.1248
     13903,      1735,  1.255466075363E+02,  0.1248
     13915,      1736,  1.255465081457E+02,  0.1248
     13926,      1737,  1.255463260972E+02,  0.1247
     13967,      1738,  1.255460571737E+02,  0.1244
     13979,      1739,  1.255458497841E+02,  0.1244
     14017,      1740,  1.255457700544E+02,  0.1241
     14030,      1741,  1.255456797799E+02,  0.1241
     14050,      1742,  1.255455286519E+02,  0.1240
     14059,      1743,  1.255453302188E+02,  0.1240
     14137,      1744,  1.255448282922E+02,  0.1234
     14177,      1745,  1.255447405571E+02,  0.1231
     14179,      1746,  1.255304106632E+02,  0.1231
     14221,      1747,  1.255300634050E+02,  0.1228
     14222,      1748,  1.255300070971E+02,  0.1229
     14224,      1749,  1.255297334266E+02,  0.1230
     14226,      1750,  1.255294084372E+02,  0.1230
     14264,      1751,  1.255293694737E+02,  0.1228
     14269,      1752,  1.255293649071E+02,  0.1228
     14338,      1753,  1.255293099420E+02,  0.1223
     14402,      1754,  1.255292612433E+02,  0.1218
     14476,      1755,  1.255290563316E+02,  0.1212
     14506,      1756,  1.255290543552E+02,  0.1211
     14519,      1757,  1.255288587158E+02,  0.1210
     14566,      1758,  1.255285168702E+02,  0.1207
     14737,      1759,  1.255281944409E+02,  0.1194
     14793,      1760,  1.255280507625E+02,  0.1190
     14946,      1761,  1.255257809028E+02,  0.1178
     14948,      1762,  1.255257663843E+02,  0.1179
     14973,      1763,  1.255129913194E+02,  0.1177
     15038,      1764,  1.255128968001E+02,  0.1173
     15042,      1765,  1.255128717502E+02,  0.1173
     15071,      1766,  1.255126316874E+02,  0.1172
     15181,      1767,  1.255122951019E+02,  0.1164
     15294,      1768,  1.255122303433E+02,  0.1156
     15317,      1769,  1.255121862206E+02,  0.1155
     15327,      1770,  1.255121200032E+02,  0.1155
     15351,      1771,  1.255038198622E+02,  0.1154
     15393,      1772,  1.255014335113E+02,  0.1151
     15411,      1773,  1.255011795583E+02,  0.1150
     15468,      1774,  1.255011384445E+02,  0.1147
     15477,      1775,  1.255010574462E+02,  0.1147
     15490,      1776,  1.255010547280E+02,  0.1147
     15724,      1777,  1.254997708340E+02,  0.1130
     15800,      1778,  1.254997451830E+02,  0.1125
     15809,      1779,  1.254995221624E+02,  0.1125
     15822,      1780,  1.254994663192E+02,  0.1125
     15835,      1781,  1.254993314048E+02,  0.1125
     15875,      1782,  1.254992768961E+02,  0.1123
     15902,      1783,  1.254992677436E+02,  0.1121
     15995,      1784,  1.254801358929E+02,  0.1115
     16011,      1785,  1.254799684261E+02,  0.1115
     16035,      1786,  1.254799204544E+02,  0.1114
     16077,      1787,  1.254794977521E+02,  0.1112
     16105,      1788,  1.254794682475E+02,  0.1110
     16362,      1789,  1.254794094517E+02,  0.1093
     16421,      1790,  1.254784213183E+02,  0.1090
     16424,      1791,  1.254784187067E+02,  0.1090
     16454,      1792,  1.254748759481E+02,  0.1089
     16753,      1793,  1.254747553275E+02,  0.1070
     16766,      1794,  1.254747340932E+02,  0.1070
     16781,      1795,  1.254746956777E+02,  0.1070
     16827,      1796,  1.254743728054E+02,  0.1067
     16958,      1797,  1.254741991301E+02,  0.1060
     17081,      1798,  1.254741611264E+02,  0.1053
     17164,      1799,  1.254737159341E+02,  0.1048
     17296,      1800,  1.254736883596E+02,  0.1041
     17348,      1801,  1.254736641425E+02,  0.1038
     17358,      1802,  1.254736136323E+02,  0.1038
     17370,      1803,  1.254735565607E+02,  0.1038
     17387,      1804,  1.254735528053E+02,  0.1038
     17410,      1805,  1.254735240551E+02,  0.1037
     17431,      1806,  1.254734979833E+02,  0.1036
     17494,      1807,  1.254732686607E+02,  0.1033
     17507,      1808,  1.254732150039E+02,  0.1033
     17549,      1809,  1.254730976151E+02,  0.1031
     17594,      1810,  1.254730967746E+02,  0.1029
     17674,      1811,  1.254730067967E+02,  0.1025
     17749,      1812,  1.254730061622E+02,  0.1021
     17807,      1813,  1.254729678017E+02,  0.1018
     17849,      1814,  1.254729141552E+02,  0.1016
     17926,      1815,  1.254711831745E+02,  0.1012
     17970,      1816,  1.254711729163E+02,  0.1011
     18113,      1817,  1.254711342737E+02,  0.1003
     18265,      1818,  1.254710569606E+02,  0.0995
     18343,      1819,  1.254676847005E+02,  0.0992
     18396,      1820,  1.254676030625E+02,  0.0989
     18414,      1821,  1.254675926269E+02,  0.0989
     18821,      1822,  1.254675540412E+02,  0.0968
     19062,      1823,  1.254674627430E+02,  0.0956
     19143,      1824,  1.254674581054E+02,  0.0953
     19210,      1825,  1.254673118626E+02,  0.0950
     19536,      1826,  1.254672102450E+02,  0.0935
     19682,      1827,  1.254672012043E+02,  0.0928
     19835,      1828,  1.254671422783E+02,  0.0922
     19922,      1829,  1.254670999943E+02,  0.0918
     19957,      1830,  1.254612910323E+02,  0.0917
     20138,      1831,  1.254612563514E+02,  0.0909
     20211,      1832,  1.254595848723E+02,  0.0906
     20379,      1833,  1.254593257149E+02,  0.0899
     20481,      1834,  1.254591981331E+02,  0.0895
     20648,      1835,  1.254571976613E+02,  0.0889
     20839,      1836,  1.254568246351E+02,  0.0881
     20998,      1837,  1.254559086169E+02,  0.0875
     21082,      1838,  1.254558991440E+02,  0.0872
     21127,      1839,  1.254558189868E+02,  0.0870
     21363,      1840,  1.254557052858E+02,  0.0861
     21657,      1841,  1.254556889903E+02,  0.0850
     21741,      1842,  1.254554104855E+02,  0.0847
     21752,      1843,  1.254554088685E+02,  0.0847
     21851,      1844,  1.254553893210E+02,  0.0844
     21947,      1845,  1.254553801473E+02,  0.0841
     22133,      1846,  1.254553631716E+02,  0.0834
     22151,      1847,  1.254551476081E+02,  0.0834
     22255,      1848,  1.254551161626E+02,  0.0830
     22416,      1849,  1.254551047047E+02,  0.0825
     22636,      1850,  1.254550574043E+02,  0.0817
     22693,      1851,  1.254550072039E+02,  0.0816
     22752,      1852,  1.254549857234E+02,  0.0814
     22757,      1853,  1.254549405930E+02,  0.0814
     22924,      1854,  1.254546719921E+02,  0.0809
     23498,      1855,  1.254545898987E+02,  0.0789
     23538,      1856,  1.254544156930E+02,  0.0789
     23579,      1857,  1.254513495805E+02,  0.0788
     23747,      1858,  1.254513285062E+02,  0.0782
     23797,      1859,  1.254512229193E+02,  0.0781
     23862,      1860,  1.254512103549E+02,  0.0779
     24256,      1861,  1.254503514073E+02,  0.0767
     24334,      1862,  1.254502972280E+02,  0.0765
     24506,      1863,  1.254498552736E+02,  0.0760
     24680,      1864,  1.254469616298E+02,  0.0755
     24891,      1865,  1.254451414247E+02,  0.0749
     25052,      1866,  1.254450868954E+02,  0.0745
     25119,      1867,  1.254449916939E+02,  0.0743
     25289,      1868,  1.254449536441E+02,  0.0739
     25381,      1869,  1.254431738922E+02,  0.0736
     25398,      1870,  1.254431411901E+02,  0.0736
     25466,      1871,  1.254430505974E+02,  0.0735
     25514,      1872,  1.254430297469E+02,  0.0734
     25555,      1873,  1.254430212695E+02,  0.0733
     25604,      1874,  1.254429595310E+02,  0.0732
     25647,      1875,  1.254428790101E+02,  0.0731
     25833,      1876,  1.254428726041E+02,  0.0726
     25901,      1877,  1.254427763563E+02,  0.0725
     25927,      1878,  1.254427630211E+02,  0.0724
     26366,      1879,  1.254427431179E+02,  0.0713
     26549,      1880,  1.254422162989E+02,  0.0708
     26661,      1881,  1.254398082981E+02,  0.0706
     26798,      1882,  1.254381592715E+02,  0.0702
     26824,      1883,  1.254381570187E+02,  0.0702
     26893,      1884,  1.254381449203E+02,  0.0701
     27031,      1885,  1.254380342842E+02,  0.0697
     27144,      1886,  1.254380341309E+02,  0.0695
     27296,      1887,  1.254360966265E+02,  0.0691
     27299,      1888,  1.254360485302E+02,  0.0692
     27405,      1889,  1.254360416048E+02,  0.0689
     27662,      1890,  1.254360367987E+02,  0.0683
     27795,      1891,  1.254360047803E+02,  0.0680
     27893,      1892,  1.254357398966E+02,  0.0678
     28155,      1893,  1.254357156861E+02,  0.0672
     28544,      1894,  1.254347017650E+02,  0.0664
     28645,      1895,  1.254322790470E+02,  0.0662
     28673,      1896,  1.254322614985E+02,  0.0661
     28686,      1897,  1.254322507379E+02,  0.0661
     28725,      1898,  1.254321719939E+02,  0.0661
     28889,      1899,  1.254321679972E+02,  0.0657
     29072,      1900,  1.254319241348E+02,  0.0654
     29455,      1901,  1.254319071197E+02,  0.0645
     29537,      1902,  1.254318816373E+02,  0.0644
     29575,      1903,  1.254318733474E+02,  0.0643
     29590,      1904,  1.254318410129E+02,  0.0643
     29665,      1905,  1.254317552311E+02,  0.0642
     29868,      1906,  1.254317180954E+02,  0.0638
     29878,      1907,  1.254312552277E+02,  0.0638
     29927,      1908,  1.254312130512E+02,  0.0638
     30507,      1909,  1.254312121594E+02,  0.0626
     30555,      1910,  1.254311145372E+02,  0.0625
     30849,      1911,  1.254305756814E+02,  0.0619
     30979,      1912,  1.254300155185E+02,  0.0617
     32402,      1913,  1.254299755283E+02,  0.0590
     32569,      1914,  1.254299386765E+02,  0.0588
     32905,      1915,  1.254298614611E+02,  0.0582
     32908,      1916,  1.254296681077E+02,  0.0582
     32934,      1917,  1.254296128617E+02,  0.0582
     33142,      1918,  1.254278210102E+02,  0.0579
     33199,      1919,  1.254263681248E+02,  0.0578
     33261,      1920,  1.254261321694E+02,  0.0577
     33405,      1921,  1.254261174176E+02,  0.0575
     33484,      1922,  1.254261152797E+02,  0.0574
     33574,      1923,  1.254241135308E+02,  0.0573
     33606,      1924,  1.254240588954E+02,  0.0573
     33671,      1925,  1.254239706644E+02,  0.0572
     33809,      1926,  1.254238965886E+02,  0.0570
     33819,      1927,  1.254238490155E+02,  0.0570
     33835,      1928,  1.254237879269E+02,  0.0570
     33873,      1929,  1.254237659359E+02,  0.0569
     34010,      1930,  1.254237508933E+02,  0.0567
     34047,      1931,  1.254180545680E+02,  0.0567
     34260,      1932,  1.254177841069E+02,  0.0564
     34348,      1933,  1.254171432340E+02,  0.0563
     34432,      1934,  1.254170808545E+02,  0.0562
     34445,      1935,  1.254170779504E+02,  0.0562
     34525,      1936,  1.254170714941E+02,  0.0561
     34577,      1937,  1.254170415846E+02,  0.0560
     34662,      1938,  1.254170197970E+02,  0.0559
     34692,      1939,  1.254170179694E+02,  0.0559
     34869,      1940,  1.254169163968E+02,  0.0556
     34885,      1941,  1.254169144948E+02,  0.0556
     34938,      1942,  1.254168601307E+02,  0.0556
     35098,      1943,  1.254168522436E+02,  0.0554
     35126,      1944,  1.254168253226E+02,  0.0553
     35140,      1945,  1.254142439285E+02,  0.0554
     35202,      1946,  1.254142423139E+02,  0.0553
     35227,      1947,  1.254136793259E+02,  0.0553
     35230,      1948,  1.254136790969E+02,  0.0553
     35243,      1949,  1.254136190456E+02,  0.0553
     35254,      1950,  1.254135780033E+02,  0.0553
     35397,      1951,  1.254135307853E+02,  0.0551
     35438,      1952,  1.254135279891E+02,  0.0551
     35769,      1953,  1.254135045531E+02,  0.0546
     35800,      1954,  1.254135017916E+02,  0.0546
     35974,      1955,  1.254134595534E+02,  0.0543
     36064,      1956,  1.254134450831E+02,  0.0542
     36087,      1957,  1.254133869003E+02,  0.0542
     36334,      1958,  1.254129645091E+02,  0.0539
     36463,      1959,  1.254125769198E+02,  0.0537
     36587,      1960,  1.254125716878E+02,  0.0536
     36622,      1961,  1.254125704098E+02,  0.0535
     36625,      1962,  1.254125338623E+02,  0.0536
     36738,      1963,  1.254125232242E+02,  0.0534
     36789,      1964,  1.254125024878E+02,  0.0534
     36883,      1965,  1.254124923183E+02,  0.0533
     36924,      1966,  1.254124833393E+02,  0.0532
     36951,      1967,  1.254123108733E+02,  0.0532
     37095,      1968,  1.254123084187E+02,  0.0531
     37147,      1969,  1.254123071909E+02,  0.0530
     37204,      1970,  1.254122981821E+02,  0.0530
     37236,      1971,  1.254090829138E+02,  0.0529
     37247,      1972,  1.254063983264E+02,  0.0529
     37255,      1973,  1.254060398876E+02,  0.0530
     37273,      1974,  1.254059723230E+02,  0.0530
     37281,      1975,  1.254056430831E+02,  0.0530
     37329,      1976,  1.254055176611E+02,  0.0529
     37336,      1977,  1.254050164127E+02,  0.0530
     37474,      1978,  1.254048743331E+02,  0.0528
     37526,      1979,  1.254046312955E+02,  0.0527
     37689,      1980,  1.254045552158E+02,  0.0525
     37691,      1981,  1.254045370712E+02,  0.0526
     37701,      1982,  1.254045273638E+02,  0.0526
     37768,      1983,  1.254044229994E+02,  0.0525
     37951,      1984,  1.254044107445E+02,  0.0523
     37970,      1985,  1.254029037337E+02,  0.0523
     37981,      1986,  1.254028814187E+02,  0.0523
     38012,      1987,  1.254028673144E+02,  0.0523
     38067,      1988,  1.254026880015E+02,  0.0522
     38142,      1989,  1.254026229078E+02,  0.0521
     38150,      1990,  1.254026083857E+02,  0.0522
     38205,      1991,  1.254025906725E+02,  0.0521
     38348,      1992,  1.254025415968E+02,  0.0519
     38419,      1993,  1.254025264289E+02,  0.0519
     38456,      1994,  1.254025062405E+02,  0.0519
     38535,      1995,  1.254024732528E+02,  0.0518
     38542,      1996,  1.254006498392E+02,  0.0518
     38563,      1997,  1.254004703079E+02,  0.0518
     38644,      1998,  1.254001548355E+02,  0.0517
     38683,      1999,  1.254000011776E+02,  0.0517
     38696,      2000,  1.253999532348E+02,  0.0517
     38869,      2001,  1.253998226184E+02,  0.0515
     38969,      2002,  1.253996635626E+02,  0.0514
     38982,      2003,  1.253996528784E+02,  0.0514
     39151,      2004,  1.253983946018E+02,  0.0512
     39216,      2005,  1.253981367897E+02,  0.0511
     39271,      2006,  1.253980077295E+02,  0.0511
     39426,      2007,  1.253979628608E+02,  0.0509
     39433,      2008,  1.253979191373E+02,  0.0509
     39516,      2009,  1.253978177092E+02,  0.0508
     39657,      2010,  1.253976482963E+02,  0.0507
     39714,      2011,  1.253976213929E+02,  0.0506
     39717,      2012,  1.253975414388E+02,  0.0507
     39762,      2013,  1.253973440446E+02,  0.0506
     39872,      2014,  1.253972167142E+02,  0.0505
     39921,      2015,  1.253972064078E+02,  0.0505
     39957,      2016,  1.253966044561E+02,  0.0505
     39991,      2017,  1.253965831735E+02,  0.0504
     40146,      2018,  1.253965402703E+02,  0.0503
     40211,      2019,  1.253964508235E+02,  0.0502
     40229,      2020,  1.253963849564E+02,  0.0502
     40300,      2021,  1.253960716612E+02,  0.0501
     40305,      2022,  1.253959213250E+02,  0.0502
     40544,      2023,  1.253956963336E+02,  0.0499
     40561,      2024,  1.253956447973E+02,  0.0499
     40629,      2025,  1.253956174817E+02,  0.0498
     40656,      2026,  1.253955282616E+02,  0.0498
     40736,      2027,  1.253954356091E+02,  0.0498
     40944,      2028,  1.253933907278E+02,  0.0495
     41141,      2029,  1.253931839510E+02,  0.0493
     41266,      2030,  1.253929519072E+02,  0.0492
     41345,      2031,  1.253928892682E+02,  0.0491
     41417,      2032,  1.253928551027E+02,  0.0491
     41479,      2033,  1.253928137661E+02,  0.0490
     41588,      2034,  1.253925753349E+02,  0.0489
     41666,      2035,  1.253925241323E+02,  0.0488
     41694,      2036,  1.253923132348E+02,  0.0488
     41930,      2037,  1.253922076736E+02,  0.0486
     42061,      2038,  1.253920639728E+02,  0.0485
     42116,      2039,  1.253919930578E+02,  0.0484
     42145,      2040,  1.253919739938E+02,  0.0484
     42164,      2041,  1.253919475302E+02,  0.0484
     42233,      2042,  1.253918673341E+02,  0.0484
     42319,      2043,  1.253918671545E+02,  0.0483
     42391,      2044,  1.253918190779E+02,  0.0482
     42611,      2045,  1.253917708442E+02,  0.0480
     42650,      2046,  1.253917543977E+02,  0.0480
     42672,      2047,  1.253915734383E+02,  0.0480
     42897,      2048,  1.253915679882E+02,  0.0477
     43271,      2049,  1.253915126929E+02,  0.0474
     43527,      2050,  1.253914737491E+02,  0.0471
     43784,      2051,  1.253914692578E+02,  0.0468
     43828,      2052,  1.253912819021E+02,  0.0468
     43847,      2053,  1.253912642669E+02,  0.0468
     43929,      2054,  1.253912510925E+02,  0.0468
     44042,      2055,  1.253907354131E+02,  0.0467
     44118,      2056,  1.253906940703E+02,  0.0466
     44134,      2057,  1.253906867137E+02,  0.0466
     44154,      2058,  1.253906438635E+02,  0.0466
     44184,      2059,  1.253906229824E+02,  0.0466
     44387,      2060,  1.253906172110E+02,  0.0464
     44405,      2061,  1.253904957223E+02,  0.0464
     44567,      2062,  1.253904920954E+02,  0.0463
     44603,      2063,  1.253904228092E+02,  0.0463
     44736,      2064,  1.253903054594E+02,  0.0461
     44747,      2065,  1.253902954040E+02,  0.0461
     44768,      2066,  1.253902357508E+02,  0.0461
     44835,      2067,  1.253902336867E+02,  0.0461
     45145,      2068,  1.253900792979E+02,  0.0458
     45179,      2069,  1.253900278193E+02,  0.0458
     45224,      2070,  1.253900213960E+02,  0.0458
     45319,      2071,  1.253899997197E+02,  0.0457
     45436,      2072,  1.253899928629E+02,  0.0456
     45442,      2073,  1.253899628873E+02,  0.0456
     45860,      2074,  1.253898443740E+02,  0.0452
     45956,      2075,  1.253897671280E+02,  0.0452
     46007,      2076,  1.253897050825E+02,  0.0451
     46028,      2077,  1.253895870438E+02,  0.0451
     46029,      2078,  1.253894794267E+02,  0.0451
     46220,      2079,  1.253894634695E+02,  0.0450
     46249,      2080,  1.253835194346E+02,  0.0450
     46352,      2081,  1.253825498331E+02,  0.0449
     46516,      2082,  1.253823231634E+02,  0.0448
     46550,      2083,  1.253823223107E+02,  0.0447
     46577,      2084,  1.253822915394E+02,  0.0447
     46666,      2085,  1.253822270533E+02,  0.0447
     46777,      2086,  1.253821816883E+02,  0.0446
     46893,      2087,  1.253821665469E+02,  0.0445
     47062,      2088,  1.253821402220E+02,  0.0444
     47110,      2089,  1.253821244423E+02,  0.0443
     47233,      2090,  1.253820991535E+02,  0.0442
     47519,      2091,  1.253820784420E+02,  0.0440
     47557,      2092,  1.253819861964E+02,  0.0440
     47665,      2093,  1.253818819598E+02,  0.0439
     47687,      2094,  1.253818241455E+02,  0.0439
     47772,      2095,  1.253816505600E+02,  0.0439
     47906,      2096,  1.253816379702E+02,  0.0438
     47965,      2097,  1.253815236350E+02,  0.0437
     47985,      2098,  1.253815056606E+02,  0.0437
     48124,      2099,  1.253814690147E+02,  0.0436
     48240,      2100,  1.253814357478E+02,  0.0435
     48391,      2101,  1.253812235571E+02,  0.0434
     48662,      2102,  1.253811904329E+02,  0.0432
     48711,      2103,  1.253810828743E+02,  0.0432
     48919,      2104,  1.253810318214E+02,  0.0430
     48999,      2105,  1.253809199756E+02,  0.0430
     49032,      2106,  1.253808952803E+02,  0.0430
     49094,      2107,  1.253808800366E+02,  0.0429
     49110,      2108,  1.253807857358E+02,  0.0429
     49119,      2109,  1.253799651683E+02,  0.0429
     49223,      2110,  1.253799598517E+02,  0.0429
     49263,      2111,  1.253799520261E+02,  0.0429
     49339,      2112,  1.253799433656E+02,  0.0428
     49341,      2113,  1.253797471318E+02,  0.0428
     49424,      2114,  1.253797210471E+02,  0.0428
     49564,      2115,  1.253779283870E+02,  0.0427
     49616,      2116,  1.253779123394E+02,  0.0426
     49655,      2117,  1.253778975340E+02,  0.0426
     49765,      2118,  1.253778925323E+02,  0.0426
     49955,      2119,  1.253778067062E+02,  0.0424
     49999,      2120,  1.253777075254E+02,  0.0424
     50123,      2121,  1.253765163071E+02,  0.0423
     50406,      2122,  1.253764296300E+02,  0.0421
     50436,      2123,  1.253762531843E+02,  0.0421
     50480,      2124,  1.253761922842E+02,  0.0421
     50709,      2125,  1.253758918899E+02,  0.0419
     50725,      2126,  1.253739516920E+02,  0.0419
     50808,      2127,  1.253739334455E+02,  0.0419
     51052,      2128,  1.253738370098E+02,  0.0417
     51529,      2129,  1.253738338955E+02,  0.0413
     51655,      2130,  1.253738035668E+02,  0.0412
     51697,      2131,  1.253733607100E+02,  0.0412
     51951,      2132,  1.253733427160E+02,  0.0410
     51988,      2133,  1.253733379495E+02,  0.0410
     52007,      2134,  1.253728099998E+02,  0.0410
     52391,      2135,  1.253727883392E+02,  0.0408
     52480,      2136,  1.253715801069E+02,  0.0407
     52551,      2137,  1.253715506421E+02,  0.0407
     52727,      2138,  1.253715166613E+02,  0.0405
     52755,      2139,  1.253714651588E+02,  0.0405
     52799,      2140,  1.253714031164E+02,  0.0405
     52959,      2141,  1.253713585402E+02,  0.0404
     53069,      2142,  1.253711548210E+02,  0.0404
     53375,      2143,  1.253711293285E+02,  0.0401
     53570,      2144,  1.253710790659E+02,  0.0400
     53715,      2145,  1.253710593794E+02,  0.0399
     53911,      2146,  1.253710574551E+02,  0.0398
     53958,      2147,  1.253709892028E+02,  0.0398
     54121,      2148,  1.253709870260E+02,  0.0397
     54261,      2149,  1.253709016052E+02,  0.0396
     54626,      2150,  1.253708642479E+02,  0.0394
     54864,      2151,  1.253707925050E+02,  0.0392
     55335,      2152,  1.253706760571E+02,  0.0389
     55437,      2153,  1.253706594575E+02,  0.0388
     55469,      2154,  1.253706210708E+02,  0.0388
     55565,      2155,  1.253706128598E+02,  0.0388
     55594,      2156,  1.253706102319E+02,  0.0388
     55677,      2157,  1.253706049475E+02,  0.0387
     55678,      2158,  1.253704719593E+02,  0.0388
     55712,      2159,  1.253704665079E+02,  0.0388
     55786,      2160,  1.253699559166E+02,  0.0387
     55897,      2161,  1.253699463599E+02,  0.0387
     57040,      2162,  1.253699300946E+02,  0.0379
     57113,      2163,  1.253699149942E+02,  0.0379
     57421,      2164,  1.253698181341E+02,  0.0377
     57461,      2165,  1.253697839444E+02,  0.0377
     57736,      2166,  1.253697745131E+02,  0.0375
     57812,      2167,  1.253697714558E+02,  0.0375
     57851,      2168,  1.253697701177E+02,  0.0375
     57887,      2169,  1.253697590632E+02,  0.0375
     57917,      2170,  1.253697212910E+02,  0.0375
     58021,      2171,  1.253697090814E+02,  0.0374
     58183,      2172,  1.253696834315E+02,  0.0373
     58368,      2173,  1.253696814668E+02,  0.0372
     58545,      2174,  1.253696787809E+02,  0.0371
     58732,      2175,  1.253696696912E+02,  0.0370
     59185,      2176,  1.253696379323E+02,  0.0368
     59325,      2177,  1.253695840654E+02,  0.0367
     59339,      2178,  1.253691325539E+02,  0.0367
     59409,      2179,  1.253691306482E+02,  0.0367
     59618,      2180,  1.253680844004E+02,  0.0366
     59626,      2181,  1.253680544611E+02,  0.0366
     60011,      2182,  1.253680341716E+02,  0.0364
     60174,      2183,  1.253674108452E+02,  0.0363
     60303,      2184,  1.253673897335E+02,  0.0362
     60514,      2185,  1.253673677254E+02,  0.0361
     60656,      2186,  1.253673590349E+02,  0.0360
     61006,      2187,  1.253673191289E+02,  0.0358
     61013,      2188,  1.253673064643E+02,  0.0359
     61151,      2189,  1.253672412461E+02,  0.0358
     61759,      2190,  1.253671366322E+02,  0.0355
     62047,      2191,  1.253671158826E+02,  0.0353
     62680,      2192,  1.253670590477E+02,  0.0350
     62755,      2193,  1.253666915065E+02,  0.0349
     62862,      2194,  1.253666095049E+02,  0.0349
     63262,      2195,  1.253664858307E+02,  0.0347
     63349,      2196,  1.253664350594E+02,  0.0347
     63365,      2197,  1.253664331408E+02,  0.0347
     63720,      2198,  1.253663427453E+02,  0.0345
     63967,      2199,  1.253663183484E+02,  0.0344
     64082,      2200,  1.253643401814E+02,  0.0343
     64135,      2201,  1.253642874097E+02,  0.0343
     64210,      2202,  1.253640703560E+02,  0.0343
     64286,      2203,  1.253640575733E+02,  0.0343
     64304,      2204,  1.253640372367E+02,  0.0343
     64413,      2205,  1.253640013703E+02,  0.0342
     64469,      2206,  1.253639872428E+02,  0.0342
     64472,      2207,  1.253639656617E+02,  0.0342
     64601,      2208,  1.253623946073E+02,  0.0342
     64662,      2209,  1.253623816320E+02,  0.0342
     64686,      2210,  1.253623368749E+02,  0.0342
     64698,      2211,  1.253622872743E+02,  0.0342
     64711,      2212,  1.253622631141E+02,  0.0342
     64754,      2213,  1.253622322528E+02,  0.0342
     64920,      2214,  1.253621820337E+02,  0.0341
     64946,      2215,  1.253621037300E+02,  0.0341
     65038,      2216,  1.253613634912E+02,  0.0341
     65233,      2217,  1.253612977873E+02,  0.0340
     65297,      2218,  1.253612410537E+02,  0.0340
     65443,      2219,  1.253606572360E+02,  0.0339
     65523,      2220,  1.253606508869E+02,  0.0339
     65560,      2221,  1.253605909380E+02,  0.0339
     65733,      2222,  1.253605081930E+02,  0.0338
     65784,      2223,  1.253604801892E+02,  0.0338
     66100,      2224,  1.253604419970E+02,  0.0336
     66149,      2225,  1.253604403388E+02,  0.0336
     66228,      2226,  1.253603566734E+02,  0.0336
     66511,      2227,  1.253602475082E+02,  0.0335
     66607,      2228,  1.253601957125E+02,  0.0334
     66822,      2229,  1.253601493376E+02,  0.0334
     67787,      2230,  1.253601467828E+02,  0.0329
     68028,      2231,  1.253601365121E+02,  0.0328
     68084,      2232,  1.253589994874E+02,  0.0328
     68230,      2233,  1.253589718604E+02,  0.0327
     68405,      2234,  1.253589615807E+02,  0.0327
     68487,      2235,  1.253589205418E+02,  0.0326
     68526,      2236,  1.253578243117E+02,  0.0326
     68535,      2237,  1.253577566342E+02,  0.0326
     68539,      2238,  1.253577196893E+02,  0.0327
     68580,      2239,  1.253577043223E+02,  0.0326
     68628,      2240,  1.253577017803E+02,  0.0326
     68826,      2241,  1.253576668233E+02,  0.0326
     68864,      2242,  1.253574761565E+02,  0.0326
     68958,      2243,  1.253569351204E+02,  0.0325
     68995,      2244,  1.253568300680E+02,  0.0325
     69072,      2245,  1.253567500834E+02,  0.0325
     69098,      2246,  1.253556476267E+02,  0.0325
     69130,      2247,  1.253555322831E+02,  0.0325
     69263,      2248,  1.253553985808E+02,  0.0325
     69369,      2249,  1.253553664307E+02,  0.0324
     69413,      2250,  1.253553647426E+02,  0.0324
     69530,      2251,  1.253552784777E+02,  0.0324
     69636,      2252,  1.253552330150E+02,  0.0323
     70018,      2253,  1.253552085922E+02,  0.0322
     70173,      2254,  1.253551503963E+02,  0.0321
     70438,      2255,  1.253551174282E+02,  0.0320
     70493,      2256,  1.253550705931E+02,  0.0320
     70554,      2257,  1.253550541261E+02,  0.0320
     70564,      2258,  1.253549852871E+02,  0.0320
     70750,      2259,  1.253547889941E+02,  0.0319
     70811,      2260,  1.253547625353E+02,  0.0319
     70941,      2261,  1.253547472347E+02,  0.0319
     71018,      2262,  1.253545854945E+02,  0.0319
     71054,      2263,  1.253545315149E+02,  0.0318
     71132,      2264,  1.253545302948E+02,  0.0318
     71145,      2265,  1.253544760398E+02,  0.0318
     71148,      2266,  1.253544672883E+02,  0.0318
     71191,      2267,  1.253544275857E+02,  0.0318
     71433,      2268,  1.253541864380E+02,  0.0318
     71866,      2269,  1.253541557839E+02,  0.0316
     71900,      2270,  1.253541299100E+02,  0.0316
     71958,      2271,  1.253541178128E+02,  0.0316
     72098,      2272,  1.253540319457E+02,  0.0315
     72219,      2273,  1.253539962946E+02,  0.0315
     72237,      2274,  1.253539472559E+02,  0.0315
     72496,      2275,  1.253538804905E+02,  0.0314
     72544,      2276,  1.253537345327E+02,  0.0314
     72694,      2277,  1.253533538343E+02,  0.0313
     72737,      2278,  1.253533291428E+02,  0.0313
     72760,      2279,  1.253533098143E+02,  0.0313
     72789,      2280,  1.253532034588E+02,  0.0313
     72920,      2281,  1.253530218934E+02,  0.0313
     73045,      2282,  1.253529774207E+02,  0.0312
     73053,      2283,  1.253528839765E+02,  0.0313
     73094,      2284,  1.253528096643E+02,  0.0312
     73218,      2285,  1.253527921767E+02,  0.0312
     73244,      2286,  1.253524265322E+02,  0.0312
     73245,      2287,  1.253523712551E+02,  0.0312
     73286,      2288,  1.253523618699E+02,  0.0312
     73452,      2289,  1.253522743812E+02,  0.0312
     73560,      2290,  1.253522557174E+02,  0.0311
     73741,      2291,  1.253522289824E+02,  0.0311
     73930,      2292,  1.253521890161E+02,  0.0310
     74373,      2293,  1.253521243101E+02,  0.0308
     74396,      2294,  1.253520904466E+02,  0.0308
     74422,      2295,  1.253520785468E+02,  0.0308
     74716,      2296,  1.253520642864E+02,  0.0307
     75030,      2297,  1.253520192649E+02,  0.0306
     75238,      2298,  1.253520007510E+02,  0.0305
     75393,      2299,  1.253518757315E+02,  0.0305
     75667,      2300,  1.253517353817E+02,  0.0304
     75752,      2301,  1.253517098306E+02,  0.0304
     75754,      2302,  1.253516909600E+02,  0.0304
     75939,      2303,  1.253516361724E+02,  0.0303
     76021,      2304,  1.253516075888E+02,  0.0303
     76075,      2305,  1.253515688748E+02,  0.0303
     76174,      2306,  1.253514081102E+02,  0.0303
     76364,      2307,  1.253513573480E+02,  0.0302
     76617,      2308,  1.253513562681E+02,  0.0301
     76824,      2309,  1.253513004040E+02,  0.0301
     76923,      2310,  1.253512605488E+02,  0.0300
     77084,      2311,  1.253511494456E+02,  0.0300
     77237,      2312,  1.253510680738E+02,  0.0299
     77390,      2313,  1.253510444258E+02,  0.0299
     77507,      2314,  1.253510035447E+02,  0.0299
     77552,      2315,  1.253510023834E+02,  0.0299
     77577,      2316,  1.253508826975E+02,  0.0299
     78001,      2317,  1.253508562804E+02,  0.0297
     78047,      2318,  1.253505448261E+02,  0.0297
     78049,      2319,  1.253504144252E+02,  0.0297
     78414,      2320,  1.253502391483E+02,  0.0296
     78469,      2321,  1.253502017503E+02,  0.0296
     78499,      2322,  1.253501814960E+02,  0.0296
     78577,      2323,  1.253500893655E+02,  0.0296
     78645,      2324,  1.253500756732E+02,  0.0296
     78701,      2325,  1.253499071788E+02,  0.0295
     78718,      2326,  1.253498951505E+02,  0.0295
     78896,      2327,  1.253496852004E+02,  0.0295
     78947,      2328,  1.253495797633E+02,  0.0295
     79117,      2329,  1.253495462781E+02,  0.0294
     79152,      2330,  1.253493950142E+02,  0.0294
     79179,      2331,  1.253492454875E+02,  0.0294
     79238,      2332,  1.253492186943E+02,  0.0294
     79249,      2333,  1.253491177422E+02,  0.0294
     79271,      2334,  1.253490474000E+02,  0.0294
     79298,      2335,  1.253489406083E+02,  0.0294
     79391,      2336,  1.253488406597E+02,  0.0294
     79688,      2337,  1.253488234134E+02,  0.0293
     79694,      2338,  1.253487621000E+02,  0.0293
     79742,      2339,  1.253486936646E+02,  0.0293
     79816,      2340,  1.253486479934E+02,  0.0293
     79853,      2341,  1.253486163944E+02,  0.0293
     80037,      2342,  1.253486050527E+02,  0.0293
     80095,      2343,  1.253484926693E+02,  0.0293
     80132,      2344,  1.253484845104E+02,  0.0293
     80223,      2345,  1.253484109538E+02,  0.0292
     80377,      2346,  1.253482331616E+02,  0.0292
     80494,      2347,  1.253481680438E+02,  0.0292
     80500,      2348,  1.253479148203E+02,  0.0292
     80667,      2349,  1.253477544166E+02,  0.0291
     80811,      2350,  1.253476039244E+02,  0.0291
     80935,      2351,  1.253475470508E+02,  0.0290
     81131,      2352,  1.253474346192E+02,  0.0290
     81245,      2353,  1.253473484472E+02,  0.0290
     81304,      2354,  1.253472607809E+02,  0.0290
     81363,      2355,  1.253379936620E+02,  0.0289
     81384,      2356,  1.253378720458E+02,  0.0289
     81451,      2357,  1.253378555900E+02,  0.0289
     81538,      2358,  1.253376898706E+02,  0.0289
     81569,      2359,  1.253376812665E+02,  0.0289
     81720,      2360,  1.253375488219E+02,  0.0289
     81762,      2361,  1.253372279731E+02,  0.0289
     81905,      2362,  1.253372106349E+02,  0.0288
     81919,      2363,  1.253371193413E+02,  0.0288
     82192,      2364,  1.253368348168E+02,  0.0288
     82250,      2365,  1.253367563588E+02,  0.0288
     82284,      2366,  1.253366313804E+02,  0.0288
     82287,      2367,  1.253366291001E+02,  0.0288
     82696,      2368,  1.253365858757E+02,  0.0286
     82733,      2369,  1.253365717937E+02,  0.0286
     82945,      2370,  1.253365531809E+02,  0.0286
     82975,      2371,  1.253365474052E+02,  0.0286
     82986,      2372,  1.253365299563E+02,  0.0286
     83443,      2373,  1.253364052962E+02,  0.0284
     83573,      2374,  1.253361899219E+02,  0.0284
     83594,      2375,  1.253361512117E+02,  0.0284
     83676,      2376,  1.253360974911E+02,  0.0284
     83735,      2377,  1.253360869113E+02,  0.0284
     83777,      2378,  1.253360432627E+02,  0.0284
     84093,      2379,  1.253359412379E+02,  0.0283
     84338,      2380,  1.253359278125E+02,  0.0282
     84356,      2381,  1.253358614309E+02,  0.0282
     84770,      2382,  1.253358204234E+02,  0.0281
     84801,      2383,  1.253357761339E+02,  0.0281
     84888,      2384,  1.253357595889E+02,  0.0281
     85051,      2385,  1.253356508338E+02,  0.0280
     85109,      2386,  1.253356066753E+02,  0.0280
     85387,      2387,  1.253355104603E+02,  0.0280
     85403,      2388,  1.253355089685E+02,  0.0280
     85482,      2389,  1.253354790520E+02,  0.0279
     86052,      2390,  1.253354766868E+02,  0.0278
     87103,      2391,  1.253354322984E+02,  0.0275
     87222,      2392,  1.253353308759E+02,  0.0274
     87483,      2393,  1.253353103504E+02,  0.0274
     87784,      2394,  1.253353025066E+02,  0.0273
     87939,      2395,  1.253352388323E+02,  0.0272
     87966,      2396,  1.253352067411E+02,  0.0272
     88045,      2397,  1.253351902839E+02,  0.0272
     88221,      2398,  1.253351856278E+02,  0.0272
     88257,      2399,  1.253350647631E+02,  0.0272
     88839,      2400,  1.253350397096E+02,  0.0270
     89298,      2401,  1.253350148613E+02,  0.0269
     89384,      2402,  1.253349800527E+02,  0.0269
     89689,      2403,  1.253349794955E+02,  0.0268
     89694,      2404,  1.253348734110E+02,  0.0268
     89754,      2405,  1.253348712420E+02,  0.0268
     89783,      2406,  1.253348492262E+02,  0.0268
     90082,      2407,  1.253348433629E+02,  0.0267
     90168,      2408,  1.253347748833E+02,  0.0267
     90561,      2409,  1.253347602378E+02,  0.0266
     90568,      2410,  1.253347460661E+02,  0.0266
     91145,      2411,  1.253346782551E+02,  0.0265
     91639,      2412,  1.253346685821E+02,  0.0263
     91662,      2413,  1.253346603896E+02,  0.0263
     92081,      2414,  1.253346078758E+02,  0.0262
     92099,      2415,  1.253345832934E+02,  0.0262
     92312,      2416,  1.253344973357E+02,  0.0262
     92454,      2417,  1.253344865622E+02,  0.0261
     92482,      2418,  1.253342448425E+02,  0.0261
     92762,      2419,  1.253342203192E+02,  0.0261
     92881,      2420,  1.253336021024E+02,  0.0261
     93001,      2421,  1.253334819429E+02,  0.0260
     93062,      2422,  1.253334560573E+02,  0.0260
     93117,      2423,  1.253334031430E+02,  0.0260
     93329,      2424,  1.253332603232E+02,  0.0260
     93424,      2425,  1.253329881460E+02,  0.0260
     93559,      2426,  1.253329344781E+02,  0.0259
     93574,      2427,  1.253328455290E+02,  0.0259
     93822,      2428,  1.253328253898E+02,  0.0259
     93932,      2429,  1.253327960597E+02,  0.0259
     93996,      2430,  1.253327845841E+02,  0.0259
     94001,      2431,  1.253327826260E+02,  0.0259
     94164,      2432,  1.253327802053E+02,  0.0258
     94347,      2433,  1.253326354512E+02,  0.0258
     94391,      2434,  1.253326321967E+02,  0.0258
     94606,      2435,  1.253325965463E+02,  0.0257
     94874,      2436,  1.253325425948E+02,  0.0257
     95031,      2437,  1.253300955039E+02,  0.0256
     95527,      2438,  1.253300916913E+02,  0.0255
     95713,      2439,  1.253296738415E+02,  0.0255
     95877,      2440,  1.253296547410E+02,  0.0254
     96211,      2441,  1.253296416133E+02,  0.0254
     96336,      2442,  1.253296348511E+02,  0.0253
     96391,      2443,  1.253296346613E+02,  0.0253
     96564,      2444,  1.253296082944E+02,  0.0253
     96778,      2445,  1.253295955232E+02,  0.0253
     97251,      2446,  1.253295868131E+02,  0.0252
     97365,      2447,  1.253295782272E+02,  0.0251
     97577,      2448,  1.253295321354E+02,  0.0251
     97720,      2449,  1.253294833845E+02,  0.0251
     97881,      2450,  1.253294425760E+02,  0.0250
     98488,      2451,  1.253293253826E+02,  0.0249
     98582,      2452,  1.253292656137E+02,  0.0249
     99495,      2453,  1.253292576481E+02,  0.0247
     99746,      2454,  1.253292282891E+02,  0.0246
     99987,      2455,  1.253292231949E+02,  0.0246
    100150,      2456,  1.253292010996E+02,  0.0245
    100300,      2457,  1.253291997096E+02,  0.0245
    100507,      2458,  1.253291984153E+02,  0.0245
    100612,      2459,  1.253291813358E+02,  0.0244
    101332,      2460,  1.253291765711E+02,  0.0243
    101803,      2461,  1.253291606324E+02,  0.0242
    102796,      2462,  1.253291547747E+02,  0.0240
    102972,      2463,  1.253291520867E+02,  0.0239
    103241,      2464,  1.253291478307E+02,  0.0239
    103431,      2465,  1.253291247351E+02,  0.0238
    103795,      2466,  1.253291000302E+02,  0.0238
    104185,      2467,  1.253290718071E+02,  0.0237
    105029,      2468,  1.253283090925E+02,  0.0235
    105331,      2469,  1.253283064098E+02,  0.0234
    105522,      2470,  1.253282923865E+02,  0.0234
    106184,      2471,  1.253277346543E+02,  0.0233
    106324,      2472,  1.253276974490E+02,  0.0232
    107255,      2473,  1.253276967291E+02,  0.0231
    107844,      2474,  1.253274582595E+02,  0.0229
    108289,      2475,  1.253274527126E+02,  0.0229
    109363,      2476,  1.253274471423E+02,  0.0226
    109587,      2477,  1.253274448582E+02,  0.0226
    109713,      2478,  1.253274385888E+02,  0.0226
    110185,      2479,  1.253269603392E+02,  0.0225
    110892,      2480,  1.253269535981E+02,  0.0224
    111283,      2481,  1.253269433931E+02,  0.0223
    111563,      2482,  1.253193805461E+02,  0.0222
    111795,      2483,  1.253193788254E+02,  0.0222
    112790,      2484,  1.253193569293E+02,  0.0220
    112885,      2485,  1.253193463856E+02,  0.0220
    113594,      2486,  1.253193399514E+02,  0.0219
    114762,      2487,  1.253193378062E+02,  0.0217
    114845,      2488,  1.253193233585E+02,  0.0217
    114913,      2489,  1.253193035099E+02,  0.0217
    115075,      2490,  1.253192968711E+02,  0.0216
    115609,      2491,  1.253192941217E+02,  0.0215
    115675,      2492,  1.253184233913E+02,  0.0215
    115892,      2493,  1.253175880780E+02,  0.0215
    115919,      2494,  1.253173299219E+02,  0.0215
    117832,      2495,  1.253173146208E+02,  0.0212
    119110,      2496,  1.253166252494E+02,  0.0210
    119185,      2497,  1.253166232637E+02,  0.0210
    120336,      2498,  1.253166129611E+02,  0.0208
    120341,      2499,  1.253165882741E+02,  0.0208
    121105,      2500,  1.253165869449E+02,  0.0206
    121183,      2501,  1.253165859341E+02,  0.0206
    121565,      2502,  1.253165858796E+02,  0.0206
    121801,      2503,  1.253165807514E+02,  0.0205
    122653,      2504,  1.253165788493E+02,  0.0204
    123077,      2505,  1.253165709019E+02,  0.0204
    123289,      2506,  1.253165555919E+02,  0.0203
    124040,      2507,  1.253165545153E+02,  0.0202
    124480,      2508,  1.253165542524E+02,  0.0201
    127043,      2509,  1.253165525208E+02,  0.0197
    128584,      2510,  1.253165481194E+02,  0.0195
    128774,      2511,  1.253165445297E+02,  0.0195
    129060,      2512,  1.253165442310E+02,  0.0195
    129150,      2513,  1.253165431647E+02,  0.0195
    129306,      2514,  1.253165419350E+02,  0.0194
    130290,      2515,  1.253165396588E+02,  0.0193
    130338,      2516,  1.253162879588E+02,  0.0193
    131591,      2517,  1.253162873224E+02,  0.0191
    132026,      2518,  1.253159582670E+02,  0.0191
    132284,      2519,  1.253159581258E+02,  0.0190
    132903,      2520,  1.253152691652E+02,  0.0190
    134124,      2521,  1.253152690122E+02,  0.0188
    134152,      2522,  1.253146505343E+02,  0.0188
    134449,      2523,  1.253146413706E+02,  0.0188
    134788,      2524,  1.253146222788E+02,  0.0187
    135359,      2525,  1.253146221659E+02,  0.0187
    135631,      2526,  1.253146150536E+02,  0.0186
    136102,      2527,  1.253146088478E+02,  0.0186
    137734,      2528,  1.253146078460E+02,  0.0184
    137762,      2529,  1.253145976390E+02,  0.0184
    140857,      2530,  1.253145857733E+02,  0.0180
    140943,      2531,  1.253145488489E+02,  0.0180
    140965,      2532,  1.253145455816E+02,  0.0180
    142324,      2533,  1.253145213419E+02,  0.0178
    143046,      2534,  1.253145196268E+02,  0.0177
    143251,      2535,  1.253145104616E+02,  0.0177
    143703,      2536,  1.253143890646E+02,  0.0176
    144422,      2537,  1.253143886524E+02,  0.0176
    145343,      2538,  1.253143875366E+02,  0.0175
    148493,      2539,  1.253143533832E+02,  0.0171
    148782,      2540,  1.253132605954E+02,  0.0171
    149127,      2541,  1.253126819216E+02,  0.0170
    149472,      2542,  1.253126027167E+02,  0.0170
    149855,      2543,  1.253125975044E+02,  0.0170
    149901,      2544,  1.253125897727E+02,  0.0170
    150048,      2545,  1.253125875433E+02,  0.0170
    150481,      2546,  1.253125785163E+02,  0.0169
    151508,      2547,  1.253125760537E+02,  0.0168
    153303,      2548,  1.253125530001E+02,  0.0166
    153433,      2549,  1.253125498940E+02,  0.0166
    154483,      2550,  1.253125263651E+02,  0.0165
    154956,      2551,  1.253122883360E+02,  0.0165
    155072,      2552,  1.253122880666E+02,  0.0165
    157930,      2553,  1.253121961707E+02,  0.0162
    158030,      2554,  1.253121960922E+02,  0.0162
    158767,      2555,  1.253121928065E+02,  0.0161
    158875,      2556,  1.253121910696E+02,  0.0161
    159284,      2557,  1.253121855133E+02,  0.0161
    159448,      2558,  1.253121841479E+02,  0.0160
    160937,      2559,  1.253121688444E+02,  0.0159
    161633,      2560,  1.253121371613E+02,  0.0158
    162357,      2561,  1.253121358649E+02,  0.0158
    163011,      2562,  1.253121262235E+02,  0.0157
    163254,      2563,  1.253121198657E+02,  0.0157
    164630,      2564,  1.253121010742E+02,  0.0156
    168966,      2565,  1.253118909033E+02,  0.0152
    173076,      2566,  1.253112502090E+02,  0.0148
    173834,      2567,  1.253112206071E+02,  0.0148
    174538,      2568,  1.253111999209E+02,  0.0147
    175437,      2569,  1.253111895911E+02,  0.0146
    176382,      2570,  1.253106094140E+02,  0.0146
    176544,      2571,  1.253104630988E+02,  0.0146
    177008,      2572,  1.253104386537E+02,  0.0145
    178569,      2573,  1.253104283344E+02,  0.0144
    179476,      2574,  1.253103137941E+02,  0.0143
    179673,      2575,  1.253103015100E+02,  0.0143
    179768,      2576,  1.253102864933E+02,  0.0143
    180178,      2577,  1.253102576050E+02,  0.0143
    180940,      2578,  1.253102314073E+02,  0.0142
    182139,      2579,  1.253102132177E+02,  0.0142
    183922,      2580,  1.253101989935E+02,  0.0140
    183989,      2581,  1.253100431681E+02,  0.0140
    184266,      2582,  1.253100386624E+02,  0.0140
    186213,      2583,  1.253100355455E+02,  0.0139
    187675,      2584,  1.253099190599E+02,  0.0138
    187683,      2585,  1.253099052766E+02,  0.0138
    188779,      2586,  1.253098975073E+02,  0.0137
    192133,      2587,  1.253097738177E+02,  0.0135
    193301,      2588,  1.253094143893E+02,  0.0134
    194059,      2589,  1.253094128059E+02,  0.0133
    194374,      2590,  1.253094078839E+02,  0.0133
    194736,      2591,  1.253094075545E+02,  0.0133
    195268,      2592,  1.253093939865E+02,  0.0133
    197278,      2593,  1.253093759856E+02,  0.0131
    197634,      2594,  1.253093606142E+02,  0.0131
    198433,      2595,  1.253093348267E+02,  0.0131
    200617,      2596,  1.253093150505E+02,  0.0129
    202711,      2597,  1.253011295899E+02,  0.0128
    202822,      2598,  1.253011294654E+02,  0.0128
    202997,      2599,  1.253011288379E+02,  0.0128
    204965,      2600,  1.253007000496E+02,  0.0127
    205233,      2601,  1.253006759825E+02,  0.0127
    205311,      2602,  1.253006739615E+02,  0.0127
    206112,      2603,  1.253006706770E+02,  0.0126
    206906,      2604,  1.253006596588E+02,  0.0126
    207702,      2605,  1.253006582315E+02,  0.0125
    208550,      2606,  1.253000125586E+02,  0.0125
    210500,      2607,  1.252999973538E+02,  0.0124
    211111,      2608,  1.252999779248E+02,  0.0124
    211784,      2609,  1.252999689005E+02,  0.0123
    214858,      2610,  1.252999626201E+02,  0.0121
    215563,      2611,  1.252996852639E+02,  0.0121
    219836,      2612,  1.252996798931E+02,  0.0119
    220162,      2613,  1.252996755087E+02,  0.0119
    221097,      2614,  1.252996696497E+02,  0.0118
    221121,      2615,  1.252996667958E+02,  0.0118
    221160,      2616,  1.252996633592E+02,  0.0118
    228419,      2617,  1.252996595361E+02,  0.0115
    230221,      2618,  1.252996301548E+02,  0.0114
    230797,      2619,  1.252996294029E+02,  0.0113
    232166,      2620,  1.252996227652E+02,  0.0113
    232184,      2621,  1.252995867571E+02,  0.0113
    232432,      2622,  1.252995866034E+02,  0.0113
    236093,      2623,  1.252995287491E+02,  0.0111
    236349,      2624,  1.252995098414E+02,  0.0111
    236826,      2625,  1.252994868250E+02,  0.0111
    237180,      2626,  1.252994542081E+02,  0.0111
    238958,      2627,  1.252994536395E+02,  0.0110
    239226,      2628,  1.252994288816E+02,  0.0110
    239540,      2629,  1.252994285641E+02,  0.0110
    239723,      2630,  1.252994134182E+02,  0.0110
    239941,      2631,  1.252993966957E+02,  0.0110
    240607,      2632,  1.252993950678E+02,  0.0109
    241698,      2633,  1.252993900721E+02,  0.0109
    242471,      2634,  1.252993687757E+02,  0.0109
    243038,      2635,  1.252993646027E+02,  0.0108
    243348,      2636,  1.252991300044E+02,  0.0108
    244510,      2637,  1.252991198842E+02,  0.0108
    245686,      2638,  1.252991161837E+02,  0.0107
    246875,      2639,  1.252991095137E+02,  0.0107
    247920,      2640,  1.252991082790E+02,  0.0106
    248977,      2641,  1.252990152555E+02,  0.0106
    249184,      2642,  1.252989364610E+02,  0.0106
    249354,      2643,  1.252989269602E+02,  0.0106
    249861,      2644,  1.252987315758E+02,  0.0106
    250803,      2645,  1.252987215767E+02,  0.0105
    251628,      2646,  1.252986104086E+02,  0.0105
    251948,      2647,  1.252986095293E+02,  0.0105
    252088,      2648,  1.252985873543E+02,  0.0105
    253716,      2649,  1.252985743402E+02,  0.0104
    253972,      2650,  1.252985709228E+02,  0.0104
    255014,      2651,  1.252985537710E+02,  0.0104
    255307,      2652,  1.252985537247E+02,  0.0104
    255677,      2653,  1.252985403010E+02,  0.0104
    256332,      2654,  1.252985388070E+02,  0.0104
    256939,      2655,  1.252985307509E+02,  0.0103
    258289,      2656,  1.252985233082E+02,  0.0103
    258832,      2657,  1.252985208006E+02,  0.0103
    260806,      2658,  1.252985144408E+02,  0.0102
    260912,      2659,  1.252985037516E+02,  0.0102
    261072,      2660,  1.252984904316E+02,  0.0102
    261088,      2661,  1.252984836143E+02,  0.0102
    261447,      2662,  1.252983488199E+02,  0.0102
    265898,      2663,  1.252983486813E+02,  0.0100
    266005,      2664,  1.252983437789E+02,  0.0100
    266537,      2665,  1.252983380694E+02,  0.0100
    267888,      2666,  1.252977374394E+02,  0.0100
    269355,      2667,  1.252976379357E+02,  0.0099
    269916,      2668,  1.252976341770E+02,  0.0099
    269920,      2669,  1.252976280734E+02,  0.0099
    270070,      2670,  1.252975090679E+02,  0.0099
    270817,      2671,  1.252975086325E+02,  0.0099
    272101,      2672,  1.252973539447E+02,  0.0098
    272950,      2673,  1.252972611711E+02,  0.0098
    273072,      2674,  1.252972590745E+02,  0.0098
    275841,      2675,  1.252972572123E+02,  0.0097
    275991,      2676,  1.252972487889E+02,  0.0097
    276329,      2677,  1.252972458910E+02,  0.0097
    277112,      2678,  1.252972375387E+02,  0.0097
    279913,      2679,  1.252972359871E+02,  0.0096
    281438,      2680,  1.252972321792E+02,  0.0095
    282518,      2681,  1.252972279251E+02,  0.0095
    282805,      2682,  1.252972269502E+02,  0.0095
    283971,      2683,  1.252972267488E+02,  0.0094
    285383,      2684,  1.252963998454E+02,  0.0094
    286756,      2685,  1.252963971872E+02,  0.0094
    286874,      2686,  1.252963959171E+02,  0.0094
    288275,      2687,  1.252963948296E+02,  0.0093
    289587,      2688,  1.252963882873E+02,  0.0093
    291440,      2689,  1.252963848694E+02,  0.0092
    298977,      2690,  1.252963827037E+02,  0.0090
    301804,      2691,  1.252963820483E+02,  0.0089
    303668,      2692,  1.252962008208E+02,  0.0089
    304336,      2693,  1.252961919152E+02,  0.0088
    307671,      2694,  1.252961887771E+02,  0.0088
    311214,      2695,  1.252961844345E+02,  0.0087
    312970,      2696,  1.252960566196E+02,  0.0086
    315974,      2697,  1.252958317235E+02,  0.0085
    316829,      2698,  1.252958310403E+02,  0.0085
    325666,      2699,  1.252957600457E+02,  0.0083
    330612,      2700,  1.252957548323E+02,  0.0082
    341702,      2701,  1.252957543774E+02,  0.0079
    344297,      2702,  1.252957535246E+02,  0.0078
    350404,      2703,  1.252957517327E+02,  0.0077
    350454,      2704,  1.252957515145E+02,  0.0077
    350621,      2705,  1.252957486804E+02,  0.0077
    352365,      2706,  1.252957476531E+02,  0.0077
    356366,      2707,  1.252957459035E+02,  0.0076
    358082,      2708,  1.252957428556E+02,  0.0076
    362230,      2709,  1.252956249294E+02,  0.0075
    364778,      2710,  1.252954859452E+02,  0.0074
    371052,      2711,  1.252954791818E+02,  0.0073
    371429,      2712,  1.252939846109E+02,  0.0073
    374745,      2713,  1.252939330574E+02,  0.0072
    376345,      2714,  1.252938614873E+02,  0.0072
    376848,      2715,  1.252938599860E+02,  0.0072
    379580,      2716,  1.252926409417E+02,  0.0072
    384933,      2717,  1.252926338480E+02,  0.0071
    386393,      2718,  1.252926337719E+02,  0.0070
    387654,      2719,  1.252926308067E+02,  0.0070
    388744,      2720,  1.252926268832E+02,  0.0070
    389633,      2721,  1.252924873421E+02,  0.0070
    389672,      2722,  1.252924830121E+02,  0.0070
    392189,      2723,  1.252924822421E+02,  0.0069
    392971,      2724,  1.252924808975E+02,  0.0069
    394126,      2725,  1.252923701414E+02,  0.0069
    396783,      2726,  1.252922584291E+02,  0.0069
    396965,      2727,  1.252920336871E+02,  0.0069
    398053,      2728,  1.252920320831E+02,  0.0069
    399002,      2729,  1.252859209343E+02,  0.0068
    407276,      2730,  1.252859152445E+02,  0.0067
    407595,      2731,  1.252859147020E+02,  0.0067
    412453,      2732,  1.252859135988E+02,  0.0066
    414862,      2733,  1.252859129828E+02,  0.0066
    417084,      2734,  1.252859102226E+02,  0.0066
    417770,      2735,  1.252858262662E+02,  0.0065
    419181,      2736,  1.252858247907E+02,  0.0065
    422409,      2737,  1.252857090147E+02,  0.0065
    422887,      2738,  1.252857063932E+02,  0.0065
    425057,      2739,  1.252857040082E+02,  0.0064
    427744,      2740,  1.252856068904E+02,  0.0064
    428252,      2741,  1.252855366280E+02,  0.0064
    428443,      2742,  1.252851815451E+02,  0.0064
    428853,      2743,  1.252851304965E+02,  0.0064
    430213,      2744,  1.252851199045E+02,  0.0064
    430522,      2745,  1.252851185733E+02,  0.0064
    430988,      2746,  1.252851114160E+02,  0.0064
    434058,      2747,  1.252851111908E+02,  0.0063
    434309,      2748,  1.252851090515E+02,  0.0063
    434802,      2749,  1.252850265404E+02,  0.0063
    434889,      2750,  1.252849998606E+02,  0.0063
    435893,      2751,  1.252849985793E+02,  0.0063
    437900,      2752,  1.252849901900E+02,  0.0063
    438503,      2753,  1.252849893718E+02,  0.0063
    439181,      2754,  1.252849862205E+02,  0.0063
    439217,      2755,  1.252849857183E+02,  0.0063
    440021,      2756,  1.252849851222E+02,  0.0063
    441512,      2757,  1.252849783268E+02,  0.0062
    442215,      2758,  1.252849760033E+02,  0.0062
    442844,      2759,  1.252849606170E+02,  0.0062
    444201,      2760,  1.252849597389E+02,  0.0062
    453768,      2761,  1.252849540035E+02,  0.0061
    454807,      2762,  1.252849528151E+02,  0.0061
    460224,      2763,  1.252849446361E+02,  0.0060
    460476,      2764,  1.252849437509E+02,  0.0060
    463543,      2765,  1.252849430835E+02,  0.0060
    465941,      2766,  1.252847747062E+02,  0.0059
    468206,      2767,  1.252847720867E+02,  0.0059
    468757,      2768,  1.252846656953E+02,  0.0059
    469266,      2769,  1.252846536568E+02,  0.0059
    469586,      2770,  1.252846526269E+02,  0.0059
    471473,      2771,  1.252846301034E+02,  0.0059
    472920,      2772,  1.252846196937E+02,  0.0059
    473786,      2773,  1.252846183716E+02,  0.0059
    473899,      2774,  1.252846159065E+02,  0.0059
    473920,      2775,  1.252846101021E+02,  0.0059
    475362,      2776,  1.252845961290E+02,  0.0058
    482475,      2777,  1.252845906597E+02,  0.0058
    482822,      2778,  1.252845839789E+02,  0.0058
    483244,      2779,  1.252845799380E+02,  0.0058
    486060,      2780,  1.252845786143E+02,  0.0057
    486144,      2781,  1.252845124840E+02,  0.0057
    486329,      2782,  1.252842557840E+02,  0.0057
    487160,      2783,  1.252842373897E+02,  0.0057
    488428,      2784,  1.252842214346E+02,  0.0057
    488836,      2785,  1.252842179581E+02,  0.0057
    488902,      2786,  1.252842166731E+02,  0.0057
    494655,      2787,  1.252842164182E+02,  0.0056
    496226,      2788,  1.252842161262E+02,  0.0056
