iteration,accepted_count,energy,acceptance_rate
         0,         0,  2.871628563123E+02,  0.0000
         1,         1,  2.041411810253E+02,  1.0000
         4,         2,  2.041201670746E+02,  0.5000
         5,         3,  2.040794430344E+02,  0.6000
         6,         4,  2.037563243481E+02,  0.6667
         7,         5,  2.036553511433E+02,  0.7143
         8,         6,  2.034633751778E+02,  0.7500
        10,         7,  2.031922117753E+02,  0.7000
        11,         8,  2.030111625635E+02,  0.7273
        12,         9,  2.029318915349E+02,  0.7500
        15,        10,  1.927046154118E+02,  0.6667
        16,        11,  1.926862519638E+02,  0.6875
        20,        12,  1.894404564685E+02,  0.6000
        21,        13,  1.894327505693E+02,  0.6190
        22,        14,  1.893222971128E+02,  0.6364
        25,        15,  1.888011255593E+02,  0.6000
        26,        16,  1.886720465882E+02,  0.6154
        27,        17,  1.886610660638E+02,  0.6296
        28,        18,  1.886294933735E+02,  0.6429
        31,        19,  1.885522135634E+02,  0.6129
        32,        20,  1.885360753229E+02,  0.6250
        37,        21,  1.883552851039E+02,  0.5676
        40,        22,  1.883399418959E+02,  0.5500
        41,        23,  1.883317179604E+02,  0.5610
        43,        24,  1.883227339546E+02,  0.5581
        44,        25,  1.882330851271E+02,  0.5682
        46,        26,  1.880555038070E+02,  0.5652
        50,        27,  1.878322390392E+02,  0.5400
        51,        28,  1.876086425465E+02,  0.5490
        52,        29,  1.875125088933E+02,  0.5577
        53,        30,  1.873837722715E+02,  0.5660
        54,        31,  1.873674578199E+02,  0.5741
        56,        32,  1.873511195301E+02,  0.5714
        63,        33,  1.871383962575E+02,  0.5238
        64,        34,  1.870826078621E+02,  0.5312
        66,        35,  1.870654551836E+02,  0.5303
        70,        36,  1.869791966383E+02,  0.5143
        73,        37,  1.864282542070E+02,  0.5068
        75,        38,  1.863981015489E+02,  0.5067
        76,        39,  1.863084608576E+02,  0.5132
        77,        40,  1.861438232199E+02,  0.5195
        79,        41,  1.859948331781E+02,  0.5190
        80,        42,  1.859720015789E+02,  0.5250
        83,        43,  1.855075381079E+02,  0.5181
        84,        44,  1.852163085714E+02,  0.5238
        91,        45,  1.852139073980E+02,  0.4945
        94,        46,  1.851391739987E+02,  0.4894
        95,        47,  1.849131905703E+02,  0.4947
        96,        48,  1.848797987568E+02,  0.5000
        99,        49,  1.848401227495E+02,  0.4949
       100,        50,  1.848146213379E+02,  0.5000
       102,        51,  1.847969039472E+02,  0.5000
       104,        52,  1.847271806952E+02,  0.5000
       113,        53,  1.846447809707E+02,  0.4690
       115,        54,  1.845212065377E+02,  0.4696
       116,        55,  1.845116573361E+02,  0.4741
       117,        56,  1.844889312607E+02,  0.4786
       118,        57,  1.844395000680E+02,  0.4831
       119,        58,  1.843555748042E+02,  0.4874
       120,        59,  1.843107925377E+02,  0.4917
       122,        60,  1.841778524938E+02,  0.4918
       123,        61,  1.840734722721E+02,  0.4959
       124,        62,  1.840651458885E+02,  0.5000
       125,        63,  1.838666810991E+02,  0.5040
       128,        64,  1.838471661288E+02,  0.5000
       131,        65,  1.836633287477E+02,  0.4962
       132,        66,  1.835157251506E+02,  0.5000
       136,        67,  1.834531033996E+02,  0.4926
       137,        68,  1.833214968460E+02,  0.4964
       138,        69,  1.832523259797E+02,  0.5000
       144,        70,  1.832192401653E+02,  0.4861
       145,        71,  1.831783490508E+02,  0.4897
       150,        72,  1.830683087572E+02,  0.4800
       151,        73,  1.830269476426E+02,  0.4834
       153,        74,  1.830259134838E+02,  0.4837
       154,        75,  1.820498374308E+02,  0.4870
       156,        76,  1.819826018257E+02,  0.4872
       159,        77,  1.818871065264E+02,  0.4843
       160,        78,  1.818399756990E+02,  0.4875
       164,        79,  1.817523343453E+02,  0.4817
       165,        80,  1.817333236681E+02,  0.4848
       167,        81,  1.815118695479E+02,  0.4850
       169,        82,  1.814650492807E+02,  0.4852
       170,        83,  1.814424685636E+02,  0.4882
       171,        84,  1.812437839576E+02,  0.4912
       172,        85,  1.812149882023E+02,  0.4942
       173,        86,  1.811817666662E+02,  0.4971
       177,        87,  1.809965750566E+02,  0.4915
       180,        88,  1.809881998259E+02,  0.4889
       181,        89,  1.808434072349E+02,  0.4917
       184,        90,  1.807771165782E+02,  0.4891
       185,        91,  1.806204065639E+02,  0.4919
       186,        92,  1.805215345455E+02,  0.4946
       189,        93,  1.804335227358E+02,  0.4921
       190,        94,  1.803498711644E+02,  0.4947
       192,        95,  1.803187305313E+02,  0.4948
       193,        96,  1.802517287337E+02,  0.4974
       196,        97,  1.802330613662E+02,  0.4949
       199,        98,  1.801622878602E+02,  0.4925
       200,        99,  1.801201279492E+02,  0.4950
       202,       100,  1.800764960730E+02,  0.4950
       204,       101,  1.800383981678E+02,  0.4951
       207,       102,  1.800234994602E+02,  0.4928
       209,       103,  1.800072086710E+02,  0.4928
       212,       104,  1.798284650465E+02,  0.4906
       213,       105,  1.797850566472E+02,  0.4930
       218,       106,  1.797558280588E+02,  0.4862
       219,       107,  1.796164113472E+02,  0.4886
       225,       108,  1.795701829070E+02,  0.4800
       226,       109,  1.794891646854E+02,  0.4823
       227,       110,  1.794738144397E+02,  0.4846
       231,       111,  1.794108594111E+02,  0.4805
       235,       112,  1.793413098080E+02,  0.4766
       238,       113,  1.792040622793E+02,  0.4748
       244,       114,  1.791683704456E+02,  0.4672
       245,       115,  1.790962396755E+02,  0.4694
       246,       116,  1.789403880526E+02,  0.4715
       248,       117,  1.789269792759E+02,  0.4718
       249,       118,  1.789187961880E+02,  0.4739
       250,       119,  1.787765072923E+02,  0.4760
       251,       120,  1.787738731541E+02,  0.4781
       253,       121,  1.779973384352E+02,  0.4783
       254,       122,  1.779930022950E+02,  0.4803
       257,       123,  1.779488858925E+02,  0.4786
       262,       124,  1.778996951381E+02,  0.4733
       265,       125,  1.778558764171E+02,  0.4717
       266,       126,  1.777531636552E+02,  0.4737
       268,       127,  1.775502748307E+02,  0.4739
       271,       128,  1.774535318020E+02,  0.4723
       272,       129,  1.774417792975E+02,  0.4743
       273,       130,  1.774351271519E+02,  0.4762
       274,       131,  1.774178730489E+02,  0.4781
       277,       132,  1.773408128431E+02,  0.4765
       280,       133,  1.773083072668E+02,  0.4750
       281,       134,  1.773078432566E+02,  0.4769
       282,       135,  1.772903327244E+02,  0.4787
       285,       136,  1.772548830766E+02,  0.4772
       286,       137,  1.765586790890E+02,  0.4790
       287,       138,  1.765015921807E+02,  0.4808
       289,       139,  1.764839738305E+02,  0.4810
       290,       140,  1.764456982541E+02,  0.4828
       291,       141,  1.763432669535E+02,  0.4845
       293,       142,  1.763069041458E+02,  0.4846
       296,       143,  1.762262132567E+02,  0.4831
       302,       144,  1.760723443824E+02,  0.4768
       306,       145,  1.758948334550E+02,  0.4739
       307,       146,  1.758937084513E+02,  0.4756
       308,       147,  1.758667751440E+02,  0.4773
       309,       148,  1.758655102118E+02,  0.4790
       310,       149,  1.756124861541E+02,  0.4806
       311,       150,  1.755995124945E+02,  0.4823
       312,       151,  1.754819395563E+02,  0.4840
       314,       152,  1.752308253179E+02,  0.4841
       316,       153,  1.751649291780E+02,  0.4842
       319,       154,  1.751352632348E+02,  0.4828
       325,       155,  1.749931068724E+02,  0.4769
       326,       156,  1.749561442807E+02,  0.4785
       327,       157,  1.749070021040E+02,  0.4801
       331,       158,  1.748507726841E+02,  0.4773
       332,       159,  1.748506545877E+02,  0.4789
       334,       160,  1.747247169684E+02,  0.4790
       336,       161,  1.747042910713E+02,  0.4792
       337,       162,  1.747037707603E+02,  0.4807
       339,       163,  1.746930767067E+02,  0.4808
       342,       164,  1.746299414456E+02,  0.4795
       345,       165,  1.745412562914E+02,  0.4783
       346,       166,  1.744486554903E+02,  0.4798
       348,       167,  1.744397375324E+02,  0.4799
       350,       168,  1.743177087669E+02,  0.4800
       352,       169,  1.741701830013E+02,  0.4801
       357,       170,  1.741263349546E+02,  0.4762
       359,       171,  1.740595972466E+02,  0.4763
       360,       172,  1.739986613600E+02,  0.4778
       366,       173,  1.739665338594E+02,  0.4727
       368,       174,  1.739026707236E+02,  0.4728
       369,       175,  1.736867615841E+02,  0.4743
       372,       176,  1.735871224467E+02,  0.4731
       373,       177,  1.734002076648E+02,  0.4745
       374,       178,  1.733595495333E+02,  0.4759
       375,       179,  1.732474195656E+02,  0.4773
       376,       180,  1.732358430561E+02,  0.4787
       381,       181,  1.732217250832E+02,  0.4751
       382,       182,  1.732093922033E+02,  0.4764
       383,       183,  1.731683184073E+02,  0.4778
       384,       184,  1.731455608959E+02,  0.4792
       385,       185,  1.731390400024E+02,  0.4805
       386,       186,  1.731363206327E+02,  0.4819
       388,       187,  1.730237616378E+02,  0.4820
       391,       188,  1.729425788196E+02,  0.4808
       393,       189,  1.728188934176E+02,  0.4809
       394,       190,  1.727919591153E+02,  0.4822
       395,       191,  1.726387110828E+02,  0.4835
       397,       192,  1.726002793912E+02,  0.4836
       399,       193,  1.725519099904E+02,  0.4837
       408,       194,  1.723974149447E+02,  0.4755
       410,       195,  1.723871166146E+02,  0.4756
       413,       196,  1.723865506279E+02,  0.4746
       419,       197,  1.723621605147E+02,  0.4702
       422,       198,  1.723366415156E+02,  0.4692
       423,       199,  1.723006431517E+02,  0.4704
       424,       200,  1.721747932805E+02,  0.4717
       432,       201,  1.720656967116E+02,  0.4653
       434,       202,  1.720639786392E+02,  0.4654
       435,       203,  1.719849944071E+02,  0.4667
       437,       204,  1.719749792896E+02,  0.4668
       438,       205,  1.719249042220E+02,  0.4680
       440,       206,  1.719097598341E+02,  0.4682
       443,       207,  1.718440246171E+02,  0.4673
       445,       208,  1.718309478622E+02,  0.4674
       446,       209,  1.714780858040E+02,  0.4686
       448,       210,  1.714686434108E+02,  0.4688
       449,       211,  1.714549941063E+02,  0.4699
       451,       212,  1.714309402925E+02,  0.4701
       452,       213,  1.711784030744E+02,  0.4712
       453,       214,  1.710285666079E+02,  0.4724
       455,       215,  1.709856240084E+02,  0.4725
       458,       216,  1.709228204119E+02,  0.4716
       463,       217,  1.708184269777E+02,  0.4687
       465,       218,  1.707829693070E+02,  0.4688
       469,       219,  1.705978130560E+02,  0.4670
       470,       220,  1.705036501415E+02,  0.4681
       471,       221,  1.704822030319E+02,  0.4692
       478,       222,  1.702108801903E+02,  0.4644
       479,       223,  1.702050223615E+02,  0.4656
       481,       224,  1.700463987826E+02,  0.4657
       482,       225,  1.699970626328E+02,  0.4668
       484,       226,  1.699525864203E+02,  0.4669
       488,       227,  1.698006054423E+02,  0.4652
       489,       228,  1.697778532341E+02,  0.4663
       490,       229,  1.697196846720E+02,  0.4673
       502,       230,  1.697107200932E+02,  0.4582
       503,       231,  1.696981069220E+02,  0.4592
       504,       232,  1.695626787287E+02,  0.4603
       507,       233,  1.694416527780E+02,  0.4596
       512,       234,  1.694020055480E+02,  0.4570
       513,       235,  1.692617145815E+02,  0.4581
       514,       236,  1.691805223321E+02,  0.4591
       515,       237,  1.691684940816E+02,  0.4602
       516,       238,  1.691414993198E+02,  0.4612
       517,       239,  1.689405505746E+02,  0.4623
       520,       240,  1.688756363998E+02,  0.4615
       521,       241,  1.686281169404E+02,  0.4626
       524,       242,  1.686182388790E+02,  0.4618
       526,       243,  1.686136589284E+02,  0.4620
       527,       244,  1.686121329295E+02,  0.4630
       528,       245,  1.685380931397E+02,  0.4640
       531,       246,  1.685234880740E+02,  0.4633
       533,       247,  1.684906051702E+02,  0.4634
       534,       248,  1.684189000157E+02,  0.4644
       535,       249,  1.683504816618E+02,  0.4654
       536,       250,  1.681701747315E+02,  0.4664
       538,       251,  1.681240745505E+02,  0.4665
       539,       252,  1.681105552376E+02,  0.4675
       540,       253,  1.677995234693E+02,  0.4685
       542,       254,  1.677302897835E+02,  0.4686
       544,       255,  1.676968333560E+02,  0.4688
       546,       256,  1.676580979763E+02,  0.4689
       547,       257,  1.673833707917E+02,  0.4698
       551,       258,  1.673632800977E+02,  0.4682
       553,       259,  1.669787889813E+02,  0.4684
       558,       260,  1.667184290119E+02,  0.4659
       559,       261,  1.666295059406E+02,  0.4669
       560,       262,  1.666005924258E+02,  0.4679
       565,       263,  1.665261275757E+02,  0.4655
       566,       264,  1.664088063235E+02,  0.4664
       567,       265,  1.663694097906E+02,  0.4674
       569,       266,  1.663619333451E+02,  0.4675
       571,       267,  1.663480760958E+02,  0.4676
       574,       268,  1.661998812768E+02,  0.4669
       578,       269,  1.661908290332E+02,  0.4654
       582,       270,  1.661892582375E+02,  0.4639
       585,       271,  1.660751484000E+02,  0.4632
       586,       272,  1.660334550975E+02,  0.4642
       589,       273,  1.659706622253E+02,  0.4635
       596,       274,  1.659506790386E+02,  0.4597
       597,       275,  1.659403963163E+02,  0.4606
       598,       276,  1.659145155785E+02,  0.4615
       599,       277,  1.659021862515E+02,  0.4624
       600,       278,  1.657984841902E+02,  0.4633
       602,       279,  1.657127658119E+02,  0.4635
       611,       280,  1.656799034085E+02,  0.4583
       614,       281,  1.655467151734E+02,  0.4577
       615,       282,  1.654929745338E+02,  0.4585
       617,       283,  1.652650672060E+02,  0.4587
       619,       284,  1.651884930001E+02,  0.4588
       621,       285,  1.651287956427E+02,  0.4589
       622,       286,  1.648668154241E+02,  0.4598
       627,       287,  1.648571692465E+02,  0.4577
       631,       288,  1.647050487160E+02,  0.4564
       633,       289,  1.645913686434E+02,  0.4566
       635,       290,  1.645582351669E+02,  0.4567
       638,       291,  1.645357308505E+02,  0.4561
       640,       292,  1.645060998868E+02,  0.4562
       649,       293,  1.644537386833E+02,  0.4515
       650,       294,  1.644227264215E+02,  0.4523
       651,       295,  1.643510279814E+02,  0.4531
       652,       296,  1.643362660270E+02,  0.4540
       654,       297,  1.643238080344E+02,  0.4541
       655,       298,  1.643058094043E+02,  0.4550
       657,       299,  1.642617911246E+02,  0.4551
       660,       300,  1.642365484005E+02,  0.4545
       661,       301,  1.642257717787E+02,  0.4554
       664,       302,  1.641751728449E+02,  0.4548
       668,       303,  1.641387175650E+02,  0.4536
       670,       304,  1.640797588111E+02,  0.4537
       671,       305,  1.640657013303E+02,  0.4545
       673,       306,  1.639605308086E+02,  0.4547
       674,       307,  1.639385806968E+02,  0.4555
       675,       308,  1.638835086082E+02,  0.4563
       676,       309,  1.638133174769E+02,  0.4571
       677,       310,  1.636579480843E+02,  0.4579
       681,       311,  1.635714733372E+02,  0.4567
       682,       312,  1.635459333393E+02,  0.4575
       684,       313,  1.635356689580E+02,  0.4576
       685,       314,  1.634729934807E+02,  0.4584
       690,       315,  1.633933041885E+02,  0.4565
       693,       316,  1.633910409030E+02,  0.4560
       700,       317,  1.632021784552E+02,  0.4529
       702,       318,  1.631232525123E+02,  0.4530
       705,       319,  1.630894071280E+02,  0.4525
       709,       320,  1.630703304018E+02,  0.4513
       710,       321,  1.630526279769E+02,  0.4521
       711,       322,  1.629428726806E+02,  0.4529
       712,       323,  1.629100723943E+02,  0.4537
       713,       324,  1.628151783171E+02,  0.4544
       715,       325,  1.627694228567E+02,  0.4545
       716,       326,  1.627486674854E+02,  0.4553
       717,       327,  1.627308212150E+02,  0.4561
       720,       328,  1.626969036296E+02,  0.4556
       721,       329,  1.626923267837E+02,  0.4563
       722,       330,  1.626831841012E+02,  0.4571
       723,       331,  1.625791586573E+02,  0.4578
       726,       332,  1.624232819259E+02,  0.4573
       731,       333,  1.623512542221E+02,  0.4555
       733,       334,  1.623347204477E+02,  0.4557
       734,       335,  1.623016773828E+02,  0.4564
       736,       336,  1.622714890911E+02,  0.4565
       738,       337,  1.621615937570E+02,  0.4566
       739,       338,  1.621049537657E+02,  0.4574
       741,       339,  1.619371513786E+02,  0.4575
       742,       340,  1.617750728486E+02,  0.4582
       743,       341,  1.617404048881E+02,  0.4590
       745,       342,  1.617341942982E+02,  0.4591
       750,       343,  1.616690772363E+02,  0.4573
       751,       344,  1.616262032646E+02,  0.4581
       754,       345,  1.615775140149E+02,  0.4576
       757,       346,  1.615352619065E+02,  0.4571
       758,       347,  1.615106695218E+02,  0.4578
       759,       348,  1.614450182036E+02,  0.4585
       760,       349,  1.614325845245E+02,  0.4592
       764,       350,  1.613740574154E+02,  0.4581
       765,       351,  1.613594228918E+02,  0.4588
       767,       352,  1.613520932192E+02,  0.4589
       769,       353,  1.612297508754E+02,  0.4590
       771,       354,  1.611732101100E+02,  0.4591
       773,       355,  1.610778356137E+02,  0.4592
       774,       356,  1.608888216505E+02,  0.4599
       778,       357,  1.608551344264E+02,  0.4589
       780,       358,  1.608534803862E+02,  0.4590
       782,       359,  1.608220360744E+02,  0.4591
       783,       360,  1.607528710208E+02,  0.4598
       785,       361,  1.607437468698E+02,  0.4599
       788,       362,  1.607428669919E+02,  0.4594
       790,       363,  1.606741985905E+02,  0.4595
       791,       364,  1.606375236061E+02,  0.4602
       794,       365,  1.606012461840E+02,  0.4597
       798,       366,  1.605279075336E+02,  0.4586
       800,       367,  1.602875003320E+02,  0.4587
       801,       368,  1.602270653926E+02,  0.4594
       804,       369,  1.600685815093E+02,  0.4590
       805,       370,  1.600035961957E+02,  0.4596
       809,       371,  1.599706103592E+02,  0.4586
       810,       372,  1.599233239598E+02,  0.4593
       811,       373,  1.598673403546E+02,  0.4599
       813,       374,  1.598018276499E+02,  0.4600
       814,       375,  1.597830551716E+02,  0.4607
       819,       376,  1.597448425596E+02,  0.4591
       821,       377,  1.597154882571E+02,  0.4592
       822,       378,  1.596983181923E+02,  0.4599
       826,       379,  1.595419568875E+02,  0.4588
       832,       380,  1.595224302056E+02,  0.4567
       833,       381,  1.594915855026E+02,  0.4574
       834,       382,  1.592855564133E+02,  0.4580
       836,       383,  1.592140901563E+02,  0.4581
       842,       384,  1.590583272642E+02,  0.4561
       843,       385,  1.590211845645E+02,  0.4567
       845,       386,  1.588945259894E+02,  0.4568
       847,       387,  1.588827779504E+02,  0.4569
       848,       388,  1.588484239955E+02,  0.4575
       855,       389,  1.588482141059E+02,  0.4550
       861,       390,  1.588294115838E+02,  0.4530
       863,       391,  1.587399187683E+02,  0.4531
       864,       392,  1.587161943018E+02,  0.4537
       868,       393,  1.586503885138E+02,  0.4528
       870,       394,  1.585868262522E+02,  0.4529
       873,       395,  1.585571163844E+02,  0.4525
       880,       396,  1.585456970864E+02,  0.4500
       881,       397,  1.585432750363E+02,  0.4506
       882,       398,  1.585139262220E+02,  0.4512
       888,       399,  1.585048582665E+02,  0.4493
       889,       400,  1.584378393919E+02,  0.4499
       890,       401,  1.583699024262E+02,  0.4506
       891,       402,  1.583422986715E+02,  0.4512
       893,       403,  1.581530334704E+02,  0.4513
       894,       404,  1.581500916955E+02,  0.4519
       896,       405,  1.581448866567E+02,  0.4520
       897,       406,  1.581433664186E+02,  0.4526
       899,       407,  1.581267407365E+02,  0.4527
       902,       408,  1.580124617206E+02,  0.4523
       905,       409,  1.579493058674E+02,  0.4519
       907,       410,  1.579188534970E+02,  0.4520
       909,       411,  1.578887019184E+02,  0.4521
       911,       412,  1.578348223269E+02,  0.4523
       913,       413,  1.578064339279E+02,  0.4524
       914,       414,  1.577915950555E+02,  0.4530
       916,       415,  1.576706223544E+02,  0.4531
       919,       416,  1.576348342364E+02,  0.4527
       923,       417,  1.576117890249E+02,  0.4518
       924,       418,  1.575945266330E+02,  0.4524
       932,       419,  1.575633986642E+02,  0.4496
       934,       420,  1.575247106329E+02,  0.4497
       936,       421,  1.575212758672E+02,  0.4498
       939,       422,  1.574201733311E+02,  0.4494
       941,       423,  1.573952249422E+02,  0.4495
       944,       424,  1.572817476550E+02,  0.4492
       949,       425,  1.571901957250E+02,  0.4478
       951,       426,  1.571446168860E+02,  0.4479
       956,       427,  1.571013788714E+02,  0.4467
       958,       428,  1.570672877519E+02,  0.4468
       961,       429,  1.570373127467E+02,  0.4464
       962,       430,  1.569840321053E+02,  0.4470
       965,       431,  1.569824345064E+02,  0.4466
       968,       432,  1.569679783034E+02,  0.4463
       969,       433,  1.568688114962E+02,  0.4469
       970,       434,  1.568364302021E+02,  0.4474
       971,       435,  1.568266282490E+02,  0.4480
       975,       436,  1.568263774961E+02,  0.4472
       977,       437,  1.567999486497E+02,  0.4473
       978,       438,  1.566844549369E+02,  0.4479
       984,       439,  1.566593012874E+02,  0.4461
       985,       440,  1.566467908669E+02,  0.4467
       987,       441,  1.565982405780E+02,  0.4468
       988,       442,  1.565423165421E+02,  0.4474
       989,       443,  1.565409454916E+02,  0.4479
       990,       444,  1.565322106245E+02,  0.4485
       992,       445,  1.565061078567E+02,  0.4486
       999,       446,  1.564911201284E+02,  0.4464
      1000,       447,  1.564851493420E+02,  0.4470
      1008,       448,  1.564844000527E+02,  0.4444
      1009,       449,  1.564366798941E+02,  0.4450
      1010,       450,  1.563513716573E+02,  0.4455
      1011,       451,  1.562854604585E+02,  0.4461
      1012,       452,  1.561539753867E+02,  0.4466
      1013,       453,  1.561065312427E+02,  0.4472
      1018,       454,  1.559730094077E+02,  0.4460
      1019,       455,  1.559455368527E+02,  0.4465
      1021,       456,  1.558843089822E+02,  0.4466
      1023,       457,  1.558625705813E+02,  0.4467
      1024,       458,  1.557661809272E+02,  0.4473
      1027,       459,  1.557587748014E+02,  0.4469
      1028,       460,  1.557123028399E+02,  0.4475
      1029,       461,  1.556049453358E+02,  0.4480
      1031,       462,  1.556040831940E+02,  0.4481
      1032,       463,  1.554122270455E+02,  0.4486
      1036,       464,  1.553801142646E+02,  0.4479
      1038,       465,  1.553742969493E+02,  0.4480
      1040,       466,  1.553614008527E+02,  0.4481
      1041,       467,  1.553538929766E+02,  0.4486
      1042,       468,  1.553074819904E+02,  0.4491
      1048,       469,  1.552972479610E+02,  0.4475
      1050,       470,  1.552964364686E+02,  0.4476
      1051,       471,  1.552418937223E+02,  0.4481
      1054,       472,  1.551632394649E+02,  0.4478
      1055,       473,  1.551627948706E+02,  0.4483
      1056,       474,  1.550323003761E+02,  0.4489
      1060,       475,  1.550262562836E+02,  0.4481
      1062,       476,  1.550235481246E+02,  0.4482
      1065,       477,  1.550230950684E+02,  0.4479
      1067,       478,  1.548818448289E+02,  0.4480
      1071,       479,  1.548735064940E+02,  0.4472
      1072,       480,  1.548109054249E+02,  0.4478
      1077,       481,  1.547210216490E+02,  0.4466
      1078,       482,  1.546770330166E+02,  0.4471
      1080,       483,  1.546598568832E+02,  0.4472
      1082,       484,  1.546564347430E+02,  0.4473
      1084,       485,  1.546421450703E+02,  0.4474
      1087,       486,  1.546303197432E+02,  0.4471
      1092,       487,  1.545258171778E+02,  0.4460
      1093,       488,  1.545069441042E+02,  0.4465
      1094,       489,  1.545051545378E+02,  0.4470
      1100,       490,  1.544597998453E+02,  0.4455
      1101,       491,  1.544281395789E+02,  0.4460
      1103,       492,  1.544129138078E+02,  0.4461
      1106,       493,  1.543013080746E+02,  0.4458
      1107,       494,  1.542664160240E+02,  0.4463
      1108,       495,  1.541184658250E+02,  0.4468
      1109,       496,  1.540554812833E+02,  0.4472
      1113,       497,  1.539622738509E+02,  0.4465
      1114,       498,  1.539555080837E+02,  0.4470
      1118,       499,  1.539484633077E+02,  0.4463
      1119,       500,  1.539319399775E+02,  0.4468
      1123,       501,  1.538459455525E+02,  0.4461
      1127,       502,  1.536426266380E+02,  0.4454
      1129,       503,  1.536367173806E+02,  0.4455
      1130,       504,  1.536338939826E+02,  0.4460
      1131,       505,  1.536326926171E+02,  0.4465
      1132,       506,  1.535357713106E+02,  0.4470
      1137,       507,  1.535178583206E+02,  0.4459
      1144,       508,  1.534735889230E+02,  0.4441
      1147,       509,  1.534735415791E+02,  0.4438
      1148,       510,  1.534438697327E+02,  0.4443
      1149,       511,  1.534398053261E+02,  0.4447
      1151,       512,  1.533769454626E+02,  0.4448
      1152,       513,  1.532973101161E+02,  0.4453
      1154,       514,  1.532805504939E+02,  0.4454
      1156,       515,  1.532606994019E+02,  0.4455
      1157,       516,  1.532529047489E+02,  0.4460
      1158,       517,  1.531981210233E+02,  0.4465
      1159,       518,  1.530264914955E+02,  0.4469
      1160,       519,  1.529557017532E+02,  0.4474
      1161,       520,  1.529410699110E+02,  0.4479
      1166,       521,  1.529303055715E+02,  0.4468
      1167,       522,  1.528803043987E+02,  0.4473
      1169,       523,  1.528403461314E+02,  0.4474
      1177,       524,  1.528010955764E+02,  0.4452
      1184,       525,  1.527368713798E+02,  0.4434
      1187,       526,  1.527112923371E+02,  0.4431
      1188,       527,  1.526994289872E+02,  0.4436
      1191,       528,  1.526993731058E+02,  0.4433
      1192,       529,  1.526023890656E+02,  0.4438
      1193,       530,  1.525109015806E+02,  0.4443
      1194,       531,  1.525106763394E+02,  0.4447
      1197,       532,  1.525018591672E+02,  0.4444
      1198,       533,  1.524705590024E+02,  0.4449
      1199,       534,  1.524623681216E+02,  0.4454
      1201,       535,  1.523275262511E+02,  0.4455
      1204,       536,  1.523181487681E+02,  0.4452
      1206,       537,  1.522992775540E+02,  0.4453
      1209,       538,  1.522425872648E+02,  0.4450
      1211,       539,  1.522093994767E+02,  0.4451
      1213,       540,  1.521897095761E+02,  0.4452
      1216,       541,  1.521729833549E+02,  0.4449
      1217,       542,  1.521599347622E+02,  0.4454
      1221,       543,  1.521390554059E+02,  0.4447
      1222,       544,  1.521317312947E+02,  0.4452
      1225,       545,  1.520685653537E+02,  0.4449
      1227,       546,  1.520324325915E+02,  0.4450
      1228,       547,  1.520313435607E+02,  0.4454
      1231,       548,  1.520076712231E+02,  0.4452
      1233,       549,  1.519998191698E+02,  0.4453
      1236,       550,  1.518976793035E+02,  0.4450
      1239,       551,  1.518259756792E+02,  0.4447
      1242,       552,  1.518215576411E+02,  0.4444
      1245,       553,  1.516490540355E+02,  0.4442
      1246,       554,  1.516111043728E+02,  0.4446
      1249,       555,  1.516055372728E+02,  0.4444
      1251,       556,  1.516046145919E+02,  0.4444
      1254,       557,  1.515772953507E+02,  0.4442
      1257,       558,  1.515754825086E+02,  0.4439
      1258,       559,  1.515574427894E+02,  0.4444
      1259,       560,  1.515519664131E+02,  0.4448
      1262,       561,  1.515452195363E+02,  0.4445
      1263,       562,  1.515421602698E+02,  0.4450
      1266,       563,  1.515410612504E+02,  0.4447
      1269,       564,  1.515167370228E+02,  0.4444
      1270,       565,  1.514833717472E+02,  0.4449
      1275,       566,  1.514505097166E+02,  0.4439
      1278,       567,  1.512736645619E+02,  0.4437
      1285,       568,  1.512720521595E+02,  0.4420
      1287,       569,  1.512603652906E+02,  0.4421
      1289,       570,  1.512576517709E+02,  0.4422
      1292,       571,  1.512434249960E+02,  0.4420
      1293,       572,  1.512378670614E+02,  0.4424
      1294,       573,  1.511954149116E+02,  0.4428
      1300,       574,  1.511880829782E+02,  0.4415
      1302,       575,  1.510741879816E+02,  0.4416
      1305,       576,  1.510404485440E+02,  0.4414
      1307,       577,  1.510008440331E+02,  0.4415
      1313,       578,  1.509690274586E+02,  0.4402
      1314,       579,  1.509513163844E+02,  0.4406
      1316,       580,  1.509302044964E+02,  0.4407
      1319,       581,  1.509268666401E+02,  0.4405
      1321,       582,  1.508607007269E+02,  0.4406
      1322,       583,  1.508203132411E+02,  0.4410
      1327,       584,  1.507994445229E+02,  0.4401
      1329,       585,  1.507993081601E+02,  0.4402
      1330,       586,  1.507574191911E+02,  0.4406
      1333,       587,  1.507462061233E+02,  0.4404
      1334,       588,  1.506529308776E+02,  0.4408
      1336,       589,  1.506443850886E+02,  0.4409
      1337,       590,  1.506332249535E+02,  0.4413
      1343,       591,  1.506053508722E+02,  0.4401
      1353,       592,  1.505641858583E+02,  0.4375
      1354,       593,  1.505503077400E+02,  0.4380
      1360,       594,  1.505453551929E+02,  0.4368
      1363,       595,  1.505348100575E+02,  0.4365
      1364,       596,  1.504671508378E+02,  0.4370
      1371,       597,  1.504215786422E+02,  0.4354
      1377,       598,  1.503873356555E+02,  0.4343
      1379,       599,  1.503623248082E+02,  0.4344
      1382,       600,  1.502999853440E+02,  0.4342
      1387,       601,  1.501900501228E+02,  0.4333
      1389,       602,  1.501371324633E+02,  0.4334
      1390,       603,  1.501338818224E+02,  0.4338
      1391,       604,  1.501118890411E+02,  0.4342
      1396,       605,  1.501099482213E+02,  0.4334
      1397,       606,  1.500859867082E+02,  0.4338
      1398,       607,  1.500076696371E+02,  0.4342
      1400,       608,  1.499557133610E+02,  0.4343
      1401,       609,  1.499529663630E+02,  0.4347
      1402,       610,  1.498289681095E+02,  0.4351
      1403,       611,  1.498154644257E+02,  0.4355
      1404,       612,  1.497902712783E+02,  0.4359
      1405,       613,  1.497614905541E+02,  0.4363
      1408,       614,  1.497129775366E+02,  0.4361
      1409,       615,  1.496972152056E+02,  0.4365
      1410,       616,  1.496823605644E+02,  0.4369
      1412,       617,  1.496615683437E+02,  0.4370
      1413,       618,  1.496434541030E+02,  0.4374
      1415,       619,  1.496371879791E+02,  0.4375
      1417,       620,  1.495884846760E+02,  0.4375
      1419,       621,  1.495054675143E+02,  0.4376
      1420,       622,  1.494305015562E+02,  0.4380
      1421,       623,  1.494204493576E+02,  0.4384
      1425,       624,  1.494043640504E+02,  0.4379
      1426,       625,  1.493544653439E+02,  0.4383
      1429,       626,  1.493255233244E+02,  0.4381
      1430,       627,  1.492224215550E+02,  0.4385
      1432,       628,  1.491863530582E+02,  0.4385
      1436,       629,  1.490572022282E+02,  0.4380
      1440,       630,  1.490540528490E+02,  0.4375
      1448,       631,  1.489353357479E+02,  0.4358
      1451,       632,  1.488762334919E+02,  0.4356
      1456,       633,  1.488480002081E+02,  0.4348
      1460,       634,  1.487697394210E+02,  0.4342
      1461,       635,  1.487589758099E+02,  0.4346
      1463,       636,  1.487269683368E+02,  0.4347
      1465,       637,  1.487180061994E+02,  0.4348
      1472,       638,  1.486646803727E+02,  0.4334
      1474,       639,  1.485295863775E+02,  0.4335
      1482,       640,  1.485173540554E+02,  0.4318
      1485,       641,  1.485124691648E+02,  0.4316
      1487,       642,  1.483781555073E+02,  0.4317
      1493,       643,  1.483366893244E+02,  0.4307
      1495,       644,  1.483222872800E+02,  0.4308
      1496,       645,  1.483176504561E+02,  0.4311
      1497,       646,  1.483036993116E+02,  0.4315
      1498,       647,  1.482981113809E+02,  0.4319
      1500,       648,  1.482872514105E+02,  0.4320
      1502,       649,  1.482868491306E+02,  0.4321
      1503,       650,  1.482862794810E+02,  0.4325
      1505,       651,  1.480254417459E+02,  0.4326
      1506,       652,  1.480066632607E+02,  0.4329
      1511,       653,  1.480051010839E+02,  0.4322
      1513,       654,  1.479102330887E+02,  0.4323
      1515,       655,  1.478944574964E+02,  0.4323
      1521,       656,  1.478750649015E+02,  0.4313
      1525,       657,  1.478588851554E+02,  0.4308
      1532,       658,  1.478585662151E+02,  0.4295
      1536,       659,  1.478487508041E+02,  0.4290
      1542,       660,  1.477662059815E+02,  0.4280
      1543,       661,  1.477609448415E+02,  0.4284
      1544,       662,  1.477448893418E+02,  0.4288
      1545,       663,  1.477027131521E+02,  0.4291
      1547,       664,  1.476693037837E+02,  0.4292
      1549,       665,  1.476542610704E+02,  0.4293
      1551,       666,  1.476177716191E+02,  0.4294
      1554,       667,  1.476138810964E+02,  0.4292
      1561,       668,  1.474666611444E+02,  0.4279
      1562,       669,  1.474663441122E+02,  0.4283
      1564,       670,  1.474603495333E+02,  0.4284
      1566,       671,  1.474575907807E+02,  0.4285
      1570,       672,  1.474560723075E+02,  0.4280
      1577,       673,  1.474398556907E+02,  0.4268
      1582,       674,  1.473279148736E+02,  0.4260
      1583,       675,  1.472264181672E+02,  0.4264
      1586,       676,  1.472110702848E+02,  0.4262
      1590,       677,  1.471935156210E+02,  0.4258
      1592,       678,  1.471450226770E+02,  0.4259
      1594,       679,  1.471168231356E+02,  0.4260
      1595,       680,  1.471030680476E+02,  0.4263
      1596,       681,  1.470718705652E+02,  0.4267
      1603,       682,  1.470275305106E+02,  0.4255
      1605,       683,  1.470241017828E+02,  0.4255
      1609,       684,  1.469117528212E+02,  0.4251
      1610,       685,  1.469074032685E+02,  0.4255
      1613,       686,  1.468294140147E+02,  0.4253
      1614,       687,  1.468278833986E+02,  0.4257
      1617,       688,  1.468163742741E+02,  0.4255
      1618,       689,  1.467950616696E+02,  0.4258
      1619,       690,  1.467901141078E+02,  0.4262
      1620,       691,  1.467858933035E+02,  0.4265
      1621,       692,  1.467627182868E+02,  0.4269
      1622,       693,  1.466170210555E+02,  0.4273
      1626,       694,  1.465687380908E+02,  0.4268
      1637,       695,  1.465524334084E+02,  0.4246
      1643,       696,  1.464869465788E+02,  0.4236
      1644,       697,  1.464640314396E+02,  0.4240
      1647,       698,  1.463728506340E+02,  0.4238
      1650,       699,  1.463625887386E+02,  0.4236
      1653,       700,  1.462636846788E+02,  0.4235
      1659,       701,  1.462249818410E+02,  0.4225
      1663,       702,  1.462233654989E+02,  0.4221
      1665,       703,  1.462230144976E+02,  0.4222
      1666,       704,  1.461894356305E+02,  0.4226
      1668,       705,  1.460999669924E+02,  0.4227
      1671,       706,  1.460985103434E+02,  0.4225
      1672,       707,  1.460777558239E+02,  0.4228
      1674,       708,  1.460699529959E+02,  0.4229
      1675,       709,  1.460370643435E+02,  0.4233
      1676,       710,  1.459992063633E+02,  0.4236
      1680,       711,  1.459722057205E+02,  0.4232
      1683,       712,  1.458478025270E+02,  0.4231
      1685,       713,  1.458403440591E+02,  0.4231
      1688,       714,  1.457958123118E+02,  0.4230
      1692,       715,  1.456195193389E+02,  0.4226
      1693,       716,  1.455195491877E+02,  0.4229
      1694,       717,  1.454967620237E+02,  0.4233
      1695,       718,  1.454822190759E+02,  0.4236
      1696,       719,  1.454774217164E+02,  0.4239
      1697,       720,  1.454720693296E+02,  0.4243
      1698,       721,  1.453993966597E+02,  0.4246
      1700,       722,  1.453738805555E+02,  0.4247
      1703,       723,  1.453082384615E+02,  0.4245
      1704,       724,  1.452977966435E+02,  0.4249
      1705,       725,  1.452943142586E+02,  0.4252
      1706,       726,  1.452657876213E+02,  0.4256
      1710,       727,  1.452018334381E+02,  0.4251
      1711,       728,  1.451993582377E+02,  0.4255
      1713,       729,  1.451263980416E+02,  0.4256
      1715,       730,  1.451003272394E+02,  0.4257
      1716,       731,  1.450932108084E+02,  0.4260
      1718,       732,  1.450797912324E+02,  0.4261
      1723,       733,  1.450679268109E+02,  0.4254
      1726,       734,  1.450483594636E+02,  0.4253
      1728,       735,  1.450391707134E+02,  0.4253
      1731,       736,  1.450071848905E+02,  0.4252
      1732,       737,  1.450026968189E+02,  0.4255
      1733,       738,  1.449966302983E+02,  0.4259
      1734,       739,  1.449844502180E+02,  0.4262
      1736,       740,  1.449767927036E+02,  0.4263
      1740,       741,  1.449745586261E+02,  0.4259
      1744,       742,  1.449662234589E+02,  0.4255
      1745,       743,  1.449586965501E+02,  0.4258
      1747,       744,  1.449412183931E+02,  0.4259
      1749,       745,  1.448867954191E+02,  0.4260
      1752,       746,  1.448754845871E+02,  0.4258
      1753,       747,  1.448198582925E+02,  0.4261
      1756,       748,  1.448152649062E+02,  0.4260
      1759,       749,  1.447436585807E+02,  0.4258
      1761,       750,  1.447334060819E+02,  0.4259
      1762,       751,  1.447257792918E+02,  0.4262
      1766,       752,  1.446081028523E+02,  0.4258
      1767,       753,  1.445796796990E+02,  0.4261
      1768,       754,  1.445617437511E+02,  0.4265
      1771,       755,  1.445199571312E+02,  0.4263
      1774,       756,  1.445034174291E+02,  0.4262
      1776,       757,  1.444287686091E+02,  0.4262
      1778,       758,  1.444046294125E+02,  0.4263
      1779,       759,  1.443665994542E+02,  0.4266
      1780,       760,  1.443657210958E+02,  0.4270
      1785,       761,  1.443317025707E+02,  0.4263
      1787,       762,  1.443279744422E+02,  0.4264
      1788,       763,  1.442166803923E+02,  0.4267
      1790,       764,  1.442042990795E+02,  0.4268
      1791,       765,  1.441777452129E+02,  0.4271
      1792,       766,  1.441349690753E+02,  0.4275
      1794,       767,  1.441306064403E+02,  0.4275
      1796,       768,  1.441236333394E+02,  0.4276
      1802,       769,  1.440379903223E+02,  0.4267
      1803,       770,  1.440325082934E+02,  0.4271
      1804,       771,  1.440155030024E+02,  0.4274
      1813,       772,  1.440107812751E+02,  0.4258
      1814,       773,  1.440012574004E+02,  0.4261
      1820,       774,  1.439328061084E+02,  0.4253
      1826,       775,  1.438930542984E+02,  0.4244
      1831,       776,  1.438208142475E+02,  0.4238
      1837,       777,  1.438100121145E+02,  0.4230
      1841,       778,  1.437079777519E+02,  0.4226
      1842,       779,  1.436900146108E+02,  0.4229
      1843,       780,  1.435835286016E+02,  0.4232
      1848,       781,  1.435296744579E+02,  0.4226
      1851,       782,  1.434899031144E+02,  0.4225
      1852,       783,  1.434847175057E+02,  0.4228
      1854,       784,  1.434840186068E+02,  0.4229
      1860,       785,  1.434563045261E+02,  0.4220
      1861,       786,  1.434514562694E+02,  0.4224
      1862,       787,  1.434269052966E+02,  0.4227
      1864,       788,  1.433741509290E+02,  0.4227
      1865,       789,  1.432778102036E+02,  0.4231
      1869,       790,  1.432751955972E+02,  0.4227
      1870,       791,  1.432746141312E+02,  0.4230
      1878,       792,  1.432537722420E+02,  0.4217
      1880,       793,  1.432498228117E+02,  0.4218
      1882,       794,  1.431963075485E+02,  0.4219
      1883,       795,  1.431778354362E+02,  0.4222
      1890,       796,  1.431770443593E+02,  0.4212
      1903,       797,  1.431676342926E+02,  0.4188
      1906,       798,  1.431601213698E+02,  0.4187
      1910,       799,  1.431491958609E+02,  0.4183
      1914,       800,  1.431376980527E+02,  0.4180
      1918,       801,  1.431209430259E+02,  0.4176
      1919,       802,  1.430831449492E+02,  0.4179
      1920,       803,  1.430387374013E+02,  0.4182
      1921,       804,  1.429621782429E+02,  0.4185
      1928,       805,  1.429262661638E+02,  0.4175
      1929,       806,  1.428971434386E+02,  0.4178
      1930,       807,  1.428712534998E+02,  0.4181
      1935,       808,  1.427190307674E+02,  0.4176
      1937,       809,  1.426786611518E+02,  0.4177
      1938,       810,  1.426505849954E+02,  0.4180
      1939,       811,  1.426499819329E+02,  0.4183
      1940,       812,  1.426126365222E+02,  0.4186
      1941,       813,  1.425451483889E+02,  0.4189
      1943,       814,  1.424889800327E+02,  0.4189
      1952,       815,  1.424746336400E+02,  0.4175
      1953,       816,  1.424548504031E+02,  0.4178
      1954,       817,  1.424382115372E+02,  0.4181
      1958,       818,  1.424378286509E+02,  0.4178
      1961,       819,  1.424242993130E+02,  0.4176
      1963,       820,  1.423833335404E+02,  0.4177
      1966,       821,  1.423520115201E+02,  0.4176
      1968,       822,  1.422721980053E+02,  0.4177
      1971,       823,  1.422226643132E+02,  0.4176
      1973,       824,  1.422107188576E+02,  0.4176
      1974,       825,  1.422099157291E+02,  0.4179
      1977,       826,  1.421771892069E+02,  0.4178
      1985,       827,  1.420825287734E+02,  0.4166
      1987,       828,  1.420814216248E+02,  0.4167
      1988,       829,  1.420731060623E+02,  0.4170
      1992,       830,  1.420708168044E+02,  0.4167
      2002,       831,  1.420632064835E+02,  0.4151
      2005,       832,  1.420615514352E+02,  0.4150
      2008,       833,  1.420587630774E+02,  0.4148
      2012,       834,  1.420457797252E+02,  0.4145
      2013,       835,  1.420416443094E+02,  0.4148
      2015,       836,  1.420174532792E+02,  0.4149
      2016,       837,  1.420034144920E+02,  0.4152
      2019,       838,  1.419969662377E+02,  0.4151
      2023,       839,  1.419734233080E+02,  0.4147
      2026,       840,  1.419582341321E+02,  0.4146
      2027,       841,  1.419177524511E+02,  0.4149
      2031,       842,  1.418915542413E+02,  0.4146
      2032,       843,  1.418881434875E+02,  0.4149
      2033,       844,  1.418715136278E+02,  0.4152
      2034,       845,  1.418200563697E+02,  0.4154
      2037,       846,  1.417368195864E+02,  0.4153
      2038,       847,  1.416835599905E+02,  0.4156
      2041,       848,  1.416086081912E+02,  0.4155
      2047,       849,  1.415639255342E+02,  0.4148
      2050,       850,  1.415620851119E+02,  0.4146
      2052,       851,  1.415389534386E+02,  0.4147
      2053,       852,  1.415369865039E+02,  0.4150
      2056,       853,  1.415313301111E+02,  0.4149
      2061,       854,  1.415261506364E+02,  0.4144
      2062,       855,  1.414907213070E+02,  0.4146
      2065,       856,  1.414361439203E+02,  0.4145
      2066,       857,  1.413957782805E+02,  0.4148
      2070,       858,  1.413924736670E+02,  0.4145
      2075,       859,  1.413519216314E+02,  0.4140
      2077,       860,  1.413288432483E+02,  0.4141
      2080,       861,  1.412901164191E+02,  0.4139
      2083,       862,  1.412527863453E+02,  0.4138
      2086,       863,  1.412430536911E+02,  0.4137
      2089,       864,  1.412349327471E+02,  0.4136
      2094,       865,  1.412309865290E+02,  0.4131
      2098,       866,  1.411420264315E+02,  0.4128
      2106,       867,  1.411045112738E+02,  0.4117
      2110,       868,  1.410969085920E+02,  0.4114
      2113,       869,  1.410949110794E+02,  0.4113
      2116,       870,  1.410813187561E+02,  0.4112
      2121,       871,  1.410801279887E+02,  0.4107
      2123,       872,  1.410300106424E+02,  0.4107
      2128,       873,  1.410259008770E+02,  0.4102
      2129,       874,  1.409334018423E+02,  0.4105
      2132,       875,  1.409320291767E+02,  0.4104
      2134,       876,  1.409253941136E+02,  0.4105
      2137,       877,  1.409228135384E+02,  0.4104
      2143,       878,  1.409226436490E+02,  0.4097
      2144,       879,  1.409101155133E+02,  0.4100
      2146,       880,  1.408743016266E+02,  0.4101
      2147,       881,  1.408030002876E+02,  0.4103
      2149,       882,  1.407751338721E+02,  0.4104
      2150,       883,  1.406663304364E+02,  0.4107
      2157,       884,  1.406256656189E+02,  0.4098
      2162,       885,  1.406101395897E+02,  0.4093
      2163,       886,  1.406086314663E+02,  0.4096
      2164,       887,  1.405912749153E+02,  0.4099
      2165,       888,  1.405730321684E+02,  0.4102
      2169,       889,  1.405537164435E+02,  0.4099
      2170,       890,  1.405407321799E+02,  0.4101
      2172,       891,  1.404293754456E+02,  0.4102
      2173,       892,  1.403927850922E+02,  0.4105
      2174,       893,  1.403104427603E+02,  0.4108
      2175,       894,  1.402715824587E+02,  0.4110
      2184,       895,  1.402583879505E+02,  0.4098
      2187,       896,  1.401281739824E+02,  0.4097
      2188,       897,  1.400127987529E+02,  0.4100
      2193,       898,  1.399761666763E+02,  0.4095
      2196,       899,  1.399349382178E+02,  0.4094
      2198,       900,  1.399257575638E+02,  0.4095
      2199,       901,  1.398839395199E+02,  0.4097
      2202,       902,  1.398278800458E+02,  0.4096
      2204,       903,  1.398105642581E+02,  0.4097
      2206,       904,  1.398017289066E+02,  0.4098
      2208,       905,  1.398017047610E+02,  0.4099
      2214,       906,  1.397857701213E+02,  0.4092
      2220,       907,  1.397799468801E+02,  0.4086
      2223,       908,  1.397505666646E+02,  0.4085
      2226,       909,  1.397268332731E+02,  0.4084
      2229,       910,  1.397135562231E+02,  0.4083
      2234,       911,  1.397094751761E+02,  0.4078
      2236,       912,  1.396890773525E+02,  0.4079
      2238,       913,  1.396835274430E+02,  0.4080
      2239,       914,  1.396812339907E+02,  0.4082
      2241,       915,  1.396607300889E+02,  0.4083
      2243,       916,  1.396250779661E+02,  0.4084
      2245,       917,  1.395935528691E+02,  0.4085
      2252,       918,  1.395929915818E+02,  0.4076
      2257,       919,  1.395875304507E+02,  0.4072
      2258,       920,  1.395758562200E+02,  0.4074
      2260,       921,  1.395675149919E+02,  0.4075
      2262,       922,  1.395643285844E+02,  0.4076
      2263,       923,  1.395502632673E+02,  0.4079
      2264,       924,  1.395415974152E+02,  0.4081
      2265,       925,  1.395403130787E+02,  0.4084
      2266,       926,  1.395170298367E+02,  0.4086
      2267,       927,  1.395117452892E+02,  0.4089
      2270,       928,  1.394760864021E+02,  0.4088
      2275,       929,  1.394097582842E+02,  0.4084
      2278,       930,  1.394017521705E+02,  0.4083
      2279,       931,  1.393912388786E+02,  0.4085
      2280,       932,  1.393747098202E+02,  0.4088
      2283,       933,  1.393445100183E+02,  0.4087
      2289,       934,  1.392749807268E+02,  0.4080
      2296,       935,  1.392675441237E+02,  0.4072
      2299,       936,  1.392467324459E+02,  0.4071
      2304,       937,  1.392368416830E+02,  0.4067
      2305,       938,  1.392327438801E+02,  0.4069
      2311,       939,  1.392039812391E+02,  0.4063
      2317,       940,  1.391980579953E+02,  0.4057
      2320,       941,  1.391907513881E+02,  0.4056
      2325,       942,  1.391901217852E+02,  0.4052
      2331,       943,  1.391900670477E+02,  0.4045
      2332,       944,  1.391896325028E+02,  0.4048
      2337,       945,  1.391251089091E+02,  0.4044
      2339,       946,  1.390447037702E+02,  0.4044
      2342,       947,  1.390375644484E+02,  0.4044
      2348,       948,  1.390237057476E+02,  0.4037
      2353,       949,  1.390138712539E+02,  0.4033
      2356,       950,  1.390046991263E+02,  0.4032
      2359,       951,  1.389773393851E+02,  0.4031
      2362,       952,  1.389699861152E+02,  0.4030
      2366,       953,  1.389615703723E+02,  0.4028
      2369,       954,  1.389427033693E+02,  0.4027
      2371,       955,  1.389303630673E+02,  0.4028
      2372,       956,  1.389022605687E+02,  0.4030
      2376,       957,  1.389002943088E+02,  0.4028
      2377,       958,  1.388652317499E+02,  0.4030
      2382,       959,  1.387561209488E+02,  0.4026
      2385,       960,  1.387538559268E+02,  0.4025
      2386,       961,  1.387506603710E+02,  0.4028
      2391,       962,  1.387352083397E+02,  0.4023
      2393,       963,  1.387302260996E+02,  0.4024
      2395,       964,  1.386196365159E+02,  0.4025
      2398,       965,  1.386020066746E+02,  0.4024
      2399,       966,  1.385830791018E+02,  0.4027
      2402,       967,  1.385731361251E+02,  0.4026
      2403,       968,  1.385502697996E+02,  0.4028
      2406,       969,  1.384022809034E+02,  0.4027
      2408,       970,  1.383995292240E+02,  0.4028
      2412,       971,  1.383966578001E+02,  0.4026
      2416,       972,  1.383845457588E+02,  0.4023
      2417,       973,  1.383785298770E+02,  0.4026
      2419,       974,  1.382600006108E+02,  0.4026
      2421,       975,  1.382434015721E+02,  0.4027
      2422,       976,  1.382424440762E+02,  0.4030
      2424,       977,  1.381800320575E+02,  0.4031
      2427,       978,  1.381798246119E+02,  0.4030
      2429,       979,  1.381788179594E+02,  0.4030
      2430,       980,  1.381662101586E+02,  0.4033
      2434,       981,  1.381619267723E+02,  0.4030
      2437,       982,  1.381004360711E+02,  0.4030
      2441,       983,  1.380753698516E+02,  0.4027
      2447,       984,  1.380407088099E+02,  0.4021
      2448,       985,  1.380285993161E+02,  0.4024
      2455,       986,  1.380030226289E+02,  0.4016
      2456,       987,  1.379856995897E+02,  0.4019
      2457,       988,  1.379850371761E+02,  0.4021
      2460,       989,  1.379669433983E+02,  0.4020
      2462,       990,  1.379454524490E+02,  0.4021
      2463,       991,  1.379237018011E+02,  0.4024
      2464,       992,  1.379035931839E+02,  0.4026
      2472,       993,  1.378910285539E+02,  0.4017
      2473,       994,  1.378815500013E+02,  0.4019
      2475,       995,  1.378805614926E+02,  0.4020
      2477,       996,  1.378537483564E+02,  0.4021
      2478,       997,  1.378306205194E+02,  0.4023
      2481,       998,  1.378175627830E+02,  0.4023
      2483,       999,  1.378029995276E+02,  0.4023
      2484,      1000,  1.377976220425E+02,  0.4026
      2488,      1001,  1.377967153247E+02,  0.4023
      2490,      1002,  1.377582495836E+02,  0.4024
      2491,      1003,  1.377498840758E+02,  0.4026
      2493,      1004,  1.377452820460E+02,  0.4027
      2495,      1005,  1.377403201326E+02,  0.4028
      2498,      1006,  1.377320867931E+02,  0.4027
      2502,      1007,  1.376852375324E+02,  0.4025
      2509,      1008,  1.376762843783E+02,  0.4018
      2510,      1009,  1.376713294142E+02,  0.4020
      2511,      1010,  1.376703624724E+02,  0.4022
      2514,      1011,  1.376667809651E+02,  0.4021
      2515,      1012,  1.376661144902E+02,  0.4024
      2517,      1013,  1.376433663360E+02,  0.4025
      2520,      1014,  1.375722132229E+02,  0.4024
      2527,      1015,  1.375701640713E+02,  0.4017
      2528,      1016,  1.375192033590E+02,  0.4019
      2534,      1017,  1.375134858224E+02,  0.4013
      2538,      1018,  1.375133098422E+02,  0.4011
      2539,      1019,  1.374630994911E+02,  0.4013
      2541,      1020,  1.373561726826E+02,  0.4014
      2555,      1021,  1.373512545977E+02,  0.3996
      2556,      1022,  1.373446887139E+02,  0.3998
      2558,      1023,  1.372510992460E+02,  0.3999
      2560,      1024,  1.372343622234E+02,  0.4000
      2562,      1025,  1.372270070815E+02,  0.4001
      2566,      1026,  1.372207216566E+02,  0.3998
      2572,      1027,  1.371882396698E+02,  0.3993
      2573,      1028,  1.371647496744E+02,  0.3995
      2583,      1029,  1.371333796380E+02,  0.3984
      2585,      1030,  1.370737281858E+02,  0.3985
      2586,      1031,  1.370466839517E+02,  0.3987
      2588,      1032,  1.370231667390E+02,  0.3988
      2589,      1033,  1.369875464490E+02,  0.3990
      2602,      1034,  1.369781012178E+02,  0.3974
      2610,      1035,  1.369607165172E+02,  0.3966
      2612,      1036,  1.369605892092E+02,  0.3966
      2613,      1037,  1.369175983253E+02,  0.3969
      2614,      1038,  1.369070841615E+02,  0.3971
      2617,      1039,  1.368800712232E+02,  0.3970
      2621,      1040,  1.368773340185E+02,  0.3968
      2624,      1041,  1.368469998769E+02,  0.3967
      2626,      1042,  1.368370768290E+02,  0.3968
      2627,      1043,  1.368310631818E+02,  0.3970
      2632,      1044,  1.368306886385E+02,  0.3967
      2640,      1045,  1.367996555470E+02,  0.3958
      2655,      1046,  1.367972333826E+02,  0.3940
      2658,      1047,  1.367056050251E+02,  0.3939
      2661,      1048,  1.367010246278E+02,  0.3938
      2662,      1049,  1.367005881118E+02,  0.3941
      2664,      1050,  1.366826940646E+02,  0.3941
      2668,      1051,  1.366805509549E+02,  0.3939
      2672,      1052,  1.366696331794E+02,  0.3937
      2673,      1053,  1.366262631940E+02,  0.3939
      2679,      1054,  1.366227731485E+02,  0.3934
      2687,      1055,  1.365592809689E+02,  0.3926
      2688,      1056,  1.365536048539E+02,  0.3929
      2689,      1057,  1.365312917347E+02,  0.3931
      2690,      1058,  1.364541389042E+02,  0.3933
      2692,      1059,  1.364405070855E+02,  0.3934
      2700,      1060,  1.364111418443E+02,  0.3926
      2702,      1061,  1.363930031800E+02,  0.3927
      2703,      1062,  1.363368140062E+02,  0.3929
      2710,      1063,  1.363281536282E+02,  0.3923
      2713,      1064,  1.362830777995E+02,  0.3922
      2714,      1065,  1.362548536324E+02,  0.3924
      2715,      1066,  1.362490006710E+02,  0.3926
      2717,      1067,  1.362406312539E+02,  0.3927
      2723,      1068,  1.361156247337E+02,  0.3922
      2727,      1069,  1.360792997094E+02,  0.3920
      2730,      1070,  1.360528269127E+02,  0.3919
      2733,      1071,  1.360468079408E+02,  0.3919
      2734,      1072,  1.360241026250E+02,  0.3921
      2736,      1073,  1.360233397320E+02,  0.3922
      2739,      1074,  1.360117881653E+02,  0.3921
      2742,      1075,  1.359491058425E+02,  0.3920
      2744,      1076,  1.359482123172E+02,  0.3921
      2748,      1077,  1.359378073894E+02,  0.3919
      2749,      1078,  1.359356763057E+02,  0.3921
      2750,      1079,  1.359135941115E+02,  0.3924
      2755,      1080,  1.358034371835E+02,  0.3920
      2756,      1081,  1.357988589744E+02,  0.3922
      2758,      1082,  1.357959173203E+02,  0.3923
      2761,      1083,  1.357914657833E+02,  0.3922
      2762,      1084,  1.356987729773E+02,  0.3925
      2769,      1085,  1.356764278965E+02,  0.3918
      2780,      1086,  1.356194107162E+02,  0.3906
      2782,      1087,  1.356172800256E+02,  0.3907
      2787,      1088,  1.356047809782E+02,  0.3904
      2789,      1089,  1.355929975782E+02,  0.3905
      2791,      1090,  1.355893811481E+02,  0.3905
      2792,      1091,  1.355731548382E+02,  0.3908
      2794,      1092,  1.355515835260E+02,  0.3908
      2795,      1093,  1.354212924900E+02,  0.3911
      2796,      1094,  1.354004289010E+02,  0.3913
      2799,      1095,  1.353961455491E+02,  0.3912
      2800,      1096,  1.353912501874E+02,  0.3914
      2801,      1097,  1.353867255911E+02,  0.3916
      2813,      1098,  1.353849933889E+02,  0.3903
      2817,      1099,  1.353675133674E+02,  0.3901
      2818,      1100,  1.353589672950E+02,  0.3903
      2822,      1101,  1.353550265402E+02,  0.3901
      2823,      1102,  1.353132718430E+02,  0.3904
      2826,      1103,  1.352549143886E+02,  0.3903
      2828,      1104,  1.352544199411E+02,  0.3904
      2831,      1105,  1.352482912263E+02,  0.3903
      2836,      1106,  1.352466063889E+02,  0.3900
      2838,      1107,  1.352437813786E+02,  0.3901
      2839,      1108,  1.352290544436E+02,  0.3903
      2844,      1109,  1.352286819339E+02,  0.3899
      2845,      1110,  1.351390121025E+02,  0.3902
      2846,      1111,  1.350993705510E+02,  0.3904
      2851,      1112,  1.350988707047E+02,  0.3900
      2853,      1113,  1.350843405232E+02,  0.3901
      2857,      1114,  1.350816751170E+02,  0.3899
      2859,      1115,  1.350036544707E+02,  0.3900
      2860,      1116,  1.349687011079E+02,  0.3902
      2864,      1117,  1.349602843582E+02,  0.3900
      2866,      1118,  1.349601245728E+02,  0.3901
      2876,      1119,  1.349252208963E+02,  0.3891
      2877,      1120,  1.348678191339E+02,  0.3893
      2881,      1121,  1.347964033611E+02,  0.3891
      2892,      1122,  1.347951246895E+02,  0.3880
      2903,      1123,  1.347019751216E+02,  0.3868
      2905,      1124,  1.346969922770E+02,  0.3869
      2908,      1125,  1.346522082067E+02,  0.3869
      2909,      1126,  1.346355423405E+02,  0.3871
      2925,      1127,  1.346025635161E+02,  0.3853
      2926,      1128,  1.345633273245E+02,  0.3855
      2928,      1129,  1.345629861992E+02,  0.3856
      2930,      1130,  1.345573115284E+02,  0.3857
      2933,      1131,  1.344712603427E+02,  0.3856
      2935,      1132,  1.344464480650E+02,  0.3857
      2938,      1133,  1.344208105052E+02,  0.3856
      2939,      1134,  1.344204611443E+02,  0.3858
      2940,      1135,  1.343863873278E+02,  0.3861
      2948,      1136,  1.343857155153E+02,  0.3853
      2953,      1137,  1.343648691598E+02,  0.3850
      2955,      1138,  1.343641435306E+02,  0.3851
      2957,      1139,  1.343484625149E+02,  0.3852
      2960,      1140,  1.343273150403E+02,  0.3851
      2962,      1141,  1.343112354282E+02,  0.3852
      2964,      1142,  1.342642489634E+02,  0.3853
      2969,      1143,  1.342488891296E+02,  0.3850
      2974,      1144,  1.342359769766E+02,  0.3847
      2975,      1145,  1.341641702157E+02,  0.3849
      2979,      1146,  1.341273906627E+02,  0.3847
      2980,      1147,  1.341198807094E+02,  0.3849
      2982,      1148,  1.340846107878E+02,  0.3850
      2984,      1149,  1.340820609926E+02,  0.3851
      2990,      1150,  1.340797886833E+02,  0.3846
      2992,      1151,  1.340684883812E+02,  0.3847
      2997,      1152,  1.340441243364E+02,  0.3844
      2998,      1153,  1.340422326904E+02,  0.3846
      3000,      1154,  1.340328036078E+02,  0.3847
      3001,      1155,  1.340151990142E+02,  0.3849
      3003,      1156,  1.340071856035E+02,  0.3849
      3006,      1157,  1.340055610172E+02,  0.3849
      3007,      1158,  1.339746800147E+02,  0.3851
      3009,      1159,  1.339609046358E+02,  0.3852
      3013,      1160,  1.339592212977E+02,  0.3850
      3015,      1161,  1.339582949504E+02,  0.3851
      3016,      1162,  1.339279622388E+02,  0.3853
      3019,      1163,  1.339222020563E+02,  0.3852
      3026,      1164,  1.339148370899E+02,  0.3847
      3029,      1165,  1.338978622286E+02,  0.3846
      3030,      1166,  1.338749870658E+02,  0.3848
      3032,      1167,  1.338712816082E+02,  0.3849
      3035,      1168,  1.338678397199E+02,  0.3848
      3036,      1169,  1.338581654906E+02,  0.3850
      3038,      1170,  1.338275306036E+02,  0.3851
      3043,      1171,  1.338137761652E+02,  0.3848
      3049,      1172,  1.338119061518E+02,  0.3844
      3051,      1173,  1.337308589855E+02,  0.3845
      3052,      1174,  1.336519664401E+02,  0.3847
      3054,      1175,  1.335931701826E+02,  0.3847
      3055,      1176,  1.335931104280E+02,  0.3849
      3057,      1177,  1.335827611612E+02,  0.3850
      3066,      1178,  1.335449812115E+02,  0.3842
      3070,      1179,  1.335357628746E+02,  0.3840
      3073,      1180,  1.335147340998E+02,  0.3840
      3083,      1181,  1.334988656131E+02,  0.3831
      3084,      1182,  1.334939217621E+02,  0.3833
      3085,      1183,  1.334872193087E+02,  0.3835
      3090,      1184,  1.334288086856E+02,  0.3832
      3092,      1185,  1.333892283890E+02,  0.3832
      3093,      1186,  1.333808104156E+02,  0.3834
      3094,      1187,  1.333772575886E+02,  0.3836
      3096,      1188,  1.333715066170E+02,  0.3837
      3098,      1189,  1.333456454703E+02,  0.3838
      3101,      1190,  1.332724782879E+02,  0.3837
      3112,      1191,  1.332156289447E+02,  0.3827
      3116,      1192,  1.332036082053E+02,  0.3825
      3117,      1193,  1.331293778765E+02,  0.3827
      3118,      1194,  1.331278787054E+02,  0.3829
      3125,      1195,  1.331231719975E+02,  0.3824
      3130,      1196,  1.331177440307E+02,  0.3821
      3131,      1197,  1.331113793661E+02,  0.3823
      3133,      1198,  1.331005005846E+02,  0.3824
      3138,      1199,  1.331003425772E+02,  0.3821
      3140,      1200,  1.330990131779E+02,  0.3822
      3148,      1201,  1.330859459520E+02,  0.3815
      3151,      1202,  1.330855659628E+02,  0.3815
      3153,      1203,  1.330818989372E+02,  0.3815
      3159,      1204,  1.330800631362E+02,  0.3811
      3163,      1205,  1.330419078382E+02,  0.3810
      3164,      1206,  1.330398876397E+02,  0.3812
      3167,      1207,  1.330356578317E+02,  0.3811
      3172,      1208,  1.330275612289E+02,  0.3808
      3178,      1209,  1.330234785914E+02,  0.3804
      3180,      1210,  1.330232229324E+02,  0.3805
      3187,      1211,  1.330065432480E+02,  0.3800
      3196,      1212,  1.330013216499E+02,  0.3792
      3199,      1213,  1.329794101964E+02,  0.3792
      3201,      1214,  1.329324999767E+02,  0.3793
      3205,      1215,  1.329293574616E+02,  0.3791
      3209,      1216,  1.328387413857E+02,  0.3789
      3211,      1217,  1.328282203222E+02,  0.3790
      3212,      1218,  1.328278903049E+02,  0.3792
      3213,      1219,  1.327395634046E+02,  0.3794
      3216,      1220,  1.327391679656E+02,  0.3794
      3219,      1221,  1.327329215568E+02,  0.3793
      3220,      1222,  1.327148892443E+02,  0.3795
      3221,      1223,  1.326078632422E+02,  0.3797
      3226,      1224,  1.325363772481E+02,  0.3794
      3234,      1225,  1.325298560718E+02,  0.3788
      3241,      1226,  1.325197728020E+02,  0.3783
      3246,      1227,  1.325160854831E+02,  0.3780
      3247,      1228,  1.325152006279E+02,  0.3782
      3251,      1229,  1.324927999377E+02,  0.3780
      3252,      1230,  1.324671403985E+02,  0.3782
      3254,      1231,  1.324667166831E+02,  0.3783
      3255,      1232,  1.324515192875E+02,  0.3785
      3271,      1233,  1.324348590530E+02,  0.3769
      3276,      1234,  1.324031015583E+02,  0.3767
      3283,      1235,  1.323075278099E+02,  0.3762
      3284,      1236,  1.323074235443E+02,  0.3764
      3295,      1237,  1.322794168761E+02,  0.3754
      3297,      1238,  1.322513372265E+02,  0.3755
      3300,      1239,  1.322449372557E+02,  0.3755
      3302,      1240,  1.322115705776E+02,  0.3755
      3307,      1241,  1.322073437764E+02,  0.3753
      3310,      1242,  1.321892250962E+02,  0.3752
      3314,      1243,  1.321787269599E+02,  0.3751
      3316,      1244,  1.321776654853E+02,  0.3752
      3317,      1245,  1.320658056592E+02,  0.3753
      3319,      1246,  1.320223101283E+02,  0.3754
      3326,      1247,  1.320194661121E+02,  0.3749
      3327,      1248,  1.320072816370E+02,  0.3751
      3336,      1249,  1.319764208820E+02,  0.3744
      3337,      1250,  1.319619963722E+02,  0.3746
      3341,      1251,  1.319546020038E+02,  0.3744
      3348,      1252,  1.319434893952E+02,  0.3740
      3351,      1253,  1.319390995822E+02,  0.3739
      3353,      1254,  1.319305227148E+02,  0.3740
      3356,      1255,  1.318786824898E+02,  0.3740
      3358,      1256,  1.318474766881E+02,  0.3740
      3359,      1257,  1.317979584303E+02,  0.3742
      3362,      1258,  1.317964424381E+02,  0.3742
      3365,      1259,  1.317945011454E+02,  0.3741
      3367,      1260,  1.317869788191E+02,  0.3742
      3370,      1261,  1.317866413229E+02,  0.3742
      3373,      1262,  1.317301240506E+02,  0.3741
      3375,      1263,  1.317295577821E+02,  0.3742
      3379,      1264,  1.317049947782E+02,  0.3741
      3381,      1265,  1.317039814285E+02,  0.3741
      3391,      1266,  1.316668516510E+02,  0.3733
      3399,      1267,  1.316635431160E+02,  0.3728
      3403,      1268,  1.316150668164E+02,  0.3726
      3410,      1269,  1.314955148316E+02,  0.3721
      3414,      1270,  1.314896831802E+02,  0.3720
      3416,      1271,  1.314847305648E+02,  0.3721
      3420,      1272,  1.314830090254E+02,  0.3719
      3429,      1273,  1.313826369275E+02,  0.3712
      3436,      1274,  1.313817100926E+02,  0.3708
      3437,      1275,  1.313783551656E+02,  0.3710
      3441,      1276,  1.313567541106E+02,  0.3708
      3449,      1277,  1.313563462743E+02,  0.3703
      3451,      1278,  1.313505078078E+02,  0.3703
      3458,      1279,  1.312870871390E+02,  0.3699
      3459,      1280,  1.312859742363E+02,  0.3700
      3464,      1281,  1.312851272419E+02,  0.3698
      3471,      1282,  1.312808929458E+02,  0.3693
      3481,      1283,  1.312452114268E+02,  0.3686
      3483,      1284,  1.312271271009E+02,  0.3686
      3489,      1285,  1.311917433535E+02,  0.3683
      3490,      1286,  1.311826018466E+02,  0.3685
      3501,      1287,  1.311783166909E+02,  0.3676
      3503,      1288,  1.311395065904E+02,  0.3677
      3505,      1289,  1.311184014045E+02,  0.3678
      3507,      1290,  1.310997335748E+02,  0.3678
      3511,      1291,  1.310973995171E+02,  0.3677
      3512,      1292,  1.310969966457E+02,  0.3679
      3517,      1293,  1.310967538111E+02,  0.3676
      3522,      1294,  1.310921166384E+02,  0.3674
      3531,      1295,  1.310588448314E+02,  0.3668
      3532,      1296,  1.310209764746E+02,  0.3669
      3534,      1297,  1.310192670720E+02,  0.3670
      3542,      1298,  1.310116709907E+02,  0.3665
      3550,      1299,  1.309504710575E+02,  0.3659
      3551,      1300,  1.309432862147E+02,  0.3661
      3557,      1301,  1.309383207587E+02,  0.3658
      3563,      1302,  1.309011378786E+02,  0.3654
      3575,      1303,  1.309009840039E+02,  0.3645
      3585,      1304,  1.308917681037E+02,  0.3637
      3587,      1305,  1.308900343968E+02,  0.3638
      3588,      1306,  1.308796735110E+02,  0.3640
      3590,      1307,  1.308752445338E+02,  0.3641
      3596,      1308,  1.308749496658E+02,  0.3637
      3597,      1309,  1.308633061246E+02,  0.3639
      3602,      1310,  1.308624301820E+02,  0.3637
      3615,      1311,  1.308503656612E+02,  0.3627
      3619,      1312,  1.307771313797E+02,  0.3625
      3620,      1313,  1.307767129347E+02,  0.3627
      3622,      1314,  1.307619470562E+02,  0.3628
      3631,      1315,  1.307226304298E+02,  0.3622
      3633,      1316,  1.307149176893E+02,  0.3622
      3646,      1317,  1.306508045303E+02,  0.3612
      3647,      1318,  1.306442704694E+02,  0.3614
      3652,      1319,  1.306220627321E+02,  0.3612
      3659,      1320,  1.306200759069E+02,  0.3608
      3664,      1321,  1.306145084264E+02,  0.3605
      3668,      1322,  1.305759296757E+02,  0.3604
      3671,      1323,  1.305713401690E+02,  0.3604
      3673,      1324,  1.305692525040E+02,  0.3605
      3685,      1325,  1.305690633805E+02,  0.3596
      3690,      1326,  1.305579580315E+02,  0.3593
      3695,      1327,  1.305554518652E+02,  0.3591
      3698,      1328,  1.305394921256E+02,  0.3591
      3702,      1329,  1.305371485709E+02,  0.3590
      3704,      1330,  1.305155615156E+02,  0.3591
      3706,      1331,  1.305010929430E+02,  0.3591
      3709,      1332,  1.304969943139E+02,  0.3591
      3710,      1333,  1.304955834410E+02,  0.3593
      3711,      1334,  1.304953944683E+02,  0.3595
      3717,      1335,  1.304911505004E+02,  0.3592
      3720,      1336,  1.304823817258E+02,  0.3591
      3724,      1337,  1.304798620073E+02,  0.3590
      3726,      1338,  1.304776632813E+02,  0.3591
      3727,      1339,  1.304040478899E+02,  0.3593
      3728,      1340,  1.303263396033E+02,  0.3594
      3741,      1341,  1.303152836619E+02,  0.3585
      3745,      1342,  1.302989833688E+02,  0.3583
      3746,      1343,  1.302081146836E+02,  0.3585
      3749,      1344,  1.302072748353E+02,  0.3585
      3753,      1345,  1.301870188168E+02,  0.3584
      3756,      1346,  1.301838940951E+02,  0.3584
      3757,      1347,  1.301672616950E+02,  0.3585
      3759,      1348,  1.301617395411E+02,  0.3586
      3760,      1349,  1.301547714451E+02,  0.3588
      3761,      1350,  1.301536905687E+02,  0.3589
      3762,      1351,  1.301533849803E+02,  0.3591
      3767,      1352,  1.301526943495E+02,  0.3589
      3784,      1353,  1.301134068885E+02,  0.3576
      3786,      1354,  1.301033071626E+02,  0.3576
      3792,      1355,  1.300525810915E+02,  0.3573
      3794,      1356,  1.300516473160E+02,  0.3574
      3799,      1357,  1.300159909395E+02,  0.3572
      3809,      1358,  1.300146937912E+02,  0.3565
      3811,      1359,  1.300133538367E+02,  0.3566
      3816,      1360,  1.300077783734E+02,  0.3564
      3822,      1361,  1.300033831393E+02,  0.3561
      3829,      1362,  1.300007495627E+02,  0.3557
      3830,      1363,  1.299957214917E+02,  0.3559
      3836,      1364,  1.299862215602E+02,  0.3556
      3840,      1365,  1.299845257405E+02,  0.3555
      3846,      1366,  1.299667933937E+02,  0.3552
      3854,      1367,  1.299656863075E+02,  0.3547
      3859,      1368,  1.299011461469E+02,  0.3545
      3860,      1369,  1.298976520489E+02,  0.3547
      3861,      1370,  1.298894730736E+02,  0.3548
      3864,      1371,  1.298580475310E+02,  0.3548
      3867,      1372,  1.298560663368E+02,  0.3548
      3870,      1373,  1.298478611508E+02,  0.3548
      3872,      1374,  1.298478523650E+02,  0.3549
      3873,      1375,  1.298408148596E+02,  0.3550
      3876,      1376,  1.298381337347E+02,  0.3550
      3877,      1377,  1.298160940831E+02,  0.3552
      3878,      1378,  1.298158164428E+02,  0.3553
      3888,      1379,  1.298155390513E+02,  0.3547
      3889,      1380,  1.298147924094E+02,  0.3548
      3896,      1381,  1.298119271574E+02,  0.3545
      3905,      1382,  1.298104081715E+02,  0.3539
      3907,      1383,  1.297728078087E+02,  0.3540
      3916,      1384,  1.297717850680E+02,  0.3534
      3928,      1385,  1.297714226135E+02,  0.3526
      3940,      1386,  1.297252782834E+02,  0.3518
      3941,      1387,  1.297251808523E+02,  0.3519
      3949,      1388,  1.297137287177E+02,  0.3515
      3951,      1389,  1.297061368138E+02,  0.3516
      3960,      1390,  1.296433391527E+02,  0.3510
      3961,      1391,  1.296405297003E+02,  0.3512
      3967,      1392,  1.296328182954E+02,  0.3509
      3968,      1393,  1.296260670329E+02,  0.3511
      3969,      1394,  1.296187343117E+02,  0.3512
      3973,      1395,  1.296167433345E+02,  0.3511
      3984,      1396,  1.295964554867E+02,  0.3504
      3999,      1397,  1.295927792758E+02,  0.3493
      4003,      1398,  1.295927746149E+02,  0.3492
      4005,      1399,  1.295747020212E+02,  0.3493
      4012,      1400,  1.295744016251E+02,  0.3490
      4013,      1401,  1.295386719359E+02,  0.3491
      4016,      1402,  1.295317644111E+02,  0.3491
      4021,      1403,  1.295303916875E+02,  0.3489
      4025,      1404,  1.295286411740E+02,  0.3488
      4036,      1405,  1.294816996899E+02,  0.3481
      4043,      1406,  1.294814673609E+02,  0.3478
      4049,      1407,  1.294743952689E+02,  0.3475
      4051,      1408,  1.294661535512E+02,  0.3476
      4056,      1409,  1.294443208476E+02,  0.3474
      4065,      1410,  1.294403722468E+02,  0.3469
      4066,      1411,  1.294381368469E+02,  0.3470
      4071,      1412,  1.294241116851E+02,  0.3468
      4076,      1413,  1.294192411354E+02,  0.3467
      4080,      1414,  1.294192336897E+02,  0.3466
      4081,      1415,  1.293944841834E+02,  0.3467
      4087,      1416,  1.293882813882E+02,  0.3465
      4091,      1417,  1.293882085511E+02,  0.3464
      4093,      1418,  1.293879394217E+02,  0.3464
      4098,      1419,  1.293362755252E+02,  0.3463
      4101,      1420,  1.293324861256E+02,  0.3463
      4102,      1421,  1.293310986842E+02,  0.3464
      4106,      1422,  1.292856222404E+02,  0.3463
      4114,      1423,  1.292539375528E+02,  0.3459
      4118,      1424,  1.292514487066E+02,  0.3458
      4121,      1425,  1.292495400027E+02,  0.3458
      4126,      1426,  1.291519926071E+02,  0.3456
      4128,      1427,  1.291394365800E+02,  0.3457
      4146,      1428,  1.291291242097E+02,  0.3444
      4149,      1429,  1.291282049506E+02,  0.3444
      4152,      1430,  1.291267908598E+02,  0.3444
      4160,      1431,  1.291260386340E+02,  0.3440
      4162,      1432,  1.291254865672E+02,  0.3441
      4163,      1433,  1.291207228160E+02,  0.3442
      4169,      1434,  1.291200023568E+02,  0.3440
      4170,      1435,  1.291199008058E+02,  0.3441
      4173,      1436,  1.291196606752E+02,  0.3441
      4182,      1437,  1.291178476221E+02,  0.3436
      4197,      1438,  1.291157997281E+02,  0.3426
      4205,      1439,  1.291060649546E+02,  0.3422
      4208,      1440,  1.290965639578E+02,  0.3422
      4218,      1441,  1.290914447835E+02,  0.3416
      4225,      1442,  1.290899195792E+02,  0.3413
      4230,      1443,  1.290890004284E+02,  0.3411
      4237,      1444,  1.290253863454E+02,  0.3408
      4242,      1445,  1.290094484350E+02,  0.3406
      4244,      1446,  1.289735644679E+02,  0.3407
      4252,      1447,  1.289625215524E+02,  0.3403
      4262,      1448,  1.289589197484E+02,  0.3397
      4266,      1449,  1.289560386128E+02,  0.3397
      4271,      1450,  1.289521728150E+02,  0.3395
      4275,      1451,  1.289117909174E+02,  0.3394
      4280,      1452,  1.289081595135E+02,  0.3393
      4281,      1453,  1.288550682527E+02,  0.3394
      4282,      1454,  1.288205385840E+02,  0.3396
      4286,      1455,  1.288176881937E+02,  0.3395
      4289,      1456,  1.288176800160E+02,  0.3395
      4292,      1457,  1.288169309831E+02,  0.3395
      4296,      1458,  1.288155811155E+02,  0.3394
      4299,      1459,  1.288130134764E+02,  0.3394
      4301,      1460,  1.288127309082E+02,  0.3395
      4305,      1461,  1.288109772298E+02,  0.3394
      4306,      1462,  1.288101039258E+02,  0.3395
      4310,      1463,  1.288093364797E+02,  0.3394
      4312,      1464,  1.288045043503E+02,  0.3395
      4313,      1465,  1.287909636520E+02,  0.3397
      4318,      1466,  1.287887587281E+02,  0.3395
      4336,      1467,  1.287858204598E+02,  0.3383
      4338,      1468,  1.287845051211E+02,  0.3384
      4342,      1469,  1.287840920146E+02,  0.3383
      4344,      1470,  1.287772819519E+02,  0.3384
      4346,      1471,  1.287764923148E+02,  0.3385
      4359,      1472,  1.287739279023E+02,  0.3377
      4361,      1473,  1.287721834652E+02,  0.3378
      4363,      1474,  1.287720068066E+02,  0.3378
      4364,      1475,  1.287081652452E+02,  0.3380
      4366,      1476,  1.287063215539E+02,  0.3381
      4377,      1477,  1.286648500943E+02,  0.3374
      4383,      1478,  1.286646907954E+02,  0.3372
      4384,      1479,  1.286392427511E+02,  0.3374
      4394,      1480,  1.286031912741E+02,  0.3368
      4396,      1481,  1.286031717860E+02,  0.3369
      4399,      1482,  1.286012826061E+02,  0.3369
      4403,      1483,  1.285974931672E+02,  0.3368
      4422,      1484,  1.285522152937E+02,  0.3356
      4430,      1485,  1.285298596504E+02,  0.3352
      4437,      1486,  1.285285117152E+02,  0.3349
      4441,      1487,  1.285128397673E+02,  0.3348
      4455,      1488,  1.284530872746E+02,  0.3340
      4456,      1489,  1.284396720317E+02,  0.3342
      4459,      1490,  1.284276886366E+02,  0.3342
      4460,      1491,  1.284241234792E+02,  0.3343
      4462,      1492,  1.284236465961E+02,  0.3344
      4471,      1493,  1.284234652953E+02,  0.3339
      4473,      1494,  1.284076507621E+02,  0.3340
      4474,      1495,  1.284067341757E+02,  0.3342
      4475,      1496,  1.284067258583E+02,  0.3343
      4476,      1497,  1.284063471168E+02,  0.3345
      4483,      1498,  1.284052584528E+02,  0.3342
      4496,      1499,  1.284003990294E+02,  0.3334
      4508,      1500,  1.283887803818E+02,  0.3327
      4509,      1501,  1.283846851784E+02,  0.3329
      4512,      1502,  1.283807927574E+02,  0.3329
      4514,      1503,  1.283688840133E+02,  0.3330
      4519,      1504,  1.283682594899E+02,  0.3328
      4526,      1505,  1.283681976781E+02,  0.3325
      4527,      1506,  1.283601559095E+02,  0.3327
      4531,      1507,  1.283583641160E+02,  0.3326
      4537,      1508,  1.283472571908E+02,  0.3324
      4546,      1509,  1.283463949963E+02,  0.3319
      4547,      1510,  1.283366832436E+02,  0.3321
      4558,      1511,  1.283326454763E+02,  0.3315
      4564,      1512,  1.283255524935E+02,  0.3313
      4588,      1513,  1.283173124419E+02,  0.3298
      4593,      1514,  1.282712699747E+02,  0.3296
      4598,      1515,  1.282576575704E+02,  0.3295
      4607,      1516,  1.282562977428E+02,  0.3291
      4609,      1517,  1.282499946057E+02,  0.3291
      4611,      1518,  1.282481550038E+02,  0.3292
      4630,      1519,  1.282358635716E+02,  0.3281
      4632,      1520,  1.282353516893E+02,  0.3282
      4639,      1521,  1.282341083512E+02,  0.3279
      4642,      1522,  1.282340718368E+02,  0.3279
      4653,      1523,  1.282289809245E+02,  0.3273
      4657,      1524,  1.282274993804E+02,  0.3272
      4663,      1525,  1.282214370395E+02,  0.3270
      4671,      1526,  1.282177883050E+02,  0.3267
      4673,      1527,  1.282152705776E+02,  0.3268
      4674,      1528,  1.282137984276E+02,  0.3269
      4680,      1529,  1.282131540498E+02,  0.3267
      4686,      1530,  1.282097883186E+02,  0.3265
      4687,      1531,  1.282092357072E+02,  0.3266
      4692,      1532,  1.281950545245E+02,  0.3265
      4693,      1533,  1.281928709928E+02,  0.3267
      4705,      1534,  1.281904398289E+02,  0.3260
      4713,      1535,  1.281903802662E+02,  0.3257
      4717,      1536,  1.281866621126E+02,  0.3256
      4720,      1537,  1.281855649989E+02,  0.3256
      4722,      1538,  1.281852276779E+02,  0.3257
      4726,      1539,  1.281850118403E+02,  0.3256
      4727,      1540,  1.281060162727E+02,  0.3258
      4728,      1541,  1.281049992386E+02,  0.3259
      4736,      1542,  1.281024253464E+02,  0.3256
      4738,      1543,  1.281024126057E+02,  0.3257
      4739,      1544,  1.281010217225E+02,  0.3258
      4743,      1545,  1.281007493044E+02,  0.3257
      4749,      1546,  1.280979612105E+02,  0.3255
      4756,      1547,  1.280690663787E+02,  0.3253
      4758,      1548,  1.280649411372E+02,  0.3253
      4767,      1549,  1.280646916984E+02,  0.3249
      4780,      1550,  1.280623939063E+02,  0.3243
      4788,      1551,  1.280457126653E+02,  0.3239
      4791,      1552,  1.280397034119E+02,  0.3239
      4792,      1553,  1.280389889819E+02,  0.3241
      4794,      1554,  1.280371783518E+02,  0.3242
      4799,      1555,  1.279919370789E+02,  0.3240
      4801,      1556,  1.279835192963E+02,  0.3241
      4819,      1557,  1.279824396103E+02,  0.3231
      4829,      1558,  1.279805568392E+02,  0.3226
      4833,      1559,  1.279727386032E+02,  0.3226
      4834,      1560,  1.279564276790E+02,  0.3227
      4836,      1561,  1.279540637909E+02,  0.3228
      4844,      1562,  1.279102679367E+02,  0.3225
      4848,      1563,  1.279056544343E+02,  0.3224
      4869,      1564,  1.279050431922E+02,  0.3212
      4870,      1565,  1.278502293357E+02,  0.3214
      4877,      1566,  1.278453941464E+02,  0.3211
      4879,      1567,  1.278394578499E+02,  0.3212
      4880,      1568,  1.278328534156E+02,  0.3213
      4889,      1569,  1.278312620259E+02,  0.3209
      4895,      1570,  1.278282130613E+02,  0.3207
      4909,      1571,  1.278231632717E+02,  0.3200
      4914,      1572,  1.278223928129E+02,  0.3199
      4915,      1573,  1.278223008926E+02,  0.3200
      4922,      1574,  1.277984845120E+02,  0.3198
      4946,      1575,  1.277976787868E+02,  0.3184
      4948,      1576,  1.277865593536E+02,  0.3185
      4950,      1577,  1.277821392628E+02,  0.3186
      4952,      1578,  1.277638745805E+02,  0.3187
      4955,      1579,  1.277623087367E+02,  0.3187
      4957,      1580,  1.277618763595E+02,  0.3187
      4961,      1581,  1.277589211225E+02,  0.3187
      4975,      1582,  1.277546904311E+02,  0.3180
      4978,      1583,  1.277491659021E+02,  0.3180
      4987,      1584,  1.277476395879E+02,  0.3176
      4993,      1585,  1.277453147721E+02,  0.3174
      4995,      1586,  1.277312838487E+02,  0.3175
      5011,      1587,  1.277287221520E+02,  0.3167
      5014,      1588,  1.276972640919E+02,  0.3167
      5015,      1589,  1.276953843967E+02,  0.3168
      5017,      1590,  1.276942403134E+02,  0.3169
      5018,      1591,  1.276821197915E+02,  0.3171
      5019,      1592,  1.276814563791E+02,  0.3172
      5026,      1593,  1.276795204734E+02,  0.3170
      5028,      1594,  1.276675846528E+02,  0.3170
      5031,      1595,  1.276667191839E+02,  0.3170
      5036,      1596,  1.276649290279E+02,  0.3169
      5039,      1597,  1.276601164347E+02,  0.3169
      5058,      1598,  1.276483999003E+02,  0.3159
      5066,      1599,  1.276481681459E+02,  0.3156
      5068,      1600,  1.276469433215E+02,  0.3157
      5084,      1601,  1.276012511924E+02,  0.3149
      5098,      1602,  1.275874297291E+02,  0.3142
      5108,      1603,  1.275872616507E+02,  0.3138
      5147,      1604,  1.275864353098E+02,  0.3116
      5150,      1605,  1.275851121631E+02,  0.3117
      5158,      1606,  1.275772742410E+02,  0.3114
      5161,      1607,  1.275217193419E+02,  0.3114
      5174,      1608,  1.275215285437E+02,  0.3108
      5183,      1609,  1.275026065720E+02,  0.3104
      5185,      1610,  1.275021302457E+02,  0.3105
      5186,      1611,  1.274964778628E+02,  0.3106
      5190,      1612,  1.274746844923E+02,  0.3106
      5193,      1613,  1.274732521311E+02,  0.3106
      5194,      1614,  1.274598129947E+02,  0.3107
      5205,      1615,  1.274581474748E+02,  0.3103
      5209,      1616,  1.274333096095E+02,  0.3102
      5211,      1617,  1.274324498248E+02,  0.3103
      5212,      1618,  1.274315281215E+02,  0.3104
      5238,      1619,  1.274298988644E+02,  0.3091
      5239,      1620,  1.274207196347E+02,  0.3092
      5240,      1621,  1.274204977663E+02,  0.3094
      5242,      1622,  1.274155401998E+02,  0.3094
      5247,      1623,  1.274155400555E+02,  0.3093
      5252,      1624,  1.274149720378E+02,  0.3092
      5256,      1625,  1.274138429524E+02,  0.3092
      5261,      1626,  1.274035043468E+02,  0.3091
      5292,      1627,  1.274034035582E+02,  0.3074
      5301,      1628,  1.274024499321E+02,  0.3071
      5304,      1629,  1.274001786252E+02,  0.3071
      5309,      1630,  1.273967403776E+02,  0.3070
      5316,      1631,  1.273871837860E+02,  0.3068
      5330,      1632,  1.273838668705E+02,  0.3062
      5344,      1633,  1.273704353993E+02,  0.3056
      5346,      1634,  1.273699936818E+02,  0.3056
      5350,      1635,  1.273525167109E+02,  0.3056
      5368,      1636,  1.273522130169E+02,  0.3048
      5374,      1637,  1.273510983992E+02,  0.3046
      5378,      1638,  1.273471847778E+02,  0.3046
      5379,      1639,  1.273349395340E+02,  0.3047
      5380,      1640,  1.273294356607E+02,  0.3048
      5391,      1641,  1.273054893419E+02,  0.3044
      5392,      1642,  1.273044910021E+02,  0.3045
      5393,      1643,  1.273043714490E+02,  0.3047
      5413,      1644,  1.273036162951E+02,  0.3037
      5419,      1645,  1.273018303858E+02,  0.3036
      5420,      1646,  1.273007722203E+02,  0.3037
      5427,      1647,  1.272774521588E+02,  0.3035
      5435,      1648,  1.272481793342E+02,  0.3032
      5436,      1649,  1.272473752309E+02,  0.3033
      5439,      1650,  1.272409933863E+02,  0.3034
      5442,      1651,  1.272408185434E+02,  0.3034
      5456,      1652,  1.272407097316E+02,  0.3028
      5467,      1653,  1.272406216455E+02,  0.3024
      5473,      1654,  1.272329460262E+02,  0.3022
      5477,      1655,  1.272200253600E+02,  0.3022
      5479,      1656,  1.272172529573E+02,  0.3022
      5481,      1657,  1.272164572346E+02,  0.3023
      5482,      1658,  1.272133710676E+02,  0.3024
      5486,      1659,  1.272130733186E+02,  0.3024
      5507,      1660,  1.272115687462E+02,  0.3014
      5509,      1661,  1.272074192865E+02,  0.3015
      5511,      1662,  1.272057919275E+02,  0.3016
      5515,      1663,  1.272057217566E+02,  0.3015
      5519,      1664,  1.272057100984E+02,  0.3015
      5531,      1665,  1.271883078376E+02,  0.3010
      5575,      1666,  1.271681034747E+02,  0.2988
      5581,      1667,  1.271673619541E+02,  0.2987
      5587,      1668,  1.271548215386E+02,  0.2986
      5589,      1669,  1.271530984711E+02,  0.2986
      5593,      1670,  1.271528832321E+02,  0.2986
      5597,      1671,  1.271498817209E+02,  0.2986
      5598,      1672,  1.271485403905E+02,  0.2987
      5603,      1673,  1.271472190942E+02,  0.2986
      5606,      1674,  1.271427186958E+02,  0.2986
      5614,      1675,  1.271425400717E+02,  0.2984
      5624,      1676,  1.271396037270E+02,  0.2980
      5627,      1677,  1.271395547305E+02,  0.2980
      5633,      1678,  1.271305278654E+02,  0.2979
      5634,      1679,  1.271296829139E+02,  0.2980
      5656,      1680,  1.271251699652E+02,  0.2970
      5665,      1681,  1.271109166523E+02,  0.2967
      5674,      1682,  1.270980096219E+02,  0.2964
      5679,      1683,  1.270973713972E+02,  0.2964
      5681,      1684,  1.270968813290E+02,  0.2964
      5694,      1685,  1.270927368517E+02,  0.2959
      5695,      1686,  1.270925299747E+02,  0.2960
      5709,      1687,  1.270924490869E+02,  0.2955
      5713,      1688,  1.270907814000E+02,  0.2955
      5720,      1689,  1.270870869822E+02,  0.2953
      5727,      1690,  1.270858152481E+02,  0.2951
      5732,      1691,  1.270854539813E+02,  0.2950
      5787,      1692,  1.270793627471E+02,  0.2924
      5795,      1693,  1.270705057909E+02,  0.2921
      5806,      1694,  1.270536158221E+02,  0.2918
      5815,      1695,  1.270322547316E+02,  0.2915
      5842,      1696,  1.270318279271E+02,  0.2903
      5844,      1697,  1.270295106769E+02,  0.2904
      5853,      1698,  1.270288932981E+02,  0.2901
      5854,      1699,  1.270232788623E+02,  0.2902
      5863,      1700,  1.270087116847E+02,  0.2900
      5887,      1701,  1.270082253761E+02,  0.2889
      5890,      1702,  1.270021549826E+02,  0.2890
      5896,      1703,  1.269709466986E+02,  0.2888
      5907,      1704,  1.269701824967E+02,  0.2885
      5910,      1705,  1.269666455455E+02,  0.2885
      5937,      1706,  1.268881716550E+02,  0.2874
      5946,      1707,  1.268723478244E+02,  0.2871
      5955,      1708,  1.268717846301E+02,  0.2868
      5960,      1709,  1.268692807384E+02,  0.2867
      5961,      1710,  1.268691564963E+02,  0.2869
      5976,      1711,  1.268684040453E+02,  0.2863
      5988,      1712,  1.268662537838E+02,  0.2859
      5991,      1713,  1.268638579644E+02,  0.2859
      5999,      1714,  1.268619485978E+02,  0.2857
      6002,      1715,  1.268615414222E+02,  0.2857
      6012,      1716,  1.268611653873E+02,  0.2854
      6019,      1717,  1.268602110746E+02,  0.2853
      6023,      1718,  1.268597497794E+02,  0.2852
      6024,      1719,  1.268473482640E+02,  0.2854
      6031,      1720,  1.268469593750E+02,  0.2852
      6032,      1721,  1.268458227842E+02,  0.2853
      6036,      1722,  1.268456942268E+02,  0.2853
      6044,      1723,  1.268231725346E+02,  0.2851
      6056,      1724,  1.268220958990E+02,  0.2847
      6059,      1725,  1.268209760565E+02,  0.2847
      6068,      1726,  1.268191134085E+02,  0.2844
      6084,      1727,  1.268173091458E+02,  0.2839
      6086,      1728,  1.268089645620E+02,  0.2839
      6101,      1729,  1.267950075488E+02,  0.2834
      6113,      1730,  1.267944234643E+02,  0.2830
      6114,      1731,  1.267933222904E+02,  0.2831
      6116,      1732,  1.267927129820E+02,  0.2832
      6117,      1733,  1.267925063576E+02,  0.2833
      6122,      1734,  1.267923089910E+02,  0.2832
      6129,      1735,  1.267919233784E+02,  0.2831
      6137,      1736,  1.267913693305E+02,  0.2829
      6138,      1737,  1.267911538938E+02,  0.2830
      6147,      1738,  1.267803082187E+02,  0.2827
      6152,      1739,  1.267792180790E+02,  0.2827
      6158,      1740,  1.267791352709E+02,  0.2826
      6178,      1741,  1.267400759516E+02,  0.2818
      6187,      1742,  1.267397688304E+02,  0.2816
      6188,      1743,  1.267396564896E+02,  0.2817
      6189,      1744,  1.267196961105E+02,  0.2818
      6190,      1745,  1.267190902988E+02,  0.2819
      6196,      1746,  1.267148284384E+02,  0.2818
      6202,      1747,  1.267037895438E+02,  0.2817
      6214,      1748,  1.267000158758E+02,  0.2813
      6216,      1749,  1.266997006551E+02,  0.2814
      6217,      1750,  1.266916661716E+02,  0.2815
      6218,      1751,  1.266712524592E+02,  0.2816
      6219,      1752,  1.266705058577E+02,  0.2817
      6224,      1753,  1.266692654884E+02,  0.2817
      6225,      1754,  1.266670855774E+02,  0.2818
      6245,      1755,  1.266662977055E+02,  0.2810
      6252,      1756,  1.266656781037E+02,  0.2809
      6256,      1757,  1.266654915662E+02,  0.2809
      6261,      1758,  1.266409030355E+02,  0.2808
      6272,      1759,  1.266099924806E+02,  0.2805
      6274,      1760,  1.266096475295E+02,  0.2805
      6282,      1761,  1.266090399280E+02,  0.2803
      6290,      1762,  1.265959076226E+02,  0.2801
      6291,      1763,  1.265955969727E+02,  0.2802
      6295,      1764,  1.265951584768E+02,  0.2802
      6299,      1765,  1.265946569602E+02,  0.2802
      6301,      1766,  1.265927551765E+02,  0.2803
      6308,      1767,  1.265567627085E+02,  0.2801
      6317,      1768,  1.265559563131E+02,  0.2799
      6319,      1769,  1.265226350812E+02,  0.2799
      6328,      1770,  1.265181274261E+02,  0.2797
      6337,      1771,  1.265170939507E+02,  0.2795
      6338,      1772,  1.265060845013E+02,  0.2796
      6339,      1773,  1.264640848233E+02,  0.2797
      6351,      1774,  1.264624853761E+02,  0.2793
      6363,      1775,  1.264600994936E+02,  0.2790
      6377,      1776,  1.264598374157E+02,  0.2785
      6387,      1777,  1.264563025334E+02,  0.2782
      6395,      1778,  1.264555464619E+02,  0.2780
      6402,      1779,  1.264522246190E+02,  0.2779
      6403,      1780,  1.264515093978E+02,  0.2780
      6409,      1781,  1.264514707373E+02,  0.2779
      6417,      1782,  1.264344877545E+02,  0.2777
      6427,      1783,  1.264329689045E+02,  0.2774
      6444,      1784,  1.264328336507E+02,  0.2768
      6447,      1785,  1.264322522565E+02,  0.2769
      6451,      1786,  1.264317749500E+02,  0.2769
      6458,      1787,  1.264317023249E+02,  0.2767
      6466,      1788,  1.264316618337E+02,  0.2765
      6469,      1789,  1.263979460620E+02,  0.2765
      6477,      1790,  1.263973057636E+02,  0.2764
      6493,      1791,  1.263970375137E+02,  0.2758
      6494,      1792,  1.263958376973E+02,  0.2759
      6498,      1793,  1.263951959265E+02,  0.2759
      6501,      1794,  1.263933578277E+02,  0.2760
      6504,      1795,  1.263848430173E+02,  0.2760
      6508,      1796,  1.263758280038E+02,  0.2760
      6517,      1797,  1.263314434148E+02,  0.2757
      6520,      1798,  1.263308372366E+02,  0.2758
      6523,      1799,  1.263304810452E+02,  0.2758
      6550,      1800,  1.263304285834E+02,  0.2748
      6556,      1801,  1.263297434760E+02,  0.2747
      6560,      1802,  1.263277484318E+02,  0.2747
      6562,      1803,  1.263276001984E+02,  0.2748
      6570,      1804,  1.263269684515E+02,  0.2746
      6585,      1805,  1.263167874526E+02,  0.2741
      6593,      1806,  1.263164903873E+02,  0.2739
      6611,      1807,  1.262977961721E+02,  0.2733
      6627,      1808,  1.262974334765E+02,  0.2728
      6628,      1809,  1.262971702970E+02,  0.2729
      6637,      1810,  1.262968894265E+02,  0.2727
      6657,      1811,  1.262965942343E+02,  0.2720
      6668,      1812,  1.262961609319E+02,  0.2717
      6670,      1813,  1.262958349215E+02,  0.2718
      6674,      1814,  1.262953410977E+02,  0.2718
      6686,      1815,  1.262946639002E+02,  0.2715
      6699,      1816,  1.262939016873E+02,  0.2711
      6731,      1817,  1.262625975198E+02,  0.2699
      6757,      1818,  1.262617871491E+02,  0.2691
      6763,      1819,  1.262612522877E+02,  0.2690
      6788,      1820,  1.262607919713E+02,  0.2681
      6802,      1821,  1.262599978156E+02,  0.2677
      6803,      1822,  1.262459338802E+02,  0.2678
      6808,      1823,  1.262419056978E+02,  0.2678
      6819,      1824,  1.262418545689E+02,  0.2675
      6849,      1825,  1.262416703266E+02,  0.2665
      6854,      1826,  1.262403154666E+02,  0.2664
      6861,      1827,  1.262388353886E+02,  0.2663
      6870,      1828,  1.262241671673E+02,  0.2661
      6876,      1829,  1.262240673796E+02,  0.2660
      6889,      1830,  1.262023039047E+02,  0.2656
      6904,      1831,  1.262014405669E+02,  0.2652
      6905,      1832,  1.262011870460E+02,  0.2653
      6924,      1833,  1.262010453138E+02,  0.2647
      6934,      1834,  1.261885034996E+02,  0.2645
      6937,      1835,  1.261883638611E+02,  0.2645
      6938,      1836,  1.261876007672E+02,  0.2646
      6951,      1837,  1.261870399893E+02,  0.2643
      6969,      1838,  1.261747382834E+02,  0.2637
      6974,      1839,  1.261712346595E+02,  0.2637
      7012,      1840,  1.261710666473E+02,  0.2624
      7016,      1841,  1.261708188939E+02,  0.2624
      7021,      1842,  1.261677628441E+02,  0.2624
      7030,      1843,  1.261403564599E+02,  0.2622
      7040,      1844,  1.261400184242E+02,  0.2619
      7042,      1845,  1.261399958732E+02,  0.2620
      7047,      1846,  1.260887999683E+02,  0.2620
      7074,      1847,  1.260887845553E+02,  0.2611
      7075,      1848,  1.260871044653E+02,  0.2612
      7119,      1849,  1.260869585251E+02,  0.2597
      7133,      1850,  1.260867758883E+02,  0.2594
      7167,      1851,  1.260447138182E+02,  0.2583
      7168,      1852,  1.260442003071E+02,  0.2584
      7199,      1853,  1.260429407831E+02,  0.2574
      7206,      1854,  1.260414653635E+02,  0.2573
      7247,      1855,  1.260298442105E+02,  0.2560
      7248,      1856,  1.260200272806E+02,  0.2561
      7249,      1857,  1.260186949022E+02,  0.2562
      7255,      1858,  1.260184496116E+02,  0.2561
      7288,      1859,  1.260176618221E+02,  0.2551
      7295,      1860,  1.259450204962E+02,  0.2550
      7297,      1861,  1.259440177964E+02,  0.2550
      7305,      1862,  1.259421178182E+02,  0.2549
      7310,      1863,  1.259412294738E+02,  0.2549
      7317,      1864,  1.259362206563E+02,  0.2547
      7324,      1865,  1.259358567266E+02,  0.2546
      7328,      1866,  1.259352731698E+02,  0.2546
      7332,      1867,  1.259345120075E+02,  0.2546
      7334,      1868,  1.259311489724E+02,  0.2547
      7346,      1869,  1.259310392941E+02,  0.2544
      7356,      1870,  1.259305958921E+02,  0.2542
      7358,      1871,  1.259289278442E+02,  0.2543
      7376,      1872,  1.258926811819E+02,  0.2538
      7389,      1873,  1.258924836615E+02,  0.2535
      7394,      1874,  1.258920730377E+02,  0.2534
      7401,      1875,  1.258918242247E+02,  0.2533
      7406,      1876,  1.258915399562E+02,  0.2533
      7411,      1877,  1.258915125022E+02,  0.2533
      7412,      1878,  1.258914303759E+02,  0.2534
      7414,      1879,  1.258901604107E+02,  0.2534
      7423,      1880,  1.258818740187E+02,  0.2533
      7434,      1881,  1.258328561107E+02,  0.2530
      7441,      1882,  1.258237321437E+02,  0.2529
      7459,      1883,  1.258237130316E+02,  0.2524
      7508,      1884,  1.258230241339E+02,  0.2509
      7516,      1885,  1.258218497966E+02,  0.2508
      7521,      1886,  1.258189840741E+02,  0.2508
      7535,      1887,  1.258183348751E+02,  0.2504
      7536,      1888,  1.258012312687E+02,  0.2505
      7544,      1889,  1.257987114474E+02,  0.2504
      7554,      1890,  1.257962738957E+02,  0.2502
      7556,      1891,  1.257957402916E+02,  0.2503
      7559,      1892,  1.257955274947E+02,  0.2503
      7576,      1893,  1.257723659416E+02,  0.2499
      7578,      1894,  1.257686735050E+02,  0.2499
      7586,      1895,  1.257679347101E+02,  0.2498
      7601,      1896,  1.257677827293E+02,  0.2494
      7603,      1897,  1.257670726281E+02,  0.2495
      7628,      1898,  1.257668147407E+02,  0.2488
      7629,      1899,  1.257656098990E+02,  0.2489
      7652,      1900,  1.257647511162E+02,  0.2483
      7657,      1901,  1.257614365273E+02,  0.2483
      7673,      1902,  1.257595374432E+02,  0.2479
      7677,      1903,  1.257591218608E+02,  0.2479
      7678,      1904,  1.257583429586E+02,  0.2480
      7688,      1905,  1.257577917096E+02,  0.2478
      7698,      1906,  1.257549444785E+02,  0.2476
      7701,      1907,  1.257547998136E+02,  0.2476
      7715,      1908,  1.257529284656E+02,  0.2473
      7730,      1909,  1.257518889082E+02,  0.2470
      7751,      1910,  1.257515461636E+02,  0.2464
      7755,      1911,  1.257510688418E+02,  0.2464
      7772,      1912,  1.257507583603E+02,  0.2460
      7773,      1913,  1.257494955997E+02,  0.2461
      7775,      1914,  1.257476653776E+02,  0.2462
      7777,      1915,  1.257475900536E+02,  0.2462
      7784,      1916,  1.257464012459E+02,  0.2461
      7788,      1917,  1.257462889941E+02,  0.2461
      7795,      1918,  1.257444895223E+02,  0.2461
      7802,      1919,  1.257398066793E+02,  0.2460
      7803,      1920,  1.257321487153E+02,  0.2461
      7804,      1921,  1.257310998901E+02,  0.2462
      7834,      1922,  1.257294130422E+02,  0.2453
      7849,      1923,  1.257203122031E+02,  0.2450
      7874,      1924,  1.257177751743E+02,  0.2443
      7879,      1925,  1.257175927240E+02,  0.2443
      7891,      1926,  1.257175274457E+02,  0.2441
      7894,      1927,  1.257170505617E+02,  0.2441
      7910,      1928,  1.257129618989E+02,  0.2437
      7922,      1929,  1.257128472062E+02,  0.2435
      7932,      1930,  1.257122868208E+02,  0.2433
      7966,      1931,  1.257116528962E+02,  0.2424
      7986,      1932,  1.257107170011E+02,  0.2419
      7991,      1933,  1.257105304391E+02,  0.2419
      7997,      1934,  1.257058431033E+02,  0.2418
      8015,      1935,  1.256972849523E+02,  0.2414
      8025,      1936,  1.256971870921E+02,  0.2412
      8064,      1937,  1.256951617365E+02,  0.2402
      8091,      1938,  1.256950386862E+02,  0.2395
      8101,      1939,  1.256655490575E+02,  0.2394
      8114,      1940,  1.256647654593E+02,  0.2391
      8139,      1941,  1.256619268143E+02,  0.2385
      8154,      1942,  1.256617276803E+02,  0.2382
      8163,      1943,  1.256505499356E+02,  0.2380
      8195,      1944,  1.256504196114E+02,  0.2372
      8196,      1945,  1.256069155410E+02,  0.2373
      8204,      1946,  1.256068797028E+02,  0.2372
      8212,      1947,  1.256066402110E+02,  0.2371
      8260,      1948,  1.256060848468E+02,  0.2358
      8265,      1949,  1.256017225477E+02,  0.2358
      8291,      1950,  1.255998007424E+02,  0.2352
      8334,      1951,  1.255982949337E+02,  0.2341
      8351,      1952,  1.255978490733E+02,  0.2337
      8372,      1953,  1.255977526537E+02,  0.2333
      8398,      1954,  1.255977267217E+02,  0.2327
      8425,      1955,  1.255971636118E+02,  0.2320
      8480,      1956,  1.255966083114E+02,  0.2307
      8510,      1957,  1.255962386148E+02,  0.2300
      8515,      1958,  1.255836389864E+02,  0.2299
      8518,      1959,  1.255832307475E+02,  0.2300
      8533,      1960,  1.255814466033E+02,  0.2297
      8538,      1961,  1.255813756018E+02,  0.2297
      8549,      1962,  1.255793816660E+02,  0.2295
      8575,      1963,  1.255779326145E+02,  0.2289
      8582,      1964,  1.255771813056E+02,  0.2289
      8607,      1965,  1.255769665041E+02,  0.2283
      8613,      1966,  1.255751443024E+02,  0.2283
      8631,      1967,  1.255749249339E+02,  0.2279
      8654,      1968,  1.255745255122E+02,  0.2274
      8683,      1969,  1.255718655630E+02,  0.2268
      8689,      1970,  1.255702003711E+02,  0.2267
      8709,      1971,  1.255680340807E+02,  0.2263
      8710,      1972,  1.255676516177E+02,  0.2264
      8712,      1973,  1.255670326354E+02,  0.2265
      8723,      1974,  1.255566172811E+02,  0.2263
      8756,      1975,  1.255565196866E+02,  0.2256
      8786,      1976,  1.255562145136E+02,  0.2249
      8788,      1977,  1.255555738187E+02,  0.2250
      8814,      1978,  1.255542469251E+02,  0.2244
      8815,      1979,  1.255537797471E+02,  0.2245
      8874,      1980,  1.255527772484E+02,  0.2231
      8899,      1981,  1.255525173250E+02,  0.2226
      8910,      1982,  1.255522197191E+02,  0.2224
      8927,      1983,  1.255346490084E+02,  0.2221
      8928,      1984,  1.255217622364E+02,  0.2222
      8936,      1985,  1.255203039034E+02,  0.2221
      8937,      1986,  1.255201169428E+02,  0.2222
      8953,      1987,  1.255065931494E+02,  0.2219
      8969,      1988,  1.255064198829E+02,  0.2217
      8972,      1989,  1.255061676530E+02,  0.2217
      9008,      1990,  1.255059219664E+02,  0.2209
      9028,      1991,  1.255051219325E+02,  0.2205
      9029,      1992,  1.255042732146E+02,  0.2206
      9050,      1993,  1.255040759289E+02,  0.2202
      9069,      1994,  1.255039987392E+02,  0.2199
      9073,      1995,  1.255037075762E+02,  0.2199
      9086,      1996,  1.255036265202E+02,  0.2197
      9091,      1997,  1.254996707123E+02,  0.2197
      9098,      1998,  1.254977534480E+02,  0.2196
      9118,      1999,  1.254974588846E+02,  0.2192
      9152,      2000,  1.254963261649E+02,  0.2185
      9172,      2001,  1.254956906052E+02,  0.2182
      9190,      2002,  1.254954270962E+02,  0.2178
      9280,      2003,  1.254943766883E+02,  0.2158
      9343,      2004,  1.254936097433E+02,  0.2145
      9371,      2005,  1.254935097630E+02,  0.2140
      9392,      2006,  1.254925183653E+02,  0.2136
      9411,      2007,  1.254924671874E+02,  0.2133
      9442,      2008,  1.254924543052E+02,  0.2127
      9455,      2009,  1.254923477784E+02,  0.2125
      9458,      2010,  1.254923146455E+02,  0.2125
      9478,      2011,  1.254922093155E+02,  0.2122
      9521,      2012,  1.254921332316E+02,  0.2113
      9528,      2013,  1.254920795505E+02,  0.2113
      9546,      2014,  1.254473950452E+02,  0.2110
      9595,      2015,  1.254417187706E+02,  0.2100
      9596,      2016,  1.254415947664E+02,  0.2101
      9631,      2017,  1.254415736858E+02,  0.2094
      9639,      2018,  1.254414882823E+02,  0.2094
      9642,      2019,  1.254412553173E+02,  0.2094
      9724,      2020,  1.254395114611E+02,  0.2077
      9747,      2021,  1.254394983862E+02,  0.2073
      9782,      2022,  1.254367325849E+02,  0.2067
      9854,      2023,  1.254366268973E+02,  0.2053
      9864,      2024,  1.254365350383E+02,  0.2052
      9978,      2025,  1.254364956854E+02,  0.2029
     10003,      2026,  1.254232381589E+02,  0.2025
     10006,      2027,  1.254230112803E+02,  0.2026
     10142,      2028,  1.254219856924E+02,  0.2000
     10220,      2029,  1.254219615429E+02,  0.1985
     10245,      2030,  1.254218142843E+02,  0.1981
     10308,      2031,  1.254184270611E+02,  0.1970
     10310,      2032,  1.254184150762E+02,  0.1971
     10407,      2033,  1.254183420415E+02,  0.1953
     10408,      2034,  1.254182089304E+02,  0.1954
     10428,      2035,  1.254178522552E+02,  0.1951
     10451,      2036,  1.254178251307E+02,  0.1948
     10469,      2037,  1.254178078857E+02,  0.1946
     10480,      2038,  1.254177283559E+02,  0.1945
     10487,      2039,  1.254175165230E+02,  0.1944
     10667,      2040,  1.254090049396E+02,  0.1912
     10687,      2041,  1.254021150431E+02,  0.1910
     10763,      2042,  1.254002610513E+02,  0.1897
     10882,      2043,  1.254000388426E+02,  0.1877
     10892,      2044,  1.253976827228E+02,  0.1877
     10904,      2045,  1.253934324894E+02,  0.1875
     11051,      2046,  1.253843556906E+02,  0.1851
     11057,      2047,  1.253841347818E+02,  0.1851
     11082,      2048,  1.253837516937E+02,  0.1848
     11096,      2049,  1.253686194793E+02,  0.1847
     11275,      2050,  1.253625127041E+02,  0.1818
     11290,      2051,  1.253625107397E+02,  0.1817
     11302,      2052,  1.253624463338E+02,  0.1816
     11313,      2053,  1.253599009823E+02,  0.1815
     11320,      2054,  1.253594954338E+02,  0.1814
     11323,      2055,  1.253557357429E+02,  0.1815
     11448,      2056,  1.253554988556E+02,  0.1796
     11473,      2057,  1.253554820106E+02,  0.1793
     11482,      2058,  1.253539188850E+02,  0.1792
     11484,      2059,  1.253510237304E+02,  0.1793
     11488,      2060,  1.253509550092E+02,  0.1793
     11588,      2061,  1.253508541366E+02,  0.1779
     11613,      2062,  1.253508287839E+02,  0.1776
     11671,      2063,  1.253507597968E+02,  0.1768
     11705,      2064,  1.253505915768E+02,  0.1763
     11719,      2065,  1.253502830559E+02,  0.1762
     11745,      2066,  1.253502472329E+02,  0.1759
     11805,      2067,  1.253502198744E+02,  0.1751
     11835,      2068,  1.253498842689E+02,  0.1747
     11853,      2069,  1.253497913574E+02,  0.1746
     11880,      2070,  1.253496694297E+02,  0.1742
     11999,      2071,  1.253475426047E+02,  0.1726
     12040,      2072,  1.253471740133E+02,  0.1721
     12188,      2073,  1.253471277022E+02,  0.1701
     12189,      2074,  1.253465325472E+02,  0.1702
     12196,      2075,  1.253447658444E+02,  0.1701
     12231,      2076,  1.253447635724E+02,  0.1697
     12238,      2077,  1.253435998757E+02,  0.1697
     12280,      2078,  1.253398965048E+02,  0.1692
     12281,      2079,  1.253395584915E+02,  0.1693
     12283,      2080,  1.253353937585E+02,  0.1693
     12286,      2081,  1.253352994011E+02,  0.1694
     12323,      2082,  1.253352278264E+02,  0.1690
     12339,      2083,  1.253352245107E+02,  0.1688
     12411,      2084,  1.253351977804E+02,  0.1679
     12482,      2085,  1.253349812770E+02,  0.1670
     12602,      2086,  1.253349601502E+02,  0.1655
     12607,      2087,  1.253327906909E+02,  0.1655
     12715,      2088,  1.253327541676E+02,  0.1642
     12740,      2089,  1.253282190809E+02,  0.1640
     12748,      2090,  1.253278577485E+02,  0.1639
     12773,      2091,  1.253278441855E+02,  0.1637
     12774,      2092,  1.253277697977E+02,  0.1638
     12834,      2093,  1.253266220741E+02,  0.1631
     12837,      2094,  1.253265437781E+02,  0.1631
     12867,      2095,  1.253263393909E+02,  0.1628
     12898,      2096,  1.253262663223E+02,  0.1625
     12899,      2097,  1.253253798505E+02,  0.1626
     13070,      2098,  1.253252494887E+02,  0.1605
     13098,      2099,  1.253252436599E+02,  0.1603
     13128,      2100,  1.253251887000E+02,  0.1600
     13164,      2101,  1.253251868633E+02,  0.1596
     13182,      2102,  1.253251106265E+02,  0.1595
     13206,      2103,  1.253214969426E+02,  0.1592
     13234,      2104,  1.253209974599E+02,  0.1590
     13247,      2105,  1.253186980199E+02,  0.1589
     13500,      2106,  1.253134447573E+02,  0.1560
     13534,      2107,  1.253129176822E+02,  0.1557
     13551,      2108,  1.253125001359E+02,  0.1556
     13587,      2109,  1.253097741142E+02,  0.1552
     13703,      2110,  1.253096429983E+02,  0.1540
     13715,      2111,  1.253086212241E+02,  0.1539
     13720,      2112,  1.253086117734E+02,  0.1539
     13733,      2113,  1.253053005834E+02,  0.1539
     13751,      2114,  1.253051208215E+02,  0.1537
     13776,      2115,  1.253050708362E+02,  0.1535
     13832,      2116,  1.253049703586E+02,  0.1530
     13860,      2117,  1.253048149915E+02,  0.1527
     13867,      2118,  1.253047078392E+02,  0.1527
     13868,      2119,  1.253029121317E+02,  0.1528
     13878,      2120,  1.253028669853E+02,  0.1528
     13919,      2121,  1.253028422037E+02,  0.1524
     13922,      2122,  1.253024666208E+02,  0.1524
     14046,      2123,  1.253024167798E+02,  0.1511
     14101,      2124,  1.253022895649E+02,  0.1506
     14131,      2125,  1.252837769987E+02,  0.1504
     14301,      2126,  1.252836574073E+02,  0.1487
     14414,      2127,  1.252836206724E+02,  0.1476
     14487,      2128,  1.252821608579E+02,  0.1469
     14535,      2129,  1.252821271088E+02,  0.1465
     14558,      2130,  1.252818835505E+02,  0.1463
     14635,      2131,  1.252818644951E+02,  0.1456
     14639,      2132,  1.252818452031E+02,  0.1456
     14640,      2133,  1.252818356441E+02,  0.1457
     14667,      2134,  1.252818309590E+02,  0.1455
     14707,      2135,  1.252816477678E+02,  0.1452
     14747,      2136,  1.252815918381E+02,  0.1448
     14775,      2137,  1.252815850710E+02,  0.1446
     14787,      2138,  1.252814169783E+02,  0.1446
     14791,      2139,  1.252802167734E+02,  0.1446
     14887,      2140,  1.252801916712E+02,  0.1437
     14899,      2141,  1.252775857519E+02,  0.1437
     14901,      2142,  1.252775334309E+02,  0.1437
     14966,      2143,  1.252774197693E+02,  0.1432
     14994,      2144,  1.252773987921E+02,  0.1430
     14996,      2145,  1.252773001971E+02,  0.1430
     15105,      2146,  1.252771400575E+02,  0.1421
     15171,      2147,  1.252770938602E+02,  0.1415
     15229,      2148,  1.252765659300E+02,  0.1410
     15267,      2149,  1.252765263628E+02,  0.1408
     15340,      2150,  1.252764417795E+02,  0.1402
     15483,      2151,  1.252764312675E+02,  0.1389
     15560,      2152,  1.252764017276E+02,  0.1383
     15694,      2153,  1.252762897747E+02,  0.1372
     15862,      2154,  1.252762663968E+02,  0.1358
     15887,      2155,  1.252762093083E+02,  0.1356
     15947,      2156,  1.252761878807E+02,  0.1352
     16155,      2157,  1.252761515072E+02,  0.1335
     16179,      2158,  1.252730618379E+02,  0.1334
     16327,      2159,  1.252730383664E+02,  0.1322
     16361,      2160,  1.252728645840E+02,  0.1320
     16369,      2161,  1.252728369545E+02,  0.1320
     16512,      2162,  1.252727792082E+02,  0.1309
     16607,      2163,  1.252727622943E+02,  0.1302
     16623,      2164,  1.252724510914E+02,  0.1302
     16677,      2165,  1.252722797228E+02,  0.1298
     16741,      2166,  1.252719570839E+02,  0.1294
     16772,      2167,  1.252717123757E+02,  0.1292
     16819,      2168,  1.252709858238E+02,  0.1289
     16967,      2169,  1.252706596479E+02,  0.1278
     17183,      2170,  1.252688352982E+02,  0.1263
     17187,      2171,  1.252687952789E+02,  0.1263
     17245,      2172,  1.252665706029E+02,  0.1259
     17348,      2173,  1.252661519211E+02,  0.1253
     17419,      2174,  1.252660702502E+02,  0.1248
     17443,      2175,  1.252660665180E+02,  0.1247
     17444,      2176,  1.252659836867E+02,  0.1247
     17468,      2177,  1.252591414805E+02,  0.1246
     17534,      2178,  1.252591126453E+02,  0.1242
     17643,      2179,  1.252575911138E+02,  0.1235
     17689,      2180,  1.252575051106E+02,  0.1232
     17691,      2181,  1.252570951601E+02,  0.1233
     17871,      2182,  1.252570386877E+02,  0.1221
     17884,      2183,  1.252568674848E+02,  0.1221
     17959,      2184,  1.252566683844E+02,  0.1216
     18068,      2185,  1.252566585139E+02,  0.1209
     18267,      2186,  1.252566493993E+02,  0.1197
     18764,      2187,  1.252543772587E+02,  0.1166
     18837,      2188,  1.252543605626E+02,  0.1162
     18842,      2189,  1.252543457340E+02,  0.1162
     18846,      2190,  1.252537528810E+02,  0.1162
     18906,      2191,  1.252536870019E+02,  0.1159
     18955,      2192,  1.252535998173E+02,  0.1156
     19130,      2193,  1.252534618228E+02,  0.1146
     19133,      2194,  1.252534573416E+02,  0.1147
     19193,      2195,  1.252492191217E+02,  0.1144
     19235,      2196,  1.252490582226E+02,  0.1142
     19354,      2197,  1.252490347194E+02,  0.1135
     19373,      2198,  1.252490209790E+02,  0.1135
     19555,      2199,  1.252489742640E+02,  0.1125
     19668,      2200,  1.252462859298E+02,  0.1119
     19891,      2201,  1.252462816581E+02,  0.1107
     20014,      2202,  1.252462329810E+02,  0.1100
     20021,      2203,  1.252462287698E+02,  0.1100
     20070,      2204,  1.252462155101E+02,  0.1098
     20087,      2205,  1.252460498329E+02,  0.1098
     20115,      2206,  1.252460253698E+02,  0.1097
     20528,      2207,  1.252458281950E+02,  0.1075
     20619,      2208,  1.252449333055E+02,  0.1071
     20801,      2209,  1.252448396097E+02,  0.1062
     20880,      2210,  1.252447844415E+02,  0.1058
     20882,      2211,  1.252447816167E+02,  0.1059
     20992,      2212,  1.252447440370E+02,  0.1054
     21047,      2213,  1.252446088481E+02,  0.1051
     21219,      2214,  1.252445974408E+02,  0.1043
     21230,      2215,  1.252441686357E+02,  0.1043
     21276,      2216,  1.252440255608E+02,  0.1042
     21300,      2217,  1.252438848348E+02,  0.1041
     21354,      2218,  1.252434869075E+02,  0.1039
     21413,      2219,  1.252425433367E+02,  0.1036
     21558,      2220,  1.252424893063E+02,  0.1030
     21559,      2221,  1.252423478726E+02,  0.1030
     21620,      2222,  1.252423421748E+02,  0.1028
     21870,      2223,  1.252419913835E+02,  0.1016
     22408,      2224,  1.252348779163E+02,  0.0993
     22623,      2225,  1.252348586391E+02,  0.0984
     22644,      2226,  1.252348430650E+02,  0.0983
     22746,      2227,  1.252342559017E+02,  0.0979
     22791,      2228,  1.252341600193E+02,  0.0978
     22936,      2229,  1.252324966006E+02,  0.0972
     23013,      2230,  1.252324727002E+02,  0.0969
     23034,      2231,  1.252324059642E+02,  0.0969
     23295,      2232,  1.252324030284E+02,  0.0958
     23727,      2233,  1.252323946600E+02,  0.0941
     23913,      2234,  1.252323764385E+02,  0.0934
     24517,      2235,  1.252323666278E+02,  0.0912
     24591,      2236,  1.252304884126E+02,  0.0909
     25042,      2237,  1.252304711353E+02,  0.0893
     25141,      2238,  1.252304462930E+02,  0.0890
     25300,      2239,  1.252304430568E+02,  0.0885
     25427,      2240,  1.252301705871E+02,  0.0881
     25492,      2241,  1.252267311853E+02,  0.0879
     25602,      2242,  1.252266229122E+02,  0.0876
     25727,      2243,  1.252265702021E+02,  0.0872
     25818,      2244,  1.252264790974E+02,  0.0869
     25981,      2245,  1.252247830331E+02,  0.0864
     26165,      2246,  1.252247303984E+02,  0.0858
     26382,      2247,  1.252247291402E+02,  0.0852
     26681,      2248,  1.252247154281E+02,  0.0843
     27049,      2249,  1.252247034604E+02,  0.0831
     27120,      2250,  1.252246604946E+02,  0.0830
     27122,      2251,  1.252246533331E+02,  0.0830
     27159,      2252,  1.252242333245E+02,  0.0829
     27279,      2253,  1.252229826907E+02,  0.0826
     27585,      2254,  1.252228996073E+02,  0.0817
     27670,      2255,  1.252228923711E+02,  0.0815
     28024,      2256,  1.252228916393E+02,  0.0805
     28111,      2257,  1.252228438806E+02,  0.0803
     28273,      2258,  1.252227160469E+02,  0.0799
     28333,      2259,  1.252226812436E+02,  0.0797
     28503,      2260,  1.252226713882E+02,  0.0793
     28576,      2261,  1.252226381465E+02,  0.0791
     28818,      2262,  1.252226034716E+02,  0.0785
     28939,      2263,  1.252223913098E+02,  0.0782
     28941,      2264,  1.252223646297E+02,  0.0782
     29014,      2265,  1.252223357250E+02,  0.0781
     29294,      2266,  1.252221292233E+02,  0.0774
     30109,      2267,  1.252220760375E+02,  0.0753
     30155,      2268,  1.252220697181E+02,  0.0752
     30217,      2269,  1.252220470452E+02,  0.0751
     30266,      2270,  1.252220435892E+02,  0.0750
     30290,      2271,  1.252219563432E+02,  0.0750
     30468,      2272,  1.252219027364E+02,  0.0746
     30498,      2273,  1.252218802795E+02,  0.0745
     30548,      2274,  1.252214387868E+02,  0.0744
     30658,      2275,  1.252213884409E+02,  0.0742
     30859,      2276,  1.252213623684E+02,  0.0738
     31274,      2277,  1.252201388168E+02,  0.0728
     31573,      2278,  1.252201015498E+02,  0.0722
     31853,      2279,  1.252200072674E+02,  0.0715
     32152,      2280,  1.252199336087E+02,  0.0709
     32393,      2281,  1.252198465420E+02,  0.0704
     32442,      2282,  1.252194777520E+02,  0.0703
     32684,      2283,  1.252194591252E+02,  0.0699
     32749,      2284,  1.252167591800E+02,  0.0697
     33244,      2285,  1.252164077916E+02,  0.0687
     33375,      2286,  1.252164053158E+02,  0.0685
     33406,      2287,  1.252162015576E+02,  0.0685
     33465,      2288,  1.252161550663E+02,  0.0684
     33634,      2289,  1.252161339942E+02,  0.0681
     33980,      2290,  1.252147675497E+02,  0.0674
     34051,      2291,  1.252146474590E+02,  0.0673
     34118,      2292,  1.252146149546E+02,  0.0672
     34209,      2293,  1.252137429471E+02,  0.0670
     34379,      2294,  1.252136728599E+02,  0.0667
     34455,      2295,  1.252136727563E+02,  0.0666
     34820,      2296,  1.252136578275E+02,  0.0659
     35052,      2297,  1.252136570542E+02,  0.0655
     35143,      2298,  1.252136542146E+02,  0.0654
     35201,      2299,  1.252099585916E+02,  0.0653
     35543,      2300,  1.252090603394E+02,  0.0647
     35708,      2301,  1.252074774030E+02,  0.0644
     35839,      2302,  1.252073545220E+02,  0.0642
     35847,      2303,  1.252073319171E+02,  0.0642
     36125,      2304,  1.252073099085E+02,  0.0638
     36337,      2305,  1.252071355853E+02,  0.0634
     36374,      2306,  1.252070273121E+02,  0.0634
     37080,      2307,  1.252070005799E+02,  0.0622
     37173,      2308,  1.252069734401E+02,  0.0621
     37421,      2309,  1.252062233323E+02,  0.0617
     37423,      2310,  1.252062134574E+02,  0.0617
     37615,      2311,  1.252060740987E+02,  0.0614
     37650,      2312,  1.252059893652E+02,  0.0614
     37849,      2313,  1.252059790082E+02,  0.0611
     37912,      2314,  1.252059722956E+02,  0.0610
     37926,      2315,  1.252059565769E+02,  0.0610
     38210,      2316,  1.252036251106E+02,  0.0606
     38325,      2317,  1.252036174433E+02,  0.0605
     38363,      2318,  1.252036026049E+02,  0.0604
     38574,      2319,  1.252032189119E+02,  0.0601
     38665,      2320,  1.252032174691E+02,  0.0600
     38688,      2321,  1.252031646038E+02,  0.0600
     38738,      2322,  1.252031493588E+02,  0.0599
     38799,      2323,  1.252027803902E+02,  0.0599
     38879,      2324,  1.252015002529E+02,  0.0598
     39137,      2325,  1.251977850788E+02,  0.0594
     39544,      2326,  1.251974679335E+02,  0.0588
     39752,      2327,  1.251972194583E+02,  0.0585
     39858,      2328,  1.251971637143E+02,  0.0584
     39878,      2329,  1.251971586201E+02,  0.0584
     39922,      2330,  1.251971074429E+02,  0.0584
     40013,      2331,  1.251970374055E+02,  0.0583
     40060,      2332,  1.251969936197E+02,  0.0582
     40130,      2333,  1.251967333937E+02,  0.0581
     40203,      2334,  1.251967298247E+02,  0.0581
     40236,      2335,  1.251966750015E+02,  0.0580
     40390,      2336,  1.251966592161E+02,  0.0578
     40408,      2337,  1.251965662985E+02,  0.0578
     40456,      2338,  1.251965544898E+02,  0.0578
     40782,      2339,  1.251965483757E+02,  0.0574
     40966,      2340,  1.251965474777E+02,  0.0571
     40999,      2341,  1.251961501162E+02,  0.0571
     41059,      2342,  1.251960153686E+02,  0.0570
     41176,      2343,  1.251959623180E+02,  0.0569
     41351,      2344,  1.251957590353E+02,  0.0567
     41554,      2345,  1.251956851447E+02,  0.0564
     41586,      2346,  1.251956712869E+02,  0.0564
     41715,      2347,  1.251956636213E+02,  0.0563
     41764,      2348,  1.251956037938E+02,  0.0562
     41771,      2349,  1.251955195162E+02,  0.0562
     41793,      2350,  1.251954239367E+02,  0.0562
     41804,      2351,  1.251952659447E+02,  0.0562
     42110,      2352,  1.251952316104E+02,  0.0559
     42330,      2353,  1.251951142426E+02,  0.0556
     42573,      2354,  1.251949867545E+02,  0.0553
     42595,      2355,  1.251948714533E+02,  0.0553
     42657,      2356,  1.251948069509E+02,  0.0552
     42735,      2357,  1.251934587670E+02,  0.0552
     42838,      2358,  1.251934341120E+02,  0.0550
     42901,      2359,  1.251933419573E+02,  0.0550
     42979,      2360,  1.251932985488E+02,  0.0549
     43098,      2361,  1.251931778958E+02,  0.0548
     43182,      2362,  1.251931722921E+02,  0.0547
     43188,      2363,  1.251931519262E+02,  0.0547
     43231,      2364,  1.251930942681E+02,  0.0547
     43320,      2365,  1.251929860187E+02,  0.0546
     43328,      2366,  1.251929062579E+02,  0.0546
     43340,      2367,  1.251928564243E+02,  0.0546
     43346,      2368,  1.251928558916E+02,  0.0546
     43457,      2369,  1.251928524352E+02,  0.0545
     43510,      2370,  1.251928478611E+02,  0.0545
     43523,      2371,  1.251916323762E+02,  0.0545
     43552,      2372,  1.251915713855E+02,  0.0545
     43695,      2373,  1.251915081805E+02,  0.0543
     43789,      2374,  1.251911169093E+02,  0.0542
     43816,      2375,  1.251909386229E+02,  0.0542
     43873,      2376,  1.251894503848E+02,  0.0542
     43937,      2377,  1.251894235990E+02,  0.0541
     44018,      2378,  1.251894131409E+02,  0.0540
     44074,      2379,  1.251893799429E+02,  0.0540
     44094,      2380,  1.251892426732E+02,  0.0540
     44143,      2381,  1.251891110441E+02,  0.0539
     44183,      2382,  1.251890842149E+02,  0.0539
     44511,      2383,  1.251890699881E+02,  0.0535
     44521,      2384,  1.251889933076E+02,  0.0535
     44627,      2385,  1.251889748931E+02,  0.0534
     44684,      2386,  1.251889214205E+02,  0.0534
     44688,      2387,  1.251888985555E+02,  0.0534
     44701,      2388,  1.251885427021E+02,  0.0534
     44709,      2389,  1.251875487056E+02,  0.0534
     44771,      2390,  1.251874066899E+02,  0.0534
     44790,      2391,  1.251873949589E+02,  0.0534
     44835,      2392,  1.251873730782E+02,  0.0534
     44860,      2393,  1.251872169721E+02,  0.0533
     44871,      2394,  1.251871328930E+02,  0.0534
     44945,      2395,  1.251870950864E+02,  0.0533
     44956,      2396,  1.251870418233E+02,  0.0533
     44957,      2397,  1.251869337091E+02,  0.0533
     44960,      2398,  1.251869140564E+02,  0.0533
     45012,      2399,  1.251868021429E+02,  0.0533
     45051,      2400,  1.251866823975E+02,  0.0533
     45103,      2401,  1.251865852546E+02,  0.0532
     45183,      2402,  1.251859695343E+02,  0.0532
     45292,      2403,  1.251856155883E+02,  0.0531
     45402,      2404,  1.251854164714E+02,  0.0529
     45425,      2405,  1.251854092228E+02,  0.0529
     45464,      2406,  1.251850831701E+02,  0.0529
     45471,      2407,  1.251850593111E+02,  0.0529
     45483,      2408,  1.251850093551E+02,  0.0529
     45530,      2409,  1.251850072324E+02,  0.0529
     45727,      2410,  1.251849867082E+02,  0.0527
     45852,      2411,  1.251849784339E+02,  0.0526
     45900,      2412,  1.251849618715E+02,  0.0525
     45945,      2413,  1.251849322973E+02,  0.0525
     46017,      2414,  1.251844882868E+02,  0.0525
     46057,      2415,  1.251836287156E+02,  0.0524
     46136,      2416,  1.251826927273E+02,  0.0524
     46251,      2417,  1.251826351263E+02,  0.0523
     46336,      2418,  1.251826218222E+02,  0.0522
     46479,      2419,  1.251823889598E+02,  0.0520
     46486,      2420,  1.251823499464E+02,  0.0521
     46608,      2421,  1.251822404039E+02,  0.0519
     46679,      2422,  1.251819788094E+02,  0.0519
     46685,      2423,  1.251819699804E+02,  0.0519
     46724,      2424,  1.251819658170E+02,  0.0519
     46813,      2425,  1.251819472020E+02,  0.0518
     46843,      2426,  1.251818433190E+02,  0.0518
     46960,      2427,  1.251815842272E+02,  0.0517
     46983,      2428,  1.251814492059E+02,  0.0517
     46986,      2429,  1.251813413007E+02,  0.0517
     47018,      2430,  1.251807763608E+02,  0.0517
     47243,      2431,  1.251807525956E+02,  0.0515
     47346,      2432,  1.251807225613E+02,  0.0514
     47387,      2433,  1.251807010206E+02,  0.0513
     47803,      2434,  1.251806461183E+02,  0.0509
     48077,      2435,  1.251806412570E+02,  0.0506
     48340,      2436,  1.251805685804E+02,  0.0504
     48388,      2437,  1.251805234344E+02,  0.0504
     48451,      2438,  1.251805153545E+02,  0.0503
     48790,      2439,  1.251801114102E+02,  0.0500
     48941,      2440,  1.251800461372E+02,  0.0499
     48957,      2441,  1.251799943726E+02,  0.0499
     48969,      2442,  1.251799928426E+02,  0.0499
     49017,      2443,  1.251794207743E+02,  0.0498
     49139,      2444,  1.251794046021E+02,  0.0497
     49152,      2445,  1.251793629177E+02,  0.0497
     49213,      2446,  1.251792004206E+02,  0.0497
     49412,      2447,  1.251791304381E+02,  0.0495
     49542,      2448,  1.251791039282E+02,  0.0494
     49572,      2449,  1.251790654830E+02,  0.0494
     49598,      2450,  1.251788918656E+02,  0.0494
     49600,      2451,  1.251767014571E+02,  0.0494
     49877,      2452,  1.251766778390E+02,  0.0492
     50413,      2453,  1.251766235327E+02,  0.0487
     50443,      2454,  1.251764165657E+02,  0.0486
     50631,      2455,  1.251764045915E+02,  0.0485
     50824,      2456,  1.251762976837E+02,  0.0483
     50904,      2457,  1.251761069597E+02,  0.0483
     50940,      2458,  1.251760313365E+02,  0.0483
     51025,      2459,  1.251758738781E+02,  0.0482
     51080,      2460,  1.251755390275E+02,  0.0482
     51098,      2461,  1.251754421640E+02,  0.0482
     51122,      2462,  1.251753739348E+02,  0.0482
     51136,      2463,  1.251753468835E+02,  0.0482
     51195,      2464,  1.251752911191E+02,  0.0481
     51370,      2465,  1.251752052135E+02,  0.0480
     51396,      2466,  1.251750828771E+02,  0.0480
     52131,      2467,  1.251750782978E+02,  0.0473
     52492,      2468,  1.251750513028E+02,  0.0470
     52856,      2469,  1.251750408145E+02,  0.0467
     53101,      2470,  1.251749991539E+02,  0.0465
     53121,      2471,  1.251749689736E+02,  0.0465
     53239,      2472,  1.251748542832E+02,  0.0464
     53262,      2473,  1.251747829061E+02,  0.0464
     53266,      2474,  1.251739938358E+02,  0.0464
     53426,      2475,  1.251738444027E+02,  0.0463
     53473,      2476,  1.251738257328E+02,  0.0463
     53676,      2477,  1.251737845346E+02,  0.0461
     53877,      2478,  1.251737751060E+02,  0.0460
     54038,      2479,  1.251737608006E+02,  0.0459
     54153,      2480,  1.251736727411E+02,  0.0458
     54184,      2481,  1.251736574413E+02,  0.0458
     54331,      2482,  1.251731040657E+02,  0.0457
     54364,      2483,  1.251730688364E+02,  0.0457
     54529,      2484,  1.251730613436E+02,  0.0456
     54720,      2485,  1.251730326124E+02,  0.0454
     54752,      2486,  1.251722039296E+02,  0.0454
     55020,      2487,  1.251721885050E+02,  0.0452
     55137,      2488,  1.251721678849E+02,  0.0451
     55478,      2489,  1.251721393002E+02,  0.0449
     55734,      2490,  1.251721388554E+02,  0.0447
     55765,      2491,  1.251721221779E+02,  0.0447
     55871,      2492,  1.251711125702E+02,  0.0446
     56206,      2493,  1.251711112043E+02,  0.0444
     56230,      2494,  1.251708651457E+02,  0.0444
     56342,      2495,  1.251707706779E+02,  0.0443
     56519,      2496,  1.251707278116E+02,  0.0442
     56555,      2497,  1.251707046577E+02,  0.0442
     56569,      2498,  1.251706794464E+02,  0.0442
     56576,      2499,  1.251706562973E+02,  0.0442
     56839,      2500,  1.251704987212E+02,  0.0440
     56918,      2501,  1.251704838402E+02,  0.0439
     57075,      2502,  1.251704389072E+02,  0.0438
     57159,      2503,  1.251702878559E+02,  0.0438
     57168,      2504,  1.251702242581E+02,  0.0438
     57245,      2505,  1.251702143160E+02,  0.0438
     57415,      2506,  1.251686918001E+02,  0.0436
     57541,      2507,  1.251686166505E+02,  0.0436
     57670,      2508,  1.251686068289E+02,  0.0435
     57731,      2509,  1.251686065060E+02,  0.0435
     57750,      2510,  1.251684991128E+02,  0.0435
     57773,      2511,  1.251684835740E+02,  0.0435
     57795,      2512,  1.251684759380E+02,  0.0435
     57890,      2513,  1.251684441704E+02,  0.0434
     57967,      2514,  1.251683669159E+02,  0.0434
     58184,      2515,  1.251683472411E+02,  0.0432
     58498,      2516,  1.251683464115E+02,  0.0430
     59144,      2517,  1.251683406434E+02,  0.0426
     60040,      2518,  1.251682748840E+02,  0.0419
     60302,      2519,  1.251682056861E+02,  0.0418
     60391,      2520,  1.251682053691E+02,  0.0417
     60496,      2521,  1.251681956465E+02,  0.0417
     60581,      2522,  1.251681920586E+02,  0.0416
     60676,      2523,  1.251681656380E+02,  0.0416
     60723,      2524,  1.251681399546E+02,  0.0416
     60787,      2525,  1.251681293444E+02,  0.0415
     61164,      2526,  1.251681077279E+02,  0.0413
     61181,      2527,  1.251681047434E+02,  0.0413
     61336,      2528,  1.251681008986E+02,  0.0412
     61441,      2529,  1.251680494567E+02,  0.0412
     61759,      2530,  1.251679074459E+02,  0.0410
     62187,      2531,  1.251678496334E+02,  0.0407
     63096,      2532,  1.251678332254E+02,  0.0401
     63372,      2533,  1.251678325194E+02,  0.0400
     63752,      2534,  1.251678147324E+02,  0.0397
     63830,      2535,  1.251677706772E+02,  0.0397
     63886,      2536,  1.251676593287E+02,  0.0397
     63919,      2537,  1.251676568556E+02,  0.0397
     64305,      2538,  1.251676533692E+02,  0.0395
     64484,      2539,  1.251676341598E+02,  0.0394
     65374,      2540,  1.251676239159E+02,  0.0389
     65800,      2541,  1.251676038928E+02,  0.0386
     66332,      2542,  1.251675933984E+02,  0.0383
     66971,      2543,  1.251670839271E+02,  0.0380
     67523,      2544,  1.251670765660E+02,  0.0377
     68655,      2545,  1.251670763602E+02,  0.0371
     68927,      2546,  1.251664450697E+02,  0.0369
     69106,      2547,  1.251663009814E+02,  0.0369
     69201,      2548,  1.251663000563E+02,  0.0368
     69468,      2549,  1.251650337380E+02,  0.0367
     69878,      2550,  1.251650336277E+02,  0.0365
     69883,      2551,  1.251650303564E+02,  0.0365
     69920,      2552,  1.251649851999E+02,  0.0365
     70135,      2553,  1.251648846670E+02,  0.0364
     70161,      2554,  1.251648453996E+02,  0.0364
     70283,      2555,  1.251645644820E+02,  0.0364
     70386,      2556,  1.251645553874E+02,  0.0363
     70489,      2557,  1.251645499134E+02,  0.0363
     71079,      2558,  1.251645203783E+02,  0.0360
     71262,      2559,  1.251645125540E+02,  0.0359
     71371,      2560,  1.251644896238E+02,  0.0359
     71483,      2561,  1.251643556141E+02,  0.0358
     71510,      2562,  1.251643267053E+02,  0.0358
     72031,      2563,  1.251643227470E+02,  0.0356
     72402,      2564,  1.251643042861E+02,  0.0354
     73038,      2565,  1.251642698434E+02,  0.0351
     73054,      2566,  1.251642404121E+02,  0.0351
     73155,      2567,  1.251642389257E+02,  0.0351
     73199,      2568,  1.251642321264E+02,  0.0351
     73301,      2569,  1.251638251821E+02,  0.0350
     73302,      2570,  1.251637054301E+02,  0.0351
     74094,      2571,  1.251636702110E+02,  0.0347
     74119,      2572,  1.251636512775E+02,  0.0347
     74258,      2573,  1.251636388303E+02,  0.0346
     75489,      2574,  1.251636388186E+02,  0.0341
     75761,      2575,  1.251636298439E+02,  0.0340
     75874,      2576,  1.251636237094E+02,  0.0340
     75974,      2577,  1.251636193052E+02,  0.0339
     76076,      2578,  1.251636109278E+02,  0.0339
     76765,      2579,  1.251635881200E+02,  0.0336
     76852,      2580,  1.251632177963E+02,  0.0336
     77097,      2581,  1.251632135783E+02,  0.0335
     77821,      2582,  1.251628833774E+02,  0.0332
     77845,      2583,  1.251628687836E+02,  0.0332
     77949,      2584,  1.251628667690E+02,  0.0331
     77988,      2585,  1.251628646077E+02,  0.0331
     78252,      2586,  1.251628622568E+02,  0.0330
     78565,      2587,  1.251627583548E+02,  0.0329
     78824,      2588,  1.251626024792E+02,  0.0328
     79212,      2589,  1.251626013890E+02,  0.0327
     80481,      2590,  1.251625883400E+02,  0.0322
     80998,      2591,  1.251620833157E+02,  0.0320
     81176,      2592,  1.251620780484E+02,  0.0319
     81311,      2593,  1.251620730718E+02,  0.0319
     82235,      2594,  1.251620681254E+02,  0.0315
     83670,      2595,  1.251620283566E+02,  0.0310
     83769,      2596,  1.251614404907E+02,  0.0310
     84292,      2597,  1.251614372161E+02,  0.0308
     84914,      2598,  1.251612506957E+02,  0.0306
     85030,      2599,  1.251612095234E+02,  0.0306
     85591,      2600,  1.251599837347E+02,  0.0304
     86224,      2601,  1.251599469920E+02,  0.0302
     86349,      2602,  1.251599442646E+02,  0.0301
     86608,      2603,  1.251599004320E+02,  0.0301
     87298,      2604,  1.251598747010E+02,  0.0298
     87412,      2605,  1.251598569672E+02,  0.0298
     88847,      2606,  1.251594308230E+02,  0.0293
     88865,      2607,  1.251594268080E+02,  0.0293
     89088,      2608,  1.251594264231E+02,  0.0293
     89694,      2609,  1.251587361700E+02,  0.0291
     89933,      2610,  1.251587157127E+02,  0.0290
     90925,      2611,  1.251587062493E+02,  0.0287
     93578,      2612,  1.251587024246E+02,  0.0279
     93795,      2613,  1.251582017952E+02,  0.0279
     96413,      2614,  1.251581967466E+02,  0.0271
     96456,      2615,  1.251581960925E+02,  0.0271
     97422,      2616,  1.251581851331E+02,  0.0269
     98521,      2617,  1.251581838808E+02,  0.0266
     98584,      2618,  1.251581794490E+02,  0.0266
     98740,      2619,  1.251581671699E+02,  0.0265
     99489,      2620,  1.251581573854E+02,  0.0263
     99901,      2621,  1.251581546976E+02,  0.0262
    100924,      2622,  1.251581455335E+02,  0.0260
    101497,      2623,  1.251579596136E+02,  0.0258
    102136,      2624,  1.251579589739E+02,  0.0257
    102173,      2625,  1.251573422807E+02,  0.0257
    104533,      2626,  1.251573384291E+02,  0.0251
    104724,      2627,  1.251571264760E+02,  0.0251
    104782,      2628,  1.251570005838E+02,  0.0251
    104912,      2629,  1.251569911158E+02,  0.0251
    105814,      2630,  1.251569633930E+02,  0.0249
    106636,      2631,  1.251569569494E+02,  0.0247
    108200,      2632,  1.251568309786E+02,  0.0243
    109766,      2633,  1.251567981904E+02,  0.0240
    110445,      2634,  1.251565828885E+02,  0.0238
    111058,      2635,  1.251565776016E+02,  0.0237
    112324,      2636,  1.251562403339E+02,  0.0235
    113635,      2637,  1.251561478013E+02,  0.0232
    116256,      2638,  1.251554816728E+02,  0.0227
    117711,      2639,  1.251554675719E+02,  0.0224
    117780,      2640,  1.251554304888E+02,  0.0224
    118239,      2641,  1.251554294984E+02,  0.0223
    118670,      2642,  1.251554253563E+02,  0.0223
    119121,      2643,  1.251554206427E+02,  0.0222
    119399,      2644,  1.251553627538E+02,  0.0221
    120052,      2645,  1.251553441496E+02,  0.0220
    120409,      2646,  1.251553033953E+02,  0.0220
    122133,      2647,  1.251552569427E+02,  0.0217
    122361,      2648,  1.251539929896E+02,  0.0216
    122442,      2649,  1.251521246685E+02,  0.0216
    123157,      2650,  1.251521144013E+02,  0.0215
    124426,      2651,  1.251520863169E+02,  0.0213
    124738,      2652,  1.251520785240E+02,  0.0213
    124970,      2653,  1.251515049569E+02,  0.0212
    126235,      2654,  1.251515011757E+02,  0.0210
    126300,      2655,  1.251514944756E+02,  0.0210
    129283,      2656,  1.251514932203E+02,  0.0205
    129288,      2657,  1.251514880570E+02,  0.0206
    130417,      2658,  1.251513280417E+02,  0.0204
    132568,      2659,  1.251513246255E+02,  0.0201
    133465,      2660,  1.251513177422E+02,  0.0199
    135170,      2661,  1.251509996426E+02,  0.0197
    137523,      2662,  1.251508892172E+02,  0.0194
    138193,      2663,  1.251508355584E+02,  0.0193
    139800,      2664,  1.251508231912E+02,  0.0191
    140038,      2665,  1.251508226471E+02,  0.0190
    140809,      2666,  1.251508132122E+02,  0.0189
    141565,      2667,  1.251508091078E+02,  0.0188
    142495,      2668,  1.251507954302E+02,  0.0187
    142497,      2669,  1.251497775140E+02,  0.0187
    142738,      2670,  1.251496898560E+02,  0.0187
    142862,      2671,  1.251496777445E+02,  0.0187
    143932,      2672,  1.251496599709E+02,  0.0186
    144227,      2673,  1.251493942127E+02,  0.0185
    144550,      2674,  1.251493913840E+02,  0.0185
    145472,      2675,  1.251490872296E+02,  0.0184
    145479,      2676,  1.251490850502E+02,  0.0184
    145525,      2677,  1.251490840217E+02,  0.0184
    145637,      2678,  1.251490354245E+02,  0.0184
    146767,      2679,  1.251490168689E+02,  0.0183
    146803,      2680,  1.251484140353E+02,  0.0183
    147007,      2681,  1.251483974647E+02,  0.0182
    147118,      2682,  1.251481983051E+02,  0.0182
    147324,      2683,  1.251481966492E+02,  0.0182
    147436,      2684,  1.251481871019E+02,  0.0182
    147814,      2685,  1.251481654814E+02,  0.0182
    147926,      2686,  1.251480919210E+02,  0.0182
    148914,      2687,  1.251469782316E+02,  0.0180
    149096,      2688,  1.251469726897E+02,  0.0180
    149308,      2689,  1.251469513773E+02,  0.0180
    149916,      2690,  1.251469336328E+02,  0.0179
    150668,      2691,  1.251469307466E+02,  0.0179
    150926,      2692,  1.251469215209E+02,  0.0178
    151499,      2693,  1.251468903375E+02,  0.0178
    151588,      2694,  1.251468017314E+02,  0.0178
    151615,      2695,  1.251467976660E+02,  0.0178
    151717,      2696,  1.251467610620E+02,  0.0178
    152067,      2697,  1.251467606078E+02,  0.0177
    152440,      2698,  1.251467605265E+02,  0.0177
    153762,      2699,  1.251467600386E+02,  0.0176
    154019,      2700,  1.251462609666E+02,  0.0175
    154144,      2701,  1.251462308587E+02,  0.0175
    154564,      2702,  1.251462288881E+02,  0.0175
    156671,      2703,  1.251462186119E+02,  0.0173
    157015,      2704,  1.251461844927E+02,  0.0172
    157761,      2705,  1.251461791260E+02,  0.0171
    157823,      2706,  1.251461782536E+02,  0.0171
    158648,      2707,  1.251459087935E+02,  0.0171
    158746,      2708,  1.251459028287E+02,  0.0171
    158815,      2709,  1.251458242241E+02,  0.0171
    159546,      2710,  1.251458226525E+02,  0.0170
    159680,      2711,  1.251458157668E+02,  0.0170
    159711,      2712,  1.251455501543E+02,  0.0170
    160459,      2713,  1.251455470083E+02,  0.0169
    160801,      2714,  1.251455456607E+02,  0.0169
    161493,      2715,  1.251453753532E+02,  0.0168
    162207,      2716,  1.251453736782E+02,  0.0167
    162234,      2717,  1.251453714190E+02,  0.0167
    162648,      2718,  1.251453693384E+02,  0.0167
    162651,      2719,  1.251452077347E+02,  0.0167
    162702,      2720,  1.251452022092E+02,  0.0167
    162745,      2721,  1.251451604629E+02,  0.0167
    163458,      2722,  1.251451501693E+02,  0.0167
    163574,      2723,  1.251451407828E+02,  0.0166
    163646,      2724,  1.251450768762E+02,  0.0166
    163809,      2725,  1.251450694284E+02,  0.0166
    164044,      2726,  1.251450260919E+02,  0.0166
    165331,      2727,  1.251450258837E+02,  0.0165
    165434,      2728,  1.251450118602E+02,  0.0165
    165588,      2729,  1.251449988463E+02,  0.0165
    165640,      2730,  1.251449703215E+02,  0.0165
    166152,      2731,  1.251449077448E+02,  0.0164
    167318,      2732,  1.251447653661E+02,  0.0163
    167964,      2733,  1.251447557517E+02,  0.0163
    169979,      2734,  1.251447492371E+02,  0.0161
    170520,      2735,  1.251447032917E+02,  0.0160
    171217,      2736,  1.251446926006E+02,  0.0160
    171561,      2737,  1.251446814434E+02,  0.0160
    171758,      2738,  1.251446779142E+02,  0.0159
    173265,      2739,  1.251446745468E+02,  0.0158
    174258,      2740,  1.251445938671E+02,  0.0157
    174543,      2741,  1.251445848943E+02,  0.0157
    176824,      2742,  1.251445761637E+02,  0.0155
    177684,      2743,  1.251445592211E+02,  0.0154
    178727,      2744,  1.251445564554E+02,  0.0154
    178876,      2745,  1.251445404050E+02,  0.0153
    179865,      2746,  1.251445396886E+02,  0.0153
    180576,      2747,  1.251445282821E+02,  0.0152
    180807,      2748,  1.251445256189E+02,  0.0152
    182346,      2749,  1.251445252089E+02,  0.0151
    183792,      2750,  1.251445222322E+02,  0.0150
    185340,      2751,  1.251445160397E+02,  0.0148
    188812,      2752,  1.251445150857E+02,  0.0146
    190608,      2753,  1.251445130861E+02,  0.0144
    191283,      2754,  1.251441002622E+02,  0.0144
    191963,      2755,  1.251440960410E+02,  0.0144
    192711,      2756,  1.251440736696E+02,  0.0143
    193054,      2757,  1.251440388716E+02,  0.0143
    195002,      2758,  1.251440265028E+02,  0.0141
    195108,      2759,  1.251440170789E+02,  0.0141
    196277,      2760,  1.251440156773E+02,  0.0141
    197413,      2761,  1.251440023899E+02,  0.0140
    198377,      2762,  1.251440001906E+02,  0.0139
    199775,      2763,  1.251439979446E+02,  0.0138
    199949,      2764,  1.251439938838E+02,  0.0138
    200236,      2765,  1.251439900376E+02,  0.0138
    200820,      2766,  1.251439826489E+02,  0.0138
    201647,      2767,  1.251439586712E+02,  0.0137
    203968,      2768,  1.251439548960E+02,  0.0136
    204152,      2769,  1.251433843015E+02,  0.0136
    204222,      2770,  1.251432732814E+02,  0.0136
    204612,      2771,  1.251432573031E+02,  0.0135
    207298,      2772,  1.251431133522E+02,  0.0134
    207307,      2773,  1.251431044513E+02,  0.0134
    207482,      2774,  1.251428218199E+02,  0.0134
    208880,      2775,  1.251428211763E+02,  0.0133
    210515,      2776,  1.251368985565E+02,  0.0132
    210768,      2777,  1.251368792849E+02,  0.0132
    211103,      2778,  1.251368778843E+02,  0.0132
    211274,      2779,  1.251368670747E+02,  0.0132
    211532,      2780,  1.251368552792E+02,  0.0131
    212734,      2781,  1.251368525874E+02,  0.0131
    215437,      2782,  1.251368405800E+02,  0.0129
    215567,      2783,  1.251368342800E+02,  0.0129
    215703,      2784,  1.251368237683E+02,  0.0129
    216375,      2785,  1.251368232573E+02,  0.0129
    216807,      2786,  1.251368205418E+02,  0.0129
    218363,      2787,  1.251368142012E+02,  0.0128
    221150,      2788,  1.251367995566E+02,  0.0126
    221482,      2789,  1.251367940277E+02,  0.0126
    222230,      2790,  1.251367896416E+02,  0.0126
    222942,      2791,  1.251367882627E+02,  0.0125
    224233,      2792,  1.251367872817E+02,  0.0125
    224827,      2793,  1.251365205945E+02,  0.0124
    224987,      2794,  1.251365192229E+02,  0.0124
    229132,      2795,  1.251365188647E+02,  0.0122
    231493,      2796,  1.251361129135E+02,  0.0121
    232865,      2797,  1.251357849325E+02,  0.0120
    233880,      2798,  1.251357815257E+02,  0.0120
    236585,      2799,  1.251357783071E+02,  0.0118
    236962,      2800,  1.251357569116E+02,  0.0118
    237311,      2801,  1.251357553715E+02,  0.0118
    237862,      2802,  1.251357553536E+02,  0.0118
    238643,      2803,  1.251357528466E+02,  0.0117
    239395,      2804,  1.251357505931E+02,  0.0117
    242644,      2805,  1.251357438241E+02,  0.0116
    243666,      2806,  1.251357416708E+02,  0.0115
    244207,      2807,  1.251357359270E+02,  0.0115
    246826,      2808,  1.251357340269E+02,  0.0114
    248416,      2809,  1.251357307994E+02,  0.0113
    250956,      2810,  1.251355714318E+02,  0.0112
    252142,      2811,  1.251355714196E+02,  0.0111
    252491,      2812,  1.251351673933E+02,  0.0111
    255699,      2813,  1.251351667181E+02,  0.0110
    258640,      2814,  1.251351649324E+02,  0.0109
    261470,      2815,  1.251351593187E+02,  0.0108
    261690,      2816,  1.251347227178E+02,  0.0108
    264837,      2817,  1.251345091583E+02,  0.0106
    264974,      2818,  1.251345070254E+02,  0.0106
    265802,      2819,  1.251345056414E+02,  0.0106
    269752,      2820,  1.251338069832E+02,  0.0105
    270995,      2821,  1.251333969431E+02,  0.0104
    271450,      2822,  1.251333900243E+02,  0.0104
    272606,      2823,  1.251333843913E+02,  0.0104
    272980,      2824,  1.251333828751E+02,  0.0103
    273005,      2825,  1.251333627739E+02,  0.0103
    275295,      2826,  1.251333614059E+02,  0.0103
    276369,      2827,  1.251333547040E+02,  0.0102
    276580,      2828,  1.251333543796E+02,  0.0102
    278340,      2829,  1.251333528142E+02,  0.0102
    278467,      2830,  1.251333522546E+02,  0.0102
    278566,      2831,  1.251332036449E+02,  0.0102
    279191,      2832,  1.251331991555E+02,  0.0101
    280555,      2833,  1.251331968146E+02,  0.0101
    283756,      2834,  1.251328261872E+02,  0.0100
    285150,      2835,  1.251327979723E+02,  0.0099
    288526,      2836,  1.251327963067E+02,  0.0098
    289291,      2837,  1.251327855140E+02,  0.0098
    290465,      2838,  1.251326403212E+02,  0.0098
    292471,      2839,  1.251326308371E+02,  0.0097
    293555,      2840,  1.251326292481E+02,  0.0097
    295484,      2841,  1.251325787670E+02,  0.0096
    295631,      2842,  1.251325673424E+02,  0.0096
    301671,      2843,  1.251325662961E+02,  0.0094
    302343,      2844,  1.251325340010E+02,  0.0094
    303785,      2845,  1.251325056974E+02,  0.0094
    303845,      2846,  1.251324978440E+02,  0.0094
    305547,      2847,  1.251324975895E+02,  0.0093
    305966,      2848,  1.251320351080E+02,  0.0093
    306073,      2849,  1.251318876809E+02,  0.0093
    310586,      2850,  1.251318803936E+02,  0.0092
    311457,      2851,  1.251318775592E+02,  0.0092
    311750,      2852,  1.251318751640E+02,  0.0091
    312579,      2853,  1.251318736643E+02,  0.0091
    313895,      2854,  1.251318730990E+02,  0.0091
    314377,      2855,  1.251318667354E+02,  0.0091
    314973,      2856,  1.251318653011E+02,  0.0091
    316452,      2857,  1.251318647741E+02,  0.0090
    317014,      2858,  1.251318641061E+02,  0.0090
    317678,      2859,  1.251318569164E+02,  0.0090
    318557,      2860,  1.251318568701E+02,  0.0090
    321484,      2861,  1.251318456727E+02,  0.0089
    323255,      2862,  1.251318442060E+02,  0.0089
    323502,      2863,  1.251318430491E+02,  0.0089
    323721,      2864,  1.251318258742E+02,  0.0088
    325234,      2865,  1.251317892957E+02,  0.0088
    327861,      2866,  1.251314885800E+02,  0.0087
    338217,      2867,  1.251313626889E+02,  0.0085
    339440,      2868,  1.251313598188E+02,  0.0084
    341308,      2869,  1.251313588830E+02,  0.0084
    343931,      2870,  1.251313574858E+02,  0.0083
    343932,      2871,  1.251313349024E+02,  0.0083
    345675,      2872,  1.251313331555E+02,  0.0083
    348197,      2873,  1.251313287283E+02,  0.0083
    349056,      2874,  1.251312542982E+02,  0.0082
    349209,      2875,  1.251312467824E+02,  0.0082
    350724,      2876,  1.251312459209E+02,  0.0082
    351681,      2877,  1.251312426631E+02,  0.0082
    351916,      2878,  1.251312385489E+02,  0.0082
    356109,      2879,  1.251309989143E+02,  0.0081
    356711,      2880,  1.251309979165E+02,  0.0081
    360150,      2881,  1.251309879920E+02,  0.0080
    362116,      2882,  1.251309846031E+02,  0.0080
    362560,      2883,  1.251309729611E+02,  0.0080
    366537,      2884,  1.251309706879E+02,  0.0079
    366897,      2885,  1.251309695628E+02,  0.0079
    372218,      2886,  1.251308481208E+02,  0.0078
    375067,      2887,  1.251308469835E+02,  0.0077
    378154,      2888,  1.251307084938E+02,  0.0076
    378520,      2889,  1.251307045012E+02,  0.0076
    381621,      2890,  1.251307039541E+02,  0.0076
    383002,      2891,  1.251307005879E+02,  0.0075
    383072,      2892,  1.251304285464E+02,  0.0075
    385137,      2893,  1.251304267728E+02,  0.0075
    385527,      2894,  1.251303059822E+02,  0.0075
    386133,      2895,  1.251303042209E+02,  0.0075
    387257,      2896,  1.251302961947E+02,  0.0075
    389921,      2897,  1.251302950702E+02,  0.0074
    391058,      2898,  1.251301553099E+02,  0.0074
    395806,      2899,  1.251301512567E+02,  0.0073
    397921,      2900,  1.251301430505E+02,  0.0073
    401552,      2901,  1.251261183917E+02,  0.0072
    402132,      2902,  1.251261157825E+02,  0.0072
    404379,      2903,  1.251261151232E+02,  0.0072
    404900,      2904,  1.251258844476E+02,  0.0072
    406755,      2905,  1.251258839497E+02,  0.0071
    407370,      2906,  1.251258836924E+02,  0.0071
    407740,      2907,  1.251257666257E+02,  0.0071
    412517,      2908,  1.251255235425E+02,  0.0070
    414653,      2909,  1.251255190537E+02,  0.0070
    415964,      2910,  1.251255137801E+02,  0.0070
    418953,      2911,  1.251254937055E+02,  0.0069
    424911,      2912,  1.251254934611E+02,  0.0069
    426968,      2913,  1.251254818165E+02,  0.0068
    430312,      2914,  1.251254702823E+02,  0.0068
    431991,      2915,  1.251252796612E+02,  0.0067
    435194,      2916,  1.251252344764E+02,  0.0067
    436212,      2917,  1.251252339932E+02,  0.0067
    442435,      2918,  1.251252220716E+02,  0.0066
    445129,      2919,  1.251250916164E+02,  0.0066
    451794,      2920,  1.251248693459E+02,  0.0065
    451798,      2921,  1.251248273920E+02,  0.0065
    453529,      2922,  1.251246922440E+02,  0.0064
    454286,      2923,  1.251246841767E+02,  0.0064
    455103,      2924,  1.251246781568E+02,  0.0064
    455321,      2925,  1.251246592886E+02,  0.0064
    459355,      2926,  1.251245961747E+02,  0.0064
    463478,      2927,  1.251245960079E+02,  0.0063
    463763,      2928,  1.251245930939E+02,  0.0063
    464457,      2929,  1.251245802161E+02,  0.0063
    466388,      2930,  1.251245762014E+02,  0.0063
    467145,      2931,  1.251245739798E+02,  0.0063
    470990,      2932,  1.251245451498E+02,  0.0062
    472182,      2933,  1.251245451362E+02,  0.0062
    474830,      2934,  1.251245406251E+02,  0.0062
    475155,      2935,  1.251245359524E+02,  0.0062
    476255,      2936,  1.251239567177E+02,  0.0062
    476894,      2937,  1.251239565005E+02,  0.0062
    481130,      2938,  1.251239549582E+02,  0.0061
    483267,      2939,  1.251238583819E+02,  0.0061
    485347,      2940,  1.251238560410E+02,  0.0061
    485630,      2941,  1.251238557843E+02,  0.0061
    486293,      2942,  1.251238544640E+02,  0.0060
    490416,      2943,  1.251238542260E+02,  0.0060
    494476,      2944,  1.251238542022E+02,  0.0060
    495616,      2945,  1.251235774730E+02,  0.0059
    497856,      2946,  1.251235727286E+02,  0.0059
    498090,      2947,  1.251228072227E+02,  0.0059
    498818,      2948,  1.251227935251E+02,  0.0059
