iteration,accepted_count,energy,acceptance_rate
         0,         0,  1.803171969452E+02,  0.0000
         4,         1,  1.802553202354E+02,  0.2500
         6,         2,  1.799035903960E+02,  0.3333
         7,         3,  1.798802522053E+02,  0.4286
         8,         4,  1.797940992277E+02,  0.5000
         9,         5,  1.797131209196E+02,  0.5556
        12,         6,  1.796062755364E+02,  0.5000
        13,         7,  1.795154037718E+02,  0.5385
        15,         8,  1.794521264386E+02,  0.5333
        16,         9,  1.793612824619E+02,  0.5625
        19,        10,  1.793523022924E+02,  0.5263
        20,        11,  1.793290916106E+02,  0.5500
        22,        12,  1.792735579804E+02,  0.5455
        24,        13,  1.792447297303E+02,  0.5417
        25,        14,  1.792076253602E+02,  0.5600
        36,        15,  1.791202070079E+02,  0.4167
        37,        16,  1.790435173257E+02,  0.4324
        38,        17,  1.789788622005E+02,  0.4474
        39,        18,  1.788427483207E+02,  0.4615
        41,        19,  1.787506687956E+02,  0.4634
        43,        20,  1.787294728898E+02,  0.4651
        46,        21,  1.785914280630E+02,  0.4565
        49,        22,  1.784362045895E+02,  0.4490
        52,        23,  1.783968827101E+02,  0.4423
        54,        24,  1.783502921355E+02,  0.4444
        59,        25,  1.780359003752E+02,  0.4237
        64,        26,  1.777302473128E+02,  0.4062
        66,        27,  1.776449110105E+02,  0.4091
        67,        28,  1.775423580072E+02,  0.4179
        68,        29,  1.772498097834E+02,  0.4265
        69,        30,  1.772342762902E+02,  0.4348
        72,        31,  1.771942570161E+02,  0.4306
        73,        32,  1.771689333117E+02,  0.4384
        74,        33,  1.770177948305E+02,  0.4459
        75,        34,  1.770032893623E+02,  0.4533
        76,        35,  1.769199555752E+02,  0.4605
        78,        36,  1.769110050606E+02,  0.4615
        80,        37,  1.769008993566E+02,  0.4625
        81,        38,  1.768867698671E+02,  0.4691
        82,        39,  1.768349791174E+02,  0.4756
        87,        40,  1.767969705956E+02,  0.4598
        89,        41,  1.767350544990E+02,  0.4607
        90,        42,  1.766480950560E+02,  0.4667
        92,        43,  1.765838867902E+02,  0.4674
        93,        44,  1.765449776286E+02,  0.4731
        95,        45,  1.765161218657E+02,  0.4737
        97,        46,  1.764796442351E+02,  0.4742
       101,        47,  1.762091472785E+02,  0.4653
       102,        48,  1.760452673154E+02,  0.4706
       103,        49,  1.757822594998E+02,  0.4757
       105,        50,  1.756986053138E+02,  0.4762
       107,        51,  1.755905517147E+02,  0.4766
       108,        52,  1.755369412084E+02,  0.4815
       111,        53,  1.753819090196E+02,  0.4775
       112,        54,  1.749922278762E+02,  0.4821
       113,        55,  1.749236380461E+02,  0.4867
       114,        56,  1.747917918813E+02,  0.4912
       116,        57,  1.746573180919E+02,  0.4914
       117,        58,  1.746363386677E+02,  0.4957
       118,        59,  1.746109984081E+02,  0.5000
       121,        60,  1.746048169372E+02,  0.4959
       122,        61,  1.744012706654E+02,  0.5000
       127,        62,  1.742935074008E+02,  0.4882
       128,        63,  1.742619043011E+02,  0.4922
       132,        64,  1.741967566786E+02,  0.4848
       134,        65,  1.740955618415E+02,  0.4851
       136,        66,  1.740933374193E+02,  0.4853
       139,        67,  1.739219562594E+02,  0.4820
       141,        68,  1.737608149405E+02,  0.4823
       145,        69,  1.730870989279E+02,  0.4759
       147,        70,  1.729942208170E+02,  0.4762
       155,        71,  1.727203226982E+02,  0.4581
       157,        72,  1.727051278276E+02,  0.4586
       158,        73,  1.726449586980E+02,  0.4620
       160,        74,  1.726362812851E+02,  0.4625
       161,        75,  1.726026371432E+02,  0.4658
       162,        76,  1.726021270668E+02,  0.4691
       164,        77,  1.724636175976E+02,  0.4695
       166,        78,  1.724132752045E+02,  0.4699
       167,        79,  1.723980002586E+02,  0.4731
       170,        80,  1.723729362659E+02,  0.4706
       171,        81,  1.723632709668E+02,  0.4737
       172,        82,  1.723627271109E+02,  0.4767
       175,        83,  1.723459943898E+02,  0.4743
       177,        84,  1.722966862247E+02,  0.4746
       179,        85,  1.721413791082E+02,  0.4749
       180,        86,  1.720198438969E+02,  0.4778
       182,        87,  1.719593664732E+02,  0.4780
       187,        88,  1.719256717921E+02,  0.4706
       188,        89,  1.718881472635E+02,  0.4734
       192,        90,  1.718564988332E+02,  0.4688
       194,        91,  1.717172828696E+02,  0.4691
       202,        92,  1.716887770023E+02,  0.4554
       208,        93,  1.716423018390E+02,  0.4471
       209,        94,  1.715598495864E+02,  0.4498
       213,        95,  1.714667749745E+02,  0.4460
       214,        96,  1.713507515206E+02,  0.4486
       215,        97,  1.712994102406E+02,  0.4512
       216,        98,  1.712682078174E+02,  0.4537
       217,        99,  1.712608217906E+02,  0.4562
       219,       100,  1.711519450253E+02,  0.4566
       220,       101,  1.710924587402E+02,  0.4591
       223,       102,  1.710841982578E+02,  0.4574
       225,       103,  1.710268081365E+02,  0.4578
       226,       104,  1.707541700041E+02,  0.4602
       227,       105,  1.707316053313E+02,  0.4626
       229,       106,  1.706248925044E+02,  0.4629
       236,       107,  1.705692651655E+02,  0.4534
       238,       108,  1.704147781369E+02,  0.4538
       244,       109,  1.703643330729E+02,  0.4467
       245,       110,  1.702929257733E+02,  0.4490
       246,       111,  1.702245625435E+02,  0.4512
       248,       112,  1.701338895339E+02,  0.4516
       249,       113,  1.700158029051E+02,  0.4538
       250,       114,  1.698727236285E+02,  0.4560
       251,       115,  1.697728059017E+02,  0.4582
       254,       116,  1.697200752486E+02,  0.4567
       255,       117,  1.696820337648E+02,  0.4588
       257,       118,  1.696749671599E+02,  0.4591
       261,       119,  1.695208452789E+02,  0.4559
       262,       120,  1.694233968367E+02,  0.4580
       263,       121,  1.693018872492E+02,  0.4601
       264,       122,  1.692977962782E+02,  0.4621
       266,       123,  1.692948233346E+02,  0.4624
       267,       124,  1.691698546772E+02,  0.4644
       269,       125,  1.691516132884E+02,  0.4647
       270,       126,  1.690893347706E+02,  0.4667
       271,       127,  1.690331468354E+02,  0.4686
       275,       128,  1.690322705753E+02,  0.4655
       277,       129,  1.689450146455E+02,  0.4657
       279,       130,  1.689316724916E+02,  0.4659
       283,       131,  1.689022644194E+02,  0.4629
       285,       132,  1.688549546316E+02,  0.4632
       286,       133,  1.687425185316E+02,  0.4650
       287,       134,  1.687309099621E+02,  0.4669
       288,       135,  1.687034725528E+02,  0.4688
       289,       136,  1.686683972016E+02,  0.4706
       290,       137,  1.686482992969E+02,  0.4724
       292,       138,  1.685779024988E+02,  0.4726
       294,       139,  1.683807531129E+02,  0.4728
       297,       140,  1.682904687550E+02,  0.4714
       301,       141,  1.682428729968E+02,  0.4684
       302,       142,  1.682244760020E+02,  0.4702
       303,       143,  1.682047459127E+02,  0.4719
       304,       144,  1.681821473093E+02,  0.4737
       306,       145,  1.680683293292E+02,  0.4739
       310,       146,  1.679784635709E+02,  0.4710
       313,       147,  1.678973385675E+02,  0.4696
       314,       148,  1.678881440048E+02,  0.4713
       315,       149,  1.677699294828E+02,  0.4730
       317,       150,  1.677369760250E+02,  0.4732
       318,       151,  1.677319257772E+02,  0.4748
       320,       152,  1.676659358947E+02,  0.4750
       322,       153,  1.676262244455E+02,  0.4752
       324,       154,  1.675848036783E+02,  0.4753
       325,       155,  1.675361341424E+02,  0.4769
       326,       156,  1.675041309361E+02,  0.4785
       328,       157,  1.674350795455E+02,  0.4787
       329,       158,  1.674215751292E+02,  0.4802
       330,       159,  1.672373789562E+02,  0.4818
       333,       160,  1.672328695892E+02,  0.4805
       337,       161,  1.671978651754E+02,  0.4777
       340,       162,  1.671770189701E+02,  0.4765
       341,       163,  1.671159594196E+02,  0.4780
       343,       164,  1.671150578467E+02,  0.4781
       348,       165,  1.671095356511E+02,  0.4741
       349,       166,  1.671019274404E+02,  0.4756
       350,       167,  1.670843637523E+02,  0.4771
       351,       168,  1.670247601130E+02,  0.4786
       354,       169,  1.668538519931E+02,  0.4774
       358,       170,  1.666890286046E+02,  0.4749
       360,       171,  1.666838609766E+02,  0.4750
       362,       172,  1.666632743746E+02,  0.4751
       363,       173,  1.666535159622E+02,  0.4766
       364,       174,  1.666383626188E+02,  0.4780
       365,       175,  1.665926660655E+02,  0.4795
       367,       176,  1.664884736193E+02,  0.4796
       372,       177,  1.664591859274E+02,  0.4758
       373,       178,  1.664550149138E+02,  0.4772
       376,       179,  1.663329107204E+02,  0.4761
       378,       180,  1.662156163361E+02,  0.4762
       380,       181,  1.661917953382E+02,  0.4763
       381,       182,  1.660632481027E+02,  0.4777
       384,       183,  1.659357050531E+02,  0.4766
       385,       184,  1.658676102032E+02,  0.4779
       387,       185,  1.658395253430E+02,  0.4780
       388,       186,  1.656708213998E+02,  0.4794
       390,       187,  1.656243913946E+02,  0.4795
       391,       188,  1.654932610540E+02,  0.4808
       394,       189,  1.653549287115E+02,  0.4797
       396,       190,  1.653302104691E+02,  0.4798
       398,       191,  1.652523675759E+02,  0.4799
       399,       192,  1.652414534341E+02,  0.4812
       401,       193,  1.652039863010E+02,  0.4813
       402,       194,  1.651736282789E+02,  0.4826
       404,       195,  1.651090340844E+02,  0.4827
       405,       196,  1.649745068353E+02,  0.4840
       406,       197,  1.649408054793E+02,  0.4852
       409,       198,  1.649375149128E+02,  0.4841
       413,       199,  1.648654812765E+02,  0.4818
       414,       200,  1.648240400073E+02,  0.4831
       417,       201,  1.648011406342E+02,  0.4820
       418,       202,  1.647580721834E+02,  0.4833
       438,       203,  1.647100378612E+02,  0.4635
       439,       204,  1.646820340049E+02,  0.4647
       441,       205,  1.646634356748E+02,  0.4649
       442,       206,  1.646593966022E+02,  0.4661
       448,       207,  1.645084309922E+02,  0.4621
       450,       208,  1.644248740163E+02,  0.4622
       452,       209,  1.643063805395E+02,  0.4624
       453,       210,  1.642980854818E+02,  0.4636
       455,       211,  1.642570134007E+02,  0.4637
       459,       212,  1.642533391450E+02,  0.4619
       460,       213,  1.642094167183E+02,  0.4630
       461,       214,  1.641943182225E+02,  0.4642
       463,       215,  1.641584630638E+02,  0.4644
       464,       216,  1.640963863299E+02,  0.4655
       465,       217,  1.639753481781E+02,  0.4667
       466,       218,  1.639004209700E+02,  0.4678
       467,       219,  1.638578025818E+02,  0.4690
       468,       220,  1.638488503186E+02,  0.4701
       471,       221,  1.638364157367E+02,  0.4692
       472,       222,  1.637744306664E+02,  0.4703
       473,       223,  1.636885582178E+02,  0.4715
       475,       224,  1.636757825323E+02,  0.4716
       478,       225,  1.636136550088E+02,  0.4707
       482,       226,  1.635344262275E+02,  0.4689
       485,       227,  1.635331976942E+02,  0.4680
       488,       228,  1.634239488598E+02,  0.4672
       489,       229,  1.634205439907E+02,  0.4683
       497,       230,  1.633867807023E+02,  0.4628
       499,       231,  1.633554820350E+02,  0.4629
       500,       232,  1.633139906360E+02,  0.4640
       501,       233,  1.632223846555E+02,  0.4651
       506,       234,  1.631986424059E+02,  0.4625
       509,       235,  1.631904455410E+02,  0.4617
       511,       236,  1.631458472280E+02,  0.4618
       512,       237,  1.631423708305E+02,  0.4629
       518,       238,  1.631412253424E+02,  0.4595
       520,       239,  1.630858904583E+02,  0.4596
       521,       240,  1.630554154980E+02,  0.4607
       523,       241,  1.630482367629E+02,  0.4608
       524,       242,  1.630388817865E+02,  0.4618
       525,       243,  1.629885821075E+02,  0.4629
       526,       244,  1.629685668073E+02,  0.4639
       527,       245,  1.629555791051E+02,  0.4649
       529,       246,  1.629487810706E+02,  0.4650
       536,       247,  1.629452039080E+02,  0.4608
       537,       248,  1.629238550132E+02,  0.4618
       540,       249,  1.627970080746E+02,  0.4611
       542,       250,  1.627934941051E+02,  0.4613
       545,       251,  1.627681281202E+02,  0.4606
       547,       252,  1.627669125377E+02,  0.4607
       549,       253,  1.627641802204E+02,  0.4608
       550,       254,  1.627290330491E+02,  0.4618
       551,       255,  1.626556271989E+02,  0.4628
       556,       256,  1.626286338319E+02,  0.4604
       557,       257,  1.625649679339E+02,  0.4614
       559,       258,  1.625018489848E+02,  0.4615
       561,       259,  1.624247132331E+02,  0.4617
       566,       260,  1.623908974464E+02,  0.4594
       568,       261,  1.623780541980E+02,  0.4595
       569,       262,  1.623494086008E+02,  0.4605
       572,       263,  1.623314145366E+02,  0.4598
       573,       264,  1.623235653379E+02,  0.4607
       574,       265,  1.622865276206E+02,  0.4617
       577,       266,  1.622329419692E+02,  0.4610
       585,       267,  1.621353197806E+02,  0.4564
       586,       268,  1.621306540097E+02,  0.4573
       587,       269,  1.620531844087E+02,  0.4583
       588,       270,  1.620527552141E+02,  0.4592
       589,       271,  1.619946175258E+02,  0.4601
       591,       272,  1.619791514590E+02,  0.4602
       592,       273,  1.619538996676E+02,  0.4611
       594,       274,  1.619440765063E+02,  0.4613
       595,       275,  1.618267308308E+02,  0.4622
       596,       276,  1.617852612372E+02,  0.4631
       598,       277,  1.617428798438E+02,  0.4632
       601,       278,  1.616485957176E+02,  0.4626
       602,       279,  1.616379657620E+02,  0.4635
       606,       280,  1.616217119962E+02,  0.4620
       608,       281,  1.615639060170E+02,  0.4622
       612,       282,  1.614242071002E+02,  0.4608
       613,       283,  1.613788136431E+02,  0.4617
       616,       284,  1.613144463037E+02,  0.4610
       618,       285,  1.612972297733E+02,  0.4612
       623,       286,  1.612840088381E+02,  0.4591
       629,       287,  1.612569895862E+02,  0.4563
       630,       288,  1.611639531318E+02,  0.4571
       633,       289,  1.611091337564E+02,  0.4566
       637,       290,  1.611023615560E+02,  0.4553
       638,       291,  1.610941791936E+02,  0.4561
       640,       292,  1.610355847440E+02,  0.4562
       642,       293,  1.609341596650E+02,  0.4564
       648,       294,  1.609081446621E+02,  0.4537
       650,       295,  1.608991104877E+02,  0.4538
       651,       296,  1.608183476875E+02,  0.4547
       654,       297,  1.607278679352E+02,  0.4541
       655,       298,  1.607201625525E+02,  0.4550
       656,       299,  1.606902507866E+02,  0.4558
       657,       300,  1.606694752059E+02,  0.4566
       659,       301,  1.606141313457E+02,  0.4568
       671,       302,  1.605581541141E+02,  0.4501
       673,       303,  1.605488004665E+02,  0.4502
       674,       304,  1.604017704920E+02,  0.4510
       682,       305,  1.603118718386E+02,  0.4472
       683,       306,  1.602691465141E+02,  0.4480
       690,       307,  1.601854495944E+02,  0.4449
       691,       308,  1.601373517276E+02,  0.4457
       695,       309,  1.601364460936E+02,  0.4446
       703,       310,  1.601226337613E+02,  0.4410
       704,       311,  1.599521244258E+02,  0.4418
       707,       312,  1.598717925282E+02,  0.4413
       708,       313,  1.597999025417E+02,  0.4421
       709,       314,  1.597426028292E+02,  0.4429
       710,       315,  1.597019899167E+02,  0.4437
       711,       316,  1.596894037514E+02,  0.4444
       718,       317,  1.596738197380E+02,  0.4415
       724,       318,  1.596413049252E+02,  0.4392
       725,       319,  1.595813976245E+02,  0.4400
       726,       320,  1.594742329433E+02,  0.4408
       727,       321,  1.594068453071E+02,  0.4415
       728,       322,  1.592651393245E+02,  0.4423
       730,       323,  1.592105329632E+02,  0.4425
       733,       324,  1.592045978356E+02,  0.4420
       738,       325,  1.591520019735E+02,  0.4404
       740,       326,  1.591208269860E+02,  0.4405
       743,       327,  1.591196628133E+02,  0.4401
       747,       328,  1.590478065035E+02,  0.4391
       748,       329,  1.590178704376E+02,  0.4398
       750,       330,  1.589414315616E+02,  0.4400
       752,       331,  1.589341577203E+02,  0.4402
       754,       332,  1.589304658717E+02,  0.4403
       758,       333,  1.589021224391E+02,  0.4393
       760,       334,  1.588778773953E+02,  0.4395
       766,       335,  1.588481881484E+02,  0.4373
       769,       336,  1.588226977192E+02,  0.4369
       770,       337,  1.587971673411E+02,  0.4377
       772,       338,  1.587730139474E+02,  0.4378
       783,       339,  1.586221553371E+02,  0.4330
       785,       340,  1.585494855431E+02,  0.4331
       787,       341,  1.585391059360E+02,  0.4333
       788,       342,  1.585003910273E+02,  0.4340
       793,       343,  1.584375044471E+02,  0.4325
       794,       344,  1.583057868102E+02,  0.4332
       795,       345,  1.582714448109E+02,  0.4340
       797,       346,  1.582018647609E+02,  0.4341
       798,       347,  1.581863107866E+02,  0.4348
       802,       348,  1.580464859842E+02,  0.4339
       806,       349,  1.580157964030E+02,  0.4330
       807,       350,  1.579631191309E+02,  0.4337
       813,       351,  1.579009478731E+02,  0.4317
       815,       352,  1.578344850292E+02,  0.4319
       819,       353,  1.578094299376E+02,  0.4310
       821,       354,  1.576276059288E+02,  0.4312
       823,       355,  1.576079594237E+02,  0.4313
       825,       356,  1.575271953711E+02,  0.4315
       828,       357,  1.574967142010E+02,  0.4312
       834,       358,  1.574814505060E+02,  0.4293
       835,       359,  1.574795982855E+02,  0.4299
       836,       360,  1.574634368616E+02,  0.4306
       840,       361,  1.574620067477E+02,  0.4298
       842,       362,  1.574171818093E+02,  0.4299
       843,       363,  1.573750930042E+02,  0.4306
       844,       364,  1.572288533568E+02,  0.4313
       846,       365,  1.572113879040E+02,  0.4314
       851,       366,  1.572078049837E+02,  0.4301
       852,       367,  1.571319476116E+02,  0.4308
       855,       368,  1.569858270225E+02,  0.4304
       857,       369,  1.569730031668E+02,  0.4306
       861,       370,  1.568878493069E+02,  0.4297
       863,       371,  1.568770702089E+02,  0.4299
       864,       372,  1.568145852202E+02,  0.4306
       866,       373,  1.567990996923E+02,  0.4307
       867,       374,  1.567944926001E+02,  0.4314
       869,       375,  1.566971369933E+02,  0.4315
       870,       376,  1.566965617954E+02,  0.4322
       871,       377,  1.566764704559E+02,  0.4328
       873,       378,  1.566162582184E+02,  0.4330
       875,       379,  1.565443013553E+02,  0.4331
       876,       380,  1.564627847736E+02,  0.4338
       877,       381,  1.564260047655E+02,  0.4344
       878,       382,  1.564192717566E+02,  0.4351
       879,       383,  1.563510096567E+02,  0.4357
       880,       384,  1.563257486282E+02,  0.4364
       881,       385,  1.562503679036E+02,  0.4370
       883,       386,  1.562282699650E+02,  0.4371
       884,       387,  1.561833178837E+02,  0.4378
       885,       388,  1.561227159597E+02,  0.4384
       887,       389,  1.561026381809E+02,  0.4386
       888,       390,  1.560405489197E+02,  0.4392
       889,       391,  1.560212705994E+02,  0.4398
       895,       392,  1.560040048103E+02,  0.4380
       897,       393,  1.559944908409E+02,  0.4381
       901,       394,  1.559233681026E+02,  0.4373
       902,       395,  1.559152156975E+02,  0.4379
       903,       396,  1.557999925056E+02,  0.4385
       906,       397,  1.557676049728E+02,  0.4382
       909,       398,  1.557242356267E+02,  0.4378
       912,       399,  1.556972554689E+02,  0.4375
       913,       400,  1.556793418737E+02,  0.4381
       914,       401,  1.556490862601E+02,  0.4387
       917,       402,  1.556398723273E+02,  0.4384
       918,       403,  1.555680037428E+02,  0.4390
       920,       404,  1.554874321988E+02,  0.4391
       921,       405,  1.554778617822E+02,  0.4397
       923,       406,  1.554767231708E+02,  0.4399
       926,       407,  1.554435323540E+02,  0.4395
       930,       408,  1.553484712810E+02,  0.4387
       937,       409,  1.552476101105E+02,  0.4365
       938,       410,  1.552450558970E+02,  0.4371
       940,       411,  1.552028168650E+02,  0.4372
       944,       412,  1.552025541854E+02,  0.4364
       945,       413,  1.551287182743E+02,  0.4370
       948,       414,  1.550716348750E+02,  0.4367
       953,       415,  1.550157871554E+02,  0.4355
       954,       416,  1.549237523995E+02,  0.4361
       955,       417,  1.548939239037E+02,  0.4366
       958,       418,  1.548865459284E+02,  0.4363
       963,       419,  1.548395267776E+02,  0.4351
       964,       420,  1.547611607695E+02,  0.4357
       969,       421,  1.546942632764E+02,  0.4345
       970,       422,  1.546912280129E+02,  0.4351
       973,       423,  1.546804880869E+02,  0.4347
       974,       424,  1.546789438678E+02,  0.4353
       976,       425,  1.546356245588E+02,  0.4355
       977,       426,  1.545920348515E+02,  0.4360
       980,       427,  1.545108171803E+02,  0.4357
       986,       428,  1.544996569039E+02,  0.4341
       987,       429,  1.544874647721E+02,  0.4347
       989,       430,  1.544668360446E+02,  0.4348
       991,       431,  1.543551460210E+02,  0.4349
      1000,       432,  1.542867259781E+02,  0.4320
      1001,       433,  1.542720606293E+02,  0.4326
      1002,       434,  1.542395859286E+02,  0.4331
      1004,       435,  1.541497020119E+02,  0.4333
      1008,       436,  1.539817433543E+02,  0.4325
      1009,       437,  1.539800888349E+02,  0.4331
      1014,       438,  1.539120081149E+02,  0.4320
      1015,       439,  1.538992123906E+02,  0.4325
      1016,       440,  1.538891869236E+02,  0.4331
      1017,       441,  1.538587163271E+02,  0.4336
      1020,       442,  1.538202103525E+02,  0.4333
      1021,       443,  1.537995760855E+02,  0.4339
      1022,       444,  1.537387277384E+02,  0.4344
      1029,       445,  1.537156088055E+02,  0.4325
      1031,       446,  1.536901299344E+02,  0.4326
      1033,       447,  1.535989214991E+02,  0.4327
      1035,       448,  1.535124057104E+02,  0.4329
      1037,       449,  1.535032549757E+02,  0.4330
      1045,       450,  1.534786011344E+02,  0.4306
      1046,       451,  1.533585804310E+02,  0.4312
      1048,       452,  1.533191464382E+02,  0.4313
      1050,       453,  1.532693923450E+02,  0.4314
      1054,       454,  1.532179686189E+02,  0.4307
      1056,       455,  1.531629061031E+02,  0.4309
      1057,       456,  1.531391079674E+02,  0.4314
      1059,       457,  1.531018244841E+02,  0.4315
      1071,       458,  1.530730920844E+02,  0.4276
      1073,       459,  1.530683462467E+02,  0.4278
      1074,       460,  1.530566040995E+02,  0.4283
      1078,       461,  1.530449662305E+02,  0.4276
      1082,       462,  1.529658909394E+02,  0.4270
      1084,       463,  1.529456058391E+02,  0.4271
      1095,       464,  1.529166852054E+02,  0.4237
      1096,       465,  1.528114087991E+02,  0.4243
      1097,       466,  1.527836166067E+02,  0.4248
      1098,       467,  1.527597227694E+02,  0.4253
      1100,       468,  1.527519357994E+02,  0.4255
      1105,       469,  1.527336125291E+02,  0.4244
      1108,       470,  1.527087289984E+02,  0.4242
      1109,       471,  1.526257799958E+02,  0.4247
      1113,       472,  1.525960958632E+02,  0.4241
      1114,       473,  1.525752631742E+02,  0.4246
      1119,       474,  1.525703618394E+02,  0.4236
      1124,       475,  1.525195649838E+02,  0.4226
      1125,       476,  1.525126737012E+02,  0.4231
      1133,       477,  1.524470990092E+02,  0.4210
      1136,       478,  1.524461631059E+02,  0.4208
      1143,       479,  1.524393017254E+02,  0.4191
      1147,       480,  1.524234731869E+02,  0.4185
      1149,       481,  1.523883159273E+02,  0.4186
      1151,       482,  1.523534441150E+02,  0.4188
      1152,       483,  1.523458276101E+02,  0.4193
      1162,       484,  1.523416882811E+02,  0.4165
      1163,       485,  1.522822943112E+02,  0.4170
      1165,       486,  1.522358786831E+02,  0.4172
      1166,       487,  1.521819420713E+02,  0.4177
      1167,       488,  1.521819119220E+02,  0.4182
      1171,       489,  1.521806865389E+02,  0.4176
      1174,       490,  1.521363674832E+02,  0.4174
      1176,       491,  1.520566815388E+02,  0.4175
      1177,       492,  1.519870663822E+02,  0.4180
      1178,       493,  1.519507862518E+02,  0.4185
      1179,       494,  1.519502200061E+02,  0.4190
      1181,       495,  1.518602782276E+02,  0.4191
      1183,       496,  1.517591186596E+02,  0.4193
      1187,       497,  1.516689412359E+02,  0.4187
      1188,       498,  1.515375184595E+02,  0.4192
      1190,       499,  1.514304134722E+02,  0.4193
      1192,       500,  1.514239096409E+02,  0.4195
      1201,       501,  1.514153497022E+02,  0.4172
      1205,       502,  1.513371540007E+02,  0.4166
      1209,       503,  1.513226758548E+02,  0.4160
      1211,       504,  1.512962946204E+02,  0.4162
      1212,       505,  1.512245130324E+02,  0.4167
      1213,       506,  1.512002005780E+02,  0.4171
      1215,       507,  1.511889209206E+02,  0.4173
      1217,       508,  1.511206676732E+02,  0.4174
      1218,       509,  1.511115191173E+02,  0.4179
      1219,       510,  1.510535809676E+02,  0.4184
      1221,       511,  1.510083211261E+02,  0.4185
      1222,       512,  1.509452865465E+02,  0.4190
      1223,       513,  1.508609580640E+02,  0.4195
      1233,       514,  1.508450932838E+02,  0.4169
      1234,       515,  1.508255313048E+02,  0.4173
      1236,       516,  1.508083469892E+02,  0.4175
      1238,       517,  1.508001622155E+02,  0.4176
      1242,       518,  1.507470480848E+02,  0.4171
      1243,       519,  1.507190326458E+02,  0.4175
      1250,       520,  1.507103743623E+02,  0.4160
      1252,       521,  1.506790176742E+02,  0.4161
      1254,       522,  1.506699920332E+02,  0.4163
      1259,       523,  1.506586680843E+02,  0.4154
      1260,       524,  1.506411612690E+02,  0.4159
      1263,       525,  1.506315642360E+02,  0.4157
      1265,       526,  1.506011782852E+02,  0.4158
      1267,       527,  1.505984699906E+02,  0.4159
      1269,       528,  1.505392338737E+02,  0.4161
      1271,       529,  1.505124272165E+02,  0.4162
      1274,       530,  1.504314056288E+02,  0.4160
      1278,       531,  1.503487614108E+02,  0.4155
      1279,       532,  1.503447553305E+02,  0.4159
      1283,       533,  1.502838925858E+02,  0.4154
      1284,       534,  1.501711530510E+02,  0.4159
      1285,       535,  1.501131597215E+02,  0.4163
      1288,       536,  1.500676202727E+02,  0.4161
      1293,       537,  1.500387415806E+02,  0.4153
      1294,       538,  1.500051555269E+02,  0.4158
      1295,       539,  1.500018704239E+02,  0.4162
      1296,       540,  1.499690642285E+02,  0.4167
      1300,       541,  1.498011647514E+02,  0.4162
      1307,       542,  1.497828615221E+02,  0.4147
      1311,       543,  1.497469446786E+02,  0.4142
      1313,       544,  1.496896739792E+02,  0.4143
      1314,       545,  1.496147244568E+02,  0.4148
      1320,       546,  1.495727397562E+02,  0.4136
      1325,       547,  1.495298915785E+02,  0.4128
      1326,       548,  1.495271772812E+02,  0.4133
      1331,       549,  1.494877448556E+02,  0.4125
      1332,       550,  1.494827792649E+02,  0.4129
      1334,       551,  1.494418556724E+02,  0.4130
      1335,       552,  1.494322498820E+02,  0.4135
      1336,       553,  1.493580295082E+02,  0.4139
      1338,       554,  1.492979171229E+02,  0.4141
      1343,       555,  1.492946893026E+02,  0.4133
      1346,       556,  1.492400340929E+02,  0.4131
      1349,       557,  1.492205606038E+02,  0.4129
      1354,       558,  1.491871782507E+02,  0.4121
      1356,       559,  1.491765073020E+02,  0.4122
      1360,       560,  1.491642147618E+02,  0.4118
      1362,       561,  1.490805930815E+02,  0.4119
      1363,       562,  1.490653123636E+02,  0.4123
      1364,       563,  1.490040164051E+02,  0.4128
      1367,       564,  1.489948271048E+02,  0.4126
      1369,       565,  1.489419072344E+02,  0.4127
      1372,       566,  1.489195653812E+02,  0.4125
      1375,       567,  1.489042620459E+02,  0.4124
      1380,       568,  1.488867702922E+02,  0.4116
      1383,       569,  1.488726328438E+02,  0.4114
      1384,       570,  1.488548027004E+02,  0.4118
      1394,       571,  1.487926891167E+02,  0.4096
      1396,       572,  1.486839135564E+02,  0.4097
      1399,       573,  1.486712579808E+02,  0.4096
      1401,       574,  1.486686361103E+02,  0.4097
      1403,       575,  1.486145964232E+02,  0.4098
      1404,       576,  1.486145922730E+02,  0.4103
      1410,       577,  1.486060095804E+02,  0.4092
      1414,       578,  1.485888622240E+02,  0.4088
      1419,       579,  1.485716896652E+02,  0.4080
      1422,       580,  1.485419389855E+02,  0.4079
      1423,       581,  1.485213976981E+02,  0.4083
      1424,       582,  1.485147643393E+02,  0.4087
      1426,       583,  1.484761867563E+02,  0.4088
      1437,       584,  1.484709062820E+02,  0.4064
      1439,       585,  1.484207007295E+02,  0.4065
      1441,       586,  1.483508666237E+02,  0.4067
      1442,       587,  1.483478579083E+02,  0.4071
      1444,       588,  1.483337498186E+02,  0.4072
      1450,       589,  1.482520559269E+02,  0.4062
      1456,       590,  1.482188117547E+02,  0.4052
      1458,       591,  1.482165373631E+02,  0.4053
      1459,       592,  1.481839268736E+02,  0.4058
      1462,       593,  1.481246145271E+02,  0.4056
      1463,       594,  1.481080782947E+02,  0.4060
      1465,       595,  1.480877846591E+02,  0.4061
      1467,       596,  1.480372437743E+02,  0.4063
      1468,       597,  1.479802344584E+02,  0.4067
      1470,       598,  1.479769638535E+02,  0.4068
      1472,       599,  1.479735723686E+02,  0.4069
      1473,       600,  1.479726456519E+02,  0.4073
      1474,       601,  1.479689033554E+02,  0.4077
      1475,       602,  1.478885985704E+02,  0.4081
      1476,       603,  1.478832144393E+02,  0.4085
      1479,       604,  1.478449268316E+02,  0.4084
      1482,       605,  1.478395565367E+02,  0.4082
      1490,       606,  1.478393036061E+02,  0.4067
      1491,       607,  1.478205050921E+02,  0.4071
      1492,       608,  1.478066527693E+02,  0.4075
      1497,       609,  1.476839541852E+02,  0.4068
      1498,       610,  1.476742436410E+02,  0.4072
      1500,       611,  1.476610666091E+02,  0.4073
      1502,       612,  1.476311646087E+02,  0.4075
      1504,       613,  1.475521617374E+02,  0.4076
      1506,       614,  1.475047342688E+02,  0.4077
      1507,       615,  1.474955269518E+02,  0.4081
      1509,       616,  1.474953670512E+02,  0.4082
      1510,       617,  1.474059432375E+02,  0.4086
      1511,       618,  1.473628756145E+02,  0.4090
      1512,       619,  1.473246231828E+02,  0.4094
      1521,       620,  1.472247644308E+02,  0.4076
      1522,       621,  1.471472924633E+02,  0.4080
      1524,       622,  1.471253316206E+02,  0.4081
      1526,       623,  1.471232565502E+02,  0.4083
      1527,       624,  1.471106102315E+02,  0.4086
      1531,       625,  1.470893706644E+02,  0.4082
      1532,       626,  1.470588314947E+02,  0.4086
      1533,       627,  1.470419981882E+02,  0.4090
      1536,       628,  1.470286853250E+02,  0.4089
      1537,       629,  1.470024508323E+02,  0.4092
      1538,       630,  1.469928896165E+02,  0.4096
      1540,       631,  1.469592428265E+02,  0.4097
      1541,       632,  1.469545795624E+02,  0.4101
      1542,       633,  1.468772166213E+02,  0.4105
      1544,       634,  1.468386051298E+02,  0.4106
      1552,       635,  1.467894268582E+02,  0.4091
      1557,       636,  1.467704500427E+02,  0.4085
      1559,       637,  1.466299879893E+02,  0.4086
      1561,       638,  1.466044798148E+02,  0.4087
      1562,       639,  1.465878806422E+02,  0.4091
      1569,       640,  1.464752830814E+02,  0.4079
      1574,       641,  1.464556253543E+02,  0.4072
      1575,       642,  1.464363008675E+02,  0.4076
      1576,       643,  1.464293446850E+02,  0.4080
      1580,       644,  1.464219386653E+02,  0.4076
      1581,       645,  1.464164545513E+02,  0.4080
      1582,       646,  1.463912524837E+02,  0.4083
      1583,       647,  1.463731209613E+02,  0.4087
      1587,       648,  1.463668808252E+02,  0.4083
      1594,       649,  1.463579095349E+02,  0.4072
      1601,       650,  1.463510275767E+02,  0.4060
      1603,       651,  1.463241822499E+02,  0.4061
      1607,       652,  1.462920857554E+02,  0.4057
      1609,       653,  1.462385193955E+02,  0.4058
      1610,       654,  1.462041962510E+02,  0.4062
      1614,       655,  1.461930248375E+02,  0.4058
      1615,       656,  1.461733905700E+02,  0.4062
      1616,       657,  1.461554960627E+02,  0.4066
      1625,       658,  1.461044977902E+02,  0.4049
      1632,       659,  1.460902860535E+02,  0.4038
      1633,       660,  1.460256305904E+02,  0.4042
      1637,       661,  1.460234100441E+02,  0.4038
      1638,       662,  1.459990034649E+02,  0.4042
      1641,       663,  1.459390237735E+02,  0.4040
      1642,       664,  1.459124755787E+02,  0.4044
      1646,       665,  1.458487925980E+02,  0.4040
      1648,       666,  1.457581479229E+02,  0.4041
      1651,       667,  1.457381274445E+02,  0.4040
      1652,       668,  1.457364871874E+02,  0.4044
      1653,       669,  1.457327368455E+02,  0.4047
      1654,       670,  1.457296358855E+02,  0.4051
      1655,       671,  1.456873669628E+02,  0.4054
      1656,       672,  1.456318683308E+02,  0.4058
      1659,       673,  1.456146791278E+02,  0.4057
      1660,       674,  1.455421899915E+02,  0.4060
      1663,       675,  1.454746627974E+02,  0.4059
      1667,       676,  1.454580234433E+02,  0.4055
      1669,       677,  1.454131834971E+02,  0.4056
      1672,       678,  1.453858833551E+02,  0.4055
      1674,       679,  1.453124638031E+02,  0.4056
      1685,       680,  1.453105045702E+02,  0.4036
      1689,       681,  1.452850570914E+02,  0.4032
      1693,       682,  1.452559003539E+02,  0.4028
      1695,       683,  1.452535901339E+02,  0.4029
      1696,       684,  1.452468333111E+02,  0.4033
      1697,       685,  1.452023735390E+02,  0.4037
      1699,       686,  1.451421129824E+02,  0.4038
      1700,       687,  1.451373020417E+02,  0.4041
      1701,       688,  1.450915408003E+02,  0.4045
      1704,       689,  1.450426020757E+02,  0.4043
      1705,       690,  1.450411382860E+02,  0.4047
      1706,       691,  1.450384490173E+02,  0.4050
      1707,       692,  1.450361711654E+02,  0.4054
      1710,       693,  1.450294712175E+02,  0.4053
      1720,       694,  1.449938620301E+02,  0.4035
      1721,       695,  1.449660329039E+02,  0.4038
      1725,       696,  1.449070724118E+02,  0.4035
      1734,       697,  1.448875779028E+02,  0.4020
      1736,       698,  1.448134547252E+02,  0.4021
      1741,       699,  1.447745271798E+02,  0.4015
      1742,       700,  1.447375512557E+02,  0.4018
      1744,       701,  1.447260758565E+02,  0.4019
      1752,       702,  1.446000902426E+02,  0.4007
      1754,       703,  1.445884995659E+02,  0.4008
      1758,       704,  1.445868606961E+02,  0.4005
      1759,       705,  1.445855494822E+02,  0.4008
      1762,       706,  1.445685558287E+02,  0.4007
      1763,       707,  1.445543597254E+02,  0.4010
      1767,       708,  1.445091846817E+02,  0.4007
      1771,       709,  1.444970249224E+02,  0.4003
      1772,       710,  1.444892604434E+02,  0.4007
      1773,       711,  1.444731316257E+02,  0.4010
      1775,       712,  1.444703401554E+02,  0.4011
      1777,       713,  1.444353378902E+02,  0.4012
      1781,       714,  1.443539033441E+02,  0.4009
      1782,       715,  1.443519216279E+02,  0.4012
      1784,       716,  1.443463089981E+02,  0.4013
      1785,       717,  1.443435031315E+02,  0.4017
      1789,       718,  1.443167876703E+02,  0.4013
      1791,       719,  1.442698396591E+02,  0.4015
      1797,       720,  1.442505456290E+02,  0.4007
      1799,       721,  1.441604183698E+02,  0.4008
      1800,       722,  1.441437166572E+02,  0.4011
      1801,       723,  1.441059176249E+02,  0.4014
      1809,       724,  1.441056391067E+02,  0.4002
      1811,       725,  1.440031468761E+02,  0.4003
      1817,       726,  1.440021956131E+02,  0.3996
      1819,       727,  1.439967784105E+02,  0.3997
      1820,       728,  1.439669206594E+02,  0.4000
      1827,       729,  1.439462579019E+02,  0.3990
      1830,       730,  1.439197921978E+02,  0.3989
      1832,       731,  1.439155376649E+02,  0.3990
      1834,       732,  1.438859843046E+02,  0.3991
      1837,       733,  1.438035756299E+02,  0.3990
      1841,       734,  1.437938603002E+02,  0.3987
      1842,       735,  1.437842697605E+02,  0.3990
      1845,       736,  1.437806426932E+02,  0.3989
      1847,       737,  1.437799716023E+02,  0.3990
      1849,       738,  1.437629578061E+02,  0.3991
      1851,       739,  1.436936773130E+02,  0.3992
      1853,       740,  1.435919220676E+02,  0.3994
      1856,       741,  1.435561066278E+02,  0.3992
      1861,       742,  1.435424761328E+02,  0.3987
      1865,       743,  1.435011978475E+02,  0.3984
      1866,       744,  1.434969555381E+02,  0.3987
      1869,       745,  1.434934537231E+02,  0.3986
      1871,       746,  1.434911558090E+02,  0.3987
      1873,       747,  1.434719080395E+02,  0.3988
      1879,       748,  1.434031955834E+02,  0.3981
      1882,       749,  1.433971856786E+02,  0.3980
      1886,       750,  1.433857342908E+02,  0.3977
      1887,       751,  1.433518648442E+02,  0.3980
      1892,       752,  1.432773700570E+02,  0.3975
      1897,       753,  1.432694983467E+02,  0.3969
      1899,       754,  1.432552610078E+02,  0.3971
      1900,       755,  1.432501043650E+02,  0.3974
      1903,       756,  1.432013793406E+02,  0.3973
      1906,       757,  1.431237577773E+02,  0.3972
      1907,       758,  1.430828039677E+02,  0.3975
      1910,       759,  1.429961360864E+02,  0.3974
      1913,       760,  1.429436082613E+02,  0.3973
      1916,       761,  1.429247989851E+02,  0.3972
      1917,       762,  1.428874951479E+02,  0.3975
      1923,       763,  1.428309526569E+02,  0.3968
      1925,       764,  1.428298750003E+02,  0.3969
      1927,       765,  1.428215752650E+02,  0.3970
      1930,       766,  1.428123677818E+02,  0.3969
      1933,       767,  1.427600146646E+02,  0.3968
      1938,       768,  1.427584638941E+02,  0.3963
      1940,       769,  1.427172378906E+02,  0.3964
      1943,       770,  1.426701579263E+02,  0.3963
      1944,       771,  1.426211083352E+02,  0.3966
      1946,       772,  1.426082742372E+02,  0.3967
      1949,       773,  1.424711288075E+02,  0.3966
      1950,       774,  1.424288250021E+02,  0.3969
      1953,       775,  1.424228583863E+02,  0.3968
      1954,       776,  1.423945981698E+02,  0.3971
      1959,       777,  1.423630877396E+02,  0.3966
      1963,       778,  1.423542888540E+02,  0.3963
      1964,       779,  1.423495599361E+02,  0.3966
      1965,       780,  1.423481149211E+02,  0.3969
      1966,       781,  1.423441198218E+02,  0.3973
      1968,       782,  1.422943776136E+02,  0.3974
      1971,       783,  1.422835347942E+02,  0.3973
      1978,       784,  1.422683404760E+02,  0.3964
      1979,       785,  1.422664113039E+02,  0.3967
      1985,       786,  1.421610852630E+02,  0.3960
      1991,       787,  1.421592664563E+02,  0.3953
      1995,       788,  1.421520853284E+02,  0.3950
      1996,       789,  1.421477451313E+02,  0.3953
      1999,       790,  1.421360269064E+02,  0.3952
      2004,       791,  1.421239197272E+02,  0.3947
      2006,       792,  1.421159092964E+02,  0.3948
      2007,       793,  1.421007002134E+02,  0.3951
      2022,       794,  1.420751295602E+02,  0.3927
      2023,       795,  1.420124802316E+02,  0.3930
      2024,       796,  1.419961235354E+02,  0.3933
      2036,       797,  1.419710745554E+02,  0.3915
      2037,       798,  1.419612239761E+02,  0.3918
      2038,       799,  1.419609485488E+02,  0.3921
      2041,       800,  1.419366379272E+02,  0.3920
      2050,       801,  1.419318132140E+02,  0.3907
      2051,       802,  1.418721589350E+02,  0.3910
      2053,       803,  1.418088758786E+02,  0.3911
      2055,       804,  1.417963049355E+02,  0.3912
      2058,       805,  1.417584910866E+02,  0.3912
      2068,       806,  1.417405336131E+02,  0.3897
      2070,       807,  1.417401774296E+02,  0.3899
      2076,       808,  1.417145169483E+02,  0.3892
      2079,       809,  1.416924274498E+02,  0.3891
      2091,       810,  1.416709934981E+02,  0.3874
      2093,       811,  1.415846301109E+02,  0.3875
      2094,       812,  1.415491775971E+02,  0.3878
      2108,       813,  1.415426309136E+02,  0.3857
      2111,       814,  1.415218643065E+02,  0.3856
      2113,       815,  1.415118945697E+02,  0.3857
      2114,       816,  1.415072148688E+02,  0.3860
      2116,       817,  1.415048417395E+02,  0.3861
      2117,       818,  1.415001614942E+02,  0.3864
      2124,       819,  1.414808936857E+02,  0.3856
      2125,       820,  1.414592200948E+02,  0.3859
      2128,       821,  1.414469365246E+02,  0.3858
      2129,       822,  1.414314067848E+02,  0.3861
      2131,       823,  1.414299965054E+02,  0.3862
      2134,       824,  1.413943460068E+02,  0.3861
      2136,       825,  1.413904876354E+02,  0.3862
      2139,       826,  1.413796670877E+02,  0.3862
      2140,       827,  1.413688759995E+02,  0.3864
      2143,       828,  1.412863464245E+02,  0.3864
      2145,       829,  1.412399140511E+02,  0.3865
      2147,       830,  1.412381667675E+02,  0.3866
      2150,       831,  1.412378910869E+02,  0.3865
      2151,       832,  1.412120419487E+02,  0.3868
      2158,       833,  1.411972228512E+02,  0.3860
      2161,       834,  1.411951034718E+02,  0.3859
      2162,       835,  1.411579678020E+02,  0.3862
      2164,       836,  1.411356600143E+02,  0.3863
      2165,       837,  1.411009323375E+02,  0.3866
      2166,       838,  1.409933767262E+02,  0.3869
      2181,       839,  1.409577071534E+02,  0.3847
      2184,       840,  1.409465743756E+02,  0.3846
      2189,       841,  1.409296725640E+02,  0.3842
      2192,       842,  1.409258688351E+02,  0.3841
      2193,       843,  1.409191814215E+02,  0.3844
      2194,       844,  1.409100732843E+02,  0.3847
      2195,       845,  1.409086458786E+02,  0.3850
      2197,       846,  1.409035878481E+02,  0.3851
      2202,       847,  1.408352571425E+02,  0.3847
      2203,       848,  1.408180539599E+02,  0.3849
      2207,       849,  1.408038750787E+02,  0.3847
      2208,       850,  1.407959086559E+02,  0.3850
      2209,       851,  1.407957725575E+02,  0.3852
      2210,       852,  1.407906548833E+02,  0.3855
      2217,       853,  1.407860244179E+02,  0.3848
      2220,       854,  1.407382722894E+02,  0.3847
      2223,       855,  1.407330094073E+02,  0.3846
      2224,       856,  1.407100916413E+02,  0.3849
      2231,       857,  1.406490424744E+02,  0.3841
      2232,       858,  1.406378704181E+02,  0.3844
      2240,       859,  1.406357718569E+02,  0.3835
      2242,       860,  1.406163751479E+02,  0.3836
      2244,       861,  1.406154758619E+02,  0.3837
      2262,       862,  1.405713991104E+02,  0.3811
      2264,       863,  1.405351262153E+02,  0.3812
      2266,       864,  1.405262213865E+02,  0.3813
      2268,       865,  1.404579239594E+02,  0.3814
      2269,       866,  1.403798291277E+02,  0.3817
      2272,       867,  1.403009338636E+02,  0.3816
      2275,       868,  1.402205927788E+02,  0.3815
      2279,       869,  1.402176109652E+02,  0.3813
      2283,       870,  1.401933994912E+02,  0.3811
      2284,       871,  1.401620666091E+02,  0.3813
      2291,       872,  1.401411206755E+02,  0.3806
      2293,       873,  1.401269869757E+02,  0.3807
      2295,       874,  1.401190006697E+02,  0.3808
      2298,       875,  1.401176645811E+02,  0.3808
      2299,       876,  1.400831369082E+02,  0.3810
      2305,       877,  1.400630977494E+02,  0.3805
      2306,       878,  1.400510583381E+02,  0.3807
      2307,       879,  1.400467651472E+02,  0.3810
      2308,       880,  1.399974188347E+02,  0.3813
      2311,       881,  1.399187469691E+02,  0.3812
      2313,       882,  1.399150063557E+02,  0.3813
      2321,       883,  1.399080180596E+02,  0.3804
      2323,       884,  1.398919624151E+02,  0.3805
      2325,       885,  1.398876238960E+02,  0.3806
      2330,       886,  1.398861278079E+02,  0.3803
      2331,       887,  1.398855028736E+02,  0.3805
      2335,       888,  1.398648052878E+02,  0.3803
      2336,       889,  1.398488483205E+02,  0.3806
      2337,       890,  1.398250953670E+02,  0.3808
      2340,       891,  1.398112184656E+02,  0.3808
      2343,       892,  1.398065992797E+02,  0.3807
      2344,       893,  1.397024397584E+02,  0.3810
      2346,       894,  1.396733562714E+02,  0.3811
      2348,       895,  1.396236597413E+02,  0.3812
      2351,       896,  1.396037688967E+02,  0.3811
      2352,       897,  1.395387814333E+02,  0.3814
      2353,       898,  1.395073953344E+02,  0.3816
      2355,       899,  1.395020025810E+02,  0.3817
      2360,       900,  1.394366683529E+02,  0.3814
      2365,       901,  1.394319218279E+02,  0.3810
      2368,       902,  1.393843699720E+02,  0.3809
      2369,       903,  1.393593846270E+02,  0.3812
      2374,       904,  1.393551251349E+02,  0.3808
      2376,       905,  1.393033479505E+02,  0.3809
      2379,       906,  1.392343444609E+02,  0.3808
      2384,       907,  1.392049913055E+02,  0.3805
      2385,       908,  1.391895498694E+02,  0.3807
      2390,       909,  1.391752620773E+02,  0.3803
      2397,       910,  1.391452400854E+02,  0.3796
      2403,       911,  1.391277454473E+02,  0.3791
      2404,       912,  1.390657863192E+02,  0.3794
      2408,       913,  1.389755424767E+02,  0.3792
      2409,       914,  1.389737464988E+02,  0.3794
      2410,       915,  1.388996974116E+02,  0.3797
      2412,       916,  1.388989484609E+02,  0.3798
      2413,       917,  1.388944344678E+02,  0.3800
      2415,       918,  1.388938299468E+02,  0.3801
      2416,       919,  1.388460913894E+02,  0.3804
      2423,       920,  1.387396408811E+02,  0.3797
      2427,       921,  1.387287055652E+02,  0.3795
      2436,       922,  1.387263054527E+02,  0.3785
      2437,       923,  1.386987784339E+02,  0.3787
      2438,       924,  1.386985943749E+02,  0.3790
      2440,       925,  1.386977015243E+02,  0.3791
      2442,       926,  1.386944255023E+02,  0.3792
      2445,       927,  1.386914143702E+02,  0.3791
      2448,       928,  1.386911589937E+02,  0.3791
      2449,       929,  1.386907724243E+02,  0.3793
      2456,       930,  1.386324630658E+02,  0.3787
      2457,       931,  1.386296459310E+02,  0.3789
      2462,       932,  1.385997876589E+02,  0.3786
      2463,       933,  1.385786586938E+02,  0.3788
      2466,       934,  1.385723821981E+02,  0.3788
      2471,       935,  1.385695312603E+02,  0.3784
      2474,       936,  1.385676820563E+02,  0.3783
      2486,       937,  1.385487283316E+02,  0.3769
      2487,       938,  1.385475167588E+02,  0.3772
      2490,       939,  1.385392970604E+02,  0.3771
      2495,       940,  1.384928685064E+02,  0.3768
      2497,       941,  1.384792153809E+02,  0.3769
      2498,       942,  1.384786143714E+02,  0.3771
      2503,       943,  1.384681685449E+02,  0.3767
      2505,       944,  1.384602215142E+02,  0.3768
      2506,       945,  1.384371121451E+02,  0.3771
      2507,       946,  1.383685480676E+02,  0.3773
      2509,       947,  1.382749003703E+02,  0.3774
      2515,       948,  1.382355730393E+02,  0.3769
      2516,       949,  1.382272859964E+02,  0.3772
      2518,       950,  1.381750002646E+02,  0.3773
      2529,       951,  1.381418247400E+02,  0.3760
      2532,       952,  1.381265445676E+02,  0.3760
      2537,       953,  1.381252639090E+02,  0.3756
      2539,       954,  1.381157671973E+02,  0.3757
      2544,       955,  1.381135544998E+02,  0.3754
      2545,       956,  1.380893863171E+02,  0.3756
      2548,       957,  1.380893295826E+02,  0.3756
      2551,       958,  1.380571654326E+02,  0.3755
      2557,       959,  1.379763056959E+02,  0.3750
      2562,       960,  1.379106188125E+02,  0.3747
      2563,       961,  1.378816698023E+02,  0.3750
      2564,       962,  1.378696159815E+02,  0.3752
      2566,       963,  1.378306019416E+02,  0.3753
      2569,       964,  1.378235992524E+02,  0.3752
      2572,       965,  1.378118456489E+02,  0.3752
      2576,       966,  1.377986395151E+02,  0.3750
      2581,       967,  1.377827145911E+02,  0.3747
      2585,       968,  1.377015678835E+02,  0.3745
      2589,       969,  1.376895052179E+02,  0.3743
      2590,       970,  1.376461089142E+02,  0.3745
      2596,       971,  1.376438514433E+02,  0.3740
      2597,       972,  1.375616974729E+02,  0.3743
      2598,       973,  1.374483589541E+02,  0.3745
      2600,       974,  1.374363947328E+02,  0.3746
      2602,       975,  1.374064470050E+02,  0.3747
      2605,       976,  1.373932715142E+02,  0.3747
      2606,       977,  1.373494008463E+02,  0.3749
      2611,       978,  1.373398494564E+02,  0.3746
      2612,       979,  1.372600238861E+02,  0.3748
      2619,       980,  1.372569567809E+02,  0.3742
      2621,       981,  1.372465500857E+02,  0.3743
      2622,       982,  1.372401043142E+02,  0.3745
      2628,       983,  1.372209712463E+02,  0.3740
      2629,       984,  1.372193799514E+02,  0.3743
      2630,       985,  1.372185274580E+02,  0.3745
      2631,       986,  1.372113037451E+02,  0.3748
      2633,       987,  1.371285404716E+02,  0.3749
      2635,       988,  1.371045650939E+02,  0.3750
      2636,       989,  1.370613048468E+02,  0.3752
      2637,       990,  1.370399239691E+02,  0.3754
      2639,       991,  1.370301084296E+02,  0.3755
      2641,       992,  1.369746022917E+02,  0.3756
      2642,       993,  1.369732455019E+02,  0.3759
      2645,       994,  1.369397123284E+02,  0.3758
      2648,       995,  1.369380050969E+02,  0.3758
      2649,       996,  1.369349414973E+02,  0.3760
      2657,       997,  1.369314241278E+02,  0.3752
      2658,       998,  1.369145039660E+02,  0.3755
      2662,       999,  1.369131682109E+02,  0.3753
      2666,      1000,  1.369085582310E+02,  0.3751
      2669,      1001,  1.369085283724E+02,  0.3750
      2679,      1002,  1.369046071812E+02,  0.3740
      2682,      1003,  1.368964036836E+02,  0.3740
      2683,      1004,  1.368666736213E+02,  0.3742
      2684,      1005,  1.368490218722E+02,  0.3744
      2686,      1006,  1.368481905999E+02,  0.3745
      2689,      1007,  1.368294339643E+02,  0.3745
      2690,      1008,  1.368266620309E+02,  0.3747
      2693,      1009,  1.368105242409E+02,  0.3747
      2695,      1010,  1.368092072578E+02,  0.3748
      2696,      1011,  1.367677923177E+02,  0.3750
      2697,      1012,  1.367664153604E+02,  0.3752
      2707,      1013,  1.367308701463E+02,  0.3742
      2708,      1014,  1.367188374141E+02,  0.3744
      2711,      1015,  1.367185459667E+02,  0.3744
      2712,      1016,  1.367160999026E+02,  0.3746
      2713,      1017,  1.367101435349E+02,  0.3749
      2730,      1018,  1.366216714868E+02,  0.3729
      2734,      1019,  1.366178326110E+02,  0.3727
      2743,      1020,  1.366091557195E+02,  0.3719
      2746,      1021,  1.366080970012E+02,  0.3718
      2747,      1022,  1.366032837280E+02,  0.3720
      2751,      1023,  1.365551376509E+02,  0.3719
      2752,      1024,  1.365413430300E+02,  0.3721
      2753,      1025,  1.364972948720E+02,  0.3723
      2760,      1026,  1.364963772293E+02,  0.3717
      2763,      1027,  1.364932457981E+02,  0.3717
      2764,      1028,  1.364404372731E+02,  0.3719
      2768,      1029,  1.364290069999E+02,  0.3717
      2771,      1030,  1.364272671074E+02,  0.3717
      2773,      1031,  1.364240636232E+02,  0.3718
      2779,      1032,  1.363880117036E+02,  0.3714
      2780,      1033,  1.363863974608E+02,  0.3716
      2781,      1034,  1.363781659660E+02,  0.3718
      2782,      1035,  1.363706965050E+02,  0.3720
      2784,      1036,  1.363554715208E+02,  0.3721
      2787,      1037,  1.363445014107E+02,  0.3721
      2788,      1038,  1.363225976611E+02,  0.3723
      2794,      1039,  1.362919713850E+02,  0.3719
      2795,      1040,  1.362919138794E+02,  0.3721
      2805,      1041,  1.362504188562E+02,  0.3711
      2807,      1042,  1.362500575481E+02,  0.3712
      2808,      1043,  1.362150974737E+02,  0.3714
      2810,      1044,  1.361991961949E+02,  0.3715
      2814,      1045,  1.361977231239E+02,  0.3714
      2815,      1046,  1.361645674990E+02,  0.3716
      2820,      1047,  1.361285354599E+02,  0.3713
      2824,      1048,  1.361050565825E+02,  0.3711
      2831,      1049,  1.360654798078E+02,  0.3705
      2832,      1050,  1.360540288761E+02,  0.3708
      2834,      1051,  1.359903932027E+02,  0.3709
      2840,      1052,  1.359836608763E+02,  0.3704
      2849,      1053,  1.359384070939E+02,  0.3696
      2855,      1054,  1.359319710367E+02,  0.3692
      2860,      1055,  1.358893957867E+02,  0.3689
      2862,      1056,  1.358866513981E+02,  0.3690
      2863,      1057,  1.358851937519E+02,  0.3692
      2865,      1058,  1.358764583867E+02,  0.3693
      2869,      1059,  1.358358593942E+02,  0.3691
      2873,      1060,  1.357803246844E+02,  0.3690
      2874,      1061,  1.357755132242E+02,  0.3692
      2877,      1062,  1.357546974232E+02,  0.3691
      2879,      1063,  1.357500695787E+02,  0.3692
      2895,      1064,  1.357276875666E+02,  0.3675
      2900,      1065,  1.357239176692E+02,  0.3672
      2906,      1066,  1.356159143263E+02,  0.3668
      2908,      1067,  1.356127517477E+02,  0.3669
      2911,      1068,  1.355736424922E+02,  0.3669
      2917,      1069,  1.355687425703E+02,  0.3665
      2919,      1070,  1.355477275645E+02,  0.3666
      2928,      1071,  1.355320107854E+02,  0.3658
      2929,      1072,  1.354604647641E+02,  0.3660
      2936,      1073,  1.354342286315E+02,  0.3655
      2938,      1074,  1.354283588792E+02,  0.3656
      2939,      1075,  1.354275361805E+02,  0.3658
      2943,      1076,  1.354263581407E+02,  0.3656
      2947,      1077,  1.353910127473E+02,  0.3655
      2948,      1078,  1.353842082758E+02,  0.3657
      2951,      1079,  1.353615906059E+02,  0.3656
      2967,      1080,  1.353579451512E+02,  0.3640
      2968,      1081,  1.353121324832E+02,  0.3642
      2972,      1082,  1.353058842635E+02,  0.3641
      2978,      1083,  1.352731285166E+02,  0.3637
      2979,      1084,  1.352696043179E+02,  0.3639
      2981,      1085,  1.352035602358E+02,  0.3640
      2986,      1086,  1.351835550366E+02,  0.3637
      2987,      1087,  1.351520358687E+02,  0.3639
      2988,      1088,  1.351399639808E+02,  0.3641
      2990,      1089,  1.350976681249E+02,  0.3642
      2992,      1090,  1.350701195158E+02,  0.3643
      2999,      1091,  1.350197384237E+02,  0.3638
      3001,      1092,  1.350158970426E+02,  0.3639
      3003,      1093,  1.349799052897E+02,  0.3640
      3015,      1094,  1.349613363063E+02,  0.3629
      3018,      1095,  1.349486257756E+02,  0.3628
      3025,      1096,  1.349478207058E+02,  0.3623
      3028,      1097,  1.349331084533E+02,  0.3623
      3031,      1098,  1.349162751753E+02,  0.3623
      3035,      1099,  1.349112551470E+02,  0.3621
      3036,      1100,  1.348977145421E+02,  0.3623
      3042,      1101,  1.348947997599E+02,  0.3619
      3043,      1102,  1.348210570157E+02,  0.3621
      3044,      1103,  1.348023230494E+02,  0.3624
      3047,      1104,  1.347868222775E+02,  0.3623
      3068,      1105,  1.347583326156E+02,  0.3602
      3074,      1106,  1.347555178124E+02,  0.3598
      3075,      1107,  1.347455451788E+02,  0.3600
      3077,      1108,  1.347436780357E+02,  0.3601
      3078,      1109,  1.347303647138E+02,  0.3603
      3085,      1110,  1.347288588941E+02,  0.3598
      3098,      1111,  1.347271536943E+02,  0.3586
      3100,      1112,  1.346959390555E+02,  0.3587
      3101,      1113,  1.346760019175E+02,  0.3589
      3104,      1114,  1.345516439350E+02,  0.3589
      3105,      1115,  1.345343826886E+02,  0.3591
      3111,      1116,  1.344857870007E+02,  0.3587
      3115,      1117,  1.344638765562E+02,  0.3586
      3116,      1118,  1.344475337705E+02,  0.3588
      3121,      1119,  1.344475230640E+02,  0.3585
      3123,      1120,  1.344469413533E+02,  0.3586
      3127,      1121,  1.344319254433E+02,  0.3585
      3130,      1122,  1.344168178688E+02,  0.3585
      3131,      1123,  1.343936438269E+02,  0.3587
      3134,      1124,  1.343882462330E+02,  0.3586
      3136,      1125,  1.343290996367E+02,  0.3587
      3140,      1126,  1.343223496180E+02,  0.3586
      3141,      1127,  1.342681197749E+02,  0.3588
      3142,      1128,  1.342505537408E+02,  0.3590
      3143,      1129,  1.342266119956E+02,  0.3592
      3154,      1130,  1.341935504023E+02,  0.3583
      3157,      1131,  1.341907069138E+02,  0.3583
      3160,      1132,  1.341879070796E+02,  0.3582
      3161,      1133,  1.341835651709E+02,  0.3584
      3162,      1134,  1.341563970720E+02,  0.3586
      3163,      1135,  1.341534201684E+02,  0.3588
      3165,      1136,  1.341533691893E+02,  0.3589
      3170,      1137,  1.341240988414E+02,  0.3587
      3177,      1138,  1.340995963904E+02,  0.3582
      3181,      1139,  1.340380861051E+02,  0.3581
      3183,      1140,  1.340229878299E+02,  0.3582
      3185,      1141,  1.340160657556E+02,  0.3582
      3187,      1142,  1.339100226112E+02,  0.3583
      3191,      1143,  1.339087182460E+02,  0.3582
      3193,      1144,  1.339085203839E+02,  0.3583
      3200,      1145,  1.339033381108E+02,  0.3578
      3210,      1146,  1.339030085285E+02,  0.3570
      3215,      1147,  1.338986127162E+02,  0.3568
      3226,      1148,  1.338977901322E+02,  0.3559
      3232,      1149,  1.338700187911E+02,  0.3555
      3237,      1150,  1.338698504972E+02,  0.3553
      3238,      1151,  1.338677645046E+02,  0.3555
      3240,      1152,  1.338557489247E+02,  0.3556
      3253,      1153,  1.338550195484E+02,  0.3544
      3260,      1154,  1.338537433939E+02,  0.3540
      3266,      1155,  1.338496192596E+02,  0.3536
      3270,      1156,  1.338026751833E+02,  0.3535
      3273,      1157,  1.337814020660E+02,  0.3535
      3275,      1158,  1.337733458654E+02,  0.3536
      3279,      1159,  1.337658485813E+02,  0.3535
      3280,      1160,  1.337451922039E+02,  0.3537
      3282,      1161,  1.337428505399E+02,  0.3537
      3284,      1162,  1.337387916761E+02,  0.3538
      3293,      1163,  1.336812072988E+02,  0.3532
      3299,      1164,  1.336773734093E+02,  0.3528
      3300,      1165,  1.336730117223E+02,  0.3530
      3301,      1166,  1.336654497160E+02,  0.3532
      3303,      1167,  1.336613729163E+02,  0.3533
      3306,      1168,  1.336479283424E+02,  0.3533
      3307,      1169,  1.336247773664E+02,  0.3535
      3308,      1170,  1.335595285181E+02,  0.3537
      3323,      1171,  1.335546702263E+02,  0.3524
      3339,      1172,  1.335530694751E+02,  0.3510
      3344,      1173,  1.335528301408E+02,  0.3508
      3349,      1174,  1.335498765988E+02,  0.3506
      3351,      1175,  1.335440037845E+02,  0.3506
      3360,      1176,  1.335437692111E+02,  0.3500
      3361,      1177,  1.335251047750E+02,  0.3502
      3376,      1178,  1.335220941732E+02,  0.3489
      3378,      1179,  1.334787615305E+02,  0.3490
      3389,      1180,  1.334772361400E+02,  0.3482
      3393,      1181,  1.334761179616E+02,  0.3481
      3394,      1182,  1.334358615611E+02,  0.3483
      3395,      1183,  1.334241144944E+02,  0.3485
      3403,      1184,  1.334229588290E+02,  0.3479
      3405,      1185,  1.334155577526E+02,  0.3480
      3414,      1186,  1.333676062064E+02,  0.3474
      3417,      1187,  1.333659150498E+02,  0.3474
      3419,      1188,  1.333522731034E+02,  0.3475
      3421,      1189,  1.333441728667E+02,  0.3476
      3423,      1190,  1.332862269931E+02,  0.3476
      3424,      1191,  1.331841317447E+02,  0.3478
      3427,      1192,  1.331828398477E+02,  0.3478
      3428,      1193,  1.331799913591E+02,  0.3480
      3431,      1194,  1.331697669310E+02,  0.3480
      3436,      1195,  1.331685604229E+02,  0.3478
      3437,      1196,  1.331657102168E+02,  0.3480
      3441,      1197,  1.331648943276E+02,  0.3479
      3448,      1198,  1.331544966472E+02,  0.3474
      3454,      1199,  1.331395257379E+02,  0.3471
      3457,      1200,  1.331344441318E+02,  0.3471
      3458,      1201,  1.331229049951E+02,  0.3473
      3460,      1202,  1.331180775549E+02,  0.3474
      3463,      1203,  1.331155532910E+02,  0.3474
      3465,      1204,  1.331115013646E+02,  0.3475
      3467,      1205,  1.331081451430E+02,  0.3476
      3469,      1206,  1.331079097480E+02,  0.3477
      3470,      1207,  1.330700209024E+02,  0.3478
      3484,      1208,  1.330576785236E+02,  0.3467
      3485,      1209,  1.330561207848E+02,  0.3469
      3487,      1210,  1.330494201809E+02,  0.3470
      3489,      1211,  1.330487566978E+02,  0.3471
      3498,      1212,  1.330484761574E+02,  0.3465
      3511,      1213,  1.330084821446E+02,  0.3455
      3514,      1214,  1.330033750376E+02,  0.3455
      3519,      1215,  1.329959614051E+02,  0.3453
      3523,      1216,  1.329847195554E+02,  0.3452
      3527,      1217,  1.329514493610E+02,  0.3451
      3529,      1218,  1.329496252830E+02,  0.3451
      3536,      1219,  1.329493506387E+02,  0.3447
      3544,      1220,  1.329271338815E+02,  0.3442
      3546,      1221,  1.328572137641E+02,  0.3443
      3551,      1222,  1.328346554990E+02,  0.3441
      3557,      1223,  1.328301287503E+02,  0.3438
      3565,      1224,  1.328275444845E+02,  0.3433
      3567,      1225,  1.328107764439E+02,  0.3434
      3570,      1226,  1.328041396598E+02,  0.3434
      3575,      1227,  1.327931035957E+02,  0.3432
      3576,      1228,  1.327839958003E+02,  0.3434
      3585,      1229,  1.327776222958E+02,  0.3428
      3588,      1230,  1.327667084043E+02,  0.3428
      3601,      1231,  1.327552772074E+02,  0.3418
      3613,      1232,  1.326798923309E+02,  0.3410
      3617,      1233,  1.326568123220E+02,  0.3409
      3618,      1234,  1.326565821480E+02,  0.3411
      3620,      1235,  1.326447261303E+02,  0.3412
      3627,      1236,  1.326410434849E+02,  0.3408
      3629,      1237,  1.326048657699E+02,  0.3409
      3631,      1238,  1.325564017552E+02,  0.3410
      3632,      1239,  1.325384960986E+02,  0.3411
      3643,      1240,  1.325228305195E+02,  0.3404
      3656,      1241,  1.325042430997E+02,  0.3394
      3660,      1242,  1.324603293157E+02,  0.3393
      3668,      1243,  1.324589542280E+02,  0.3389
      3669,      1244,  1.324548070980E+02,  0.3391
      3671,      1245,  1.324512106064E+02,  0.3391
      3672,      1246,  1.324369880480E+02,  0.3393
      3673,      1247,  1.324352325768E+02,  0.3395
      3676,      1248,  1.324340228665E+02,  0.3395
      3684,      1249,  1.324339220791E+02,  0.3390
      3688,      1250,  1.324324178178E+02,  0.3389
      3692,      1251,  1.324318980652E+02,  0.3388
      3696,      1252,  1.324309213484E+02,  0.3387
      3698,      1253,  1.324297522369E+02,  0.3388
      3699,      1254,  1.323645956090E+02,  0.3390
      3705,      1255,  1.323634633036E+02,  0.3387
      3709,      1256,  1.323506402928E+02,  0.3386
      3711,      1257,  1.323231638801E+02,  0.3387
      3718,      1258,  1.323157916273E+02,  0.3384
      3721,      1259,  1.323035736497E+02,  0.3383
      3723,      1260,  1.322589701169E+02,  0.3384
      3728,      1261,  1.322201774218E+02,  0.3383
      3729,      1262,  1.321874610096E+02,  0.3384
      3730,      1263,  1.321750200344E+02,  0.3386
      3734,      1264,  1.320937772905E+02,  0.3385
      3737,      1265,  1.320921990659E+02,  0.3385
      3738,      1266,  1.320855098258E+02,  0.3387
      3741,      1267,  1.320489999194E+02,  0.3387
      3744,      1268,  1.320488887298E+02,  0.3387
      3745,      1269,  1.320486357113E+02,  0.3389
      3753,      1270,  1.320468011710E+02,  0.3384
      3755,      1271,  1.320432610718E+02,  0.3385
      3765,      1272,  1.320332883686E+02,  0.3378
      3769,      1273,  1.320300364986E+02,  0.3378
      3776,      1274,  1.320224771905E+02,  0.3374
      3777,      1275,  1.320218814781E+02,  0.3376
      3789,      1276,  1.320169667495E+02,  0.3368
      3800,      1277,  1.320013891688E+02,  0.3361
      3801,      1278,  1.319676747795E+02,  0.3362
      3802,      1279,  1.319277713432E+02,  0.3364
      3805,      1280,  1.319264308530E+02,  0.3364
      3806,      1281,  1.319141650099E+02,  0.3366
      3811,      1282,  1.319091789716E+02,  0.3364
      3812,      1283,  1.319003094449E+02,  0.3366
      3814,      1284,  1.318955151205E+02,  0.3367
      3816,      1285,  1.318938240450E+02,  0.3367
      3822,      1286,  1.318621214868E+02,  0.3365
      3826,      1287,  1.318297899446E+02,  0.3364
      3827,      1288,  1.318263379246E+02,  0.3366
      3833,      1289,  1.318202867258E+02,  0.3363
      3836,      1290,  1.318183707039E+02,  0.3363
      3837,      1291,  1.318090508928E+02,  0.3365
      3840,      1292,  1.317980115930E+02,  0.3365
      3867,      1293,  1.317771059275E+02,  0.3344
      3872,      1294,  1.317137840053E+02,  0.3342
      3873,      1295,  1.317050664268E+02,  0.3344
      3875,      1296,  1.316623083573E+02,  0.3345
      3879,      1297,  1.316620695984E+02,  0.3344
      3880,      1298,  1.316571662032E+02,  0.3345
      3881,      1299,  1.316358185578E+02,  0.3347
      3887,      1300,  1.316340246376E+02,  0.3344
      3888,      1301,  1.316041868502E+02,  0.3346
      3892,      1302,  1.316012108207E+02,  0.3345
      3908,      1303,  1.315457962244E+02,  0.3334
      3909,      1304,  1.315429911270E+02,  0.3336
      3914,      1305,  1.315397599479E+02,  0.3334
      3916,      1306,  1.315394729056E+02,  0.3335
      3925,      1307,  1.315234398782E+02,  0.3330
      3928,      1308,  1.315232676297E+02,  0.3330
      3943,      1309,  1.314939876538E+02,  0.3320
      3949,      1310,  1.314920841097E+02,  0.3317
      3953,      1311,  1.314861477713E+02,  0.3316
      3956,      1312,  1.314820082077E+02,  0.3316
      3958,      1313,  1.314774478219E+02,  0.3317
      3962,      1314,  1.314415927122E+02,  0.3317
      3966,      1315,  1.314331714231E+02,  0.3316
      3967,      1316,  1.314311561602E+02,  0.3317
      3969,      1317,  1.313565381809E+02,  0.3318
      3971,      1318,  1.313555300378E+02,  0.3319
      3972,      1319,  1.313521971936E+02,  0.3321
      3982,      1320,  1.313511457179E+02,  0.3315
      3983,      1321,  1.313208692858E+02,  0.3317
      3985,      1322,  1.313186832243E+02,  0.3317
      3987,      1323,  1.312577510535E+02,  0.3318
      3991,      1324,  1.312562783087E+02,  0.3317
      4000,      1325,  1.312506701020E+02,  0.3312
      4006,      1326,  1.312444932430E+02,  0.3310
      4007,      1327,  1.312430721901E+02,  0.3312
      4009,      1328,  1.312428587156E+02,  0.3313
      4012,      1329,  1.312386673654E+02,  0.3313
      4028,      1330,  1.312359115887E+02,  0.3302
      4032,      1331,  1.312034799097E+02,  0.3301
      4045,      1332,  1.312028556871E+02,  0.3293
      4046,      1333,  1.312027333638E+02,  0.3295
      4047,      1334,  1.311153046286E+02,  0.3296
      4051,      1335,  1.310806555231E+02,  0.3295
      4059,      1336,  1.310513112127E+02,  0.3291
      4063,      1337,  1.310495626206E+02,  0.3291
      4068,      1338,  1.310495257112E+02,  0.3289
      4071,      1339,  1.310130383662E+02,  0.3289
      4073,      1340,  1.310080032640E+02,  0.3290
      4076,      1341,  1.310076307179E+02,  0.3290
      4081,      1342,  1.309959965582E+02,  0.3288
      4083,      1343,  1.309916800743E+02,  0.3289
      4085,      1344,  1.309821106954E+02,  0.3290
      4102,      1345,  1.309819217088E+02,  0.3279
      4103,      1346,  1.309818946561E+02,  0.3281
      4106,      1347,  1.309815737165E+02,  0.3281
      4112,      1348,  1.309811421773E+02,  0.3278
      4120,      1349,  1.309808513807E+02,  0.3274
      4132,      1350,  1.309800531337E+02,  0.3267
      4136,      1351,  1.309735170364E+02,  0.3266
      4137,      1352,  1.309554009557E+02,  0.3268
      4152,      1353,  1.309490805754E+02,  0.3259
      4156,      1354,  1.309486996350E+02,  0.3258
      4159,      1355,  1.309209738684E+02,  0.3258
      4161,      1356,  1.309053306838E+02,  0.3259
      4163,      1357,  1.308912975041E+02,  0.3260
      4170,      1358,  1.308843105416E+02,  0.3257
      4178,      1359,  1.308817598834E+02,  0.3253
      4187,      1360,  1.308809308992E+02,  0.3248
      4192,      1361,  1.308774087898E+02,  0.3247
      4199,      1362,  1.308707655160E+02,  0.3244
      4208,      1363,  1.308705046200E+02,  0.3239
      4212,      1364,  1.308360786700E+02,  0.3238
      4213,      1365,  1.308350806322E+02,  0.3240
      4217,      1366,  1.308342425636E+02,  0.3239
      4220,      1367,  1.308328585693E+02,  0.3239
      4226,      1368,  1.308075977015E+02,  0.3237
      4231,      1369,  1.308067416619E+02,  0.3236
      4235,      1370,  1.307820754973E+02,  0.3235
      4241,      1371,  1.307659813964E+02,  0.3233
      4256,      1372,  1.307646280345E+02,  0.3224
      4265,      1373,  1.307200677058E+02,  0.3219
      4285,      1374,  1.307000222942E+02,  0.3207
      4286,      1375,  1.306999158619E+02,  0.3208
      4288,      1376,  1.306833871194E+02,  0.3209
      4291,      1377,  1.306799501019E+02,  0.3209
      4292,      1378,  1.306784714629E+02,  0.3211
      4299,      1379,  1.306463543235E+02,  0.3208
      4339,      1380,  1.306152138034E+02,  0.3180
      4343,      1381,  1.306139622104E+02,  0.3180
      4350,      1382,  1.306098860024E+02,  0.3177
      4361,      1383,  1.306010682045E+02,  0.3171
      4363,      1384,  1.305858350053E+02,  0.3172
      4372,      1385,  1.305812609039E+02,  0.3168
      4380,      1386,  1.305706643099E+02,  0.3164
      4382,      1387,  1.305607114998E+02,  0.3165
      4385,      1388,  1.305358848671E+02,  0.3165
      4391,      1389,  1.305348350130E+02,  0.3163
      4400,      1390,  1.305258407322E+02,  0.3159
      4405,      1391,  1.305253685017E+02,  0.3158
      4408,      1392,  1.304928655439E+02,  0.3158
      4420,      1393,  1.304880117518E+02,  0.3152
      4426,      1394,  1.304462148753E+02,  0.3150
      4427,      1395,  1.304437751658E+02,  0.3151
      4431,      1396,  1.303966486274E+02,  0.3151
      4458,      1397,  1.303873313433E+02,  0.3134
      4476,      1398,  1.303860066468E+02,  0.3123
      4484,      1399,  1.303859078707E+02,  0.3120
      4485,      1400,  1.303728168348E+02,  0.3122
      4489,      1401,  1.303681721454E+02,  0.3121
      4492,      1402,  1.303671305236E+02,  0.3121
      4493,      1403,  1.303440784259E+02,  0.3123
      4494,      1404,  1.303004626520E+02,  0.3124
      4499,      1405,  1.302587290294E+02,  0.3123
      4503,      1406,  1.302461425564E+02,  0.3122
      4506,      1407,  1.302455148684E+02,  0.3123
      4510,      1408,  1.302382716723E+02,  0.3122
      4511,      1409,  1.302369046218E+02,  0.3123
      4514,      1410,  1.302226528551E+02,  0.3124
      4517,      1411,  1.302215263278E+02,  0.3124
      4518,      1412,  1.302207853471E+02,  0.3125
      4524,      1413,  1.302131270871E+02,  0.3123
      4527,      1414,  1.301826609886E+02,  0.3123
      4529,      1415,  1.301726909077E+02,  0.3124
      4531,      1416,  1.301556370198E+02,  0.3125
      4539,      1417,  1.301549302753E+02,  0.3122
      4550,      1418,  1.301476182247E+02,  0.3116
      4555,      1419,  1.301313573708E+02,  0.3115
      4574,      1420,  1.301190849865E+02,  0.3105
      4579,      1421,  1.301178381996E+02,  0.3103
      4587,      1422,  1.300778749730E+02,  0.3100
      4588,      1423,  1.300342347512E+02,  0.3102
      4596,      1424,  1.300340185228E+02,  0.3098
      4603,      1425,  1.300331834509E+02,  0.3096
      4609,      1426,  1.300330860185E+02,  0.3094
      4615,      1427,  1.300177203549E+02,  0.3092
      4617,      1428,  1.300166071488E+02,  0.3093
      4623,      1429,  1.300147704879E+02,  0.3091
      4633,      1430,  1.300128904430E+02,  0.3087
      4640,      1431,  1.299891005491E+02,  0.3084
      4642,      1432,  1.299738262403E+02,  0.3085
      4646,      1433,  1.299335422320E+02,  0.3084
      4670,      1434,  1.298727801682E+02,  0.3071
      4671,      1435,  1.298726316338E+02,  0.3072
      4679,      1436,  1.298693359600E+02,  0.3069
      4680,      1437,  1.298673627754E+02,  0.3071
      4683,      1438,  1.298323303083E+02,  0.3071
      4688,      1439,  1.298301736481E+02,  0.3070
      4692,      1440,  1.298279679395E+02,  0.3069
      4695,      1441,  1.298270515231E+02,  0.3069
      4700,      1442,  1.298175683952E+02,  0.3068
      4708,      1443,  1.298165001203E+02,  0.3065
      4717,      1444,  1.298160551598E+02,  0.3061
      4720,      1445,  1.298155726705E+02,  0.3061
      4723,      1446,  1.298145044038E+02,  0.3062
      4730,      1447,  1.298144681682E+02,  0.3059
      4731,      1448,  1.298144221616E+02,  0.3061
      4736,      1449,  1.298138717592E+02,  0.3060
      4740,      1450,  1.298094172430E+02,  0.3059
      4751,      1451,  1.298089362357E+02,  0.3054
      4758,      1452,  1.298083815779E+02,  0.3052
      4772,      1453,  1.297957675200E+02,  0.3045
      4776,      1454,  1.297507619645E+02,  0.3044
      4779,      1455,  1.297360669215E+02,  0.3045
      4784,      1456,  1.297360303002E+02,  0.3043
      4787,      1457,  1.297335823066E+02,  0.3044
      4793,      1458,  1.297213889105E+02,  0.3042
      4807,      1459,  1.297202075751E+02,  0.3035
      4809,      1460,  1.297192197287E+02,  0.3036
      4826,      1461,  1.297187133064E+02,  0.3027
      4828,      1462,  1.296844097496E+02,  0.3028
      4829,      1463,  1.296834559965E+02,  0.3030
      4837,      1464,  1.296812172097E+02,  0.3027
      4845,      1465,  1.296809352907E+02,  0.3024
      4846,      1466,  1.296708514954E+02,  0.3025
      4854,      1467,  1.296468239855E+02,  0.3022
      4878,      1468,  1.296445042465E+02,  0.3009
      4887,      1469,  1.296433763206E+02,  0.3006
      4897,      1470,  1.296322714792E+02,  0.3002
      4898,      1471,  1.296114995980E+02,  0.3003
      4915,      1472,  1.296114821990E+02,  0.2995
      4917,      1473,  1.296106048284E+02,  0.2996
      4923,      1474,  1.295373195792E+02,  0.2994
      4925,      1475,  1.295322990293E+02,  0.2995
      4934,      1476,  1.295318553396E+02,  0.2991
      4936,      1477,  1.295269243095E+02,  0.2992
      4938,      1478,  1.295266904907E+02,  0.2993
      4940,      1479,  1.295266127895E+02,  0.2994
      4956,      1480,  1.295228813516E+02,  0.2986
      4959,      1481,  1.295183313038E+02,  0.2986
      4965,      1482,  1.294998626420E+02,  0.2985
      4971,      1483,  1.294842873669E+02,  0.2983
      4980,      1484,  1.294816030131E+02,  0.2980
      4981,      1485,  1.294811500212E+02,  0.2981
      4985,      1486,  1.294771464062E+02,  0.2981
      4986,      1487,  1.294014101794E+02,  0.2982
      4998,      1488,  1.293969702992E+02,  0.2977
      5008,      1489,  1.293683592227E+02,  0.2973
      5017,      1490,  1.293680233076E+02,  0.2970
      5032,      1491,  1.293663441515E+02,  0.2963
      5037,      1492,  1.293393718675E+02,  0.2962
      5038,      1493,  1.293222380267E+02,  0.2963
      5046,      1494,  1.293214576477E+02,  0.2961
      5056,      1495,  1.293097911562E+02,  0.2957
      5057,      1496,  1.293094239145E+02,  0.2958
      5072,      1497,  1.293093702175E+02,  0.2951
      5078,      1498,  1.292795999233E+02,  0.2950
      5085,      1499,  1.292648058216E+02,  0.2948
      5093,      1500,  1.292619149114E+02,  0.2945
      5094,      1501,  1.292593912978E+02,  0.2947
      5102,      1502,  1.292586701288E+02,  0.2944
      5104,      1503,  1.292578920222E+02,  0.2945
      5110,      1504,  1.292557940902E+02,  0.2943
      5116,      1505,  1.292441473780E+02,  0.2942
      5123,      1506,  1.292438601877E+02,  0.2940
      5125,      1507,  1.292369572052E+02,  0.2940
      5135,      1508,  1.292365049142E+02,  0.2937
      5140,      1509,  1.292330512188E+02,  0.2936
      5141,      1510,  1.292271745944E+02,  0.2937
      5146,      1511,  1.292230358793E+02,  0.2936
      5155,      1512,  1.292219884142E+02,  0.2933
      5160,      1513,  1.292043910512E+02,  0.2932
      5162,      1514,  1.292005089590E+02,  0.2933
      5177,      1515,  1.292001031700E+02,  0.2926
      5179,      1516,  1.291933890559E+02,  0.2927
      5186,      1517,  1.291886658193E+02,  0.2925
      5188,      1518,  1.291880231276E+02,  0.2926
      5190,      1519,  1.291875923701E+02,  0.2927
      5193,      1520,  1.291819927259E+02,  0.2927
      5212,      1521,  1.291785778723E+02,  0.2918
      5214,      1522,  1.291757810861E+02,  0.2919
      5215,      1523,  1.291716566591E+02,  0.2920
      5223,      1524,  1.291517527934E+02,  0.2918
      5227,      1525,  1.290598947254E+02,  0.2918
      5233,      1526,  1.290598900289E+02,  0.2916
      5235,      1527,  1.290598669335E+02,  0.2917
      5250,      1528,  1.290590771070E+02,  0.2910
      5254,      1529,  1.290552703805E+02,  0.2910
      5257,      1530,  1.290517479123E+02,  0.2910
      5262,      1531,  1.290504619601E+02,  0.2910
      5266,      1532,  1.290148336128E+02,  0.2909
      5272,      1533,  1.290144755685E+02,  0.2908
      5279,      1534,  1.290134179223E+02,  0.2906
      5283,      1535,  1.290092996748E+02,  0.2906
      5284,      1536,  1.290088183480E+02,  0.2907
      5300,      1537,  1.289480917847E+02,  0.2900
      5306,      1538,  1.289449184814E+02,  0.2899
      5315,      1539,  1.289435056766E+02,  0.2896
      5319,      1540,  1.289425556576E+02,  0.2895
      5329,      1541,  1.289295530007E+02,  0.2892
      5350,      1542,  1.288742778982E+02,  0.2882
      5351,      1543,  1.288679353596E+02,  0.2884
      5357,      1544,  1.288673246818E+02,  0.2882
      5361,      1545,  1.288668401167E+02,  0.2882
      5374,      1546,  1.288633824537E+02,  0.2877
      5386,      1547,  1.288633077897E+02,  0.2872
      5387,      1548,  1.288577618990E+02,  0.2874
      5391,      1549,  1.288549748672E+02,  0.2873
      5409,      1550,  1.288533456995E+02,  0.2866
      5410,      1551,  1.288526100959E+02,  0.2867
      5411,      1552,  1.288522814645E+02,  0.2868
      5430,      1553,  1.288483442774E+02,  0.2860
      5442,      1554,  1.288481228797E+02,  0.2856
      5456,      1555,  1.288318122310E+02,  0.2850
      5465,      1556,  1.288301496682E+02,  0.2847
      5469,      1557,  1.288276889484E+02,  0.2847
      5470,      1558,  1.288271842438E+02,  0.2848
      5474,      1559,  1.288271437423E+02,  0.2848
      5480,      1560,  1.288267694088E+02,  0.2847
      5492,      1561,  1.288112593007E+02,  0.2842
      5501,      1562,  1.288109186618E+02,  0.2839
      5506,      1563,  1.288109116823E+02,  0.2839
      5513,      1564,  1.288107171758E+02,  0.2837
      5519,      1565,  1.288106698407E+02,  0.2836
      5525,      1566,  1.288097615260E+02,  0.2834
      5527,      1567,  1.288097357217E+02,  0.2835
      5529,      1568,  1.288084059784E+02,  0.2836
      5537,      1569,  1.288039679211E+02,  0.2834
      5542,      1570,  1.287572522806E+02,  0.2833
      5559,      1571,  1.287539685585E+02,  0.2826
      5564,      1572,  1.287522377115E+02,  0.2825
      5565,      1573,  1.287516294324E+02,  0.2827
      5568,      1574,  1.287337068692E+02,  0.2827
      5595,      1575,  1.287333179637E+02,  0.2815
      5605,      1576,  1.287328426428E+02,  0.2812
      5627,      1577,  1.287319269458E+02,  0.2803
      5634,      1578,  1.287190929412E+02,  0.2801
      5639,      1579,  1.287190317253E+02,  0.2800
      5644,      1580,  1.287172367674E+02,  0.2799
      5662,      1581,  1.287171677604E+02,  0.2792
      5663,      1582,  1.287161112922E+02,  0.2794
      5665,      1583,  1.287159595661E+02,  0.2794
      5668,      1584,  1.286894171599E+02,  0.2795
      5681,      1585,  1.286883694031E+02,  0.2790
      5685,      1586,  1.286831389315E+02,  0.2790
      5699,      1587,  1.286829197997E+02,  0.2785
      5713,      1588,  1.286815882312E+02,  0.2780
      5720,      1589,  1.286781359707E+02,  0.2778
      5738,      1590,  1.286780730659E+02,  0.2771
      5739,      1591,  1.286688098210E+02,  0.2772
      5772,      1592,  1.286596971498E+02,  0.2758
      5776,      1593,  1.286459366006E+02,  0.2758
      5783,      1594,  1.286445933290E+02,  0.2756
      5789,      1595,  1.285993087079E+02,  0.2755
      5802,      1596,  1.285990998889E+02,  0.2751
      5806,      1597,  1.285105707160E+02,  0.2751
      5819,      1598,  1.285081410838E+02,  0.2746
      5826,      1599,  1.285018300226E+02,  0.2745
      5850,      1600,  1.285003840752E+02,  0.2735
      5853,      1601,  1.285002789136E+02,  0.2735
      5857,      1602,  1.284985130484E+02,  0.2735
      5868,      1603,  1.284982825377E+02,  0.2732
      5876,      1604,  1.284955547825E+02,  0.2730
      5878,      1605,  1.284950717559E+02,  0.2731
      5903,      1606,  1.284926685442E+02,  0.2721
      5906,      1607,  1.284919992101E+02,  0.2721
      5909,      1608,  1.284918737147E+02,  0.2721
      5927,      1609,  1.284918084921E+02,  0.2715
      5933,      1610,  1.284915519269E+02,  0.2714
      5941,      1611,  1.284911621682E+02,  0.2712
      5948,      1612,  1.284906123670E+02,  0.2710
      5956,      1613,  1.284905766532E+02,  0.2708
      5960,      1614,  1.284888094344E+02,  0.2708
      5962,      1615,  1.284706769018E+02,  0.2709
      5969,      1616,  1.284695905064E+02,  0.2707
      5987,      1617,  1.284447584667E+02,  0.2701
      5994,      1618,  1.284443353976E+02,  0.2699
      5996,      1619,  1.284435033394E+02,  0.2700
      6000,      1620,  1.284429090960E+02,  0.2700
      6004,      1621,  1.284427634224E+02,  0.2700
      6009,      1622,  1.284283874950E+02,  0.2699
      6015,      1623,  1.284279059138E+02,  0.2698
      6046,      1624,  1.284278093152E+02,  0.2686
      6049,      1625,  1.284243789617E+02,  0.2686
      6056,      1626,  1.284209655260E+02,  0.2685
      6070,      1627,  1.284205959993E+02,  0.2680
      6072,      1628,  1.284190598758E+02,  0.2681
      6077,      1629,  1.284170666738E+02,  0.2681
      6079,      1630,  1.284169824933E+02,  0.2681
      6090,      1631,  1.284161821475E+02,  0.2678
      6092,      1632,  1.284129233823E+02,  0.2679
      6106,      1633,  1.284068644103E+02,  0.2674
      6118,      1634,  1.283913102861E+02,  0.2671
      6128,      1635,  1.283907443353E+02,  0.2668
      6130,      1636,  1.283906268918E+02,  0.2669
      6134,      1637,  1.283900128151E+02,  0.2669
      6135,      1638,  1.283860620939E+02,  0.2670
      6150,      1639,  1.283701336916E+02,  0.2665
      6165,      1640,  1.283693291716E+02,  0.2660
      6171,      1641,  1.283690934753E+02,  0.2659
      6178,      1642,  1.283684262514E+02,  0.2658
      6179,      1643,  1.283680586999E+02,  0.2659
      6182,      1644,  1.283680335903E+02,  0.2659
      6183,      1645,  1.283675075465E+02,  0.2661
      6191,      1646,  1.283674528202E+02,  0.2659
      6196,      1647,  1.283668253743E+02,  0.2658
      6201,      1648,  1.283643354640E+02,  0.2658
      6204,      1649,  1.283596821174E+02,  0.2658
      6207,      1650,  1.283591883137E+02,  0.2658
      6208,      1651,  1.283328149544E+02,  0.2659
      6213,      1652,  1.283310134100E+02,  0.2659
      6222,      1653,  1.283288340770E+02,  0.2657
      6235,      1654,  1.283052423315E+02,  0.2653
      6236,      1655,  1.283052265220E+02,  0.2654
      6238,      1656,  1.282718401644E+02,  0.2655
      6259,      1657,  1.282714208360E+02,  0.2647
      6269,      1658,  1.282712914297E+02,  0.2645
      6277,      1659,  1.282692002831E+02,  0.2643
      6279,      1660,  1.282674477187E+02,  0.2644
      6293,      1661,  1.282312100603E+02,  0.2639
      6299,      1662,  1.281752325429E+02,  0.2639
      6300,      1663,  1.281486850357E+02,  0.2640
      6308,      1664,  1.281478539324E+02,  0.2638
      6317,      1665,  1.281477294618E+02,  0.2636
      6319,      1666,  1.281352799800E+02,  0.2636
      6329,      1667,  1.281339891916E+02,  0.2634
      6332,      1668,  1.280859432436E+02,  0.2634
      6363,      1669,  1.280848110487E+02,  0.2623
      6370,      1670,  1.280739461687E+02,  0.2622
      6371,      1671,  1.280645478380E+02,  0.2623
      6372,      1672,  1.280596239748E+02,  0.2624
      6386,      1673,  1.280595324372E+02,  0.2620
      6392,      1674,  1.280589878216E+02,  0.2619
      6398,      1675,  1.280467486280E+02,  0.2618
      6400,      1676,  1.280003689536E+02,  0.2619
      6403,      1677,  1.279992897149E+02,  0.2619
      6409,      1678,  1.279982627429E+02,  0.2618
      6418,      1679,  1.279973581835E+02,  0.2616
      6429,      1680,  1.279966936777E+02,  0.2613
      6452,      1681,  1.279950856127E+02,  0.2605
      6461,      1682,  1.279918423778E+02,  0.2603
      6464,      1683,  1.279915923583E+02,  0.2604
      6472,      1684,  1.279915911462E+02,  0.2602
      6480,      1685,  1.279792816213E+02,  0.2600
      6485,      1686,  1.279712445048E+02,  0.2600
      6486,      1687,  1.279656338858E+02,  0.2601
      6492,      1688,  1.279652712167E+02,  0.2600
      6505,      1689,  1.279582930714E+02,  0.2596
      6511,      1690,  1.279576277615E+02,  0.2596
      6512,      1691,  1.279576268440E+02,  0.2597
      6513,      1692,  1.279573656363E+02,  0.2598
      6518,      1693,  1.279240356415E+02,  0.2597
      6524,      1694,  1.279234286654E+02,  0.2597
      6525,      1695,  1.279212363770E+02,  0.2598
      6529,      1696,  1.279211877422E+02,  0.2598
      6532,      1697,  1.279206032944E+02,  0.2598
      6542,      1698,  1.279202004266E+02,  0.2596
      6549,      1699,  1.278644099022E+02,  0.2594
      6557,      1700,  1.278324443193E+02,  0.2593
      6561,      1701,  1.278323691891E+02,  0.2593
      6562,      1702,  1.278318223758E+02,  0.2594
      6574,      1703,  1.277786352748E+02,  0.2591
      6584,      1704,  1.277446765579E+02,  0.2588
      6587,      1705,  1.277437493592E+02,  0.2588
      6590,      1706,  1.277254718210E+02,  0.2589
      6596,      1707,  1.277253730791E+02,  0.2588
      6604,      1708,  1.277055434578E+02,  0.2586
      6605,      1709,  1.277023186630E+02,  0.2587
      6611,      1710,  1.276442024103E+02,  0.2587
      6618,      1711,  1.276441291090E+02,  0.2585
      6621,      1712,  1.276434886620E+02,  0.2586
      6623,      1713,  1.276433014968E+02,  0.2586
      6642,      1714,  1.276423554210E+02,  0.2581
      6648,      1715,  1.276165017725E+02,  0.2580
      6661,      1716,  1.275936416402E+02,  0.2576
      6668,      1717,  1.275882494107E+02,  0.2575
      6669,      1718,  1.275852896736E+02,  0.2576
      6690,      1719,  1.275755181051E+02,  0.2570
      6691,      1720,  1.275755063488E+02,  0.2571
      6694,      1721,  1.275743101544E+02,  0.2571
      6702,      1722,  1.275711982550E+02,  0.2569
      6704,      1723,  1.275667776002E+02,  0.2570
      6705,      1724,  1.275654832396E+02,  0.2571
      6719,      1725,  1.275510315840E+02,  0.2567
      6720,      1726,  1.275500091969E+02,  0.2568
      6732,      1727,  1.275494634400E+02,  0.2565
      6734,      1728,  1.275491199894E+02,  0.2566
      6737,      1729,  1.275463853574E+02,  0.2566
      6741,      1730,  1.275341055230E+02,  0.2566
      6746,      1731,  1.275336902944E+02,  0.2566
      6749,      1732,  1.274951958218E+02,  0.2566
      6752,      1733,  1.274939393488E+02,  0.2567
      6767,      1734,  1.274928384548E+02,  0.2562
      6769,      1735,  1.274926329252E+02,  0.2563
      6773,      1736,  1.274678884437E+02,  0.2563
      6774,      1737,  1.274620912278E+02,  0.2564
      6789,      1738,  1.274618354518E+02,  0.2560
      6803,      1739,  1.274292554567E+02,  0.2556
      6826,      1740,  1.274283110784E+02,  0.2549
      6829,      1741,  1.274150133517E+02,  0.2549
      6830,      1742,  1.274126163229E+02,  0.2551
      6837,      1743,  1.273957841205E+02,  0.2549
      6838,      1744,  1.273890500289E+02,  0.2550
      6842,      1745,  1.273843816444E+02,  0.2550
      6856,      1746,  1.273841095661E+02,  0.2547
      6858,      1747,  1.273802982831E+02,  0.2547
      6876,      1748,  1.273801982740E+02,  0.2542
      6884,      1749,  1.273797382016E+02,  0.2541
      6888,      1750,  1.273786317500E+02,  0.2541
      6890,      1751,  1.273770369775E+02,  0.2541
      6893,      1752,  1.273688156899E+02,  0.2542
      6894,      1753,  1.273049274143E+02,  0.2543
      6898,      1754,  1.273030935423E+02,  0.2543
      6899,      1755,  1.272891939776E+02,  0.2544
      6902,      1756,  1.272890414346E+02,  0.2544
      6915,      1757,  1.272884369820E+02,  0.2541
      6919,      1758,  1.272862667205E+02,  0.2541
      6920,      1759,  1.272855955116E+02,  0.2542
      6925,      1760,  1.272848814595E+02,  0.2542
      6926,      1761,  1.272324138045E+02,  0.2543
      6931,      1762,  1.272311713468E+02,  0.2542
      6936,      1763,  1.272310707812E+02,  0.2542
      6955,      1764,  1.272309465818E+02,  0.2536
      6969,      1765,  1.272308521245E+02,  0.2533
      6999,      1766,  1.272302572165E+02,  0.2523
      7020,      1767,  1.272292354023E+02,  0.2517
      7022,      1768,  1.272259904261E+02,  0.2518
      7034,      1769,  1.272258407563E+02,  0.2515
      7042,      1770,  1.272244627388E+02,  0.2513
      7055,      1771,  1.272243194851E+02,  0.2510
      7084,      1772,  1.272240677251E+02,  0.2501
      7085,      1773,  1.272221370226E+02,  0.2502
      7088,      1774,  1.272219161879E+02,  0.2503
      7107,      1775,  1.272217021118E+02,  0.2498
      7109,      1776,  1.272175102566E+02,  0.2498
      7110,      1777,  1.272039262673E+02,  0.2499
      7117,      1778,  1.272024368074E+02,  0.2498
      7119,      1779,  1.272024198557E+02,  0.2499
      7138,      1780,  1.272020671254E+02,  0.2494
      7147,      1781,  1.272008310523E+02,  0.2492
      7151,      1782,  1.271997242559E+02,  0.2492
      7153,      1783,  1.271435075024E+02,  0.2493
      7180,      1784,  1.271429407721E+02,  0.2485
      7189,      1785,  1.271414594885E+02,  0.2483
      7217,      1786,  1.271414389014E+02,  0.2475
      7227,      1787,  1.271413638032E+02,  0.2473
      7243,      1788,  1.271411195151E+02,  0.2469
      7250,      1789,  1.271407092715E+02,  0.2468
      7261,      1790,  1.270930643360E+02,  0.2465
      7264,      1791,  1.270927700059E+02,  0.2466
      7269,      1792,  1.270909357840E+02,  0.2465
      7272,      1793,  1.270784921109E+02,  0.2466
      7284,      1794,  1.270773429674E+02,  0.2463
      7298,      1795,  1.270772355501E+02,  0.2460
      7314,      1796,  1.270770087574E+02,  0.2456
      7318,      1797,  1.269606645682E+02,  0.2456
      7322,      1798,  1.269549601411E+02,  0.2456
      7327,      1799,  1.269409611021E+02,  0.2455
      7353,      1800,  1.269226043772E+02,  0.2448
      7361,      1801,  1.269221595130E+02,  0.2447
      7378,      1802,  1.269208726986E+02,  0.2442
      7400,      1803,  1.269205119640E+02,  0.2436
      7409,      1804,  1.268982138527E+02,  0.2435
      7423,      1805,  1.268976688334E+02,  0.2432
      7424,      1806,  1.268967880143E+02,  0.2433
      7433,      1807,  1.268949768104E+02,  0.2431
      7452,      1808,  1.268927155596E+02,  0.2426
      7454,      1809,  1.268894674360E+02,  0.2427
      7465,      1810,  1.268878376301E+02,  0.2425
      7470,      1811,  1.268830914278E+02,  0.2424
      7471,      1812,  1.268824478986E+02,  0.2425
      7475,      1813,  1.268824478825E+02,  0.2425
      7497,      1814,  1.268818902752E+02,  0.2420
      7500,      1815,  1.268768283153E+02,  0.2420
      7509,      1816,  1.268745426067E+02,  0.2418
      7511,      1817,  1.268729445314E+02,  0.2419
      7512,      1818,  1.268729321219E+02,  0.2420
      7516,      1819,  1.268707353379E+02,  0.2420
      7524,      1820,  1.268633308394E+02,  0.2419
      7525,      1821,  1.268475327874E+02,  0.2420
      7557,      1822,  1.268438465821E+02,  0.2411
      7561,      1823,  1.268429804503E+02,  0.2411
      7572,      1824,  1.268412017110E+02,  0.2409
      7577,      1825,  1.268408105810E+02,  0.2409
      7582,      1826,  1.268339096151E+02,  0.2408
      7598,      1827,  1.268322948878E+02,  0.2405
      7616,      1828,  1.268318776358E+02,  0.2400
      7629,      1829,  1.268296005746E+02,  0.2397
      7631,      1830,  1.268130128516E+02,  0.2398
      7655,      1831,  1.268103953486E+02,  0.2392
      7656,      1832,  1.268097846151E+02,  0.2393
      7660,      1833,  1.268092631806E+02,  0.2393
      7675,      1834,  1.268092150333E+02,  0.2390
      7678,      1835,  1.268084157256E+02,  0.2390
      7679,      1836,  1.267925077354E+02,  0.2391
      7690,      1837,  1.267911669128E+02,  0.2389
      7695,      1838,  1.267910245626E+02,  0.2389
      7704,      1839,  1.267894943008E+02,  0.2387
      7707,      1840,  1.267883773937E+02,  0.2387
      7709,      1841,  1.267880436983E+02,  0.2388
      7716,      1842,  1.267879663869E+02,  0.2387
      7736,      1843,  1.267878957775E+02,  0.2382
      7746,      1844,  1.267806298218E+02,  0.2381
      7749,      1845,  1.267789973040E+02,  0.2381
      7772,      1846,  1.267781863737E+02,  0.2375
      7785,      1847,  1.267759773602E+02,  0.2373
      7793,      1848,  1.267707559667E+02,  0.2371
      7796,      1849,  1.267696278371E+02,  0.2372
      7800,      1850,  1.267559275833E+02,  0.2372
      7823,      1851,  1.267514538533E+02,  0.2366
      7827,      1852,  1.267499081185E+02,  0.2366
      7864,      1853,  1.267494242496E+02,  0.2356
      7866,      1854,  1.267294944659E+02,  0.2357
      7876,      1855,  1.267269797409E+02,  0.2355
      7877,      1856,  1.267172108762E+02,  0.2356
      7884,      1857,  1.267170561023E+02,  0.2355
      7891,      1858,  1.267165220770E+02,  0.2355
      7902,      1859,  1.267150558759E+02,  0.2353
      7905,      1860,  1.267029565045E+02,  0.2353
      7910,      1861,  1.267024927423E+02,  0.2353
      7912,      1862,  1.267021594079E+02,  0.2353
      7929,      1863,  1.267019121251E+02,  0.2350
      7934,      1864,  1.267005244392E+02,  0.2349
      7935,      1865,  1.266829301821E+02,  0.2350
      7954,      1866,  1.266791284715E+02,  0.2346
      7955,      1867,  1.266780616138E+02,  0.2347
      7958,      1868,  1.266780457546E+02,  0.2347
      7959,      1869,  1.266766880439E+02,  0.2348
      7960,      1870,  1.266384023506E+02,  0.2349
      7963,      1871,  1.266365334501E+02,  0.2350
      7972,      1872,  1.266364402284E+02,  0.2348
      7975,      1873,  1.266361704833E+02,  0.2349
      7989,      1874,  1.266268549486E+02,  0.2346
      7992,      1875,  1.266241158884E+02,  0.2346
      7994,      1876,  1.266223929396E+02,  0.2347
      8005,      1877,  1.266212077502E+02,  0.2345
      8017,      1878,  1.266105190797E+02,  0.2343
      8024,      1879,  1.266090871380E+02,  0.2342
      8025,      1880,  1.265708796472E+02,  0.2343
      8033,      1881,  1.265698373851E+02,  0.2342
      8038,      1882,  1.265633078116E+02,  0.2341
      8053,      1883,  1.265631574049E+02,  0.2338
      8062,      1884,  1.265301325911E+02,  0.2337
      8076,      1885,  1.265295111204E+02,  0.2334
      8083,      1886,  1.265280713498E+02,  0.2333
      8087,      1887,  1.265218446131E+02,  0.2333
      8101,      1888,  1.265080270881E+02,  0.2331
      8112,      1889,  1.265051625031E+02,  0.2329
      8117,      1890,  1.265020920445E+02,  0.2328
      8120,      1891,  1.265013513348E+02,  0.2329
      8121,      1892,  1.264818595709E+02,  0.2330
      8129,      1893,  1.264697820591E+02,  0.2329
      8130,      1894,  1.264686454840E+02,  0.2330
      8140,      1895,  1.264136081424E+02,  0.2328
      8162,      1896,  1.263895667643E+02,  0.2323
      8163,      1897,  1.263893930375E+02,  0.2324
      8196,      1898,  1.263868795601E+02,  0.2316
      8218,      1899,  1.263853082017E+02,  0.2311
      8230,      1900,  1.263832514178E+02,  0.2309
      8240,      1901,  1.263816304367E+02,  0.2307
      8251,      1902,  1.263668404616E+02,  0.2305
      8253,      1903,  1.263663087970E+02,  0.2306
      8263,      1904,  1.263660043468E+02,  0.2304
      8271,      1905,  1.263646534835E+02,  0.2303
      8272,      1906,  1.263644740895E+02,  0.2304
      8273,      1907,  1.263640952454E+02,  0.2305
      8278,      1908,  1.263623400396E+02,  0.2305
      8286,      1909,  1.263613836515E+02,  0.2304
      8296,      1910,  1.263610060580E+02,  0.2302
      8321,      1911,  1.263608998133E+02,  0.2297
      8340,      1912,  1.263568104009E+02,  0.2293
      8343,      1913,  1.263566178440E+02,  0.2293
      8377,      1914,  1.263493795840E+02,  0.2285
      8383,      1915,  1.263459696559E+02,  0.2284
      8393,      1916,  1.263455754244E+02,  0.2283
      8399,      1917,  1.263455357255E+02,  0.2282
      8404,      1918,  1.263340382802E+02,  0.2282
      8406,      1919,  1.263339952431E+02,  0.2283
      8411,      1920,  1.263334053540E+02,  0.2283
      8413,      1921,  1.263333998768E+02,  0.2283
      8421,      1922,  1.263327855031E+02,  0.2282
      8426,      1923,  1.263313648252E+02,  0.2282
      8434,      1924,  1.263309231701E+02,  0.2281
      8440,      1925,  1.263291836234E+02,  0.2281
      8447,      1926,  1.263290279241E+02,  0.2280
      8448,      1927,  1.263288959068E+02,  0.2281
      8466,      1928,  1.263282973402E+02,  0.2277
      8518,      1929,  1.262868481071E+02,  0.2265
      8530,      1930,  1.262862610649E+02,  0.2263
      8540,      1931,  1.262861633319E+02,  0.2261
      8542,      1932,  1.262838304276E+02,  0.2262
      8552,      1933,  1.262765801046E+02,  0.2260
      8563,      1934,  1.262763253861E+02,  0.2259
      8593,      1935,  1.262689911133E+02,  0.2252
      8594,      1936,  1.262680901310E+02,  0.2253
      8596,      1937,  1.262680359118E+02,  0.2253
      8609,      1938,  1.262676203684E+02,  0.2251
      8621,      1939,  1.262674817745E+02,  0.2249
      8624,      1940,  1.262674668142E+02,  0.2250
      8631,      1941,  1.262669900067E+02,  0.2249
      8653,      1942,  1.262663650424E+02,  0.2244
      8663,      1943,  1.262658647447E+02,  0.2243
      8665,      1944,  1.262625161052E+02,  0.2244
      8670,      1945,  1.262621113814E+02,  0.2243
      8678,      1946,  1.262617681149E+02,  0.2242
      8712,      1947,  1.262614106616E+02,  0.2235
      8717,      1948,  1.262613003744E+02,  0.2235
      8733,      1949,  1.262506823045E+02,  0.2232
      8749,      1950,  1.262497481092E+02,  0.2229
      8752,      1951,  1.262496676383E+02,  0.2229
      8767,      1952,  1.262252450207E+02,  0.2227
      8771,      1953,  1.262211025434E+02,  0.2227
      8796,      1954,  1.262177795567E+02,  0.2221
      8827,      1955,  1.262171588765E+02,  0.2215
      8829,      1956,  1.262163893518E+02,  0.2215
      8834,      1957,  1.262159488053E+02,  0.2215
      8842,      1958,  1.262069062019E+02,  0.2214
      8860,      1959,  1.262063332602E+02,  0.2211
      8870,      1960,  1.262052870892E+02,  0.2210
      8871,      1961,  1.262042567313E+02,  0.2211
      8891,      1962,  1.261972423613E+02,  0.2207
      8906,      1963,  1.261904616579E+02,  0.2204
      8947,      1964,  1.261892641694E+02,  0.2195
      8957,      1965,  1.261882458782E+02,  0.2194
      8970,      1966,  1.261839246825E+02,  0.2192
      9054,      1967,  1.261728511601E+02,  0.2173
      9065,      1968,  1.261726773173E+02,  0.2171
      9070,      1969,  1.261722084372E+02,  0.2171
      9076,      1970,  1.261513288272E+02,  0.2171
      9083,      1971,  1.261507964873E+02,  0.2170
      9097,      1972,  1.261504351911E+02,  0.2168
      9105,      1973,  1.261501688404E+02,  0.2167
      9119,      1974,  1.261500121198E+02,  0.2165
      9124,      1975,  1.260801143513E+02,  0.2165
      9163,      1976,  1.260800723454E+02,  0.2156
      9178,      1977,  1.260799929330E+02,  0.2154
      9184,      1978,  1.260741106680E+02,  0.2154
      9193,      1979,  1.260725916667E+02,  0.2153
      9209,      1980,  1.260720327722E+02,  0.2150
      9214,      1981,  1.260698370023E+02,  0.2150
      9221,      1982,  1.260683415624E+02,  0.2149
      9226,      1983,  1.260657025481E+02,  0.2149
      9233,      1984,  1.260651440571E+02,  0.2149
      9241,      1985,  1.260648102814E+02,  0.2148
      9297,      1986,  1.260646051050E+02,  0.2136
      9341,      1987,  1.260645279113E+02,  0.2127
      9360,      1988,  1.260641136213E+02,  0.2124
      9400,      1989,  1.260640359787E+02,  0.2116
      9424,      1990,  1.260638057200E+02,  0.2112
      9487,      1991,  1.260637991145E+02,  0.2099
      9549,      1992,  1.260617357899E+02,  0.2086
      9554,      1993,  1.260587389735E+02,  0.2086
      9622,      1994,  1.260573196727E+02,  0.2072
      9721,      1995,  1.260506985320E+02,  0.2052
      9731,      1996,  1.260506972927E+02,  0.2051
      9738,      1997,  1.260466273689E+02,  0.2051
      9758,      1998,  1.260466212558E+02,  0.2048
      9768,      1999,  1.260428843027E+02,  0.2046
      9774,      2000,  1.260401387828E+02,  0.2046
      9777,      2001,  1.260378462296E+02,  0.2047
      9785,      2002,  1.260288456354E+02,  0.2046
      9793,      2003,  1.260287905249E+02,  0.2045
      9803,      2004,  1.260284380724E+02,  0.2044
      9822,      2005,  1.260281385701E+02,  0.2041
      9830,      2006,  1.260278068993E+02,  0.2041
      9840,      2007,  1.260124690538E+02,  0.2040
      9874,      2008,  1.260101402010E+02,  0.2034
      9918,      2009,  1.260099927113E+02,  0.2026
      9944,      2010,  1.260098575043E+02,  0.2021
      9951,      2011,  1.260093016514E+02,  0.2021
      9953,      2012,  1.260075885721E+02,  0.2022
      9962,      2013,  1.260073154468E+02,  0.2021
      9980,      2014,  1.260069811766E+02,  0.2018
      9991,      2015,  1.260014637766E+02,  0.2017
     10003,      2016,  1.259972613951E+02,  0.2015
     10008,      2017,  1.259928714754E+02,  0.2015
     10018,      2018,  1.259928365969E+02,  0.2014
     10033,      2019,  1.259926536643E+02,  0.2012
     10041,      2020,  1.259910495855E+02,  0.2012
     10051,      2021,  1.259908492670E+02,  0.2011
     10054,      2022,  1.259907514859E+02,  0.2011
     10055,      2023,  1.259865950765E+02,  0.2012
     10059,      2024,  1.259861111858E+02,  0.2012
     10062,      2025,  1.259847156492E+02,  0.2013
     10118,      2026,  1.259843230580E+02,  0.2002
     10133,      2027,  1.259842557190E+02,  0.2000
     10147,      2028,  1.259797275586E+02,  0.1999
     10149,      2029,  1.259790882232E+02,  0.1999
     10153,      2030,  1.259789068333E+02,  0.1999
     10188,      2031,  1.259783794076E+02,  0.1994
     10203,      2032,  1.259777680726E+02,  0.1992
     10325,      2033,  1.259775129623E+02,  0.1969
     10333,      2034,  1.259739281966E+02,  0.1968
     10351,      2035,  1.259680863141E+02,  0.1966
     10359,      2036,  1.259642808848E+02,  0.1965
     10384,      2037,  1.259640844462E+02,  0.1962
     10389,      2038,  1.259637587569E+02,  0.1962
     10390,      2039,  1.259637556407E+02,  0.1962
     10418,      2040,  1.259611762250E+02,  0.1958
     10446,      2041,  1.259609247897E+02,  0.1954
     10453,      2042,  1.259605208842E+02,  0.1954
     10462,      2043,  1.259556821504E+02,  0.1953
     10469,      2044,  1.259552677675E+02,  0.1952
     10475,      2045,  1.259552097063E+02,  0.1952
     10552,      2046,  1.259550904871E+02,  0.1939
     10563,      2047,  1.259546324358E+02,  0.1938
     10577,      2048,  1.259507791662E+02,  0.1936
     10690,      2049,  1.259478179352E+02,  0.1917
     10754,      2050,  1.259474184273E+02,  0.1906
     10757,      2051,  1.259473363705E+02,  0.1907
     10758,      2052,  1.259471076059E+02,  0.1907
     10768,      2053,  1.259465275722E+02,  0.1907
     10793,      2054,  1.259396412383E+02,  0.1903
     10804,      2055,  1.259394497745E+02,  0.1902
     10810,      2056,  1.259374423276E+02,  0.1902
     10821,      2057,  1.259373703218E+02,  0.1901
     10847,      2058,  1.259221684044E+02,  0.1897
     10874,      2059,  1.259187493697E+02,  0.1894
     10892,      2060,  1.259185703783E+02,  0.1891
     10902,      2061,  1.259184322498E+02,  0.1890
     10914,      2062,  1.259183570956E+02,  0.1889
     10919,      2063,  1.259180132799E+02,  0.1889
     10952,      2064,  1.259177272158E+02,  0.1885
     10984,      2065,  1.259047249260E+02,  0.1880
     10987,      2066,  1.259045747110E+02,  0.1880
     10997,      2067,  1.259044925723E+02,  0.1880
     11008,      2068,  1.259044500097E+02,  0.1879
     11027,      2069,  1.259025317354E+02,  0.1876
     11063,      2070,  1.259025191213E+02,  0.1871
     11079,      2071,  1.259022778925E+02,  0.1869
     11088,      2072,  1.259019082669E+02,  0.1869
     11098,      2073,  1.259018570922E+02,  0.1868
     11124,      2074,  1.259015692447E+02,  0.1864
     11129,      2075,  1.258980652812E+02,  0.1864
     11135,      2076,  1.258979623221E+02,  0.1864
     11197,      2077,  1.258976822092E+02,  0.1855
     11209,      2078,  1.258976770196E+02,  0.1854
     11245,      2079,  1.258899508562E+02,  0.1849
     11265,      2080,  1.258895957321E+02,  0.1846
     11281,      2081,  1.258882853913E+02,  0.1845
     11312,      2082,  1.258878687913E+02,  0.1841
     11326,      2083,  1.258872804156E+02,  0.1839
     11352,      2084,  1.258872623593E+02,  0.1836
     11401,      2085,  1.258872034605E+02,  0.1829
     11437,      2086,  1.258867345284E+02,  0.1824
     11443,      2087,  1.258865306813E+02,  0.1824
     11549,      2088,  1.258865052300E+02,  0.1808
     11591,      2089,  1.258863519777E+02,  0.1802
     11633,      2090,  1.258844511153E+02,  0.1797
     11634,      2091,  1.258843917697E+02,  0.1797
     11692,      2092,  1.258841358225E+02,  0.1789
     11721,      2093,  1.258838758188E+02,  0.1786
     11731,      2094,  1.258836271945E+02,  0.1785
     11817,      2095,  1.258836220919E+02,  0.1773
     11883,      2096,  1.258676452564E+02,  0.1764
     11884,      2097,  1.258674547478E+02,  0.1765
     11887,      2098,  1.258674080628E+02,  0.1765
     11904,      2099,  1.258652343162E+02,  0.1763
     11953,      2100,  1.258652023967E+02,  0.1757
     12004,      2101,  1.258644738113E+02,  0.1750
     12034,      2102,  1.258644486975E+02,  0.1747
     12050,      2103,  1.258643311208E+02,  0.1745
     12122,      2104,  1.258640868265E+02,  0.1736
     12123,      2105,  1.258639823157E+02,  0.1736
     12207,      2106,  1.258638840559E+02,  0.1725
     12273,      2107,  1.258636948525E+02,  0.1717
     12347,      2108,  1.258636437283E+02,  0.1707
     12378,      2109,  1.258601179489E+02,  0.1704
     12408,      2110,  1.258599276329E+02,  0.1701
     12507,      2111,  1.258598448570E+02,  0.1688
     12547,      2112,  1.258598103885E+02,  0.1683
     12585,      2113,  1.258597936348E+02,  0.1679
     12628,      2114,  1.258569861329E+02,  0.1674
     12643,      2115,  1.258567939348E+02,  0.1673
     12677,      2116,  1.258562507480E+02,  0.1669
     12706,      2117,  1.258557813198E+02,  0.1666
     12857,      2118,  1.258553428553E+02,  0.1647
     12896,      2119,  1.258551196492E+02,  0.1643
     12927,      2120,  1.258479580227E+02,  0.1640
     12940,      2121,  1.258479503538E+02,  0.1639
     12983,      2122,  1.258419812949E+02,  0.1634
     13023,      2123,  1.258419694875E+02,  0.1630
     13029,      2124,  1.258418821017E+02,  0.1630
     13039,      2125,  1.258417074154E+02,  0.1630
     13111,      2126,  1.258415582665E+02,  0.1622
     13197,      2127,  1.258393576597E+02,  0.1612
     13203,      2128,  1.258393078103E+02,  0.1612
     13272,      2129,  1.258392693549E+02,  0.1604
     13284,      2130,  1.258392453542E+02,  0.1603
     13318,      2131,  1.258299266308E+02,  0.1600
     13427,      2132,  1.258298250522E+02,  0.1588
     13442,      2133,  1.258295902907E+02,  0.1587
     13475,      2134,  1.258295049818E+02,  0.1584
     13571,      2135,  1.258291468309E+02,  0.1573
     13669,      2136,  1.258290286772E+02,  0.1563
     13673,      2137,  1.257995359734E+02,  0.1563
     13682,      2138,  1.257993695874E+02,  0.1563
     13692,      2139,  1.257992605094E+02,  0.1562
     13695,      2140,  1.257992017567E+02,  0.1563
     13702,      2141,  1.257982164696E+02,  0.1563
     13730,      2142,  1.257980450202E+02,  0.1560
     13787,      2143,  1.257964310920E+02,  0.1554
     13814,      2144,  1.257932739815E+02,  0.1552
     13842,      2145,  1.257932399567E+02,  0.1550
     13881,      2146,  1.257931995084E+02,  0.1546
     13970,      2147,  1.257930319567E+02,  0.1537
     13984,      2148,  1.257930275174E+02,  0.1536
     14040,      2149,  1.257929852234E+02,  0.1531
     14041,      2150,  1.257901144076E+02,  0.1531
     14080,      2151,  1.257900709942E+02,  0.1528
     14094,      2152,  1.257899407272E+02,  0.1527
     14114,      2153,  1.257898240023E+02,  0.1525
     14154,      2154,  1.257895543745E+02,  0.1522
     14159,      2155,  1.257895256364E+02,  0.1522
     14184,      2156,  1.257871644637E+02,  0.1520
     14251,      2157,  1.257866725685E+02,  0.1514
     14296,      2158,  1.257863793576E+02,  0.1510
     14303,      2159,  1.257861740778E+02,  0.1509
     14377,      2160,  1.257857375907E+02,  0.1502
     14397,      2161,  1.257856857811E+02,  0.1501
     14429,      2162,  1.257855793683E+02,  0.1498
     14434,      2163,  1.257854203939E+02,  0.1499
     14468,      2164,  1.257853074911E+02,  0.1496
     14488,      2165,  1.257848558793E+02,  0.1494
     14597,      2166,  1.257846216925E+02,  0.1484
     14608,      2167,  1.257812863817E+02,  0.1483
     14690,      2168,  1.257752219007E+02,  0.1476
     14724,      2169,  1.257750412145E+02,  0.1473
     14746,      2170,  1.257667202235E+02,  0.1472
     14781,      2171,  1.257665201397E+02,  0.1469
     14807,      2172,  1.257663630528E+02,  0.1467
     14886,      2173,  1.257656974030E+02,  0.1460
     14918,      2174,  1.257656972026E+02,  0.1457
     14932,      2175,  1.257637259986E+02,  0.1457
     15021,      2176,  1.257574195763E+02,  0.1449
     15064,      2177,  1.257574042646E+02,  0.1445
     15079,      2178,  1.257572776532E+02,  0.1444
     15149,      2179,  1.257562295015E+02,  0.1438
     15206,      2180,  1.257561366269E+02,  0.1434
     15210,      2181,  1.257560606712E+02,  0.1434
     15241,      2182,  1.257554164098E+02,  0.1432
     15319,      2183,  1.257553811805E+02,  0.1425
     15394,      2184,  1.257553656682E+02,  0.1419
     15401,      2185,  1.257553485435E+02,  0.1419
     15423,      2186,  1.257553304194E+02,  0.1417
     15425,      2187,  1.257551937898E+02,  0.1418
     15513,      2188,  1.257551620221E+02,  0.1410
     15520,      2189,  1.257550753431E+02,  0.1410
     15614,      2190,  1.257493135810E+02,  0.1403
     15748,      2191,  1.257491952057E+02,  0.1391
     15865,      2192,  1.257491165378E+02,  0.1382
     15895,      2193,  1.257421718202E+02,  0.1380
     15905,      2194,  1.257419827282E+02,  0.1379
     16029,      2195,  1.257419768152E+02,  0.1369
     16038,      2196,  1.257419542183E+02,  0.1369
     16086,      2197,  1.257416106082E+02,  0.1366
     16087,      2198,  1.257415396352E+02,  0.1366
     16243,      2199,  1.257407327318E+02,  0.1354
     16299,      2200,  1.257402739567E+02,  0.1350
     16323,      2201,  1.257402507027E+02,  0.1348
     16368,      2202,  1.257400913190E+02,  0.1345
     16434,      2203,  1.257386697845E+02,  0.1341
     16518,      2204,  1.257386353657E+02,  0.1334
     16705,      2205,  1.257385587045E+02,  0.1320
     16805,      2206,  1.257385269699E+02,  0.1313
     16888,      2207,  1.257385095850E+02,  0.1307
     17201,      2208,  1.257381317660E+02,  0.1284
     17222,      2209,  1.257367005004E+02,  0.1283
     17267,      2210,  1.257366159144E+02,  0.1280
     17272,      2211,  1.257365981746E+02,  0.1280
     17365,      2212,  1.257365485058E+02,  0.1274
     17450,      2213,  1.257340365998E+02,  0.1268
     17475,      2214,  1.257339306807E+02,  0.1267
     17476,      2215,  1.257338788474E+02,  0.1267
     17508,      2216,  1.257338080262E+02,  0.1266
     17573,      2217,  1.257337800820E+02,  0.1262
     17591,      2218,  1.257337766411E+02,  0.1261
     17636,      2219,  1.257199938481E+02,  0.1258
     17824,      2220,  1.257198831693E+02,  0.1246
     17849,      2221,  1.257198294489E+02,  0.1244
     17987,      2222,  1.257168961188E+02,  0.1235
     17988,      2223,  1.257168654894E+02,  0.1236
     18024,      2224,  1.257167748052E+02,  0.1234
     18185,      2225,  1.257167553204E+02,  0.1224
     18188,      2226,  1.257165839577E+02,  0.1224
     18430,      2227,  1.257067420651E+02,  0.1208
     18461,      2228,  1.257059378302E+02,  0.1207
     18464,      2229,  1.257055749431E+02,  0.1207
     18486,      2230,  1.257047211502E+02,  0.1206
     18600,      2231,  1.257046653763E+02,  0.1199
     18751,      2232,  1.257044359748E+02,  0.1190
     18890,      2233,  1.257043018455E+02,  0.1182
     18900,      2234,  1.257042183924E+02,  0.1182
     18988,      2235,  1.257042010084E+02,  0.1177
     19076,      2236,  1.257041851098E+02,  0.1172
     19139,      2237,  1.257041466785E+02,  0.1169
     19408,      2238,  1.257040672218E+02,  0.1153
     19451,      2239,  1.257036086805E+02,  0.1151
     19469,      2240,  1.257035099283E+02,  0.1151
     19491,      2241,  1.257032393370E+02,  0.1150
     19563,      2242,  1.257031944579E+02,  0.1146
     19712,      2243,  1.256977968711E+02,  0.1138
     19713,      2244,  1.256974921363E+02,  0.1138
     19742,      2245,  1.256963443731E+02,  0.1137
     19747,      2246,  1.256962712751E+02,  0.1137
     19790,      2247,  1.256917411060E+02,  0.1135
     19798,      2248,  1.256917298680E+02,  0.1135
     19801,      2249,  1.256916159604E+02,  0.1136
     19951,      2250,  1.256915952496E+02,  0.1128
     19986,      2251,  1.256915778018E+02,  0.1126
     20106,      2252,  1.256913289885E+02,  0.1120
     20140,      2253,  1.256910508332E+02,  0.1119
     20567,      2254,  1.256894479399E+02,  0.1096
     20584,      2255,  1.256893373406E+02,  0.1096
     20591,      2256,  1.256890091178E+02,  0.1096
     20754,      2257,  1.256846608653E+02,  0.1088
     20775,      2258,  1.256846553938E+02,  0.1087
     20807,      2259,  1.256839241419E+02,  0.1086
     20855,      2260,  1.256836591222E+02,  0.1084
     20951,      2261,  1.256835307757E+02,  0.1079
     21063,      2262,  1.256827802878E+02,  0.1074
     21072,      2263,  1.256824688915E+02,  0.1074
     21091,      2264,  1.256808359961E+02,  0.1073
     21119,      2265,  1.256807561192E+02,  0.1072
     21129,      2266,  1.256806750891E+02,  0.1072
     21282,      2267,  1.256803550753E+02,  0.1065
     21317,      2268,  1.256803243797E+02,  0.1064
     21355,      2269,  1.256755945742E+02,  0.1063
     21379,      2270,  1.256755783162E+02,  0.1062
     21540,      2271,  1.256754361696E+02,  0.1054
     21599,      2272,  1.256740971046E+02,  0.1052
     21614,      2273,  1.256740634858E+02,  0.1052
     21634,      2274,  1.256738421291E+02,  0.1051
     21701,      2275,  1.256737746224E+02,  0.1048
     21751,      2276,  1.256579784688E+02,  0.1046
     21799,      2277,  1.256578663527E+02,  0.1045
     21830,      2278,  1.256571014710E+02,  0.1044
     22013,      2279,  1.256567891084E+02,  0.1035
     22014,      2280,  1.256566755692E+02,  0.1036
     22060,      2281,  1.256565025200E+02,  0.1034
     22126,      2282,  1.256562221243E+02,  0.1031
     22229,      2283,  1.256553406401E+02,  0.1027
     22278,      2284,  1.256553318085E+02,  0.1025
     22311,      2285,  1.256549207524E+02,  0.1024
     22389,      2286,  1.256530406831E+02,  0.1021
     22518,      2287,  1.256529774662E+02,  0.1016
     22619,      2288,  1.256527979876E+02,  0.1012
     22676,      2289,  1.256527816720E+02,  0.1009
     22976,      2290,  1.256527794241E+02,  0.0997
     22996,      2291,  1.256525809858E+02,  0.0996
     23054,      2292,  1.256524272478E+02,  0.0994
     23358,      2293,  1.256524226150E+02,  0.0982
     23389,      2294,  1.256518116616E+02,  0.0981
     23404,      2295,  1.256517388931E+02,  0.0981
     23456,      2296,  1.256517122108E+02,  0.0979
     23466,      2297,  1.256512721968E+02,  0.0979
     23568,      2298,  1.256512654204E+02,  0.0975
     23624,      2299,  1.256512134105E+02,  0.0973
     23699,      2300,  1.256512078739E+02,  0.0971
     24131,      2301,  1.256512073635E+02,  0.0954
     24182,      2302,  1.256511982664E+02,  0.0952
     24525,      2303,  1.256511550464E+02,  0.0939
     24612,      2304,  1.256511255505E+02,  0.0936
     24905,      2305,  1.256511013921E+02,  0.0926
     24927,      2306,  1.256417645564E+02,  0.0925
     25194,      2307,  1.256417466045E+02,  0.0916
     25281,      2308,  1.256414674700E+02,  0.0913
     25293,      2309,  1.256413224790E+02,  0.0913
     25413,      2310,  1.256399629927E+02,  0.0909
     25484,      2311,  1.256388147868E+02,  0.0907
     25518,      2312,  1.256387837056E+02,  0.0906
     25544,      2313,  1.256387730731E+02,  0.0905
     25618,      2314,  1.256387582023E+02,  0.0903
     25812,      2315,  1.256249153232E+02,  0.0897
     25817,      2316,  1.256249042723E+02,  0.0897
     25941,      2317,  1.256237105934E+02,  0.0893
     25944,      2318,  1.256235853923E+02,  0.0893
     25952,      2319,  1.256235376218E+02,  0.0894
     25996,      2320,  1.256235115861E+02,  0.0892
     26297,      2321,  1.256234565318E+02,  0.0883
     26322,      2322,  1.256233230181E+02,  0.0882
     26323,      2323,  1.256144142717E+02,  0.0882
     26339,      2324,  1.256143799631E+02,  0.0882
     26359,      2325,  1.256142829707E+02,  0.0882
     26411,      2326,  1.256136875058E+02,  0.0881
     26427,      2327,  1.256136735839E+02,  0.0881
     26587,      2328,  1.256106971118E+02,  0.0876
     26614,      2329,  1.256106565073E+02,  0.0875
     26631,      2330,  1.256101672980E+02,  0.0875
     26744,      2331,  1.256098133818E+02,  0.0872
     26882,      2332,  1.256096359248E+02,  0.0867
     26907,      2333,  1.256093526073E+02,  0.0867
     26933,      2334,  1.256073491459E+02,  0.0867
     26953,      2335,  1.256073316836E+02,  0.0866
     26981,      2336,  1.256073133814E+02,  0.0866
     27040,      2337,  1.256072989101E+02,  0.0864
     27062,      2338,  1.256072592749E+02,  0.0864
     27110,      2339,  1.256051867168E+02,  0.0863
     27269,      2340,  1.256051843874E+02,  0.0858
     27311,      2341,  1.256050438268E+02,  0.0857
     27313,      2342,  1.256034171912E+02,  0.0857
     27501,      2343,  1.256033576697E+02,  0.0852
     27522,      2344,  1.256033567599E+02,  0.0852
     27656,      2345,  1.256033556345E+02,  0.0848
     27660,      2346,  1.256032399113E+02,  0.0848
     27662,      2347,  1.256031183250E+02,  0.0848
     27706,      2348,  1.256030098998E+02,  0.0847
     27758,      2349,  1.256029373456E+02,  0.0846
     27774,      2350,  1.256029007676E+02,  0.0846
     27784,      2351,  1.256027303154E+02,  0.0846
     27785,      2352,  1.256026677449E+02,  0.0846
     27814,      2353,  1.256025634759E+02,  0.0846
     27861,      2354,  1.256025586762E+02,  0.0845
     27887,      2355,  1.256023417189E+02,  0.0844
     27941,      2356,  1.256022629516E+02,  0.0843
     28016,      2357,  1.256021439988E+02,  0.0841
     28024,      2358,  1.256018172651E+02,  0.0841
     28099,      2359,  1.256007413962E+02,  0.0840
     28194,      2360,  1.256007129085E+02,  0.0837
     28329,      2361,  1.256006916916E+02,  0.0833
     28429,      2362,  1.255975855205E+02,  0.0831
     28453,      2363,  1.255975350200E+02,  0.0830
     28481,      2364,  1.255975181252E+02,  0.0830
     28499,      2365,  1.255975096963E+02,  0.0830
     28559,      2366,  1.255973870854E+02,  0.0828
     28827,      2367,  1.255973845520E+02,  0.0821
     28993,      2368,  1.255973709420E+02,  0.0817
     29143,      2369,  1.255973608010E+02,  0.0813
     29157,      2370,  1.255973227810E+02,  0.0813
     29536,      2371,  1.255973218638E+02,  0.0803
     29643,      2372,  1.255970601593E+02,  0.0800
     29768,      2373,  1.255959871779E+02,  0.0797
     29836,      2374,  1.255953434232E+02,  0.0796
     29918,      2375,  1.255952208104E+02,  0.0794
     30306,      2376,  1.255926067474E+02,  0.0784
     30481,      2377,  1.255925884014E+02,  0.0780
     30711,      2378,  1.255925545247E+02,  0.0774
     30758,      2379,  1.255925364875E+02,  0.0773
     30779,      2380,  1.255924924354E+02,  0.0773
     30826,      2381,  1.255924237514E+02,  0.0772
     31010,      2382,  1.255921969252E+02,  0.0768
     31197,      2383,  1.255918555983E+02,  0.0764
     31280,      2384,  1.255912066967E+02,  0.0762
     31302,      2385,  1.255912066632E+02,  0.0762
     31339,      2386,  1.255911929896E+02,  0.0761
     31602,      2387,  1.255910154297E+02,  0.0755
     31658,      2388,  1.255909712535E+02,  0.0754
     31693,      2389,  1.255908427784E+02,  0.0754
     31724,      2390,  1.255902113351E+02,  0.0753
     31745,      2391,  1.255901960090E+02,  0.0753
     31932,      2392,  1.255901086864E+02,  0.0749
     32240,      2393,  1.255900729921E+02,  0.0742
     32274,      2394,  1.255899869713E+02,  0.0742
     32275,      2395,  1.255899631377E+02,  0.0742
     32339,      2396,  1.255899169020E+02,  0.0741
     32390,      2397,  1.255898475454E+02,  0.0740
     32866,      2398,  1.255897965038E+02,  0.0730
     32875,      2399,  1.255897674080E+02,  0.0730
     33015,      2400,  1.255897145299E+02,  0.0727
     33026,      2401,  1.255895894183E+02,  0.0727
     33102,      2402,  1.255889863624E+02,  0.0726
     33193,      2403,  1.255864355119E+02,  0.0724
     33220,      2404,  1.255863743120E+02,  0.0724
     33353,      2405,  1.255862750861E+02,  0.0721
     33485,      2406,  1.255862667688E+02,  0.0719
     33504,      2407,  1.255862563974E+02,  0.0718
     33529,      2408,  1.255862309385E+02,  0.0718
     33676,      2409,  1.255862295012E+02,  0.0715
     34049,      2410,  1.255861739041E+02,  0.0708
     34551,      2411,  1.255861465333E+02,  0.0698
     34609,      2412,  1.255856841366E+02,  0.0697
     34860,      2413,  1.255856806532E+02,  0.0692
     34910,      2414,  1.255856778886E+02,  0.0691
     35041,      2415,  1.255856706722E+02,  0.0689
     35206,      2416,  1.255856331353E+02,  0.0686
     35237,      2417,  1.255851792327E+02,  0.0686
     35387,      2418,  1.255851295167E+02,  0.0683
     35461,      2419,  1.255848333479E+02,  0.0682
     35513,      2420,  1.255848328304E+02,  0.0681
     35693,      2421,  1.255821882644E+02,  0.0678
     35732,      2422,  1.255821658865E+02,  0.0678
     35862,      2423,  1.255821515751E+02,  0.0676
     36056,      2424,  1.255821265409E+02,  0.0672
     36070,      2425,  1.255820340956E+02,  0.0672
     36085,      2426,  1.255810514810E+02,  0.0672
     36111,      2427,  1.255809492853E+02,  0.0672
     36163,      2428,  1.255809263730E+02,  0.0671
     36168,      2429,  1.255808905092E+02,  0.0672
     36293,      2430,  1.255808708416E+02,  0.0670
     36326,      2431,  1.255808503207E+02,  0.0669
     36521,      2432,  1.255808296026E+02,  0.0666
     36982,      2433,  1.255803969803E+02,  0.0658
     37073,      2434,  1.255803289312E+02,  0.0657
     37093,      2435,  1.255799913664E+02,  0.0656
     37159,      2436,  1.255799872031E+02,  0.0656
     37227,      2437,  1.255789219827E+02,  0.0655
     37280,      2438,  1.255739663726E+02,  0.0654
     37304,      2439,  1.255737775368E+02,  0.0654
     37383,      2440,  1.255736920006E+02,  0.0653
     37425,      2441,  1.255736791846E+02,  0.0652
     37525,      2442,  1.255736295329E+02,  0.0651
     37548,      2443,  1.255736240077E+02,  0.0651
     37596,      2444,  1.255735092087E+02,  0.0650
     37792,      2445,  1.255735021086E+02,  0.0647
     37882,      2446,  1.255734405177E+02,  0.0646
     37900,      2447,  1.255734008908E+02,  0.0646
     38329,      2448,  1.255733851452E+02,  0.0639
     38353,      2449,  1.255733333271E+02,  0.0639
     38507,      2450,  1.255733324210E+02,  0.0636
     38545,      2451,  1.255732497724E+02,  0.0636
     38734,      2452,  1.255716493403E+02,  0.0633
     38861,      2453,  1.255715635195E+02,  0.0631
     38917,      2454,  1.255715452430E+02,  0.0631
     38954,      2455,  1.255715309014E+02,  0.0630
     39063,      2456,  1.255715072539E+02,  0.0629
     39200,      2457,  1.255714155502E+02,  0.0627
     39222,      2458,  1.255714059082E+02,  0.0627
     39292,      2459,  1.255713003429E+02,  0.0626
     39439,      2460,  1.255712797792E+02,  0.0624
     39497,      2461,  1.255712344578E+02,  0.0623
     39615,      2462,  1.255711878513E+02,  0.0621
     39650,      2463,  1.255711775766E+02,  0.0621
     39696,      2464,  1.255711139701E+02,  0.0621
     39791,      2465,  1.255710767177E+02,  0.0619
     39820,      2466,  1.255709810292E+02,  0.0619
     39856,      2467,  1.255708328088E+02,  0.0619
     40015,      2468,  1.255707758952E+02,  0.0617
     40019,      2469,  1.255707604308E+02,  0.0617
     40114,      2470,  1.255707495573E+02,  0.0616
     40221,      2471,  1.255707415251E+02,  0.0614
     40413,      2472,  1.255706874328E+02,  0.0612
     40440,      2473,  1.255706635548E+02,  0.0612
     40463,      2474,  1.255706633256E+02,  0.0611
     40532,      2475,  1.255706226676E+02,  0.0611
     40579,      2476,  1.255706191626E+02,  0.0610
     40585,      2477,  1.255705822834E+02,  0.0610
     40624,      2478,  1.255696087800E+02,  0.0610
     40635,      2479,  1.255695043084E+02,  0.0610
     40653,      2480,  1.255690387350E+02,  0.0610
     40698,      2481,  1.255690266997E+02,  0.0610
     40791,      2482,  1.255688254575E+02,  0.0608
     40808,      2483,  1.255687845095E+02,  0.0608
     40852,      2484,  1.255687480508E+02,  0.0608
     40864,      2485,  1.255687344752E+02,  0.0608
     40882,      2486,  1.255687042926E+02,  0.0608
     40898,      2487,  1.255682094487E+02,  0.0608
     40907,      2488,  1.255681814592E+02,  0.0608
     40947,      2489,  1.255680974813E+02,  0.0608
     41091,      2490,  1.255680799991E+02,  0.0606
     41125,      2491,  1.255679945996E+02,  0.0606
     41168,      2492,  1.255679586108E+02,  0.0605
     41259,      2493,  1.255658540985E+02,  0.0604
     41261,      2494,  1.255657957125E+02,  0.0604
     41283,      2495,  1.255656974854E+02,  0.0604
     41441,      2496,  1.255656912579E+02,  0.0602
     41465,      2497,  1.255656519947E+02,  0.0602
     41485,      2498,  1.255654987373E+02,  0.0602
     41557,      2499,  1.255654952670E+02,  0.0601
     41669,      2500,  1.255654450597E+02,  0.0600
     41931,      2501,  1.255654293433E+02,  0.0596
     42075,      2502,  1.255654262678E+02,  0.0595
     42212,      2503,  1.255653849528E+02,  0.0593
     42331,      2504,  1.255652619052E+02,  0.0592
     42450,      2505,  1.255643117116E+02,  0.0590
     42555,      2506,  1.255640466855E+02,  0.0589
     42620,      2507,  1.255633387792E+02,  0.0588
     42746,      2508,  1.255632616607E+02,  0.0587
     42758,      2509,  1.255632363948E+02,  0.0587
     42934,      2510,  1.255632201814E+02,  0.0585
     42979,      2511,  1.255631704273E+02,  0.0584
     42997,      2512,  1.255631455071E+02,  0.0584
     43038,      2513,  1.255630754054E+02,  0.0584
     43162,      2514,  1.255630706247E+02,  0.0582
     43308,      2515,  1.255630638654E+02,  0.0581
     43380,      2516,  1.255629684958E+02,  0.0580
     43561,      2517,  1.255627758130E+02,  0.0578
     43687,      2518,  1.255627489290E+02,  0.0576
     43755,      2519,  1.255627217290E+02,  0.0576
     43841,      2520,  1.255626870398E+02,  0.0575
     43873,      2521,  1.255626659891E+02,  0.0575
     44053,      2522,  1.255626560690E+02,  0.0572
     45001,      2523,  1.255625435164E+02,  0.0561
     45474,      2524,  1.255625203751E+02,  0.0555
     45811,      2525,  1.255624333046E+02,  0.0551
     46603,      2526,  1.255620022336E+02,  0.0542
     46691,      2527,  1.255619476470E+02,  0.0541
     46864,      2528,  1.255618761108E+02,  0.0539
     46871,      2529,  1.255600464869E+02,  0.0540
     47140,      2530,  1.255600342214E+02,  0.0537
     47322,      2531,  1.255599713548E+02,  0.0535
     47404,      2532,  1.255598834519E+02,  0.0534
     47778,      2533,  1.255598431586E+02,  0.0530
     47889,      2534,  1.255597873059E+02,  0.0529
     47956,      2535,  1.255585441744E+02,  0.0529
     47962,      2536,  1.255585318851E+02,  0.0529
     48003,      2537,  1.255585220262E+02,  0.0529
     48017,      2538,  1.255585067539E+02,  0.0529
     48091,      2539,  1.255584501672E+02,  0.0528
     48175,      2540,  1.255583970499E+02,  0.0527
     48305,      2541,  1.255582823828E+02,  0.0526
     48319,      2542,  1.255580928388E+02,  0.0526
     48339,      2543,  1.255572620821E+02,  0.0526
     48387,      2544,  1.255572005901E+02,  0.0526
     48568,      2545,  1.255571042332E+02,  0.0524
     48687,      2546,  1.255570394097E+02,  0.0523
     48699,      2547,  1.255570299724E+02,  0.0523
     48744,      2548,  1.255570033662E+02,  0.0523
     48751,      2549,  1.255569558576E+02,  0.0523
     48760,      2550,  1.255569006439E+02,  0.0523
     48959,      2551,  1.255566792160E+02,  0.0521
     49002,      2552,  1.255543890603E+02,  0.0521
     49046,      2553,  1.255543562798E+02,  0.0521
     49048,      2554,  1.255543494001E+02,  0.0521
     49120,      2555,  1.255543256138E+02,  0.0520
     49144,      2556,  1.255542855656E+02,  0.0520
     49248,      2557,  1.255542622681E+02,  0.0519
     49294,      2558,  1.255540033589E+02,  0.0519
     49305,      2559,  1.255538520248E+02,  0.0519
     49365,      2560,  1.255538364099E+02,  0.0519
     49522,      2561,  1.255529421479E+02,  0.0517
     49543,      2562,  1.255523367664E+02,  0.0517
     49634,      2563,  1.255523015646E+02,  0.0516
     49646,      2564,  1.255522715488E+02,  0.0516
     49757,      2565,  1.255522579516E+02,  0.0516
     49784,      2566,  1.255522425010E+02,  0.0515
     49798,      2567,  1.255520359529E+02,  0.0515
     49806,      2568,  1.255519446298E+02,  0.0516
     49852,      2569,  1.255518483887E+02,  0.0515
     49875,      2570,  1.255518119764E+02,  0.0515
     50333,      2571,  1.255517283206E+02,  0.0511
     50410,      2572,  1.255517086063E+02,  0.0510
     50531,      2573,  1.255516928431E+02,  0.0509
     50587,      2574,  1.255516857097E+02,  0.0509
     50601,      2575,  1.255513204017E+02,  0.0509
     50784,      2576,  1.255512998082E+02,  0.0507
     50838,      2577,  1.255510751818E+02,  0.0507
     50865,      2578,  1.255509585078E+02,  0.0507
     50913,      2579,  1.255508395183E+02,  0.0507
     50974,      2580,  1.255508313849E+02,  0.0506
     50983,      2581,  1.255508211339E+02,  0.0506
     51626,      2582,  1.255507517254E+02,  0.0500
     51647,      2583,  1.255500312403E+02,  0.0500
     51699,      2584,  1.255497178744E+02,  0.0500
     51790,      2585,  1.255496181382E+02,  0.0499
     51847,      2586,  1.255495783888E+02,  0.0499
     51871,      2587,  1.255495612636E+02,  0.0499
     51883,      2588,  1.255495417989E+02,  0.0499
     51969,      2589,  1.255495407772E+02,  0.0498
     52133,      2590,  1.255495111426E+02,  0.0497
     52465,      2591,  1.255494287503E+02,  0.0494
     52717,      2592,  1.255492857363E+02,  0.0492
     53084,      2593,  1.255492733943E+02,  0.0488
     53170,      2594,  1.255491065045E+02,  0.0488
     53413,      2595,  1.255490752227E+02,  0.0486
     53604,      2596,  1.255490721585E+02,  0.0484
     53668,      2597,  1.255489811031E+02,  0.0484
     53816,      2598,  1.255489680221E+02,  0.0483
     53968,      2599,  1.255489344600E+02,  0.0482
     54355,      2600,  1.255488431054E+02,  0.0478
     54416,      2601,  1.255488178132E+02,  0.0478
     54489,      2602,  1.255488072510E+02,  0.0478
     54719,      2603,  1.255487818436E+02,  0.0476
     54858,      2604,  1.255487192899E+02,  0.0475
     55045,      2605,  1.255486974688E+02,  0.0473
     55236,      2606,  1.255486620241E+02,  0.0472
     55239,      2607,  1.255486396422E+02,  0.0472
     55539,      2608,  1.255486262512E+02,  0.0470
     55543,      2609,  1.255485673146E+02,  0.0470
     55577,      2610,  1.255485070545E+02,  0.0470
     55650,      2611,  1.255480659786E+02,  0.0469
     55943,      2612,  1.255479826412E+02,  0.0467
     56026,      2613,  1.255479598789E+02,  0.0466
     56166,      2614,  1.255466378886E+02,  0.0465
     56246,      2615,  1.255464622729E+02,  0.0465
     56419,      2616,  1.255464389374E+02,  0.0464
     56453,      2617,  1.255464271959E+02,  0.0464
     56514,      2618,  1.255459452216E+02,  0.0463
     56675,      2619,  1.255459241954E+02,  0.0462
     56853,      2620,  1.255457556454E+02,  0.0461
     56954,      2621,  1.255457048214E+02,  0.0460
     57403,      2622,  1.255456988675E+02,  0.0457
     57535,      2623,  1.255456772050E+02,  0.0456
     57736,      2624,  1.255456634861E+02,  0.0454
     57805,      2625,  1.255456528720E+02,  0.0454
     57851,      2626,  1.255456320666E+02,  0.0454
     57966,      2627,  1.255452720282E+02,  0.0453
     58031,      2628,  1.255445714757E+02,  0.0453
     58200,      2629,  1.255445689708E+02,  0.0452
     58309,      2630,  1.255445347048E+02,  0.0451
     58400,      2631,  1.255439615501E+02,  0.0451
     58504,      2632,  1.255439012689E+02,  0.0450
     58904,      2633,  1.255438492494E+02,  0.0447
     58921,      2634,  1.255438257198E+02,  0.0447
     59092,      2635,  1.255438235646E+02,  0.0446
     59134,      2636,  1.255435501079E+02,  0.0446
     59211,      2637,  1.255434481729E+02,  0.0445
     59320,      2638,  1.255433443007E+02,  0.0445
     59335,      2639,  1.255432447987E+02,  0.0445
     59389,      2640,  1.255432436291E+02,  0.0445
     59631,      2641,  1.255432389820E+02,  0.0443
     59942,      2642,  1.255430689898E+02,  0.0441
     60101,      2643,  1.255429581637E+02,  0.0440
     60200,      2644,  1.255428557352E+02,  0.0439
     60298,      2645,  1.255398531973E+02,  0.0439
     60321,      2646,  1.255396981868E+02,  0.0439
     60840,      2647,  1.255396730714E+02,  0.0435
     60860,      2648,  1.255394957762E+02,  0.0435
     61142,      2649,  1.255394634018E+02,  0.0433
     61325,      2650,  1.255394058204E+02,  0.0432
     61344,      2651,  1.255393551267E+02,  0.0432
     61384,      2652,  1.255392886237E+02,  0.0432
     61546,      2653,  1.255392219013E+02,  0.0431
     61796,      2654,  1.255391045054E+02,  0.0429
     62280,      2655,  1.255390447065E+02,  0.0426
     62367,      2656,  1.255389643079E+02,  0.0426
     62522,      2657,  1.255389587844E+02,  0.0425
     62887,      2658,  1.255389579233E+02,  0.0423
     63248,      2659,  1.255389466339E+02,  0.0420
     63412,      2660,  1.255388885609E+02,  0.0419
     63429,      2661,  1.255388292934E+02,  0.0420
     63494,      2662,  1.255387837743E+02,  0.0419
     63529,      2663,  1.255386859155E+02,  0.0419
     63634,      2664,  1.255386142776E+02,  0.0419
     63691,      2665,  1.255386087171E+02,  0.0418
     64190,      2666,  1.255385620379E+02,  0.0415
     64374,      2667,  1.255385470804E+02,  0.0414
     64537,      2668,  1.255385317769E+02,  0.0413
     64608,      2669,  1.255384956194E+02,  0.0413
     64614,      2670,  1.255384860467E+02,  0.0413
     64762,      2671,  1.255384008859E+02,  0.0412
     65026,      2672,  1.255383619324E+02,  0.0411
     65166,      2673,  1.255383170953E+02,  0.0410
     65333,      2674,  1.255382801512E+02,  0.0409
     65678,      2675,  1.255355341369E+02,  0.0407
     65860,      2676,  1.255355294110E+02,  0.0406
     65877,      2677,  1.255354860645E+02,  0.0406
     66025,      2678,  1.255354816588E+02,  0.0406
     66152,      2679,  1.255354758302E+02,  0.0405
     66954,      2680,  1.255353130405E+02,  0.0400
     67029,      2681,  1.255353060325E+02,  0.0400
     67050,      2682,  1.255352793300E+02,  0.0400
     67217,      2683,  1.255352692357E+02,  0.0399
     67391,      2684,  1.255352506608E+02,  0.0398
     67582,      2685,  1.255352280919E+02,  0.0397
     67601,      2686,  1.255351561247E+02,  0.0397
     67715,      2687,  1.255351238419E+02,  0.0397
     67779,      2688,  1.255351237408E+02,  0.0397
     67943,      2689,  1.255351206760E+02,  0.0396
     68084,      2690,  1.255350476328E+02,  0.0395
     68296,      2691,  1.255340359782E+02,  0.0394
     68335,      2692,  1.255340078220E+02,  0.0394
     68498,      2693,  1.255339574480E+02,  0.0393
     68568,      2694,  1.255330827934E+02,  0.0393
     68961,      2695,  1.255330808793E+02,  0.0391
     69009,      2696,  1.255330665578E+02,  0.0391
     69028,      2697,  1.255330047131E+02,  0.0391
     69071,      2698,  1.255329920561E+02,  0.0391
     69166,      2699,  1.255325802270E+02,  0.0390
     69219,      2700,  1.255325315424E+02,  0.0390
     69571,      2701,  1.255324170094E+02,  0.0388
     69588,      2702,  1.255323481137E+02,  0.0388
     69954,      2703,  1.255316262500E+02,  0.0386
     70064,      2704,  1.255314243246E+02,  0.0386
     70116,      2705,  1.255313748222E+02,  0.0386
     70193,      2706,  1.255313433788E+02,  0.0386
     70242,      2707,  1.255312805726E+02,  0.0385
     70254,      2708,  1.255311430986E+02,  0.0385
     70337,      2709,  1.255311063111E+02,  0.0385
     70374,      2710,  1.255310521105E+02,  0.0385
     70450,      2711,  1.255310367265E+02,  0.0385
     70566,      2712,  1.255309947522E+02,  0.0384
     70633,      2713,  1.255309516630E+02,  0.0384
     70911,      2714,  1.255309436072E+02,  0.0383
     70921,      2715,  1.255309077449E+02,  0.0383
     71033,      2716,  1.255308745411E+02,  0.0382
     71179,      2717,  1.255308006356E+02,  0.0382
     71307,      2718,  1.255307816270E+02,  0.0381
     71374,      2719,  1.255306983516E+02,  0.0381
     71590,      2720,  1.255305219337E+02,  0.0380
     71856,      2721,  1.255304523152E+02,  0.0379
     71870,      2722,  1.255304224733E+02,  0.0379
     71906,      2723,  1.255303994542E+02,  0.0379
     71953,      2724,  1.255284378428E+02,  0.0379
     72352,      2725,  1.255281821889E+02,  0.0377
     72547,      2726,  1.255280111817E+02,  0.0376
     72835,      2727,  1.255257095721E+02,  0.0374
     72837,      2728,  1.255148333858E+02,  0.0375
     72885,      2729,  1.255147986573E+02,  0.0374
     73213,      2730,  1.255102196045E+02,  0.0373
     73287,      2731,  1.255101370185E+02,  0.0373
     73401,      2732,  1.255086498631E+02,  0.0372
     73448,      2733,  1.255086418378E+02,  0.0372
     73574,      2734,  1.255085712888E+02,  0.0372
     73624,      2735,  1.255085663179E+02,  0.0371
     73682,      2736,  1.255085127603E+02,  0.0371
     73892,      2737,  1.255071867892E+02,  0.0370
     73938,      2738,  1.255071009764E+02,  0.0370
     74069,      2739,  1.255069314187E+02,  0.0370
     74214,      2740,  1.255068472286E+02,  0.0369
     74736,      2741,  1.255058967692E+02,  0.0367
     74974,      2742,  1.255058654541E+02,  0.0366
     75128,      2743,  1.255058416623E+02,  0.0365
     75132,      2744,  1.255055785666E+02,  0.0365
     75294,      2745,  1.255054943227E+02,  0.0365
     75363,      2746,  1.255053038418E+02,  0.0364
     75416,      2747,  1.255052947230E+02,  0.0364
     75520,      2748,  1.255051137829E+02,  0.0364
     75657,      2749,  1.255050832301E+02,  0.0363
     75844,      2750,  1.255049743306E+02,  0.0363
     76419,      2751,  1.255049653473E+02,  0.0360
     76647,      2752,  1.255049398528E+02,  0.0359
     76700,      2753,  1.255049266167E+02,  0.0359
     77033,      2754,  1.255045959769E+02,  0.0358
     77172,      2755,  1.255045708810E+02,  0.0357
     77635,      2756,  1.255045661114E+02,  0.0355
     77704,      2757,  1.255045010936E+02,  0.0355
     77818,      2758,  1.255044645540E+02,  0.0354
     77843,      2759,  1.255044182976E+02,  0.0354
     77924,      2760,  1.255043937071E+02,  0.0354
     77971,      2761,  1.255043640898E+02,  0.0354
     78040,      2762,  1.255043467353E+02,  0.0354
     78044,      2763,  1.255042597153E+02,  0.0354
     78094,      2764,  1.255041882236E+02,  0.0354
     78101,      2765,  1.255041344237E+02,  0.0354
     78138,      2766,  1.255040849138E+02,  0.0354
     78460,      2767,  1.255039804658E+02,  0.0353
     78493,      2768,  1.255039765347E+02,  0.0353
     78561,      2769,  1.255039686252E+02,  0.0352
     78579,      2770,  1.255038958866E+02,  0.0353
     78602,      2771,  1.255038632836E+02,  0.0353
     78820,      2772,  1.255038498582E+02,  0.0352
     78839,      2773,  1.255038481783E+02,  0.0352
     78858,      2774,  1.255036617235E+02,  0.0352
     79187,      2775,  1.255036554940E+02,  0.0350
     79546,      2776,  1.255018648099E+02,  0.0349
     79687,      2777,  1.255015283981E+02,  0.0348
     79806,      2778,  1.255008906319E+02,  0.0348
     79819,      2779,  1.255008727454E+02,  0.0348
     79838,      2780,  1.255008674458E+02,  0.0348
     79864,      2781,  1.255008657623E+02,  0.0348
     80190,      2782,  1.255008631377E+02,  0.0347
     80221,      2783,  1.255008553075E+02,  0.0347
     80311,      2784,  1.255008027337E+02,  0.0347
     80866,      2785,  1.255007479285E+02,  0.0344
     81205,      2786,  1.255007249743E+02,  0.0343
     81404,      2787,  1.255006599871E+02,  0.0342
     81441,      2788,  1.255002483989E+02,  0.0342
     81535,      2789,  1.255002453483E+02,  0.0342
     82061,      2790,  1.255002032108E+02,  0.0340
     82414,      2791,  1.255001991394E+02,  0.0339
     82442,      2792,  1.255001951111E+02,  0.0339
     82446,      2793,  1.255001611109E+02,  0.0339
     82587,      2794,  1.255001502068E+02,  0.0338
     82756,      2795,  1.255001305081E+02,  0.0338
     83165,      2796,  1.255001108817E+02,  0.0336
     83376,      2797,  1.255001009187E+02,  0.0335
     83578,      2798,  1.255000953436E+02,  0.0335
     83708,      2799,  1.255000787916E+02,  0.0334
     85469,      2800,  1.255000779281E+02,  0.0328
     85522,      2801,  1.255000749248E+02,  0.0328
     85911,      2802,  1.255000694506E+02,  0.0326
     86033,      2803,  1.255000421657E+02,  0.0326
     87631,      2804,  1.255000400001E+02,  0.0320
     88475,      2805,  1.255000138829E+02,  0.0317
     88801,      2806,  1.254999725678E+02,  0.0316
     88818,      2807,  1.254999680318E+02,  0.0316
     89629,      2808,  1.254999451821E+02,  0.0313
     89709,      2809,  1.254999406907E+02,  0.0313
     90194,      2810,  1.254998775607E+02,  0.0312
     90585,      2811,  1.254998368979E+02,  0.0310
     90869,      2812,  1.254998143091E+02,  0.0309
     90989,      2813,  1.254998080630E+02,  0.0309
     91134,      2814,  1.254998011520E+02,  0.0309
     91220,      2815,  1.254995242789E+02,  0.0309
     91785,      2816,  1.254983044704E+02,  0.0307
     91852,      2817,  1.254982616027E+02,  0.0307
     92034,      2818,  1.254982611658E+02,  0.0306
     92569,      2819,  1.254982002698E+02,  0.0305
     92819,      2820,  1.254981994983E+02,  0.0304
     92936,      2821,  1.254981955840E+02,  0.0304
     93785,      2822,  1.254981932523E+02,  0.0301
     94706,      2823,  1.254981514143E+02,  0.0298
     95244,      2824,  1.254981450344E+02,  0.0297
     95439,      2825,  1.254981371346E+02,  0.0296
     96146,      2826,  1.254981255546E+02,  0.0294
     96235,      2827,  1.254981215379E+02,  0.0294
     96353,      2828,  1.254981205271E+02,  0.0294
     96377,      2829,  1.254979360479E+02,  0.0294
     96666,      2830,  1.254956986956E+02,  0.0293
     96811,      2831,  1.254956805624E+02,  0.0292
     97305,      2832,  1.254956433331E+02,  0.0291
     97580,      2833,  1.254955287300E+02,  0.0290
     97777,      2834,  1.254955234827E+02,  0.0290
     98145,      2835,  1.254955000627E+02,  0.0289
     98208,      2836,  1.254952868897E+02,  0.0289
     98264,      2837,  1.254951216102E+02,  0.0289
     98504,      2838,  1.254949572985E+02,  0.0288
     98585,      2839,  1.254949555188E+02,  0.0288
     98589,      2840,  1.254949529526E+02,  0.0288
     99367,      2841,  1.254949185957E+02,  0.0286
     99443,      2842,  1.254949184275E+02,  0.0286
     99785,      2843,  1.254938879777E+02,  0.0285
    100119,      2844,  1.254933158874E+02,  0.0284
    100299,      2845,  1.254933154635E+02,  0.0284
    100466,      2846,  1.254933141580E+02,  0.0283
    100705,      2847,  1.254932196274E+02,  0.0283
    100852,      2848,  1.254932091777E+02,  0.0282
    100862,      2849,  1.254931200126E+02,  0.0282
    101142,      2850,  1.254919790585E+02,  0.0282
    101187,      2851,  1.254919196749E+02,  0.0282
    101891,      2852,  1.254919091495E+02,  0.0280
    102443,      2853,  1.254883696677E+02,  0.0278
    102453,      2854,  1.254883563168E+02,  0.0279
    102687,      2855,  1.254883417709E+02,  0.0278
    102812,      2856,  1.254883142992E+02,  0.0278
    102906,      2857,  1.254882918550E+02,  0.0278
    103032,      2858,  1.254873326762E+02,  0.0277
    103287,      2859,  1.254873254138E+02,  0.0277
    103303,      2860,  1.254873138675E+02,  0.0277
    103354,      2861,  1.254872775591E+02,  0.0277
    103865,      2862,  1.254872753932E+02,  0.0276
    104111,      2863,  1.254872475375E+02,  0.0275
    104249,      2864,  1.254870306352E+02,  0.0275
    104319,      2865,  1.254869750411E+02,  0.0275
    104462,      2866,  1.254869241286E+02,  0.0274
    104464,      2867,  1.254868786258E+02,  0.0274
    104626,      2868,  1.254868669232E+02,  0.0274
    104833,      2869,  1.254868126347E+02,  0.0274
    105170,      2870,  1.254868057502E+02,  0.0273
    105175,      2871,  1.254868021503E+02,  0.0273
    105239,      2872,  1.254867929216E+02,  0.0273
    105759,      2873,  1.254867400242E+02,  0.0272
    105938,      2874,  1.254867189821E+02,  0.0271
    105947,      2875,  1.254866290400E+02,  0.0271
    106076,      2876,  1.254866195417E+02,  0.0271
    106570,      2877,  1.254866193315E+02,  0.0270
    106742,      2878,  1.254865855861E+02,  0.0270
    106856,      2879,  1.254865816424E+02,  0.0269
    107124,      2880,  1.254865075603E+02,  0.0269
    108015,      2881,  1.254864602997E+02,  0.0267
    108348,      2882,  1.254864071663E+02,  0.0266
    108364,      2883,  1.254863946868E+02,  0.0266
    108501,      2884,  1.254863909133E+02,  0.0266
    108932,      2885,  1.254863855703E+02,  0.0265
    110259,      2886,  1.254863746673E+02,  0.0262
    110361,      2887,  1.254863665593E+02,  0.0262
    111037,      2888,  1.254863586114E+02,  0.0260
    111301,      2889,  1.254863526167E+02,  0.0260
    111915,      2890,  1.254863137907E+02,  0.0258
    112263,      2891,  1.254863002542E+02,  0.0258
    112935,      2892,  1.254862733175E+02,  0.0256
    113610,      2893,  1.254862705306E+02,  0.0255
    114644,      2894,  1.254862537880E+02,  0.0252
    115177,      2895,  1.254862409753E+02,  0.0251
    115773,      2896,  1.254862232745E+02,  0.0250
    116503,      2897,  1.254862133735E+02,  0.0249
    117489,      2898,  1.254862045701E+02,  0.0247
    117629,      2899,  1.254861980768E+02,  0.0246
    118517,      2900,  1.254861920077E+02,  0.0245
    119162,      2901,  1.254861281142E+02,  0.0243
    119195,      2902,  1.254861186658E+02,  0.0243
    119370,      2903,  1.254861183046E+02,  0.0243
    120555,      2904,  1.254860974442E+02,  0.0241
    120685,      2905,  1.254860888027E+02,  0.0241
    121051,      2906,  1.254860699322E+02,  0.0240
    121906,      2907,  1.254860477794E+02,  0.0238
    122407,      2908,  1.254860424274E+02,  0.0238
    123355,      2909,  1.254860373457E+02,  0.0236
    123452,      2910,  1.254845813290E+02,  0.0236
    123519,      2911,  1.254845775857E+02,  0.0236
    125235,      2912,  1.254845654231E+02,  0.0233
    125276,      2913,  1.254842295976E+02,  0.0233
    126161,      2914,  1.254835076938E+02,  0.0231
    127033,      2915,  1.254833718812E+02,  0.0229
    127248,      2916,  1.254833712729E+02,  0.0229
    127600,      2917,  1.254833711483E+02,  0.0229
    127673,      2918,  1.254833390559E+02,  0.0229
    128130,      2919,  1.254833283451E+02,  0.0228
    128861,      2920,  1.254833240836E+02,  0.0227
    129060,      2921,  1.254833219373E+02,  0.0226
    132395,      2922,  1.254833188008E+02,  0.0221
    132808,      2923,  1.254833173979E+02,  0.0220
    133336,      2924,  1.254833152375E+02,  0.0219
    133340,      2925,  1.254833042631E+02,  0.0219
    134889,      2926,  1.254832944291E+02,  0.0217
    135197,      2927,  1.254832806494E+02,  0.0216
    135463,      2928,  1.254832730721E+02,  0.0216
    136216,      2929,  1.254832298685E+02,  0.0215
    136510,      2930,  1.254832157360E+02,  0.0215
    136546,      2931,  1.254824872794E+02,  0.0215
    136793,      2932,  1.254821068820E+02,  0.0214
    136867,      2933,  1.254820666617E+02,  0.0214
    137068,      2934,  1.254818701386E+02,  0.0214
    137082,      2935,  1.254818607999E+02,  0.0214
    137305,      2936,  1.254818546740E+02,  0.0214
    137511,      2937,  1.254818535584E+02,  0.0214
    137728,      2938,  1.254818447516E+02,  0.0213
    138148,      2939,  1.254817624423E+02,  0.0213
    138168,      2940,  1.254816988283E+02,  0.0213
    138298,      2941,  1.254816786316E+02,  0.0213
    138877,      2942,  1.254816292803E+02,  0.0212
    138995,      2943,  1.254816211071E+02,  0.0212
    139043,      2944,  1.254815436504E+02,  0.0212
    139775,      2945,  1.254815420070E+02,  0.0211
    139813,      2946,  1.254814776385E+02,  0.0211
    140023,      2947,  1.254814615274E+02,  0.0210
    141499,      2948,  1.254814560196E+02,  0.0208
    141740,      2949,  1.254803391204E+02,  0.0208
    142188,      2950,  1.254798477779E+02,  0.0207
    142293,      2951,  1.254798306072E+02,  0.0207
    142697,      2952,  1.254789227522E+02,  0.0207
    143147,      2953,  1.254789170565E+02,  0.0206
    143379,      2954,  1.254788902122E+02,  0.0206
    144252,      2955,  1.254788824986E+02,  0.0205
    144810,      2956,  1.254765810909E+02,  0.0204
    144825,      2957,  1.254765647964E+02,  0.0204
    145255,      2958,  1.254765595612E+02,  0.0204
    145337,      2959,  1.254765479955E+02,  0.0204
    146385,      2960,  1.254763647230E+02,  0.0202
    146863,      2961,  1.254763638827E+02,  0.0202
    146994,      2962,  1.254762507431E+02,  0.0202
    147183,      2963,  1.254762252331E+02,  0.0201
    148444,      2964,  1.254762139776E+02,  0.0200
    151224,      2965,  1.254762095649E+02,  0.0196
    152315,      2966,  1.254761027310E+02,  0.0195
    153905,      2967,  1.254760982247E+02,  0.0193
    154261,      2968,  1.254760929612E+02,  0.0192
    154288,      2969,  1.254759424455E+02,  0.0192
    155323,      2970,  1.254759383944E+02,  0.0191
    159108,      2971,  1.254746103418E+02,  0.0187
    159645,      2972,  1.254746057602E+02,  0.0186
    159656,      2973,  1.254742760032E+02,  0.0186
    160035,      2974,  1.254742754694E+02,  0.0186
    161840,      2975,  1.254742685305E+02,  0.0184
    162622,      2976,  1.254742656157E+02,  0.0183
    162874,      2977,  1.254736783716E+02,  0.0183
    164170,      2978,  1.254734458373E+02,  0.0181
    164178,      2979,  1.254734439469E+02,  0.0181
    164772,      2980,  1.254694817787E+02,  0.0181
    166194,      2981,  1.254694147123E+02,  0.0179
    166582,      2982,  1.254685675907E+02,  0.0179
    167142,      2983,  1.254685660322E+02,  0.0178
    169065,      2984,  1.254684859804E+02,  0.0177
    169746,      2985,  1.254684753204E+02,  0.0176
    171802,      2986,  1.254684731961E+02,  0.0174
    172654,      2987,  1.254684692532E+02,  0.0173
    174304,      2988,  1.254684677205E+02,  0.0171
    174841,      2989,  1.254684661636E+02,  0.0171
    175470,      2990,  1.254684376827E+02,  0.0170
    175502,      2991,  1.254684360713E+02,  0.0170
    175627,      2992,  1.254682465347E+02,  0.0170
    178469,      2993,  1.254682352640E+02,  0.0168
    179066,      2994,  1.254681273625E+02,  0.0167
    180487,      2995,  1.254681163514E+02,  0.0166
    180700,      2996,  1.254681068553E+02,  0.0166
    181133,      2997,  1.254681034689E+02,  0.0165
    182183,      2998,  1.254681034193E+02,  0.0165
    182243,      2999,  1.254680943716E+02,  0.0165
    183895,      3000,  1.254680926847E+02,  0.0163
    183980,      3001,  1.254680923594E+02,  0.0163
    185052,      3002,  1.254679360254E+02,  0.0162
    185201,      3003,  1.254679271169E+02,  0.0162
    186610,      3004,  1.254678980288E+02,  0.0161
    186673,      3005,  1.254678953905E+02,  0.0161
    187332,      3006,  1.254678948924E+02,  0.0160
    187912,      3007,  1.254678513258E+02,  0.0160
    188203,      3008,  1.254678471816E+02,  0.0160
    189307,      3009,  1.254673116538E+02,  0.0159
    189437,      3010,  1.254673115083E+02,  0.0159
    189774,      3011,  1.254673064812E+02,  0.0159
    190049,      3012,  1.254673022833E+02,  0.0158
    190556,      3013,  1.254672869530E+02,  0.0158
    191258,      3014,  1.254672221695E+02,  0.0158
    191494,      3015,  1.254672189614E+02,  0.0157
    192215,      3016,  1.254671929110E+02,  0.0157
    192481,      3017,  1.254671914103E+02,  0.0157
    193490,      3018,  1.254671910336E+02,  0.0156
    194553,      3019,  1.254671904547E+02,  0.0155
    195974,      3020,  1.254671732507E+02,  0.0154
    196718,      3021,  1.254671629001E+02,  0.0154
    196811,      3022,  1.254669540354E+02,  0.0154
    198081,      3023,  1.254669507144E+02,  0.0153
    198896,      3024,  1.254669420356E+02,  0.0152
    199291,      3025,  1.254662894914E+02,  0.0152
    201552,      3026,  1.254662855548E+02,  0.0150
    204678,      3027,  1.254657984649E+02,  0.0148
    205365,      3028,  1.254657941705E+02,  0.0147
    205530,      3029,  1.254657934290E+02,  0.0147
    205926,      3030,  1.254657914972E+02,  0.0147
    206678,      3031,  1.254657721481E+02,  0.0147
    207180,      3032,  1.254657609460E+02,  0.0146
    208007,      3033,  1.254657587391E+02,  0.0146
    208548,      3034,  1.254653222297E+02,  0.0145
    209093,      3035,  1.254653186274E+02,  0.0145
    209390,      3036,  1.254653164315E+02,  0.0145
    210356,      3037,  1.254653097898E+02,  0.0144
    210399,      3038,  1.254653033906E+02,  0.0144
    210717,      3039,  1.254653017484E+02,  0.0144
    210771,      3040,  1.254652919234E+02,  0.0144
    210866,      3041,  1.254652759098E+02,  0.0144
    211741,      3042,  1.254652720511E+02,  0.0144
    212362,      3043,  1.254652028405E+02,  0.0143
    213003,      3044,  1.254650112523E+02,  0.0143
    213330,      3045,  1.254650029114E+02,  0.0143
    214422,      3046,  1.254648447003E+02,  0.0142
    215889,      3047,  1.254648416739E+02,  0.0141
    216369,      3048,  1.254648411246E+02,  0.0141
    220253,      3049,  1.254648408807E+02,  0.0138
    221222,      3050,  1.254646178408E+02,  0.0138
    221631,      3051,  1.254645840459E+02,  0.0138
    225334,      3052,  1.254645774339E+02,  0.0135
    226103,      3053,  1.254645742306E+02,  0.0135
    228947,      3054,  1.254645604162E+02,  0.0133
    232651,      3055,  1.254645569475E+02,  0.0131
    232985,      3056,  1.254645564048E+02,  0.0131
    233016,      3057,  1.254645460116E+02,  0.0131
    239803,      3058,  1.254644521081E+02,  0.0128
    241495,      3059,  1.254644515450E+02,  0.0127
    242425,      3060,  1.254644509956E+02,  0.0126
    244511,      3061,  1.254643957582E+02,  0.0125
    247203,      3062,  1.254643886542E+02,  0.0124
    248155,      3063,  1.254643875454E+02,  0.0123
    248956,      3064,  1.254643846832E+02,  0.0123
    252431,      3065,  1.254643744769E+02,  0.0121
    253502,      3066,  1.254643695883E+02,  0.0121
    254108,      3067,  1.254640170988E+02,  0.0121
    255674,      3068,  1.254640157992E+02,  0.0120
    255956,      3069,  1.254640138933E+02,  0.0120
    256060,      3070,  1.254640083479E+02,  0.0120
    256178,      3071,  1.254639969603E+02,  0.0120
    258089,      3072,  1.254639966732E+02,  0.0119
    258569,      3073,  1.254639956119E+02,  0.0119
    258970,      3074,  1.254639949667E+02,  0.0119
    261538,      3075,  1.254639928392E+02,  0.0118
    261907,      3076,  1.254639901892E+02,  0.0117
    265623,      3077,  1.254637757797E+02,  0.0116
    266787,      3078,  1.254637741048E+02,  0.0115
    271040,      3079,  1.254637720530E+02,  0.0114
    271145,      3080,  1.254637704715E+02,  0.0114
    273204,      3081,  1.254637627535E+02,  0.0113
    273448,      3082,  1.254637615767E+02,  0.0113
    274044,      3083,  1.254637590970E+02,  0.0113
    274781,      3084,  1.254637542247E+02,  0.0112
    275063,      3085,  1.254635029349E+02,  0.0112
    275729,      3086,  1.254635015718E+02,  0.0112
    276958,      3087,  1.254634783587E+02,  0.0111
    277557,      3088,  1.254634739243E+02,  0.0111
    278451,      3089,  1.254634567928E+02,  0.0111
    278603,      3090,  1.254633817675E+02,  0.0111
    281076,      3091,  1.254633730287E+02,  0.0110
    282141,      3092,  1.254633649085E+02,  0.0110
    282513,      3093,  1.254633631742E+02,  0.0109
    284436,      3094,  1.254633598647E+02,  0.0109
    284903,      3095,  1.254633590198E+02,  0.0109
    284966,      3096,  1.254633497310E+02,  0.0109
    285321,      3097,  1.254633450761E+02,  0.0109
    287401,      3098,  1.254633388678E+02,  0.0108
    289119,      3099,  1.254633302118E+02,  0.0107
    294408,      3100,  1.254633300800E+02,  0.0105
    295571,      3101,  1.254633283865E+02,  0.0105
    295596,      3102,  1.254633182677E+02,  0.0105
    296751,      3103,  1.254631726197E+02,  0.0105
    298835,      3104,  1.254631670030E+02,  0.0104
    299084,      3105,  1.254626704941E+02,  0.0104
    301002,      3106,  1.254626249051E+02,  0.0103
    301054,      3107,  1.254626229146E+02,  0.0103
    302193,      3108,  1.254626190558E+02,  0.0103
    302879,      3109,  1.254626038580E+02,  0.0103
    303931,      3110,  1.254622751164E+02,  0.0102
    303976,      3111,  1.254621487386E+02,  0.0102
    304672,      3112,  1.254621171795E+02,  0.0102
    304808,      3113,  1.254620553328E+02,  0.0102
    304898,      3114,  1.254620490810E+02,  0.0102
    304906,      3115,  1.254619473382E+02,  0.0102
    305109,      3116,  1.254619137760E+02,  0.0102
    305346,      3117,  1.254619120897E+02,  0.0102
    305788,      3118,  1.254619029953E+02,  0.0102
    306583,      3119,  1.254618989505E+02,  0.0102
    306597,      3120,  1.254618688350E+02,  0.0102
    306637,      3121,  1.254618421835E+02,  0.0102
    308981,      3122,  1.254618383441E+02,  0.0101
    309205,      3123,  1.254617783306E+02,  0.0101
    309874,      3124,  1.254617582163E+02,  0.0101
    310878,      3125,  1.254616695645E+02,  0.0101
    311519,      3126,  1.254604078247E+02,  0.0100
    312148,      3127,  1.254598201783E+02,  0.0100
    312199,      3128,  1.254597114443E+02,  0.0100
    312570,      3129,  1.254593410298E+02,  0.0100
    313135,      3130,  1.254593336757E+02,  0.0100
    313157,      3131,  1.254593046238E+02,  0.0100
    313534,      3132,  1.254593015210E+02,  0.0100
    313536,      3133,  1.254592634686E+02,  0.0100
    314402,      3134,  1.254592634384E+02,  0.0100
    314564,      3135,  1.254592616539E+02,  0.0100
    315160,      3136,  1.254592341256E+02,  0.0100
    315232,      3137,  1.254591897443E+02,  0.0100
    315407,      3138,  1.254591861254E+02,  0.0099
    315543,      3139,  1.254591826686E+02,  0.0099
    316166,      3140,  1.254591798899E+02,  0.0099
    316372,      3141,  1.254590208342E+02,  0.0099
    316737,      3142,  1.254590183988E+02,  0.0099
    316841,      3143,  1.254589757253E+02,  0.0099
    317362,      3144,  1.254589128957E+02,  0.0099
    317938,      3145,  1.254589029112E+02,  0.0099
    318233,      3146,  1.254588710266E+02,  0.0099
    318746,      3147,  1.254588495126E+02,  0.0099
    318750,      3148,  1.254588177522E+02,  0.0099
    318982,      3149,  1.254588166900E+02,  0.0099
    318991,      3150,  1.254588051101E+02,  0.0099
    319954,      3151,  1.254587906198E+02,  0.0098
    320002,      3152,  1.254587868493E+02,  0.0098
    320060,      3153,  1.254587800304E+02,  0.0099
    320202,      3154,  1.254587778096E+02,  0.0099
    320669,      3155,  1.254587246159E+02,  0.0098
    322454,      3156,  1.254586908344E+02,  0.0098
    324076,      3157,  1.254586748697E+02,  0.0097
    324255,      3158,  1.254586438149E+02,  0.0097
    324688,      3159,  1.254586334031E+02,  0.0097
    324944,      3160,  1.254586326330E+02,  0.0097
    325223,      3161,  1.254586146400E+02,  0.0097
    326535,      3162,  1.254586055825E+02,  0.0097
    327081,      3163,  1.254586037255E+02,  0.0097
    327323,      3164,  1.254586026602E+02,  0.0097
    327429,      3165,  1.254585947420E+02,  0.0097
    327766,      3166,  1.254585944366E+02,  0.0097
    329808,      3167,  1.254585759790E+02,  0.0096
    331313,      3168,  1.254585728848E+02,  0.0096
    331658,      3169,  1.254585701348E+02,  0.0096
    332506,      3170,  1.254585580667E+02,  0.0095
    332665,      3171,  1.254585549156E+02,  0.0095
    333093,      3172,  1.254585498855E+02,  0.0095
    333142,      3173,  1.254585461138E+02,  0.0095
    333609,      3174,  1.254585284660E+02,  0.0095
    336210,      3175,  1.254585279871E+02,  0.0094
    337722,      3176,  1.254585123749E+02,  0.0094
    337904,      3177,  1.254585075725E+02,  0.0094
    340828,      3178,  1.254584986541E+02,  0.0093
    345712,      3179,  1.254584979520E+02,  0.0092
    345816,      3180,  1.254584939008E+02,  0.0092
    347751,      3181,  1.254581195288E+02,  0.0091
    347949,      3182,  1.254581178781E+02,  0.0091
    350300,      3183,  1.254581176939E+02,  0.0091
    351457,      3184,  1.254578218760E+02,  0.0091
    354903,      3185,  1.254578073067E+02,  0.0090
    355032,      3186,  1.254577964053E+02,  0.0090
    356704,      3187,  1.254576573937E+02,  0.0089
    358463,      3188,  1.254576573126E+02,  0.0089
    359241,      3189,  1.254576508206E+02,  0.0089
    359714,      3190,  1.254576400302E+02,  0.0089
    360426,      3191,  1.254576337703E+02,  0.0089
    360693,      3192,  1.254576334920E+02,  0.0088
    360850,      3193,  1.254576327078E+02,  0.0088
    363926,      3194,  1.254576326400E+02,  0.0088
    364182,      3195,  1.254576292107E+02,  0.0088
    364649,      3196,  1.254576241861E+02,  0.0088
    365362,      3197,  1.254576230713E+02,  0.0088
    366388,      3198,  1.254576159504E+02,  0.0087
    366394,      3199,  1.254576155124E+02,  0.0087
    368788,      3200,  1.254576135603E+02,  0.0087
    369937,      3201,  1.254576095921E+02,  0.0087
    370114,      3202,  1.254576080981E+02,  0.0087
    370345,      3203,  1.254573734843E+02,  0.0086
    371247,      3204,  1.254569502182E+02,  0.0086
    372391,      3205,  1.254569433157E+02,  0.0086
    372917,      3206,  1.254569388969E+02,  0.0086
    373035,      3207,  1.254569316811E+02,  0.0086
    373413,      3208,  1.254569303613E+02,  0.0086
    373816,      3209,  1.254569297438E+02,  0.0086
    376630,      3210,  1.254569292658E+02,  0.0085
    380400,      3211,  1.254569256280E+02,  0.0084
    382317,      3212,  1.254569161842E+02,  0.0084
    384172,      3213,  1.254565946020E+02,  0.0084
    384522,      3214,  1.254565939696E+02,  0.0084
    391510,      3215,  1.254565928273E+02,  0.0082
    392145,      3216,  1.254565922656E+02,  0.0082
    392908,      3217,  1.254565906870E+02,  0.0082
    395068,      3218,  1.254565880595E+02,  0.0081
    395696,      3219,  1.254565823913E+02,  0.0081
    395731,      3220,  1.254565807114E+02,  0.0081
    396394,      3221,  1.254565657941E+02,  0.0081
    398131,      3222,  1.254565606983E+02,  0.0081
    398760,      3223,  1.254565554892E+02,  0.0081
    398927,      3224,  1.254565517357E+02,  0.0081
    399177,      3225,  1.254565512179E+02,  0.0081
    400562,      3226,  1.254565507678E+02,  0.0081
    403293,      3227,  1.254563645993E+02,  0.0080
    405887,      3228,  1.254563642418E+02,  0.0080
    407045,      3229,  1.254563602982E+02,  0.0079
    411267,      3230,  1.254560575489E+02,  0.0079
    412002,      3231,  1.254559169576E+02,  0.0078
    412503,      3232,  1.254559150975E+02,  0.0078
    413241,      3233,  1.254559129053E+02,  0.0078
    416836,      3234,  1.254559093231E+02,  0.0078
    418406,      3235,  1.254559074427E+02,  0.0077
    419112,      3236,  1.254558707351E+02,  0.0077
    419845,      3237,  1.254558684639E+02,  0.0077
    421929,      3238,  1.254558649123E+02,  0.0077
    423276,      3239,  1.254557564872E+02,  0.0077
    425038,      3240,  1.254557557625E+02,  0.0076
    425201,      3241,  1.254557539803E+02,  0.0076
    425822,      3242,  1.254557439816E+02,  0.0076
    426547,      3243,  1.254557208495E+02,  0.0076
    428467,      3244,  1.254557196721E+02,  0.0076
    428489,      3245,  1.254556952533E+02,  0.0076
    430584,      3246,  1.254556926776E+02,  0.0075
    432741,      3247,  1.254556908591E+02,  0.0075
    432841,      3248,  1.254556865986E+02,  0.0075
    436897,      3249,  1.254556854630E+02,  0.0074
    437229,      3250,  1.254556840672E+02,  0.0074
    437490,      3251,  1.254556840495E+02,  0.0074
    437709,      3252,  1.254556836018E+02,  0.0074
    437778,      3253,  1.254556815171E+02,  0.0074
    437861,      3254,  1.254556741255E+02,  0.0074
    438784,      3255,  1.254556492542E+02,  0.0074
    441049,      3256,  1.254556450933E+02,  0.0074
    444027,      3257,  1.254556442110E+02,  0.0073
    444227,      3258,  1.254556427207E+02,  0.0073
    447516,      3259,  1.254556420292E+02,  0.0073
    451212,      3260,  1.254556360615E+02,  0.0072
    457011,      3261,  1.254553594778E+02,  0.0071
    458203,      3262,  1.254553583465E+02,  0.0071
    459311,      3263,  1.254553553055E+02,  0.0071
    462552,      3264,  1.254553549226E+02,  0.0071
    466483,      3265,  1.254553543068E+02,  0.0070
    470337,      3266,  1.254553423417E+02,  0.0069
    470860,      3267,  1.254553408558E+02,  0.0069
    470980,      3268,  1.254553401374E+02,  0.0069
    473362,      3269,  1.254552173278E+02,  0.0069
    473465,      3270,  1.254551926913E+02,  0.0069
    475643,      3271,  1.254551926245E+02,  0.0069
    477537,      3272,  1.254551924501E+02,  0.0069
    477644,      3273,  1.254551919295E+02,  0.0069
    478028,      3274,  1.254551907454E+02,  0.0068
    478339,      3275,  1.254549499975E+02,  0.0068
    479761,      3276,  1.254548970164E+02,  0.0068
    481000,      3277,  1.254548948860E+02,  0.0068
    485976,      3278,  1.254548902023E+02,  0.0067
    487663,      3279,  1.254548840717E+02,  0.0067
    488600,      3280,  1.254548836047E+02,  0.0067
    493519,      3281,  1.254548833222E+02,  0.0066
    497703,      3282,  1.254548827561E+02,  0.0066
    498861,      3283,  1.254548517767E+02,  0.0066
    499555,      3284,  1.254545750563E+02,  0.0066
