iteration,accepted_count,energy,acceptance_rate
         0,         0,  1.781109921820E+02,  0.0000
         1,         1,  1.780884493573E+02,  1.0000
         3,         2,  1.779465041103E+02,  0.6667
         4,         3,  1.774718094187E+02,  0.7500
         7,         4,  1.773919719212E+02,  0.5714
        11,         5,  1.764378619699E+02,  0.4545
        12,         6,  1.764220772899E+02,  0.5000
        13,         7,  1.763339667878E+02,  0.5385
        15,         8,  1.761899172576E+02,  0.5333
        16,         9,  1.761626609491E+02,  0.5625
        17,        10,  1.761101716387E+02,  0.5882
        21,        11,  1.759664527902E+02,  0.5238
        24,        12,  1.758982518282E+02,  0.5000
        27,        13,  1.758763119014E+02,  0.4815
        30,        14,  1.758762533459E+02,  0.4667
        31,        15,  1.757935346716E+02,  0.4839
        34,        16,  1.757693282178E+02,  0.4706
        36,        17,  1.755869345836E+02,  0.4722
        37,        18,  1.755378933946E+02,  0.4865
        38,        19,  1.754815083968E+02,  0.5000
        42,        20,  1.754110715768E+02,  0.4762
        47,        21,  1.753225734551E+02,  0.4468
        53,        22,  1.752644651445E+02,  0.4151
        54,        23,  1.751810965728E+02,  0.4259
        55,        24,  1.750003763392E+02,  0.4364
        57,        25,  1.749816829003E+02,  0.4386
        58,        26,  1.749539782774E+02,  0.4483
        59,        27,  1.748531229687E+02,  0.4576
        60,        28,  1.747476802868E+02,  0.4667
        64,        29,  1.746941031187E+02,  0.4531
        66,        30,  1.746908443832E+02,  0.4545
        67,        31,  1.739772529907E+02,  0.4627
        71,        32,  1.739394146390E+02,  0.4507
        73,        33,  1.738442033969E+02,  0.4521
        75,        34,  1.738411403176E+02,  0.4533
        77,        35,  1.737653987936E+02,  0.4545
        81,        36,  1.737465204156E+02,  0.4444
        82,        37,  1.736406398625E+02,  0.4512
        83,        38,  1.735496498163E+02,  0.4578
        85,        39,  1.734278206481E+02,  0.4588
        87,        40,  1.731881573931E+02,  0.4598
        88,        41,  1.730923250202E+02,  0.4659
        90,        42,  1.730763170141E+02,  0.4667
        91,        43,  1.729047803562E+02,  0.4725
        92,        44,  1.728793473997E+02,  0.4783
        94,        45,  1.728392664653E+02,  0.4787
       100,        46,  1.727805549680E+02,  0.4600
       102,        47,  1.725973534711E+02,  0.4608
       104,        48,  1.724979077380E+02,  0.4615
       106,        49,  1.722774573320E+02,  0.4623
       109,        50,  1.722572095112E+02,  0.4587
       111,        51,  1.722380266907E+02,  0.4595
       113,        52,  1.721568810235E+02,  0.4602
       114,        53,  1.721430531235E+02,  0.4649
       115,        54,  1.721195093320E+02,  0.4696
       117,        55,  1.719473281368E+02,  0.4701
       118,        56,  1.719328671203E+02,  0.4746
       119,        57,  1.718969371796E+02,  0.4790
       122,        58,  1.718913046593E+02,  0.4754
       124,        59,  1.718445623114E+02,  0.4758
       127,        60,  1.717113841391E+02,  0.4724
       128,        61,  1.715553306417E+02,  0.4766
       130,        62,  1.714458705437E+02,  0.4769
       131,        63,  1.712332786643E+02,  0.4809
       132,        64,  1.712168043441E+02,  0.4848
       134,        65,  1.711694363316E+02,  0.4851
       135,        66,  1.709352903602E+02,  0.4889
       136,        67,  1.708620362965E+02,  0.4926
       138,        68,  1.707505652651E+02,  0.4928
       142,        69,  1.707162606513E+02,  0.4859
       143,        70,  1.706498429266E+02,  0.4895
       144,        71,  1.706414812991E+02,  0.4931
       145,        72,  1.706251046718E+02,  0.4966
       146,        73,  1.705608774347E+02,  0.5000
       147,        74,  1.704745220811E+02,  0.5034
       148,        75,  1.703904602144E+02,  0.5068
       149,        76,  1.702726218188E+02,  0.5101
       151,        77,  1.702648106453E+02,  0.5099
       152,        78,  1.702249425587E+02,  0.5132
       153,        79,  1.701965411555E+02,  0.5163
       154,        80,  1.701478558432E+02,  0.5195
       156,        81,  1.700223845323E+02,  0.5192
       160,        82,  1.698503287051E+02,  0.5125
       164,        83,  1.698345050983E+02,  0.5061
       166,        84,  1.698008482158E+02,  0.5060
       169,        85,  1.697574056697E+02,  0.5030
       171,        86,  1.697533245037E+02,  0.5029
       174,        87,  1.697452957381E+02,  0.5000
       175,        88,  1.697409642508E+02,  0.5029
       179,        89,  1.697082684747E+02,  0.4972
       181,        90,  1.696764273978E+02,  0.4972
       182,        91,  1.695138279602E+02,  0.5000
       187,        92,  1.693966185942E+02,  0.4920
       188,        93,  1.693480648389E+02,  0.4947
       189,        94,  1.692920837782E+02,  0.4974
       191,        95,  1.692359398342E+02,  0.4974
       193,        96,  1.691521320626E+02,  0.4974
       194,        97,  1.691042458729E+02,  0.5000
       198,        98,  1.690110360844E+02,  0.4949
       199,        99,  1.690013862803E+02,  0.4975
       203,       100,  1.689452503565E+02,  0.4926
       205,       101,  1.688409178303E+02,  0.4927
       207,       102,  1.687360494620E+02,  0.4928
       209,       103,  1.687198625727E+02,  0.4928
       211,       104,  1.687024974737E+02,  0.4929
       216,       105,  1.686903580601E+02,  0.4861
       217,       106,  1.685987971341E+02,  0.4885
       218,       107,  1.685883619270E+02,  0.4908
       220,       108,  1.685041270099E+02,  0.4909
       221,       109,  1.682488180734E+02,  0.4932
       223,       110,  1.681954232512E+02,  0.4933
       224,       111,  1.681859492425E+02,  0.4955
       225,       112,  1.679794616980E+02,  0.4978
       226,       113,  1.678511165519E+02,  0.5000
       227,       114,  1.677901082612E+02,  0.5022
       228,       115,  1.677681967377E+02,  0.5044
       232,       116,  1.677158104759E+02,  0.5000
       237,       117,  1.675870249565E+02,  0.4937
       238,       118,  1.673760273019E+02,  0.4958
       240,       119,  1.672649565260E+02,  0.4958
       244,       120,  1.672635557631E+02,  0.4918
       245,       121,  1.671732093913E+02,  0.4939
       246,       122,  1.671058052802E+02,  0.4959
       248,       123,  1.670689705600E+02,  0.4960
       249,       124,  1.669706686611E+02,  0.4980
       250,       125,  1.667532595669E+02,  0.5000
       252,       126,  1.666654817377E+02,  0.5000
       257,       127,  1.665714691184E+02,  0.4942
       258,       128,  1.663953132143E+02,  0.4961
       260,       129,  1.663591576761E+02,  0.4962
       265,       130,  1.663094822238E+02,  0.4906
       266,       131,  1.663034141581E+02,  0.4925
       267,       132,  1.662555548268E+02,  0.4944
       269,       133,  1.662117311662E+02,  0.4944
       271,       134,  1.662116444293E+02,  0.4945
       272,       135,  1.661135658924E+02,  0.4963
       277,       136,  1.661091171971E+02,  0.4910
       281,       137,  1.660756922478E+02,  0.4875
       282,       138,  1.658730221860E+02,  0.4894
       283,       139,  1.658331591973E+02,  0.4912
       286,       140,  1.656662452669E+02,  0.4895
       290,       141,  1.656638075654E+02,  0.4862
       291,       142,  1.656554781752E+02,  0.4880
       293,       143,  1.656508075299E+02,  0.4881
       295,       144,  1.656032915036E+02,  0.4881
       296,       145,  1.655933836857E+02,  0.4899
       297,       146,  1.655926692235E+02,  0.4916
       298,       147,  1.655889219241E+02,  0.4933
       304,       148,  1.655475015556E+02,  0.4868
       305,       149,  1.654966292983E+02,  0.4885
       306,       150,  1.653943007073E+02,  0.4902
       308,       151,  1.652392108703E+02,  0.4903
       309,       152,  1.650830892990E+02,  0.4919
       314,       153,  1.650253525623E+02,  0.4873
       319,       154,  1.650141034261E+02,  0.4828
       326,       155,  1.649811684202E+02,  0.4755
       331,       156,  1.649554774915E+02,  0.4713
       332,       157,  1.648811771005E+02,  0.4729
       333,       158,  1.648771286664E+02,  0.4745
       337,       159,  1.648128315145E+02,  0.4718
       338,       160,  1.647655800453E+02,  0.4734
       341,       161,  1.647032307151E+02,  0.4721
       344,       162,  1.646700480888E+02,  0.4709
       346,       163,  1.645803775422E+02,  0.4711
       347,       164,  1.645659381936E+02,  0.4726
       349,       165,  1.645426343767E+02,  0.4728
       350,       166,  1.643913798965E+02,  0.4743
       352,       167,  1.643736174281E+02,  0.4744
       357,       168,  1.643213103432E+02,  0.4706
       358,       169,  1.642837229868E+02,  0.4721
       359,       170,  1.642568102233E+02,  0.4735
       363,       171,  1.641323406235E+02,  0.4711
       364,       172,  1.641284036763E+02,  0.4725
       366,       173,  1.640300265029E+02,  0.4727
       373,       174,  1.640279134952E+02,  0.4665
       377,       175,  1.640223632639E+02,  0.4642
       382,       176,  1.639915080856E+02,  0.4607
       385,       177,  1.639691405989E+02,  0.4597
       388,       178,  1.639491919193E+02,  0.4588
       392,       179,  1.639252384561E+02,  0.4566
       395,       180,  1.638889158941E+02,  0.4557
       396,       181,  1.638548188226E+02,  0.4571
       397,       182,  1.638055011877E+02,  0.4584
       398,       183,  1.636257535942E+02,  0.4598
       401,       184,  1.636080909209E+02,  0.4589
       403,       185,  1.634870866563E+02,  0.4591
       405,       186,  1.634868293284E+02,  0.4593
       407,       187,  1.634839774857E+02,  0.4595
       408,       188,  1.634048485472E+02,  0.4608
       409,       189,  1.633771999718E+02,  0.4621
       415,       190,  1.633543044977E+02,  0.4578
       416,       191,  1.633126325914E+02,  0.4591
       417,       192,  1.632094769338E+02,  0.4604
       418,       193,  1.631554511069E+02,  0.4617
       421,       194,  1.631367173067E+02,  0.4608
       422,       195,  1.631336458531E+02,  0.4621
       423,       196,  1.630617202111E+02,  0.4634
       424,       197,  1.628671883031E+02,  0.4646
       426,       198,  1.628127329972E+02,  0.4648
       427,       199,  1.627573587647E+02,  0.4660
       428,       200,  1.625885671281E+02,  0.4673
       430,       201,  1.624213840269E+02,  0.4674
       431,       202,  1.623706267387E+02,  0.4687
       433,       203,  1.623423038606E+02,  0.4688
       434,       204,  1.622971109926E+02,  0.4700
       435,       205,  1.622290142261E+02,  0.4713
       437,       206,  1.622228685590E+02,  0.4714
       440,       207,  1.621455481468E+02,  0.4705
       441,       208,  1.620789979344E+02,  0.4717
       446,       209,  1.620055592618E+02,  0.4686
       449,       210,  1.619557665768E+02,  0.4677
       450,       211,  1.618850786778E+02,  0.4689
       451,       212,  1.618343213288E+02,  0.4701
       453,       213,  1.617321096316E+02,  0.4702
       454,       214,  1.617138761956E+02,  0.4714
       455,       215,  1.616132392171E+02,  0.4725
       458,       216,  1.615740579882E+02,  0.4716
       461,       217,  1.615149637582E+02,  0.4707
       463,       218,  1.614798427676E+02,  0.4708
       469,       219,  1.613658048253E+02,  0.4670
       470,       220,  1.612648966783E+02,  0.4681
       474,       221,  1.612448203296E+02,  0.4662
       477,       222,  1.611877537798E+02,  0.4654
       479,       223,  1.611787738792E+02,  0.4656
       481,       224,  1.611706800103E+02,  0.4657
       482,       225,  1.610949687034E+02,  0.4668
       483,       226,  1.610604288384E+02,  0.4679
       485,       227,  1.610463763259E+02,  0.4680
       487,       228,  1.610336718661E+02,  0.4682
       492,       229,  1.608620950980E+02,  0.4654
       494,       230,  1.608066943761E+02,  0.4656
       495,       231,  1.608040466659E+02,  0.4667
       496,       232,  1.607857622832E+02,  0.4677
       497,       233,  1.606754574403E+02,  0.4688
       498,       234,  1.606713107807E+02,  0.4699
       499,       235,  1.606582242695E+02,  0.4709
       500,       236,  1.605581192398E+02,  0.4720
       502,       237,  1.605161835174E+02,  0.4721
       503,       238,  1.604795713438E+02,  0.4732
       506,       239,  1.604760164207E+02,  0.4723
       511,       240,  1.603805551867E+02,  0.4697
       514,       241,  1.601642455480E+02,  0.4689
       515,       242,  1.601568843483E+02,  0.4699
       516,       243,  1.601554584416E+02,  0.4709
       518,       244,  1.601324012212E+02,  0.4710
       519,       245,  1.600733319183E+02,  0.4721
       520,       246,  1.600694318148E+02,  0.4731
       522,       247,  1.600098878531E+02,  0.4732
       527,       248,  1.599396860480E+02,  0.4706
       528,       249,  1.597923761071E+02,  0.4716
       531,       250,  1.597825886029E+02,  0.4708
       532,       251,  1.597428940057E+02,  0.4718
       537,       252,  1.597353773386E+02,  0.4693
       543,       253,  1.596699646483E+02,  0.4659
       544,       254,  1.596383331700E+02,  0.4669
       545,       255,  1.596328742846E+02,  0.4679
       549,       256,  1.596101524192E+02,  0.4663
       552,       257,  1.595826628800E+02,  0.4656
       555,       258,  1.595672332648E+02,  0.4649
       557,       259,  1.595222697179E+02,  0.4650
       561,       260,  1.593785303059E+02,  0.4635
       563,       261,  1.593575700938E+02,  0.4636
       564,       262,  1.593548133924E+02,  0.4645
       566,       263,  1.593515398020E+02,  0.4647
       567,       264,  1.593032787661E+02,  0.4656
       569,       265,  1.593000460393E+02,  0.4657
       576,       266,  1.591338897211E+02,  0.4618
       579,       267,  1.591320397479E+02,  0.4611
       587,       268,  1.591260942247E+02,  0.4566
       588,       269,  1.591198620767E+02,  0.4575
       591,       270,  1.591079550465E+02,  0.4569
       592,       271,  1.590964443448E+02,  0.4578
       595,       272,  1.589553339006E+02,  0.4571
       597,       273,  1.589278221206E+02,  0.4573
       599,       274,  1.588785780177E+02,  0.4574
       600,       275,  1.588169843509E+02,  0.4583
       603,       276,  1.587508209024E+02,  0.4577
       604,       277,  1.584293995691E+02,  0.4586
       605,       278,  1.584209430340E+02,  0.4595
       609,       279,  1.584182706944E+02,  0.4581
       613,       280,  1.583665305889E+02,  0.4568
       619,       281,  1.583176207307E+02,  0.4540
       623,       282,  1.583152533082E+02,  0.4526
       628,       283,  1.582018617051E+02,  0.4506
       629,       284,  1.581800598649E+02,  0.4515
       630,       285,  1.581630850603E+02,  0.4524
       631,       286,  1.581309189535E+02,  0.4532
       636,       287,  1.581284248735E+02,  0.4513
       637,       288,  1.581048445775E+02,  0.4521
       638,       289,  1.579734017686E+02,  0.4530
       639,       290,  1.579613951604E+02,  0.4538
       641,       291,  1.579333373288E+02,  0.4540
       646,       292,  1.578904180081E+02,  0.4520
       648,       293,  1.576521166700E+02,  0.4522
       653,       294,  1.576116407592E+02,  0.4502
       656,       295,  1.574753314632E+02,  0.4497
       657,       296,  1.574527504317E+02,  0.4505
       660,       297,  1.574247365422E+02,  0.4500
       667,       298,  1.573867096620E+02,  0.4468
       668,       299,  1.572655953520E+02,  0.4476
       670,       300,  1.572620175521E+02,  0.4478
       673,       301,  1.572135245021E+02,  0.4473
       676,       302,  1.571951842689E+02,  0.4467
       679,       303,  1.571774189627E+02,  0.4462
       680,       304,  1.571011319313E+02,  0.4471
       681,       305,  1.570988287923E+02,  0.4479
       682,       306,  1.570894358232E+02,  0.4487
       683,       307,  1.570418281870E+02,  0.4495
       684,       308,  1.570373913657E+02,  0.4503
       688,       309,  1.570064283704E+02,  0.4491
       689,       310,  1.569991279568E+02,  0.4499
       690,       311,  1.569892749934E+02,  0.4507
       692,       312,  1.569878233615E+02,  0.4509
       693,       313,  1.569194014861E+02,  0.4517
       694,       314,  1.568227184416E+02,  0.4524
       695,       315,  1.567975288392E+02,  0.4532
       698,       316,  1.566284240550E+02,  0.4527
       700,       317,  1.566095018905E+02,  0.4529
       703,       318,  1.565907031859E+02,  0.4523
       705,       319,  1.565801458247E+02,  0.4525
       706,       320,  1.565466904914E+02,  0.4533
       710,       321,  1.565179091207E+02,  0.4521
       718,       322,  1.564432759820E+02,  0.4485
       719,       323,  1.564386053704E+02,  0.4492
       720,       324,  1.564217575119E+02,  0.4500
       721,       325,  1.563961323393E+02,  0.4508
       722,       326,  1.563796102038E+02,  0.4515
       730,       327,  1.563227339515E+02,  0.4479
       731,       328,  1.562950998297E+02,  0.4487
       734,       329,  1.562692874951E+02,  0.4482
       735,       330,  1.562630952126E+02,  0.4490
       738,       331,  1.562451051768E+02,  0.4485
       739,       332,  1.562410993745E+02,  0.4493
       740,       333,  1.561163976492E+02,  0.4500
       745,       334,  1.560958605356E+02,  0.4483
       747,       335,  1.559464396569E+02,  0.4485
       749,       336,  1.559315252445E+02,  0.4486
       751,       337,  1.557460035361E+02,  0.4487
       753,       338,  1.554853594552E+02,  0.4489
       756,       339,  1.553924357287E+02,  0.4484
       759,       340,  1.553190764026E+02,  0.4480
       763,       341,  1.552425030052E+02,  0.4469
       764,       342,  1.552225302829E+02,  0.4476
       766,       343,  1.551887031234E+02,  0.4478
       767,       344,  1.551514832792E+02,  0.4485
       768,       345,  1.551410257055E+02,  0.4492
       769,       346,  1.550982361939E+02,  0.4499
       772,       347,  1.550691262466E+02,  0.4495
       775,       348,  1.550092297292E+02,  0.4490
       778,       349,  1.549306708436E+02,  0.4486
       781,       350,  1.548801309456E+02,  0.4481
       782,       351,  1.548334981780E+02,  0.4488
       783,       352,  1.548216248214E+02,  0.4496
       785,       353,  1.546549896550E+02,  0.4497
       787,       354,  1.545608458167E+02,  0.4498
       788,       355,  1.545450302103E+02,  0.4505
       790,       356,  1.545410176486E+02,  0.4506
       791,       357,  1.544943198810E+02,  0.4513
       796,       358,  1.544829247393E+02,  0.4497
       798,       359,  1.543456642236E+02,  0.4499
       802,       360,  1.543410236216E+02,  0.4489
       804,       361,  1.542389808168E+02,  0.4490
       805,       362,  1.541736405183E+02,  0.4497
       809,       363,  1.541096002220E+02,  0.4487
       811,       364,  1.539781486826E+02,  0.4488
       813,       365,  1.539748255220E+02,  0.4490
       814,       366,  1.539022114866E+02,  0.4496
       816,       367,  1.538744896616E+02,  0.4498
       817,       368,  1.538387570443E+02,  0.4504
       821,       369,  1.538310643041E+02,  0.4495
       824,       370,  1.537973068103E+02,  0.4490
       827,       371,  1.537608473159E+02,  0.4486
       830,       372,  1.537314473623E+02,  0.4482
       836,       373,  1.536995184277E+02,  0.4462
       840,       374,  1.536829222673E+02,  0.4452
       844,       375,  1.535781106132E+02,  0.4443
       846,       376,  1.534784310365E+02,  0.4444
       851,       377,  1.534080969532E+02,  0.4430
       854,       378,  1.533658925833E+02,  0.4426
       857,       379,  1.533628750291E+02,  0.4422
       858,       380,  1.533306290277E+02,  0.4429
       860,       381,  1.532924851180E+02,  0.4430
       863,       382,  1.532408836083E+02,  0.4426
       866,       383,  1.532206661273E+02,  0.4423
       870,       384,  1.532154093969E+02,  0.4414
       871,       385,  1.529487745518E+02,  0.4420
       872,       386,  1.527872159960E+02,  0.4427
       874,       387,  1.527839169447E+02,  0.4428
       880,       388,  1.526994529877E+02,  0.4409
       887,       389,  1.525032863789E+02,  0.4386
       893,       390,  1.524920298153E+02,  0.4367
       895,       391,  1.524643568166E+02,  0.4369
       898,       392,  1.524348715873E+02,  0.4365
       900,       393,  1.523972991215E+02,  0.4367
       906,       394,  1.523446225322E+02,  0.4349
       910,       395,  1.522916281341E+02,  0.4341
       911,       396,  1.522590547775E+02,  0.4347
       912,       397,  1.522583774256E+02,  0.4353
       913,       398,  1.522491932333E+02,  0.4359
       916,       399,  1.522480588803E+02,  0.4356
       918,       400,  1.521543419566E+02,  0.4357
       923,       401,  1.521088935996E+02,  0.4345
       929,       402,  1.521010142464E+02,  0.4327
       932,       403,  1.520679322312E+02,  0.4324
       940,       404,  1.519024258417E+02,  0.4298
       942,       405,  1.518436696050E+02,  0.4299
       943,       406,  1.518275375919E+02,  0.4305
       948,       407,  1.517680733158E+02,  0.4293
       949,       408,  1.517596874729E+02,  0.4299
       951,       409,  1.517595598017E+02,  0.4301
       955,       410,  1.517319209535E+02,  0.4293
       956,       411,  1.516905397109E+02,  0.4299
       962,       412,  1.516591327251E+02,  0.4283
       965,       413,  1.515886666190E+02,  0.4280
       966,       414,  1.515604491978E+02,  0.4286
       968,       415,  1.515351537867E+02,  0.4287
       970,       416,  1.515078301869E+02,  0.4289
       971,       417,  1.515006508661E+02,  0.4295
       973,       418,  1.514418837896E+02,  0.4296
       979,       419,  1.514090927163E+02,  0.4280
       981,       420,  1.513740682940E+02,  0.4281
       982,       421,  1.513564751807E+02,  0.4287
       984,       422,  1.513077976303E+02,  0.4289
       985,       423,  1.512365918554E+02,  0.4294
       988,       424,  1.511819504536E+02,  0.4291
       990,       425,  1.511704213559E+02,  0.4293
       992,       426,  1.511595007243E+02,  0.4294
       994,       427,  1.511162318496E+02,  0.4296
       996,       428,  1.510997849069E+02,  0.4297
      1000,       429,  1.510706504402E+02,  0.4290
      1002,       430,  1.509346259017E+02,  0.4291
      1003,       431,  1.509036864794E+02,  0.4297
      1004,       432,  1.508585877856E+02,  0.4303
      1005,       433,  1.507913675666E+02,  0.4308
      1011,       434,  1.507544224162E+02,  0.4293
      1013,       435,  1.507331381448E+02,  0.4294
      1019,       436,  1.507002890612E+02,  0.4279
      1020,       437,  1.506774358297E+02,  0.4284
      1022,       438,  1.505734294114E+02,  0.4286
      1023,       439,  1.504423394203E+02,  0.4291
      1025,       440,  1.504029384434E+02,  0.4293
      1030,       441,  1.503461134634E+02,  0.4282
      1034,       442,  1.503429726476E+02,  0.4275
      1035,       443,  1.502195189109E+02,  0.4280
      1038,       444,  1.502040315412E+02,  0.4277
      1040,       445,  1.501923071017E+02,  0.4279
      1041,       446,  1.501293364928E+02,  0.4284
      1042,       447,  1.500928817812E+02,  0.4290
      1044,       448,  1.500815082164E+02,  0.4291
      1045,       449,  1.500291453385E+02,  0.4297
      1047,       450,  1.499579217358E+02,  0.4298
      1048,       451,  1.499471803652E+02,  0.4303
      1056,       452,  1.498052134194E+02,  0.4280
      1058,       453,  1.497287849700E+02,  0.4282
      1060,       454,  1.496846587931E+02,  0.4283
      1062,       455,  1.496014155409E+02,  0.4284
      1063,       456,  1.495878749277E+02,  0.4290
      1065,       457,  1.495359169834E+02,  0.4291
      1071,       458,  1.494802032881E+02,  0.4276
      1074,       459,  1.494352224416E+02,  0.4274
      1075,       460,  1.494262287823E+02,  0.4279
      1077,       461,  1.494086381792E+02,  0.4280
      1078,       462,  1.493917990755E+02,  0.4286
      1081,       463,  1.493279916437E+02,  0.4283
      1084,       464,  1.492959322088E+02,  0.4280
      1085,       465,  1.491949727491E+02,  0.4286
      1087,       466,  1.491851310388E+02,  0.4287
      1089,       467,  1.491520652811E+02,  0.4288
      1092,       468,  1.491468165165E+02,  0.4286
      1094,       469,  1.491024945692E+02,  0.4287
      1100,       470,  1.491019845390E+02,  0.4273
      1105,       471,  1.490279779276E+02,  0.4262
      1106,       472,  1.490274555674E+02,  0.4268
      1114,       473,  1.488220673523E+02,  0.4246
      1119,       474,  1.487930132816E+02,  0.4236
      1120,       475,  1.487875803495E+02,  0.4241
      1121,       476,  1.487418819731E+02,  0.4246
      1124,       477,  1.486589963214E+02,  0.4244
      1134,       478,  1.486349528881E+02,  0.4215
      1136,       479,  1.486277444013E+02,  0.4217
      1139,       480,  1.486025234768E+02,  0.4214
      1147,       481,  1.485865530772E+02,  0.4194
      1149,       482,  1.485134884988E+02,  0.4195
      1153,       483,  1.485018161220E+02,  0.4189
      1154,       484,  1.484673347211E+02,  0.4194
      1156,       485,  1.484594965857E+02,  0.4196
      1158,       486,  1.484078045348E+02,  0.4197
      1160,       487,  1.483671300812E+02,  0.4198
      1168,       488,  1.483438041301E+02,  0.4178
      1169,       489,  1.483356039561E+02,  0.4183
      1170,       490,  1.483209112509E+02,  0.4188
      1173,       491,  1.482797231307E+02,  0.4186
      1180,       492,  1.481993477597E+02,  0.4169
      1183,       493,  1.480910085503E+02,  0.4167
      1184,       494,  1.480561754171E+02,  0.4172
      1187,       495,  1.480414976974E+02,  0.4170
      1189,       496,  1.479319120526E+02,  0.4172
      1191,       497,  1.479205077150E+02,  0.4173
      1195,       498,  1.479058161359E+02,  0.4167
      1202,       499,  1.477917643127E+02,  0.4151
      1203,       500,  1.476940590018E+02,  0.4156
      1210,       501,  1.476728282243E+02,  0.4140
      1214,       502,  1.476610372643E+02,  0.4135
      1217,       503,  1.476072135018E+02,  0.4133
      1219,       504,  1.476035800847E+02,  0.4135
      1220,       505,  1.475657771329E+02,  0.4139
      1223,       506,  1.475408751001E+02,  0.4137
      1225,       507,  1.475316555306E+02,  0.4139
      1231,       508,  1.475151059045E+02,  0.4127
      1236,       509,  1.474988530397E+02,  0.4118
      1237,       510,  1.473380402088E+02,  0.4123
      1241,       511,  1.473231078647E+02,  0.4118
      1253,       512,  1.473218927990E+02,  0.4086
      1259,       513,  1.473216761312E+02,  0.4075
      1261,       514,  1.472903845156E+02,  0.4076
      1264,       515,  1.472724652435E+02,  0.4074
      1270,       516,  1.472565652794E+02,  0.4063
      1273,       517,  1.471091834336E+02,  0.4061
      1274,       518,  1.471065643883E+02,  0.4066
      1276,       519,  1.470995337163E+02,  0.4067
      1278,       520,  1.470883792046E+02,  0.4069
      1280,       521,  1.470858242228E+02,  0.4070
      1281,       522,  1.470686212198E+02,  0.4075
      1282,       523,  1.470130258046E+02,  0.4080
      1285,       524,  1.470006069382E+02,  0.4078
      1286,       525,  1.469739182843E+02,  0.4082
      1289,       526,  1.468397493261E+02,  0.4081
      1296,       527,  1.467961644123E+02,  0.4066
      1298,       528,  1.467544513720E+02,  0.4068
      1300,       529,  1.467337763806E+02,  0.4069
      1301,       530,  1.467102543574E+02,  0.4074
      1303,       531,  1.467045702270E+02,  0.4075
      1310,       532,  1.466681792738E+02,  0.4061
      1314,       533,  1.466321684012E+02,  0.4056
      1318,       534,  1.466141261616E+02,  0.4052
      1321,       535,  1.465616825524E+02,  0.4050
      1322,       536,  1.463971073121E+02,  0.4054
      1323,       537,  1.463657959889E+02,  0.4059
      1325,       538,  1.463521357871E+02,  0.4060
      1326,       539,  1.463362557131E+02,  0.4065
      1329,       540,  1.463285360193E+02,  0.4063
      1332,       541,  1.463056072152E+02,  0.4062
      1334,       542,  1.462819640993E+02,  0.4063
      1339,       543,  1.462683610545E+02,  0.4055
      1340,       544,  1.461203025587E+02,  0.4060
      1342,       545,  1.461177688567E+02,  0.4061
      1343,       546,  1.460772733348E+02,  0.4066
      1344,       547,  1.459949463384E+02,  0.4070
      1346,       548,  1.459663753169E+02,  0.4071
      1349,       549,  1.459474207040E+02,  0.4070
      1350,       550,  1.459438637716E+02,  0.4074
      1352,       551,  1.459210169566E+02,  0.4075
      1357,       552,  1.458896603065E+02,  0.4068
      1359,       553,  1.458677508685E+02,  0.4069
      1362,       554,  1.458316803839E+02,  0.4068
      1363,       555,  1.458220640184E+02,  0.4072
      1364,       556,  1.457869393793E+02,  0.4076
      1366,       557,  1.457467002511E+02,  0.4078
      1368,       558,  1.457451356188E+02,  0.4079
      1369,       559,  1.456511371335E+02,  0.4083
      1372,       560,  1.455345151378E+02,  0.4082
      1373,       561,  1.455180566049E+02,  0.4086
      1374,       562,  1.455089476473E+02,  0.4090
      1375,       563,  1.454669491605E+02,  0.4095
      1378,       564,  1.454255260805E+02,  0.4093
      1381,       565,  1.453886417978E+02,  0.4091
      1382,       566,  1.453359173732E+02,  0.4096
      1384,       567,  1.452837437941E+02,  0.4097
      1390,       568,  1.451284766518E+02,  0.4086
      1391,       569,  1.451232112058E+02,  0.4091
      1394,       570,  1.451228592301E+02,  0.4089
      1396,       571,  1.450842139088E+02,  0.4090
      1399,       572,  1.450508984717E+02,  0.4089
      1400,       573,  1.449050620270E+02,  0.4093
      1401,       574,  1.448859804010E+02,  0.4097
      1403,       575,  1.448797426599E+02,  0.4098
      1404,       576,  1.447826413581E+02,  0.4103
      1405,       577,  1.447348118855E+02,  0.4107
      1406,       578,  1.447133632470E+02,  0.4111
      1408,       579,  1.446992160230E+02,  0.4112
      1409,       580,  1.446873532712E+02,  0.4116
      1412,       581,  1.446709692318E+02,  0.4115
      1420,       582,  1.446327080660E+02,  0.4099
      1421,       583,  1.446323685286E+02,  0.4103
      1423,       584,  1.445913795619E+02,  0.4104
      1425,       585,  1.445522734023E+02,  0.4105
      1427,       586,  1.445452800155E+02,  0.4107
      1431,       587,  1.445426057514E+02,  0.4102
      1435,       588,  1.444893962144E+02,  0.4098
      1436,       589,  1.444749570640E+02,  0.4102
      1437,       590,  1.444438842755E+02,  0.4106
      1438,       591,  1.444369245818E+02,  0.4110
      1442,       592,  1.444317237430E+02,  0.4105
      1446,       593,  1.443871840352E+02,  0.4101
      1451,       594,  1.443792712514E+02,  0.4094
      1453,       595,  1.443751661019E+02,  0.4095
      1454,       596,  1.443750636257E+02,  0.4099
      1455,       597,  1.443619020230E+02,  0.4103
      1457,       598,  1.442940148428E+02,  0.4104
      1459,       599,  1.442897394399E+02,  0.4106
      1461,       600,  1.442864509016E+02,  0.4107
      1468,       601,  1.442747015220E+02,  0.4094
      1469,       602,  1.442311244244E+02,  0.4098
      1470,       603,  1.442268528418E+02,  0.4102
      1473,       604,  1.441797125730E+02,  0.4100
      1475,       605,  1.441698349160E+02,  0.4102
      1478,       606,  1.441691447802E+02,  0.4100
      1479,       607,  1.440847073171E+02,  0.4104
      1480,       608,  1.440651621366E+02,  0.4108
      1482,       609,  1.440621484350E+02,  0.4109
      1486,       610,  1.440325230772E+02,  0.4105
      1488,       611,  1.439928000273E+02,  0.4106
      1489,       612,  1.439681639616E+02,  0.4110
      1490,       613,  1.439485659165E+02,  0.4114
      1493,       614,  1.438865849052E+02,  0.4113
      1496,       615,  1.438605627664E+02,  0.4111
      1501,       616,  1.438537328901E+02,  0.4104
      1506,       617,  1.438075503936E+02,  0.4097
      1513,       618,  1.437976394037E+02,  0.4085
      1518,       619,  1.437896385966E+02,  0.4078
      1521,       620,  1.437105709766E+02,  0.4076
      1522,       621,  1.436987449482E+02,  0.4080
      1523,       622,  1.436699292948E+02,  0.4084
      1524,       623,  1.436634411662E+02,  0.4088
      1525,       624,  1.436476041846E+02,  0.4092
      1526,       625,  1.436463806522E+02,  0.4096
      1527,       626,  1.436299384642E+02,  0.4100
      1530,       627,  1.435524585055E+02,  0.4098
      1541,       628,  1.435476633416E+02,  0.4075
      1543,       629,  1.434754463993E+02,  0.4076
      1544,       630,  1.433644189245E+02,  0.4080
      1545,       631,  1.433263979825E+02,  0.4084
      1546,       632,  1.432908709911E+02,  0.4088
      1547,       633,  1.432864318113E+02,  0.4092
      1550,       634,  1.431461484186E+02,  0.4090
      1557,       635,  1.431461172884E+02,  0.4078
      1558,       636,  1.430719895856E+02,  0.4082
      1562,       637,  1.430372057285E+02,  0.4078
      1563,       638,  1.430142462394E+02,  0.4082
      1565,       639,  1.430045354416E+02,  0.4083
      1566,       640,  1.429592461201E+02,  0.4087
      1568,       641,  1.429504471760E+02,  0.4088
      1573,       642,  1.429392629165E+02,  0.4081
      1576,       643,  1.429349640172E+02,  0.4080
      1577,       644,  1.428825048744E+02,  0.4084
      1583,       645,  1.428798308040E+02,  0.4075
      1584,       646,  1.428747391167E+02,  0.4078
      1589,       647,  1.428483244119E+02,  0.4072
      1593,       648,  1.428457795828E+02,  0.4068
      1594,       649,  1.428118195527E+02,  0.4072
      1595,       650,  1.427844571309E+02,  0.4075
      1596,       651,  1.427644904684E+02,  0.4079
      1602,       652,  1.427614113333E+02,  0.4070
      1603,       653,  1.427560758596E+02,  0.4074
      1608,       654,  1.427407139494E+02,  0.4067
      1610,       655,  1.427191036256E+02,  0.4068
      1617,       656,  1.427151696755E+02,  0.4057
      1621,       657,  1.427111757554E+02,  0.4053
      1623,       658,  1.425891793358E+02,  0.4054
      1625,       659,  1.425789223780E+02,  0.4055
      1627,       660,  1.425609402023E+02,  0.4057
      1628,       661,  1.425538161298E+02,  0.4060
      1630,       662,  1.424760400764E+02,  0.4061
      1632,       663,  1.424724376260E+02,  0.4062
      1633,       664,  1.424666323583E+02,  0.4066
      1634,       665,  1.424513418514E+02,  0.4070
      1636,       666,  1.424392469786E+02,  0.4071
      1638,       667,  1.424356701260E+02,  0.4072
      1641,       668,  1.424280928724E+02,  0.4071
      1642,       669,  1.424074889601E+02,  0.4074
      1645,       670,  1.423922197399E+02,  0.4073
      1647,       671,  1.423911309856E+02,  0.4074
      1650,       672,  1.423676809392E+02,  0.4073
      1651,       673,  1.423641587274E+02,  0.4076
      1653,       674,  1.423061864310E+02,  0.4077
      1657,       675,  1.422744830455E+02,  0.4074
      1660,       676,  1.422741876025E+02,  0.4072
      1663,       677,  1.422715075735E+02,  0.4071
      1664,       678,  1.422587794096E+02,  0.4075
      1668,       679,  1.422560831722E+02,  0.4071
      1671,       680,  1.422399490203E+02,  0.4069
      1674,       681,  1.422389388398E+02,  0.4068
      1676,       682,  1.421677911780E+02,  0.4069
      1677,       683,  1.421640708800E+02,  0.4073
      1682,       684,  1.421255959027E+02,  0.4067
      1683,       685,  1.421092213417E+02,  0.4070
      1685,       686,  1.421085138162E+02,  0.4071
      1692,       687,  1.421022537498E+02,  0.4060
      1696,       688,  1.420719536946E+02,  0.4057
      1699,       689,  1.420568879363E+02,  0.4055
      1703,       690,  1.420553345036E+02,  0.4052
      1707,       691,  1.420552187108E+02,  0.4048
      1709,       692,  1.420280653679E+02,  0.4049
      1712,       693,  1.419919232516E+02,  0.4048
      1720,       694,  1.419851683996E+02,  0.4035
      1721,       695,  1.419625301540E+02,  0.4038
      1723,       696,  1.419153531060E+02,  0.4039
      1724,       697,  1.418815514776E+02,  0.4043
      1726,       698,  1.418702208944E+02,  0.4044
      1729,       699,  1.418450574728E+02,  0.4043
      1736,       700,  1.418173264968E+02,  0.4032
      1737,       701,  1.417412607891E+02,  0.4036
      1738,       702,  1.417178192645E+02,  0.4039
      1746,       703,  1.417029592360E+02,  0.4026
      1747,       704,  1.416873206117E+02,  0.4030
      1748,       705,  1.416653238100E+02,  0.4033
      1756,       706,  1.416610623915E+02,  0.4021
      1757,       707,  1.416551727204E+02,  0.4024
      1758,       708,  1.416459315749E+02,  0.4027
      1759,       709,  1.416385626434E+02,  0.4031
      1762,       710,  1.416371358471E+02,  0.4030
      1763,       711,  1.416358844402E+02,  0.4033
      1767,       712,  1.416189478829E+02,  0.4029
      1769,       713,  1.415927141556E+02,  0.4031
      1770,       714,  1.415664643738E+02,  0.4034
      1772,       715,  1.415380687726E+02,  0.4035
      1775,       716,  1.414998879425E+02,  0.4034
      1778,       717,  1.414946275169E+02,  0.4033
      1784,       718,  1.414934200817E+02,  0.4025
      1785,       719,  1.414863362902E+02,  0.4028
      1789,       720,  1.414680859720E+02,  0.4025
      1790,       721,  1.414378511656E+02,  0.4028
      1791,       722,  1.414000369999E+02,  0.4031
      1799,       723,  1.412958312309E+02,  0.4019
      1800,       724,  1.412731967558E+02,  0.4022
      1802,       725,  1.412731711280E+02,  0.4023
      1803,       726,  1.412669742932E+02,  0.4027
      1804,       727,  1.412322148604E+02,  0.4030
      1805,       728,  1.410868508485E+02,  0.4033
      1806,       729,  1.410428402820E+02,  0.4037
      1807,       730,  1.410369203150E+02,  0.4040
      1809,       731,  1.410087627154E+02,  0.4041
      1810,       732,  1.409142644422E+02,  0.4044
      1812,       733,  1.409109844388E+02,  0.4045
      1813,       734,  1.409103916069E+02,  0.4049
      1814,       735,  1.409073639456E+02,  0.4052
      1817,       736,  1.408667445898E+02,  0.4051
      1818,       737,  1.408490277995E+02,  0.4054
      1820,       738,  1.406659082207E+02,  0.4055
      1825,       739,  1.406604176249E+02,  0.4049
      1826,       740,  1.406577877972E+02,  0.4053
      1828,       741,  1.406544365910E+02,  0.4054
      1829,       742,  1.405865427257E+02,  0.4057
      1830,       743,  1.405757392264E+02,  0.4060
      1833,       744,  1.405413377343E+02,  0.4059
      1837,       745,  1.405387836462E+02,  0.4056
      1840,       746,  1.405152440517E+02,  0.4054
      1841,       747,  1.404249669479E+02,  0.4058
      1845,       748,  1.404205953089E+02,  0.4054
      1846,       749,  1.403772483995E+02,  0.4057
      1847,       750,  1.403582489610E+02,  0.4061
      1849,       751,  1.403563745614E+02,  0.4062
      1850,       752,  1.403098609778E+02,  0.4065
      1855,       753,  1.402642849449E+02,  0.4059
      1858,       754,  1.401457055740E+02,  0.4058
      1861,       755,  1.401388087854E+02,  0.4057
      1866,       756,  1.401320597317E+02,  0.4051
      1871,       757,  1.401216899890E+02,  0.4046
      1872,       758,  1.401197256259E+02,  0.4049
      1875,       759,  1.400684072118E+02,  0.4048
      1878,       760,  1.400408580651E+02,  0.4047
      1879,       761,  1.400168114059E+02,  0.4050
      1881,       762,  1.400002414303E+02,  0.4051
      1883,       763,  1.399854466228E+02,  0.4052
      1886,       764,  1.399551166703E+02,  0.4051
      1891,       765,  1.399476613565E+02,  0.4045
      1894,       766,  1.399449702232E+02,  0.4044
      1896,       767,  1.399442456714E+02,  0.4045
      1898,       768,  1.398553008402E+02,  0.4046
      1899,       769,  1.398516913385E+02,  0.4049
      1902,       770,  1.398323217156E+02,  0.4048
      1910,       771,  1.398155619899E+02,  0.4037
      1913,       772,  1.397944427697E+02,  0.4036
      1914,       773,  1.397939161659E+02,  0.4039
      1916,       774,  1.397793473950E+02,  0.4040
      1921,       775,  1.397546134283E+02,  0.4034
      1922,       776,  1.397474208046E+02,  0.4037
      1924,       777,  1.397414920613E+02,  0.4038
      1925,       778,  1.397405708406E+02,  0.4042
      1926,       779,  1.397153492989E+02,  0.4045
      1928,       780,  1.395941586103E+02,  0.4046
      1929,       781,  1.395404315423E+02,  0.4049
      1932,       782,  1.395300111981E+02,  0.4048
      1938,       783,  1.395293504023E+02,  0.4040
      1939,       784,  1.395244215254E+02,  0.4043
      1941,       785,  1.395125576895E+02,  0.4044
      1943,       786,  1.394908495494E+02,  0.4045
      1952,       787,  1.394870767335E+02,  0.4032
      1953,       788,  1.393953898993E+02,  0.4035
      1954,       789,  1.393950242838E+02,  0.4038
      1957,       790,  1.393794588424E+02,  0.4037
      1960,       791,  1.393345814095E+02,  0.4036
      1961,       792,  1.393336420547E+02,  0.4039
      1962,       793,  1.392941107885E+02,  0.4042
      1963,       794,  1.392685328212E+02,  0.4045
      1965,       795,  1.392681012111E+02,  0.4046
      1966,       796,  1.392675046225E+02,  0.4049
      1967,       797,  1.392252129933E+02,  0.4052
      1971,       798,  1.391806854191E+02,  0.4049
      1973,       799,  1.391490033161E+02,  0.4050
      1974,       800,  1.390850940384E+02,  0.4053
      1980,       801,  1.390375615905E+02,  0.4045
      1981,       802,  1.390096349398E+02,  0.4048
      1987,       803,  1.390095898825E+02,  0.4041
      1989,       804,  1.389729515923E+02,  0.4042
      1990,       805,  1.389025846813E+02,  0.4045
      1997,       806,  1.388284699060E+02,  0.4036
      2001,       807,  1.387993359530E+02,  0.4033
      2003,       808,  1.387978739303E+02,  0.4034
      2004,       809,  1.387956535685E+02,  0.4037
      2009,       810,  1.387784673473E+02,  0.4032
      2010,       811,  1.387528243223E+02,  0.4035
      2012,       812,  1.387168275962E+02,  0.4036
      2013,       813,  1.387120156855E+02,  0.4039
      2015,       814,  1.387003972680E+02,  0.4040
      2019,       815,  1.387003373345E+02,  0.4037
      2022,       816,  1.386973284147E+02,  0.4036
      2023,       817,  1.386138609895E+02,  0.4039
      2024,       818,  1.386075597057E+02,  0.4042
      2027,       819,  1.386026508150E+02,  0.4040
      2032,       820,  1.385754332495E+02,  0.4035
      2035,       821,  1.385686219860E+02,  0.4034
      2037,       822,  1.385544567143E+02,  0.4035
      2040,       823,  1.385454513576E+02,  0.4034
      2042,       824,  1.384982256421E+02,  0.4035
      2043,       825,  1.384348383151E+02,  0.4038
      2045,       826,  1.384172438619E+02,  0.4039
      2046,       827,  1.384156650752E+02,  0.4042
      2051,       828,  1.384151784025E+02,  0.4037
      2052,       829,  1.383819740410E+02,  0.4040
      2056,       830,  1.383802845110E+02,  0.4037
      2059,       831,  1.383565362767E+02,  0.4036
      2062,       832,  1.383404815845E+02,  0.4035
      2067,       833,  1.383393767182E+02,  0.4030
      2069,       834,  1.382916338057E+02,  0.4031
      2070,       835,  1.382733683404E+02,  0.4034
      2071,       836,  1.382242946976E+02,  0.4037
      2073,       837,  1.382172267921E+02,  0.4038
      2079,       838,  1.381255307325E+02,  0.4031
      2081,       839,  1.381250815737E+02,  0.4032
      2086,       840,  1.380791368824E+02,  0.4027
      2092,       841,  1.380432613471E+02,  0.4020
      2093,       842,  1.379930438879E+02,  0.4023
      2094,       843,  1.379889918464E+02,  0.4026
      2095,       844,  1.379777286503E+02,  0.4029
      2108,       845,  1.379742758423E+02,  0.4009
      2109,       846,  1.379701788219E+02,  0.4011
      2111,       847,  1.379215379346E+02,  0.4012
      2117,       848,  1.378833439581E+02,  0.4006
      2119,       849,  1.378539982785E+02,  0.4007
      2120,       850,  1.378517029530E+02,  0.4009
      2122,       851,  1.378210970589E+02,  0.4010
      2124,       852,  1.377390969561E+02,  0.4011
      2125,       853,  1.377017225935E+02,  0.4014
      2131,       854,  1.376880755966E+02,  0.4008
      2132,       855,  1.376635154086E+02,  0.4010
      2139,       856,  1.376629833567E+02,  0.4002
      2141,       857,  1.376116728265E+02,  0.4003
      2145,       858,  1.375968616193E+02,  0.4000
      2150,       859,  1.375683076105E+02,  0.3995
      2154,       860,  1.375681034443E+02,  0.3993
      2155,       861,  1.375441194418E+02,  0.3995
      2170,       862,  1.375399415152E+02,  0.3972
      2171,       863,  1.374889872188E+02,  0.3975
      2172,       864,  1.374726576596E+02,  0.3978
      2173,       865,  1.374654051844E+02,  0.3981
      2174,       866,  1.374643172573E+02,  0.3983
      2175,       867,  1.373854077538E+02,  0.3986
      2179,       868,  1.373852955378E+02,  0.3983
      2180,       869,  1.373391931577E+02,  0.3986
      2183,       870,  1.373367764386E+02,  0.3985
      2184,       871,  1.373351584543E+02,  0.3988
      2185,       872,  1.373218949188E+02,  0.3991
      2186,       873,  1.371471774045E+02,  0.3994
      2188,       874,  1.371411487753E+02,  0.3995
      2195,       875,  1.371269789062E+02,  0.3986
      2200,       876,  1.371235017398E+02,  0.3982
      2204,       877,  1.370155575854E+02,  0.3979
      2205,       878,  1.370152395520E+02,  0.3982
      2207,       879,  1.370045582581E+02,  0.3983
      2211,       880,  1.369946571300E+02,  0.3980
      2212,       881,  1.369847637797E+02,  0.3983
      2215,       882,  1.369333182762E+02,  0.3982
      2217,       883,  1.369163209109E+02,  0.3983
      2226,       884,  1.369159238141E+02,  0.3971
      2227,       885,  1.368607180654E+02,  0.3974
      2228,       886,  1.368526976629E+02,  0.3977
      2229,       887,  1.368466541385E+02,  0.3979
      2232,       888,  1.368328826409E+02,  0.3978
      2233,       889,  1.368272319863E+02,  0.3981
      2240,       890,  1.367916519497E+02,  0.3973
      2244,       891,  1.367816337778E+02,  0.3971
      2245,       892,  1.367703959708E+02,  0.3973
      2246,       893,  1.367668006494E+02,  0.3976
      2253,       894,  1.367531531396E+02,  0.3968
      2254,       895,  1.367361688423E+02,  0.3971
      2261,       896,  1.366762747971E+02,  0.3963
      2264,       897,  1.366579034154E+02,  0.3962
      2266,       898,  1.365154952254E+02,  0.3963
      2269,       899,  1.364830057161E+02,  0.3962
      2272,       900,  1.364704127450E+02,  0.3961
      2274,       901,  1.364490307992E+02,  0.3962
      2280,       902,  1.364328785217E+02,  0.3956
      2285,       903,  1.363939642380E+02,  0.3952
      2289,       904,  1.363640963441E+02,  0.3949
      2292,       905,  1.363636537204E+02,  0.3949
      2301,       906,  1.363488795145E+02,  0.3937
      2304,       907,  1.363367476398E+02,  0.3937
      2308,       908,  1.363254455202E+02,  0.3934
      2309,       909,  1.363249628161E+02,  0.3937
      2312,       910,  1.363106184423E+02,  0.3936
      2315,       911,  1.363082570732E+02,  0.3935
      2316,       912,  1.362905762606E+02,  0.3938
      2317,       913,  1.362641208209E+02,  0.3940
      2318,       914,  1.362605134203E+02,  0.3943
      2319,       915,  1.362180857743E+02,  0.3946
      2320,       916,  1.361926486529E+02,  0.3948
      2323,       917,  1.361702360861E+02,  0.3947
      2324,       918,  1.361528279767E+02,  0.3950
      2331,       919,  1.361347853408E+02,  0.3943
      2340,       920,  1.360737995197E+02,  0.3932
      2345,       921,  1.360102687008E+02,  0.3928
      2346,       922,  1.360068877117E+02,  0.3930
      2350,       923,  1.359564505919E+02,  0.3928
      2351,       924,  1.359479730754E+02,  0.3930
      2353,       925,  1.359454509410E+02,  0.3931
      2359,       926,  1.359453223871E+02,  0.3925
      2361,       927,  1.359005478825E+02,  0.3926
      2364,       928,  1.358956257776E+02,  0.3926
      2365,       929,  1.358348314790E+02,  0.3928
      2367,       930,  1.358227053688E+02,  0.3929
      2373,       931,  1.358044769345E+02,  0.3923
      2374,       932,  1.357962078930E+02,  0.3926
      2375,       933,  1.357864157390E+02,  0.3928
      2377,       934,  1.357467961693E+02,  0.3929
      2385,       935,  1.357154829900E+02,  0.3920
      2386,       936,  1.357130560398E+02,  0.3923
      2390,       937,  1.357115615798E+02,  0.3921
      2391,       938,  1.356735073844E+02,  0.3923
      2392,       939,  1.356026433843E+02,  0.3926
      2394,       940,  1.355465301952E+02,  0.3926
      2396,       941,  1.355425587562E+02,  0.3927
      2398,       942,  1.355273602641E+02,  0.3928
      2401,       943,  1.355228103127E+02,  0.3928
      2405,       944,  1.355124257935E+02,  0.3925
      2410,       945,  1.354981921192E+02,  0.3921
      2411,       946,  1.354714401009E+02,  0.3924
      2413,       947,  1.354660336763E+02,  0.3925
      2415,       948,  1.354352163469E+02,  0.3925
      2419,       949,  1.354303521335E+02,  0.3923
      2423,       950,  1.354210787567E+02,  0.3921
      2424,       951,  1.354067471508E+02,  0.3923
      2425,       952,  1.353571650403E+02,  0.3926
      2427,       953,  1.353493000654E+02,  0.3927
      2428,       954,  1.352892650934E+02,  0.3929
      2429,       955,  1.352513139794E+02,  0.3932
      2431,       956,  1.351900925922E+02,  0.3933
      2436,       957,  1.351726569273E+02,  0.3929
      2440,       958,  1.351655808831E+02,  0.3926
      2441,       959,  1.351507167609E+02,  0.3929
      2445,       960,  1.351230510051E+02,  0.3926
      2446,       961,  1.350793978405E+02,  0.3929
      2447,       962,  1.350747870910E+02,  0.3931
      2457,       963,  1.350741359258E+02,  0.3919
      2461,       964,  1.350737448727E+02,  0.3917
      2463,       965,  1.350387618450E+02,  0.3918
      2478,       966,  1.350186634363E+02,  0.3898
      2485,       967,  1.349983871952E+02,  0.3891
      2486,       968,  1.349752306122E+02,  0.3894
      2487,       969,  1.349620327537E+02,  0.3896
      2493,       970,  1.349593877519E+02,  0.3891
      2494,       971,  1.349574161454E+02,  0.3893
      2500,       972,  1.349382768907E+02,  0.3888
      2502,       973,  1.349366379326E+02,  0.3889
      2507,       974,  1.349350908045E+02,  0.3885
      2508,       975,  1.349082607401E+02,  0.3888
      2516,       976,  1.349071576331E+02,  0.3879
      2517,       977,  1.348859468831E+02,  0.3882
      2520,       978,  1.348275511621E+02,  0.3881
      2525,       979,  1.347885736977E+02,  0.3877
      2527,       980,  1.347663520891E+02,  0.3878
      2528,       981,  1.347587876461E+02,  0.3881
      2529,       982,  1.347531017850E+02,  0.3883
      2530,       983,  1.347393387859E+02,  0.3885
      2531,       984,  1.347140835169E+02,  0.3888
      2538,       985,  1.346875839052E+02,  0.3881
      2539,       986,  1.346333878329E+02,  0.3883
      2540,       987,  1.345427997311E+02,  0.3886
      2541,       988,  1.345021080594E+02,  0.3888
      2542,       989,  1.344892008910E+02,  0.3891
      2543,       990,  1.344837047948E+02,  0.3893
      2544,       991,  1.344715095095E+02,  0.3895
      2546,       992,  1.344654012526E+02,  0.3896
      2551,       993,  1.344618227589E+02,  0.3893
      2557,       994,  1.344326753676E+02,  0.3887
      2560,       995,  1.344083905140E+02,  0.3887
      2562,       996,  1.343968980563E+02,  0.3888
      2567,       997,  1.343953864516E+02,  0.3884
      2568,       998,  1.343414136314E+02,  0.3886
      2570,       999,  1.343398884307E+02,  0.3887
      2572,      1000,  1.343360903209E+02,  0.3888
      2573,      1001,  1.343198770013E+02,  0.3890
      2574,      1002,  1.343088810151E+02,  0.3893
      2581,      1003,  1.343006808926E+02,  0.3886
      2582,      1004,  1.342874402784E+02,  0.3888
      2583,      1005,  1.342692129746E+02,  0.3891
      2591,      1006,  1.342689203595E+02,  0.3883
      2592,      1007,  1.342395241886E+02,  0.3885
      2593,      1008,  1.341919608222E+02,  0.3887
      2614,      1009,  1.341886355638E+02,  0.3860
      2616,      1010,  1.341724750693E+02,  0.3861
      2617,      1011,  1.341696739664E+02,  0.3863
      2624,      1012,  1.341694142301E+02,  0.3857
      2625,      1013,  1.341211190619E+02,  0.3859
      2627,      1014,  1.341144030741E+02,  0.3860
      2629,      1015,  1.341128834288E+02,  0.3861
      2631,      1016,  1.340949855913E+02,  0.3862
      2632,      1017,  1.340850012394E+02,  0.3864
      2633,      1018,  1.340822499707E+02,  0.3866
      2634,      1019,  1.340472164089E+02,  0.3869
      2639,      1020,  1.340354022097E+02,  0.3865
      2643,      1021,  1.339589244180E+02,  0.3863
      2649,      1022,  1.339577133150E+02,  0.3858
      2654,      1023,  1.339543399705E+02,  0.3855
      2656,      1024,  1.339538863884E+02,  0.3855
      2660,      1025,  1.339463743397E+02,  0.3853
      2661,      1026,  1.339408756855E+02,  0.3856
      2663,      1027,  1.339337684137E+02,  0.3857
      2666,      1028,  1.339300732023E+02,  0.3856
      2671,      1029,  1.339285673179E+02,  0.3852
      2679,      1030,  1.339250188584E+02,  0.3845
      2690,      1031,  1.339142922422E+02,  0.3833
      2695,      1032,  1.339069430593E+02,  0.3829
      2696,      1033,  1.339068379313E+02,  0.3832
      2697,      1034,  1.338987690794E+02,  0.3834
      2700,      1035,  1.338929278009E+02,  0.3833
      2703,      1036,  1.338667096969E+02,  0.3833
      2706,      1037,  1.338548201705E+02,  0.3832
      2711,      1038,  1.338457667900E+02,  0.3829
      2713,      1039,  1.338404691698E+02,  0.3830
      2716,      1040,  1.337742025802E+02,  0.3829
      2719,      1041,  1.336832177454E+02,  0.3829
      2723,      1042,  1.336815763554E+02,  0.3827
      2744,      1043,  1.336464665569E+02,  0.3801
      2746,      1044,  1.336272020969E+02,  0.3802
      2748,      1045,  1.335978346268E+02,  0.3803
      2752,      1046,  1.335436574217E+02,  0.3801
      2753,      1047,  1.335408229135E+02,  0.3803
      2758,      1048,  1.335407290445E+02,  0.3800
      2762,      1049,  1.335386908564E+02,  0.3798
      2770,      1050,  1.335382331759E+02,  0.3791
      2775,      1051,  1.335325295308E+02,  0.3787
      2781,      1052,  1.334702433962E+02,  0.3783
      2783,      1053,  1.334692097573E+02,  0.3784
      2785,      1054,  1.334654831054E+02,  0.3785
      2786,      1055,  1.334590510990E+02,  0.3787
      2793,      1056,  1.334295268211E+02,  0.3781
      2797,      1057,  1.334282333379E+02,  0.3779
      2798,      1058,  1.334280201064E+02,  0.3781
      2799,      1059,  1.334003774174E+02,  0.3783
      2800,      1060,  1.333892058203E+02,  0.3786
      2803,      1061,  1.333785211657E+02,  0.3785
      2806,      1062,  1.333704526810E+02,  0.3785
      2807,      1063,  1.333655363496E+02,  0.3787
      2808,      1064,  1.333624268816E+02,  0.3789
      2809,      1065,  1.333606612689E+02,  0.3791
      2816,      1066,  1.333130511082E+02,  0.3786
      2818,      1067,  1.333041234783E+02,  0.3786
      2820,      1068,  1.332879356501E+02,  0.3787
      2821,      1069,  1.332867911493E+02,  0.3789
      2823,      1070,  1.332608864921E+02,  0.3790
      2831,      1071,  1.332564508472E+02,  0.3783
      2833,      1072,  1.332559035055E+02,  0.3784
      2839,      1073,  1.332433782807E+02,  0.3779
      2840,      1074,  1.332418059594E+02,  0.3782
      2846,      1075,  1.331265829973E+02,  0.3777
      2849,      1076,  1.331256931563E+02,  0.3777
      2850,      1077,  1.331229958785E+02,  0.3779
      2852,      1078,  1.331214660563E+02,  0.3780
      2853,      1079,  1.330906761481E+02,  0.3782
      2858,      1080,  1.330895628764E+02,  0.3779
      2861,      1081,  1.330795108114E+02,  0.3778
      2862,      1082,  1.330793869800E+02,  0.3781
      2864,      1083,  1.330718746376E+02,  0.3781
      2867,      1084,  1.328650527914E+02,  0.3781
      2874,      1085,  1.328594142590E+02,  0.3775
      2877,      1086,  1.328422349019E+02,  0.3775
      2886,      1087,  1.328316462733E+02,  0.3766
      2889,      1088,  1.328312497893E+02,  0.3766
      2897,      1089,  1.328304579213E+02,  0.3759
      2900,      1090,  1.328285228587E+02,  0.3759
      2910,      1091,  1.328254073514E+02,  0.3749
      2911,      1092,  1.328069432658E+02,  0.3751
      2915,      1093,  1.327944855025E+02,  0.3750
      2917,      1094,  1.327685846265E+02,  0.3750
      2918,      1095,  1.327612064706E+02,  0.3753
      2921,      1096,  1.327543512838E+02,  0.3752
      2922,      1097,  1.327477678693E+02,  0.3754
      2932,      1098,  1.327307048979E+02,  0.3745
      2937,      1099,  1.327193725703E+02,  0.3742
      2939,      1100,  1.327170697027E+02,  0.3743
      2944,      1101,  1.327111028892E+02,  0.3740
      2946,      1102,  1.326861591490E+02,  0.3741
      2952,      1103,  1.326024590515E+02,  0.3736
      2955,      1104,  1.325855737144E+02,  0.3736
      2960,      1105,  1.325850455505E+02,  0.3733
      2962,      1106,  1.324414261420E+02,  0.3734
      2967,      1107,  1.324411676493E+02,  0.3731
      2975,      1108,  1.324129781821E+02,  0.3724
      2978,      1109,  1.324046158519E+02,  0.3724
      2981,      1110,  1.323705688465E+02,  0.3724
      2985,      1111,  1.323640732349E+02,  0.3722
      2986,      1112,  1.323397171746E+02,  0.3724
      2993,      1113,  1.323371731766E+02,  0.3719
      2999,      1114,  1.323257024216E+02,  0.3715
      3000,      1115,  1.323256248715E+02,  0.3717
      3001,      1116,  1.323198278195E+02,  0.3719
      3005,      1117,  1.323080793368E+02,  0.3717
      3008,      1118,  1.322943435040E+02,  0.3717
      3017,      1119,  1.322933032913E+02,  0.3709
      3025,      1120,  1.322172222387E+02,  0.3702
      3026,      1121,  1.322135322295E+02,  0.3705
      3033,      1122,  1.322075429441E+02,  0.3699
      3034,      1123,  1.321971196449E+02,  0.3701
      3036,      1124,  1.321866339720E+02,  0.3702
      3037,      1125,  1.321433684372E+02,  0.3704
      3045,      1126,  1.321290934101E+02,  0.3698
      3046,      1127,  1.321224103616E+02,  0.3700
      3047,      1128,  1.321105773546E+02,  0.3702
      3052,      1129,  1.321036762279E+02,  0.3699
      3058,      1130,  1.321036618866E+02,  0.3695
      3061,      1131,  1.321018599997E+02,  0.3695
      3071,      1132,  1.321003202343E+02,  0.3686
      3075,      1133,  1.320744524083E+02,  0.3685
      3078,      1134,  1.320454787123E+02,  0.3684
      3085,      1135,  1.320339423591E+02,  0.3679
      3087,      1136,  1.318965724995E+02,  0.3680
      3089,      1137,  1.318101775765E+02,  0.3681
      3103,      1138,  1.318081279804E+02,  0.3667
      3109,      1139,  1.317817354695E+02,  0.3664
      3113,      1140,  1.317765479429E+02,  0.3662
      3120,      1141,  1.317724615041E+02,  0.3657
      3121,      1142,  1.317466468606E+02,  0.3659
      3123,      1143,  1.317438765566E+02,  0.3660
      3125,      1144,  1.317433453086E+02,  0.3661
      3130,      1145,  1.317076643019E+02,  0.3658
      3131,      1146,  1.317072714638E+02,  0.3660
      3132,      1147,  1.316978111414E+02,  0.3662
      3135,      1148,  1.316937144375E+02,  0.3662
      3137,      1149,  1.316920962322E+02,  0.3663
      3145,      1150,  1.316365309812E+02,  0.3657
      3146,      1151,  1.316285374746E+02,  0.3659
      3150,      1152,  1.315801924682E+02,  0.3657
      3155,      1153,  1.315754583763E+02,  0.3655
      3156,      1154,  1.315686479632E+02,  0.3657
      3159,      1155,  1.315288393246E+02,  0.3656
      3163,      1156,  1.315205664060E+02,  0.3655
      3165,      1157,  1.315151958206E+02,  0.3656
      3166,      1158,  1.314929836334E+02,  0.3658
      3169,      1159,  1.314818079804E+02,  0.3657
      3170,      1160,  1.314724430365E+02,  0.3659
      3172,      1161,  1.314686102395E+02,  0.3660
      3174,      1162,  1.314131644266E+02,  0.3661
      3177,      1163,  1.314032280044E+02,  0.3661
      3182,      1164,  1.314015837991E+02,  0.3658
      3183,      1165,  1.313993030325E+02,  0.3660
      3186,      1166,  1.313985754514E+02,  0.3660
      3188,      1167,  1.313763711790E+02,  0.3661
      3190,      1168,  1.313688129400E+02,  0.3661
      3191,      1169,  1.313682449738E+02,  0.3663
      3192,      1170,  1.313680229188E+02,  0.3665
      3194,      1171,  1.313656928418E+02,  0.3666
      3200,      1172,  1.313304220692E+02,  0.3663
      3208,      1173,  1.313229207098E+02,  0.3656
      3210,      1174,  1.313102984218E+02,  0.3657
      3221,      1175,  1.313064019646E+02,  0.3648
      3227,      1176,  1.312255765614E+02,  0.3644
      3230,      1177,  1.312128874611E+02,  0.3644
      3234,      1178,  1.312116274296E+02,  0.3643
      3247,      1179,  1.312103356397E+02,  0.3631
      3253,      1180,  1.311483166597E+02,  0.3627
      3255,      1181,  1.310580883512E+02,  0.3628
      3256,      1182,  1.310563009524E+02,  0.3630
      3260,      1183,  1.309778495603E+02,  0.3629
      3261,      1184,  1.309776034595E+02,  0.3631
      3263,      1185,  1.309775070849E+02,  0.3632
      3264,      1186,  1.309714651470E+02,  0.3634
      3268,      1187,  1.309626402375E+02,  0.3632
      3271,      1188,  1.309543834829E+02,  0.3632
      3274,      1189,  1.309540597919E+02,  0.3632
      3275,      1190,  1.309353908095E+02,  0.3634
      3278,      1191,  1.309325138496E+02,  0.3633
      3281,      1192,  1.309179526511E+02,  0.3633
      3285,      1193,  1.309140698757E+02,  0.3632
      3287,      1194,  1.309139574597E+02,  0.3632
      3288,      1195,  1.308861038492E+02,  0.3634
      3293,      1196,  1.308658392090E+02,  0.3632
      3295,      1197,  1.308653751376E+02,  0.3633
      3305,      1198,  1.308315977757E+02,  0.3625
      3312,      1199,  1.308314595046E+02,  0.3620
      3313,      1200,  1.308301026709E+02,  0.3622
      3316,      1201,  1.307855331232E+02,  0.3622
      3327,      1202,  1.307779170989E+02,  0.3613
      3337,      1203,  1.307426637072E+02,  0.3605
      3341,      1204,  1.307419316053E+02,  0.3604
      3343,      1205,  1.307230835965E+02,  0.3605
      3346,      1206,  1.306685935008E+02,  0.3604
      3347,      1207,  1.306679107877E+02,  0.3606
      3350,      1208,  1.306537143935E+02,  0.3606
      3351,      1209,  1.306108913649E+02,  0.3608
      3352,      1210,  1.306008166684E+02,  0.3610
      3367,      1211,  1.305983562619E+02,  0.3597
      3373,      1212,  1.305877103243E+02,  0.3593
      3376,      1213,  1.305859721406E+02,  0.3593
      3382,      1214,  1.305435916484E+02,  0.3590
      3386,      1215,  1.305305098438E+02,  0.3588
      3390,      1216,  1.305066163857E+02,  0.3587
      3391,      1217,  1.305053035358E+02,  0.3589
      3392,      1218,  1.304983466051E+02,  0.3591
      3400,      1219,  1.304719864372E+02,  0.3585
      3404,      1220,  1.303750381415E+02,  0.3584
      3406,      1221,  1.303610452496E+02,  0.3585
      3409,      1222,  1.303469536877E+02,  0.3585
      3412,      1223,  1.303452821991E+02,  0.3584
      3420,      1224,  1.303421741180E+02,  0.3579
      3422,      1225,  1.303399735370E+02,  0.3580
      3424,      1226,  1.303383049019E+02,  0.3581
      3428,      1227,  1.302659413363E+02,  0.3579
      3429,      1228,  1.302654290137E+02,  0.3581
      3432,      1229,  1.302290865411E+02,  0.3581
      3434,      1230,  1.301733585602E+02,  0.3582
      3436,      1231,  1.301674191858E+02,  0.3583
      3438,      1232,  1.301661112070E+02,  0.3583
      3444,      1233,  1.301626732791E+02,  0.3580
      3446,      1234,  1.301557896385E+02,  0.3581
      3448,      1235,  1.301296393582E+02,  0.3582
      3462,      1236,  1.301269061988E+02,  0.3570
      3464,      1237,  1.301266305726E+02,  0.3571
      3469,      1238,  1.301248741959E+02,  0.3569
      3476,      1239,  1.301221904697E+02,  0.3564
      3479,      1240,  1.301218037420E+02,  0.3564
      3488,      1241,  1.301183668277E+02,  0.3558
      3489,      1242,  1.301177091807E+02,  0.3560
      3491,      1243,  1.300919213786E+02,  0.3561
      3497,      1244,  1.300896485991E+02,  0.3557
      3504,      1245,  1.300892250436E+02,  0.3553
      3508,      1246,  1.300727979709E+02,  0.3552
      3509,      1247,  1.300691322831E+02,  0.3554
      3518,      1248,  1.300191099037E+02,  0.3547
      3519,      1249,  1.300014414442E+02,  0.3549
      3520,      1250,  1.299717415357E+02,  0.3551
      3523,      1251,  1.299488664769E+02,  0.3551
      3524,      1252,  1.299150061174E+02,  0.3553
      3525,      1253,  1.299105670864E+02,  0.3555
      3526,      1254,  1.298994755765E+02,  0.3556
      3528,      1255,  1.298949312244E+02,  0.3557
      3540,      1256,  1.298688961749E+02,  0.3548
      3544,      1257,  1.298637229327E+02,  0.3547
      3547,      1258,  1.298546678729E+02,  0.3547
      3549,      1259,  1.298516115615E+02,  0.3547
      3552,      1260,  1.298353415884E+02,  0.3547
      3573,      1261,  1.298182819832E+02,  0.3529
      3579,      1262,  1.298171526915E+02,  0.3526
      3584,      1263,  1.298097780927E+02,  0.3524
      3585,      1264,  1.298086300879E+02,  0.3526
      3587,      1265,  1.298075631489E+02,  0.3527
      3589,      1266,  1.298047389413E+02,  0.3527
      3591,      1267,  1.297984406528E+02,  0.3528
      3594,      1268,  1.297841256623E+02,  0.3528
      3602,      1269,  1.297792352054E+02,  0.3523
      3609,      1270,  1.297770741752E+02,  0.3519
      3620,      1271,  1.297766777591E+02,  0.3511
      3621,      1272,  1.297668497397E+02,  0.3513
      3622,      1273,  1.297649515690E+02,  0.3515
      3623,      1274,  1.297623752913E+02,  0.3516
      3626,      1275,  1.297615781560E+02,  0.3516
      3630,      1276,  1.297517493695E+02,  0.3515
      3634,      1277,  1.297497174895E+02,  0.3514
      3638,      1278,  1.297485041549E+02,  0.3513
      3639,      1279,  1.297459090900E+02,  0.3515
      3642,      1280,  1.297150028060E+02,  0.3515
      3647,      1281,  1.297085153739E+02,  0.3512
      3651,      1282,  1.297080236895E+02,  0.3511
      3653,      1283,  1.297039886066E+02,  0.3512
      3656,      1284,  1.296817535482E+02,  0.3512
      3658,      1285,  1.296331427484E+02,  0.3513
      3663,      1286,  1.296318244487E+02,  0.3511
      3673,      1287,  1.296303327691E+02,  0.3504
      3687,      1288,  1.296265332085E+02,  0.3493
      3688,      1289,  1.295577883835E+02,  0.3495
      3689,      1290,  1.295528880365E+02,  0.3497
      3690,      1291,  1.295498897844E+02,  0.3499
      3693,      1292,  1.295493855463E+02,  0.3499
      3706,      1293,  1.295475550640E+02,  0.3489
      3707,      1294,  1.295463667793E+02,  0.3491
      3729,      1295,  1.295447845620E+02,  0.3473
      3730,      1296,  1.295371099638E+02,  0.3475
      3732,      1297,  1.295368492842E+02,  0.3475
      3751,      1298,  1.295034583676E+02,  0.3460
      3752,      1299,  1.294991453054E+02,  0.3462
      3753,      1300,  1.294909169550E+02,  0.3464
      3761,      1301,  1.294908464417E+02,  0.3459
      3768,      1302,  1.294841595518E+02,  0.3455
      3776,      1303,  1.294809178445E+02,  0.3451
      3778,      1304,  1.293958490003E+02,  0.3452
      3780,      1305,  1.293940498748E+02,  0.3452
      3782,      1306,  1.293865422332E+02,  0.3453
      3792,      1307,  1.293453119963E+02,  0.3447
      3802,      1308,  1.293091898402E+02,  0.3440
      3803,      1309,  1.292648321399E+02,  0.3442
      3809,      1310,  1.292393069639E+02,  0.3439
      3810,      1311,  1.292383805308E+02,  0.3441
      3816,      1312,  1.292105632240E+02,  0.3438
      3824,      1313,  1.292054889060E+02,  0.3434
      3829,      1314,  1.291980853113E+02,  0.3432
      3844,      1315,  1.291954499930E+02,  0.3421
      3849,      1316,  1.291925896361E+02,  0.3419
      3853,      1317,  1.291924640405E+02,  0.3418
      3854,      1318,  1.291631086800E+02,  0.3420
      3862,      1319,  1.291622233577E+02,  0.3415
      3883,      1320,  1.290970733646E+02,  0.3399
      3886,      1321,  1.290733215415E+02,  0.3399
      3900,      1322,  1.290623192294E+02,  0.3390
      3903,      1323,  1.290614935814E+02,  0.3390
      3906,      1324,  1.290608684536E+02,  0.3390
      3911,      1325,  1.290579879737E+02,  0.3388
      3914,      1326,  1.290577637214E+02,  0.3388
      3915,      1327,  1.290394346634E+02,  0.3390
      3936,      1328,  1.290382971715E+02,  0.3374
      3938,      1329,  1.290333716894E+02,  0.3375
      3946,      1330,  1.290333082981E+02,  0.3371
      3948,      1331,  1.290328170696E+02,  0.3371
      3950,      1332,  1.290302420031E+02,  0.3372
      3955,      1333,  1.290248403666E+02,  0.3370
      3960,      1334,  1.290196869575E+02,  0.3369
      3977,      1335,  1.289865360851E+02,  0.3357
      3981,      1336,  1.289864872403E+02,  0.3356
      3985,      1337,  1.289850780878E+02,  0.3355
      3991,      1338,  1.289794484310E+02,  0.3353
      3992,      1339,  1.289735902879E+02,  0.3354
      4011,      1340,  1.289107213676E+02,  0.3341
      4013,      1341,  1.288944470453E+02,  0.3342
      4015,      1342,  1.288340275463E+02,  0.3342
      4018,      1343,  1.287998028636E+02,  0.3342
      4019,      1344,  1.287977807579E+02,  0.3344
      4020,      1345,  1.287970618347E+02,  0.3346
      4021,      1346,  1.287935660743E+02,  0.3347
      4024,      1347,  1.287932839572E+02,  0.3347
      4029,      1348,  1.287595543412E+02,  0.3346
      4038,      1349,  1.287177657333E+02,  0.3341
      4041,      1350,  1.287173471179E+02,  0.3341
      4042,      1351,  1.286535760248E+02,  0.3342
      4046,      1352,  1.286510446910E+02,  0.3342
      4048,      1353,  1.286508850633E+02,  0.3342
      4054,      1354,  1.286466610739E+02,  0.3340
      4056,      1355,  1.286463234261E+02,  0.3341
      4057,      1356,  1.286457639444E+02,  0.3342
      4064,      1357,  1.286441728050E+02,  0.3339
      4066,      1358,  1.286398836076E+02,  0.3340
      4069,      1359,  1.286362077686E+02,  0.3340
      4070,      1360,  1.286343075683E+02,  0.3342
      4074,      1361,  1.286311707880E+02,  0.3341
      4078,      1362,  1.286247162946E+02,  0.3340
      4080,      1363,  1.286205608408E+02,  0.3341
      4084,      1364,  1.286111131220E+02,  0.3340
      4085,      1365,  1.285942802468E+02,  0.3341
      4087,      1366,  1.285931824428E+02,  0.3342
      4093,      1367,  1.285924813110E+02,  0.3340
      4095,      1368,  1.285779492158E+02,  0.3341
      4097,      1369,  1.285754806589E+02,  0.3341
      4104,      1370,  1.285638200741E+02,  0.3338
      4107,      1371,  1.285634678883E+02,  0.3338
      4118,      1372,  1.285615928536E+02,  0.3332
      4120,      1373,  1.285159976633E+02,  0.3333
      4125,      1374,  1.285127297387E+02,  0.3331
      4134,      1375,  1.285119308790E+02,  0.3326
      4136,      1376,  1.285115360860E+02,  0.3327
      4141,      1377,  1.285088058089E+02,  0.3325
      4142,      1378,  1.285085198607E+02,  0.3327
      4148,      1379,  1.285072286234E+02,  0.3324
      4149,      1380,  1.285037685599E+02,  0.3326
      4150,      1381,  1.284732436849E+02,  0.3328
      4155,      1382,  1.284444584559E+02,  0.3326
      4156,      1383,  1.284429356312E+02,  0.3328
      4159,      1384,  1.284120993697E+02,  0.3328
      4160,      1385,  1.283891901732E+02,  0.3329
      4172,      1386,  1.283883243149E+02,  0.3322
      4173,      1387,  1.283832110619E+02,  0.3324
      4176,      1388,  1.283798857108E+02,  0.3324
      4184,      1389,  1.283781707476E+02,  0.3320
      4192,      1390,  1.283769427610E+02,  0.3316
      4203,      1391,  1.283377240023E+02,  0.3310
      4204,      1392,  1.283356915052E+02,  0.3311
      4216,      1393,  1.283340465804E+02,  0.3304
      4217,      1394,  1.283316756887E+02,  0.3306
      4220,      1395,  1.283299788038E+02,  0.3306
      4225,      1396,  1.283298211306E+02,  0.3304
      4239,      1397,  1.283294626417E+02,  0.3296
      4243,      1398,  1.283284512511E+02,  0.3295
      4253,      1399,  1.283261136093E+02,  0.3289
      4254,      1400,  1.282822033718E+02,  0.3291
      4255,      1401,  1.282814432704E+02,  0.3293
      4257,      1402,  1.282811464124E+02,  0.3293
      4277,      1403,  1.282583460521E+02,  0.3280
      4278,      1404,  1.281271740369E+02,  0.3282
      4288,      1405,  1.281203389189E+02,  0.3277
      4294,      1406,  1.281202441698E+02,  0.3274
      4299,      1407,  1.281096526477E+02,  0.3273
      4301,      1408,  1.281086304646E+02,  0.3274
      4302,      1409,  1.281086298129E+02,  0.3275
      4303,      1410,  1.279842144217E+02,  0.3277
      4310,      1411,  1.279839315208E+02,  0.3274
      4320,      1412,  1.279803470239E+02,  0.3269
      4328,      1413,  1.279779597805E+02,  0.3265
      4339,      1414,  1.279472013639E+02,  0.3259
      4347,      1415,  1.278709369486E+02,  0.3255
      4358,      1416,  1.278473640379E+02,  0.3249
      4362,      1417,  1.278472093289E+02,  0.3249
      4365,      1418,  1.278470571346E+02,  0.3249
      4366,      1419,  1.278354091126E+02,  0.3250
      4375,      1420,  1.278316157168E+02,  0.3246
      4386,      1421,  1.278314375924E+02,  0.3240
      4388,      1422,  1.277890420228E+02,  0.3241
      4394,      1423,  1.277883616043E+02,  0.3239
      4410,      1424,  1.277862363552E+02,  0.3229
      4427,      1425,  1.277861769077E+02,  0.3219
      4431,      1426,  1.277858586983E+02,  0.3218
      4433,      1427,  1.277848695438E+02,  0.3219
      4453,      1428,  1.277763637439E+02,  0.3207
      4454,      1429,  1.277762876431E+02,  0.3208
      4458,      1430,  1.277482730447E+02,  0.3208
      4459,      1431,  1.277482404770E+02,  0.3209
      4460,      1432,  1.277476735688E+02,  0.3211
      4464,      1433,  1.277335815760E+02,  0.3210
      4466,      1434,  1.277332174177E+02,  0.3211
      4468,      1435,  1.277262073824E+02,  0.3212
      4470,      1436,  1.277220045966E+02,  0.3213
      4481,      1437,  1.276747254509E+02,  0.3207
      4483,      1438,  1.276741871794E+02,  0.3208
      4485,      1439,  1.276741843645E+02,  0.3208
      4493,      1440,  1.276701042964E+02,  0.3205
      4496,      1441,  1.276693430858E+02,  0.3205
      4498,      1442,  1.276675216499E+02,  0.3206
      4508,      1443,  1.276674308631E+02,  0.3201
      4514,      1444,  1.276657065593E+02,  0.3199
      4526,      1445,  1.276564684696E+02,  0.3193
      4542,      1446,  1.276561925561E+02,  0.3184
      4553,      1447,  1.276549852620E+02,  0.3178
      4554,      1448,  1.276509276623E+02,  0.3180
      4555,      1449,  1.275998427895E+02,  0.3181
      4557,      1450,  1.275994489356E+02,  0.3182
      4585,      1451,  1.275964897130E+02,  0.3165
      4586,      1452,  1.275961462171E+02,  0.3166
      4587,      1453,  1.275487890827E+02,  0.3168
      4593,      1454,  1.275478031863E+02,  0.3166
      4594,      1455,  1.275475300276E+02,  0.3167
      4596,      1456,  1.275148203049E+02,  0.3168
      4597,      1457,  1.275137205042E+02,  0.3169
      4600,      1458,  1.275136376693E+02,  0.3170
      4601,      1459,  1.274806680864E+02,  0.3171
      4609,      1460,  1.274786922962E+02,  0.3168
      4614,      1461,  1.274775255765E+02,  0.3166
      4625,      1462,  1.274771524978E+02,  0.3161
      4626,      1463,  1.274769164028E+02,  0.3163
      4630,      1464,  1.274720472116E+02,  0.3162
      4636,      1465,  1.274457321342E+02,  0.3160
      4650,      1466,  1.274446731240E+02,  0.3153
      4653,      1467,  1.274445789229E+02,  0.3153
      4669,      1468,  1.274411677254E+02,  0.3144
      4671,      1469,  1.274398847034E+02,  0.3145
      4682,      1470,  1.274396135843E+02,  0.3140
      4683,      1471,  1.274246186147E+02,  0.3141
      4686,      1472,  1.274202086585E+02,  0.3141
      4687,      1473,  1.274189309567E+02,  0.3143
      4691,      1474,  1.274122930840E+02,  0.3142
      4692,      1475,  1.273577661374E+02,  0.3144
      4696,      1476,  1.273557068924E+02,  0.3143
      4703,      1477,  1.273485308868E+02,  0.3141
      4707,      1478,  1.273214319606E+02,  0.3140
      4710,      1479,  1.273213507225E+02,  0.3140
      4713,      1480,  1.273208965096E+02,  0.3140
      4718,      1481,  1.273130185737E+02,  0.3139
      4721,      1482,  1.273110617232E+02,  0.3139
      4728,      1483,  1.273107224346E+02,  0.3137
      4742,      1484,  1.272630394338E+02,  0.3129
      4756,      1485,  1.272629233052E+02,  0.3122
      4760,      1486,  1.272613940069E+02,  0.3122
      4770,      1487,  1.272599987127E+02,  0.3117
      4776,      1488,  1.272596697797E+02,  0.3116
      4778,      1489,  1.272580145980E+02,  0.3116
      4780,      1490,  1.272408498947E+02,  0.3117
      4785,      1491,  1.272407655269E+02,  0.3116
      4795,      1492,  1.272328906009E+02,  0.3112
      4808,      1493,  1.272326577565E+02,  0.3105
      4811,      1494,  1.272318063881E+02,  0.3105
      4813,      1495,  1.272313664431E+02,  0.3106
      4819,      1496,  1.272302292692E+02,  0.3104
      4823,      1497,  1.272266463156E+02,  0.3104
      4830,      1498,  1.271788509064E+02,  0.3101
      4833,      1499,  1.271732452645E+02,  0.3102
      4834,      1500,  1.271410155218E+02,  0.3103
      4836,      1501,  1.271367583353E+02,  0.3104
      4841,      1502,  1.271290372610E+02,  0.3103
      4846,      1503,  1.271280889717E+02,  0.3102
      4856,      1504,  1.271260918943E+02,  0.3097
      4858,      1505,  1.271258891015E+02,  0.3098
      4868,      1506,  1.271160943385E+02,  0.3094
      4872,      1507,  1.271110450121E+02,  0.3093
      4882,      1508,  1.271090454834E+02,  0.3089
      4891,      1509,  1.270884032979E+02,  0.3085
      4899,      1510,  1.270771614543E+02,  0.3082
      4901,      1511,  1.270401169761E+02,  0.3083
      4907,      1512,  1.270312579313E+02,  0.3081
      4908,      1513,  1.270297576017E+02,  0.3083
      4912,      1514,  1.270285901877E+02,  0.3082
      4913,      1515,  1.270274102766E+02,  0.3084
      4916,      1516,  1.269810848134E+02,  0.3084
      4920,      1517,  1.269810553428E+02,  0.3083
      4926,      1518,  1.269805723789E+02,  0.3082
      4945,      1519,  1.269804017649E+02,  0.3072
      4963,      1520,  1.269747054733E+02,  0.3063
      4967,      1521,  1.269718669430E+02,  0.3062
      4971,      1522,  1.269685747673E+02,  0.3062
      4974,      1523,  1.269659264034E+02,  0.3062
      4981,      1524,  1.269658421042E+02,  0.3060
      4987,      1525,  1.269642773234E+02,  0.3058
      5020,      1526,  1.269639299751E+02,  0.3040
      5040,      1527,  1.269634956792E+02,  0.3030
      5053,      1528,  1.269582972367E+02,  0.3024
      5057,      1529,  1.269577308070E+02,  0.3024
      5069,      1530,  1.269574796290E+02,  0.3018
      5070,      1531,  1.269550317909E+02,  0.3020
      5083,      1532,  1.269545690355E+02,  0.3014
      5087,      1533,  1.269506368870E+02,  0.3014
      5089,      1534,  1.269496325850E+02,  0.3014
      5099,      1535,  1.269456943253E+02,  0.3010
      5116,      1536,  1.269444787303E+02,  0.3002
      5123,      1537,  1.269437363743E+02,  0.3000
      5141,      1538,  1.269429356214E+02,  0.2992
      5146,      1539,  1.269428801988E+02,  0.2991
      5152,      1540,  1.269422607560E+02,  0.2989
      5155,      1541,  1.269421664424E+02,  0.2989
      5189,      1542,  1.269413220989E+02,  0.2972
      5194,      1543,  1.269403600497E+02,  0.2971
      5196,      1544,  1.269356255228E+02,  0.2972
      5213,      1545,  1.269318479191E+02,  0.2964
      5218,      1546,  1.269302967461E+02,  0.2963
      5224,      1547,  1.269025480516E+02,  0.2961
      5226,      1548,  1.269025258739E+02,  0.2962
      5230,      1549,  1.268611237232E+02,  0.2962
      5243,      1550,  1.268610386004E+02,  0.2956
      5250,      1551,  1.268609092379E+02,  0.2954
      5263,      1552,  1.268602990557E+02,  0.2949
      5264,      1553,  1.268579603459E+02,  0.2950
      5287,      1554,  1.268501312049E+02,  0.2939
      5294,      1555,  1.268498884777E+02,  0.2937
      5316,      1556,  1.268409933353E+02,  0.2927
      5320,      1557,  1.268406022001E+02,  0.2927
      5325,      1558,  1.268160850513E+02,  0.2926
      5339,      1559,  1.268131804585E+02,  0.2920
      5342,      1560,  1.268102939756E+02,  0.2920
      5344,      1561,  1.268098484759E+02,  0.2921
      5351,      1562,  1.267803602811E+02,  0.2919
      5354,      1563,  1.267360744001E+02,  0.2919
      5382,      1564,  1.267355562570E+02,  0.2906
      5391,      1565,  1.267354844292E+02,  0.2903
      5392,      1566,  1.266965127654E+02,  0.2904
      5413,      1567,  1.266648343069E+02,  0.2895
      5451,      1568,  1.266337149795E+02,  0.2877
      5452,      1569,  1.266332589494E+02,  0.2878
      5489,      1570,  1.266281478199E+02,  0.2860
      5490,      1571,  1.266267166211E+02,  0.2862
      5492,      1572,  1.266171758398E+02,  0.2862
      5501,      1573,  1.266163258163E+02,  0.2859
      5502,      1574,  1.266135042766E+02,  0.2861
      5517,      1575,  1.266072428871E+02,  0.2855
      5519,      1576,  1.265963027668E+02,  0.2856
      5521,      1577,  1.265913503913E+02,  0.2856
      5529,      1578,  1.265905874069E+02,  0.2854
      5536,      1579,  1.265895146570E+02,  0.2852
      5557,      1580,  1.265889952310E+02,  0.2843
      5563,      1581,  1.265884531062E+02,  0.2842
      5565,      1582,  1.265858289834E+02,  0.2843
      5568,      1583,  1.265857938877E+02,  0.2843
      5572,      1584,  1.265851790882E+02,  0.2843
      5574,      1585,  1.265277220109E+02,  0.2844
      5577,      1586,  1.265259011022E+02,  0.2844
      5595,      1587,  1.265234704613E+02,  0.2836
      5598,      1588,  1.265130252205E+02,  0.2837
      5610,      1589,  1.265119216108E+02,  0.2832
      5611,      1590,  1.265102511800E+02,  0.2834
      5615,      1591,  1.265087530711E+02,  0.2833
      5623,      1592,  1.265087284417E+02,  0.2831
      5626,      1593,  1.264908346244E+02,  0.2831
      5627,      1594,  1.264907347433E+02,  0.2833
      5645,      1595,  1.264907248722E+02,  0.2826
      5650,      1596,  1.264896320947E+02,  0.2825
      5659,      1597,  1.264837407496E+02,  0.2822
      5662,      1598,  1.264827245936E+02,  0.2822
      5668,      1599,  1.264825784153E+02,  0.2821
      5676,      1600,  1.264815855822E+02,  0.2819
      5680,      1601,  1.264806238756E+02,  0.2819
      5685,      1602,  1.264780969679E+02,  0.2818
      5691,      1603,  1.264739187419E+02,  0.2817
      5700,      1604,  1.264731793013E+02,  0.2814
      5715,      1605,  1.264731061040E+02,  0.2808
      5722,      1606,  1.264729431487E+02,  0.2807
      5730,      1607,  1.264719302857E+02,  0.2805
      5731,      1608,  1.264704845723E+02,  0.2806
      5745,      1609,  1.264672944328E+02,  0.2801
      5749,      1610,  1.264567321150E+02,  0.2800
      5755,      1611,  1.264536902158E+02,  0.2799
      5767,      1612,  1.263881609922E+02,  0.2795
      5782,      1613,  1.263863222596E+02,  0.2790
      5791,      1614,  1.263860125415E+02,  0.2787
      5803,      1615,  1.263339802979E+02,  0.2783
      5807,      1616,  1.263224078782E+02,  0.2783
      5814,      1617,  1.262947426911E+02,  0.2781
      5817,      1618,  1.262929090981E+02,  0.2782
      5829,      1619,  1.262928833569E+02,  0.2777
      5836,      1620,  1.262862627145E+02,  0.2776
      5859,      1621,  1.262846531727E+02,  0.2767
      5880,      1622,  1.262825235970E+02,  0.2759
      5893,      1623,  1.262737814462E+02,  0.2754
      5894,      1624,  1.262712731333E+02,  0.2755
      5895,      1625,  1.262064011884E+02,  0.2757
      5900,      1626,  1.261840455919E+02,  0.2756
      5923,      1627,  1.261821024412E+02,  0.2747
      5925,      1628,  1.261819638148E+02,  0.2748
      5928,      1629,  1.261807160484E+02,  0.2748
      5936,      1630,  1.261801065888E+02,  0.2746
      5950,      1631,  1.261747094717E+02,  0.2741
      5952,      1632,  1.261722522998E+02,  0.2742
      5963,      1633,  1.261720065462E+02,  0.2739
      5964,      1634,  1.261671888120E+02,  0.2740
      5973,      1635,  1.261651694025E+02,  0.2737
      5990,      1636,  1.261638626257E+02,  0.2731
      6017,      1637,  1.261627898062E+02,  0.2721
      6020,      1638,  1.261505274524E+02,  0.2721
      6028,      1639,  1.261288945896E+02,  0.2719
      6035,      1640,  1.261288012115E+02,  0.2717
      6042,      1641,  1.261212741043E+02,  0.2716
      6048,      1642,  1.260982373809E+02,  0.2715
      6057,      1643,  1.260931163586E+02,  0.2713
      6096,      1644,  1.260918198004E+02,  0.2697
      6100,      1645,  1.260918065121E+02,  0.2697
      6101,      1646,  1.260913919543E+02,  0.2698
      6118,      1647,  1.260870882549E+02,  0.2692
      6122,      1648,  1.260867078003E+02,  0.2692
      6152,      1649,  1.260845471627E+02,  0.2680
      6163,      1650,  1.260844200054E+02,  0.2677
      6166,      1651,  1.260838122563E+02,  0.2678
      6181,      1652,  1.260835959028E+02,  0.2673
      6183,      1653,  1.260820063072E+02,  0.2673
      6207,      1654,  1.260417705274E+02,  0.2665
      6208,      1655,  1.260397847298E+02,  0.2666
      6213,      1656,  1.260245918928E+02,  0.2665
      6220,      1657,  1.260241269505E+02,  0.2664
      6227,      1658,  1.260240281095E+02,  0.2663
      6257,      1659,  1.260237830750E+02,  0.2651
      6262,      1660,  1.260236583699E+02,  0.2651
      6284,      1661,  1.260214436696E+02,  0.2643
      6288,      1662,  1.260213952527E+02,  0.2643
      6300,      1663,  1.260208459554E+02,  0.2640
      6303,      1664,  1.260027985156E+02,  0.2640
      6305,      1665,  1.260021667119E+02,  0.2641
      6314,      1666,  1.260005921317E+02,  0.2639
      6329,      1667,  1.260002412122E+02,  0.2634
      6352,      1668,  1.259992594787E+02,  0.2626
      6366,      1669,  1.259992424401E+02,  0.2622
      6374,      1670,  1.259991387563E+02,  0.2620
      6375,      1671,  1.259949989246E+02,  0.2621
      6391,      1672,  1.259920345724E+02,  0.2616
      6399,      1673,  1.259876820527E+02,  0.2614
      6400,      1674,  1.259845182348E+02,  0.2616
      6404,      1675,  1.259844989509E+02,  0.2616
      6414,      1676,  1.259754459691E+02,  0.2613
      6420,      1677,  1.259751364432E+02,  0.2612
      6425,      1678,  1.259735613260E+02,  0.2612
      6429,      1679,  1.259558079400E+02,  0.2612
      6452,      1680,  1.259545296589E+02,  0.2604
      6482,      1681,  1.259542920010E+02,  0.2593
      6495,      1682,  1.259427005057E+02,  0.2590
      6496,      1683,  1.259383212125E+02,  0.2591
      6500,      1684,  1.259368795135E+02,  0.2591
      6511,      1685,  1.259342806807E+02,  0.2588
      6516,      1686,  1.259279200698E+02,  0.2587
      6518,      1687,  1.259256917161E+02,  0.2588
      6519,      1688,  1.259208471943E+02,  0.2589
      6534,      1689,  1.259198426712E+02,  0.2585
      6547,      1690,  1.259166253054E+02,  0.2581
      6553,      1691,  1.259154911834E+02,  0.2580
      6561,      1692,  1.259123165287E+02,  0.2579
      6565,      1693,  1.259123064604E+02,  0.2579
      6568,      1694,  1.259042145987E+02,  0.2579
      6573,      1695,  1.259000409882E+02,  0.2579
      6595,      1696,  1.258997681950E+02,  0.2572
      6610,      1697,  1.258996767413E+02,  0.2567
      6620,      1698,  1.258983443815E+02,  0.2565
      6626,      1699,  1.258971282869E+02,  0.2564
      6632,      1700,  1.258937503868E+02,  0.2563
      6634,      1701,  1.258933757388E+02,  0.2564
      6636,      1702,  1.258930376745E+02,  0.2565
      6641,      1703,  1.258743117732E+02,  0.2564
      6646,      1704,  1.258742225602E+02,  0.2564
      6660,      1705,  1.258727780531E+02,  0.2560
      6672,      1706,  1.258703344635E+02,  0.2557
      6675,      1707,  1.258621156451E+02,  0.2557
      6702,      1708,  1.258328112774E+02,  0.2548
      6714,      1709,  1.258302095208E+02,  0.2545
      6737,      1710,  1.258280308103E+02,  0.2538
      6766,      1711,  1.258273152292E+02,  0.2529
      6775,      1712,  1.258264193808E+02,  0.2527
      6789,      1713,  1.258263912587E+02,  0.2523
      6800,      1714,  1.258200773526E+02,  0.2521
      6814,      1715,  1.258175716939E+02,  0.2517
      6830,      1716,  1.258163155611E+02,  0.2512
      6847,      1717,  1.258109492486E+02,  0.2508
      6862,      1718,  1.258107684884E+02,  0.2504
      6869,      1719,  1.258084895441E+02,  0.2503
      6880,      1720,  1.258057713042E+02,  0.2500
      6881,      1721,  1.258056690012E+02,  0.2501
      6905,      1722,  1.258053251758E+02,  0.2494
      6912,      1723,  1.258052390521E+02,  0.2493
      6921,      1724,  1.258046393513E+02,  0.2491
      6930,      1725,  1.258044673476E+02,  0.2489
      6936,      1726,  1.257943978003E+02,  0.2488
      6939,      1727,  1.257925202147E+02,  0.2489
      6943,      1728,  1.257810659177E+02,  0.2489
      6952,      1729,  1.257735445531E+02,  0.2487
      6955,      1730,  1.257727936476E+02,  0.2487
      6956,      1731,  1.257724406642E+02,  0.2488
      6967,      1732,  1.257723530472E+02,  0.2486
      6968,      1733,  1.257711576339E+02,  0.2487
      7001,      1734,  1.257702416036E+02,  0.2477
      7002,      1735,  1.257686438580E+02,  0.2478
      7020,      1736,  1.257328376949E+02,  0.2473
      7025,      1737,  1.257327400870E+02,  0.2473
      7040,      1738,  1.257206981261E+02,  0.2469
      7042,      1739,  1.257206365536E+02,  0.2469
      7044,      1740,  1.257205258274E+02,  0.2470
      7058,      1741,  1.257204776476E+02,  0.2467
      7079,      1742,  1.257204304398E+02,  0.2461
      7082,      1743,  1.257195504654E+02,  0.2461
      7086,      1744,  1.257102684511E+02,  0.2461
      7109,      1745,  1.257016833123E+02,  0.2455
      7111,      1746,  1.257015814662E+02,  0.2455
      7127,      1747,  1.257010810477E+02,  0.2451
      7131,      1748,  1.256995894230E+02,  0.2451
      7139,      1749,  1.256978318728E+02,  0.2450
      7158,      1750,  1.256977962581E+02,  0.2445
      7169,      1751,  1.256977068776E+02,  0.2442
      7170,      1752,  1.256922622321E+02,  0.2444
      7178,      1753,  1.256688483086E+02,  0.2442
      7190,      1754,  1.256574185360E+02,  0.2439
      7198,      1755,  1.256573940675E+02,  0.2438
      7239,      1756,  1.256570903602E+02,  0.2426
      7241,      1757,  1.256552944378E+02,  0.2426
      7269,      1758,  1.256542918163E+02,  0.2418
      7279,      1759,  1.256542005743E+02,  0.2417
      7285,      1760,  1.256533693853E+02,  0.2416
      7295,      1761,  1.256530097551E+02,  0.2414
      7338,      1762,  1.256518666270E+02,  0.2401
      7369,      1763,  1.256509770121E+02,  0.2392
      7409,      1764,  1.256505343465E+02,  0.2381
      7436,      1765,  1.256505250530E+02,  0.2374
      7469,      1766,  1.256483872304E+02,  0.2364
      7478,      1767,  1.256481208563E+02,  0.2363
      7510,      1768,  1.256449050211E+02,  0.2354
      7514,      1769,  1.256444623076E+02,  0.2354
      7518,      1770,  1.256436915522E+02,  0.2354
      7524,      1771,  1.256425728306E+02,  0.2354
      7538,      1772,  1.256425321423E+02,  0.2351
      7542,      1773,  1.256400391622E+02,  0.2351
      7546,      1774,  1.256324253969E+02,  0.2351
      7560,      1775,  1.256199498941E+02,  0.2348
      7567,      1776,  1.256198710033E+02,  0.2347
      7624,      1777,  1.256194435085E+02,  0.2331
      7631,      1778,  1.256101012055E+02,  0.2330
      7651,      1779,  1.256100928578E+02,  0.2325
      7668,      1780,  1.256097683202E+02,  0.2321
      7728,      1781,  1.256094058844E+02,  0.2305
      7738,      1782,  1.256077156138E+02,  0.2303
      7802,      1783,  1.256073197936E+02,  0.2285
      7846,      1784,  1.256072611429E+02,  0.2274
      7878,      1785,  1.256067988055E+02,  0.2266
      7885,      1786,  1.256052372722E+02,  0.2265
      7934,      1787,  1.256048747196E+02,  0.2252
      7938,      1788,  1.256022956573E+02,  0.2252
      7940,      1789,  1.256016680305E+02,  0.2253
      7964,      1790,  1.256016440983E+02,  0.2248
      7966,      1791,  1.256015613536E+02,  0.2248
      7972,      1792,  1.255939696544E+02,  0.2248
      7974,      1793,  1.255880378679E+02,  0.2249
      7982,      1794,  1.255840380096E+02,  0.2248
      7984,      1795,  1.255830661939E+02,  0.2248
      8005,      1796,  1.255809800152E+02,  0.2244
      8023,      1797,  1.255757985241E+02,  0.2240
      8060,      1798,  1.255756877088E+02,  0.2231
      8068,      1799,  1.255698886980E+02,  0.2230
      8083,      1800,  1.255649043951E+02,  0.2227
      8115,      1801,  1.255647262956E+02,  0.2219
      8128,      1802,  1.255646909606E+02,  0.2217
      8146,      1803,  1.255581221047E+02,  0.2213
      8188,      1804,  1.255509252117E+02,  0.2203
      8204,      1805,  1.255507241699E+02,  0.2200
      8209,      1806,  1.255500797582E+02,  0.2200
      8217,      1807,  1.255427422229E+02,  0.2199
      8220,      1808,  1.255417358937E+02,  0.2200
      8232,      1809,  1.255288327614E+02,  0.2198
      8276,      1810,  1.255288043589E+02,  0.2187
      8282,      1811,  1.255280994371E+02,  0.2187
      8286,      1812,  1.255279854580E+02,  0.2187
      8288,      1813,  1.255014865916E+02,  0.2188
      8304,      1814,  1.254975013633E+02,  0.2184
      8336,      1815,  1.254974866420E+02,  0.2177
      8347,      1816,  1.254762811447E+02,  0.2176
      8356,      1817,  1.254762021358E+02,  0.2174
      8358,      1818,  1.254749657994E+02,  0.2175
      8359,      1819,  1.254733098033E+02,  0.2176
      8360,      1820,  1.254722196038E+02,  0.2177
      8364,      1821,  1.254722194809E+02,  0.2177
      8370,      1822,  1.254721566873E+02,  0.2177
      8372,      1823,  1.254713141123E+02,  0.2177
      8393,      1824,  1.254707565734E+02,  0.2173
      8399,      1825,  1.254695919944E+02,  0.2173
      8443,      1826,  1.254695663023E+02,  0.2163
      8449,      1827,  1.254694545244E+02,  0.2162
      8459,      1828,  1.254694179096E+02,  0.2161
      8479,      1829,  1.254692521510E+02,  0.2157
      8486,      1830,  1.254690101283E+02,  0.2156
      8496,      1831,  1.254670170564E+02,  0.2155
      8511,      1832,  1.254665085124E+02,  0.2153
      8542,      1833,  1.254659293112E+02,  0.2146
      8586,      1834,  1.254657405084E+02,  0.2136
      8593,      1835,  1.254633097705E+02,  0.2135
      8612,      1836,  1.254630656776E+02,  0.2132
      8618,      1837,  1.254593634006E+02,  0.2132
      8622,      1838,  1.254527133296E+02,  0.2132
      8632,      1839,  1.254523132394E+02,  0.2130
      8638,      1840,  1.254461083014E+02,  0.2130
      8672,      1841,  1.254440219687E+02,  0.2123
      8677,      1842,  1.254410695267E+02,  0.2123
      8683,      1843,  1.254408885151E+02,  0.2123
      8693,      1844,  1.254407350689E+02,  0.2121
      8695,      1845,  1.254197257545E+02,  0.2122
      8707,      1846,  1.254172677976E+02,  0.2120
      8711,      1847,  1.253783741643E+02,  0.2120
      8743,      1848,  1.253720074988E+02,  0.2114
      8760,      1849,  1.253716983120E+02,  0.2111
      8762,      1850,  1.253716678130E+02,  0.2111
      8770,      1851,  1.253710494722E+02,  0.2111
      8778,      1852,  1.253685234347E+02,  0.2110
      8797,      1853,  1.253684393362E+02,  0.2106
      8815,      1854,  1.253639459298E+02,  0.2103
      8828,      1855,  1.253626844724E+02,  0.2101
      8833,      1856,  1.253609966964E+02,  0.2101
      8841,      1857,  1.253606999033E+02,  0.2100
      8866,      1858,  1.253562539935E+02,  0.2096
      8877,      1859,  1.253182492402E+02,  0.2094
      8883,      1860,  1.253175703658E+02,  0.2094
      8908,      1861,  1.253174653388E+02,  0.2089
      8920,      1862,  1.253159798687E+02,  0.2087
      8957,      1863,  1.253157463224E+02,  0.2080
      8971,      1864,  1.253116584415E+02,  0.2078
      8973,      1865,  1.253111385031E+02,  0.2078
      8979,      1866,  1.253108971739E+02,  0.2078
      8998,      1867,  1.253107632274E+02,  0.2075
      9043,      1868,  1.253106188343E+02,  0.2066
      9044,      1869,  1.253102991093E+02,  0.2067
      9073,      1870,  1.253101199636E+02,  0.2061
      9075,      1871,  1.253077527465E+02,  0.2062
      9083,      1872,  1.252957271417E+02,  0.2061
      9144,      1873,  1.252949020994E+02,  0.2048
      9174,      1874,  1.252937208615E+02,  0.2043
      9198,      1875,  1.252912271647E+02,  0.2038
      9257,      1876,  1.252715612335E+02,  0.2027
      9281,      1877,  1.252704211500E+02,  0.2022
      9308,      1878,  1.252703467893E+02,  0.2018
      9318,      1879,  1.252702127928E+02,  0.2017
      9326,      1880,  1.252701177353E+02,  0.2016
      9332,      1881,  1.252700628038E+02,  0.2016
      9337,      1882,  1.252695825101E+02,  0.2016
      9344,      1883,  1.252690781590E+02,  0.2015
      9388,      1884,  1.252686862351E+02,  0.2007
      9409,      1885,  1.252684327021E+02,  0.2003
      9434,      1886,  1.252684204772E+02,  0.1999
      9469,      1887,  1.252683860469E+02,  0.1993
      9503,      1888,  1.252682130833E+02,  0.1987
      9527,      1889,  1.252678987838E+02,  0.1983
      9528,      1890,  1.252671133093E+02,  0.1984
      9534,      1891,  1.252669159378E+02,  0.1983
      9536,      1892,  1.252625922354E+02,  0.1984
      9568,      1893,  1.252622474882E+02,  0.1978
      9575,      1894,  1.252620625268E+02,  0.1978
      9587,      1895,  1.252607437649E+02,  0.1977
      9597,      1896,  1.252606311397E+02,  0.1976
      9610,      1897,  1.252606191938E+02,  0.1974
      9648,      1898,  1.252606005343E+02,  0.1967
      9657,      1899,  1.252604229267E+02,  0.1966
      9663,      1900,  1.252603215008E+02,  0.1966
      9674,      1901,  1.252602547623E+02,  0.1965
      9694,      1902,  1.252601094070E+02,  0.1962
      9702,      1903,  1.252506748634E+02,  0.1961
      9703,      1904,  1.252505295688E+02,  0.1962
      9711,      1905,  1.252505265207E+02,  0.1962
      9719,      1906,  1.252502107351E+02,  0.1961
      9779,      1907,  1.252482499321E+02,  0.1950
      9813,      1908,  1.252478734161E+02,  0.1944
      9815,      1909,  1.252461549812E+02,  0.1945
      9824,      1910,  1.252312829648E+02,  0.1944
      9937,      1911,  1.252312704172E+02,  0.1923
      9965,      1912,  1.252309666567E+02,  0.1919
      9989,      1913,  1.252309632653E+02,  0.1915
     10004,      1914,  1.252307744588E+02,  0.1913
     10037,      1915,  1.252303308551E+02,  0.1908
     10042,      1916,  1.252301786901E+02,  0.1908
     10121,      1917,  1.252301224674E+02,  0.1894
     10226,      1918,  1.252299624587E+02,  0.1876
     10482,      1919,  1.252298836207E+02,  0.1831
     10514,      1920,  1.252236659872E+02,  0.1826
     10638,      1921,  1.252221043533E+02,  0.1806
     10806,      1922,  1.252216266296E+02,  0.1779
     10915,      1923,  1.252215952945E+02,  0.1762
     11103,      1924,  1.252214824198E+02,  0.1733
     11121,      1925,  1.252184403063E+02,  0.1731
     11137,      1926,  1.252131406482E+02,  0.1729
     11143,      1927,  1.252131097491E+02,  0.1729
     11176,      1928,  1.252128920778E+02,  0.1725
     11213,      1929,  1.252125655096E+02,  0.1720
     11288,      1930,  1.252125548928E+02,  0.1710
     11351,      1931,  1.252098870862E+02,  0.1701
     11476,      1932,  1.252098644169E+02,  0.1684
     11486,      1933,  1.252098307531E+02,  0.1683
     11548,      1934,  1.252091638199E+02,  0.1675
     11587,      1935,  1.252091516690E+02,  0.1670
     11589,      1936,  1.252090315169E+02,  0.1671
     11844,      1937,  1.252086208012E+02,  0.1635
     11868,      1938,  1.252086066855E+02,  0.1633
     11909,      1939,  1.252083763867E+02,  0.1628
     11923,      1940,  1.252078000602E+02,  0.1627
     12062,      1941,  1.252077991027E+02,  0.1609
     12133,      1942,  1.252077430496E+02,  0.1601
     12157,      1943,  1.252077307740E+02,  0.1598
     12166,      1944,  1.252076350286E+02,  0.1598
     12200,      1945,  1.252063028111E+02,  0.1594
     12271,      1946,  1.252062838989E+02,  0.1586
     12282,      1947,  1.252062266801E+02,  0.1585
     12326,      1948,  1.251879209168E+02,  0.1580
     12404,      1949,  1.251878002851E+02,  0.1571
     12451,      1950,  1.251877764941E+02,  0.1566
     12534,      1951,  1.251872024451E+02,  0.1557
     12814,      1952,  1.251870288810E+02,  0.1523
     12841,      1953,  1.251866466441E+02,  0.1521
     12843,      1954,  1.251866227921E+02,  0.1521
     12908,      1955,  1.251866022908E+02,  0.1515
     12934,      1956,  1.251855321751E+02,  0.1512
     13187,      1957,  1.251815358253E+02,  0.1484
     13196,      1958,  1.251813053140E+02,  0.1484
     13263,      1959,  1.251783074677E+02,  0.1477
     13535,      1960,  1.251782977228E+02,  0.1448
     13711,      1961,  1.251781074042E+02,  0.1430
     13827,      1962,  1.251741663527E+02,  0.1419
     13845,      1963,  1.251741582104E+02,  0.1418
     13945,      1964,  1.251741422885E+02,  0.1408
     14031,      1965,  1.251741333469E+02,  0.1400
     14063,      1966,  1.251736737364E+02,  0.1398
     14074,      1967,  1.251733411789E+02,  0.1398
     14116,      1968,  1.251711161331E+02,  0.1394
     14123,      1969,  1.251693888638E+02,  0.1394
     14127,      1970,  1.251688423033E+02,  0.1394
     14158,      1971,  1.251687801487E+02,  0.1392
     14202,      1972,  1.251667638516E+02,  0.1389
     14309,      1973,  1.251667174396E+02,  0.1379
     14375,      1974,  1.251666608347E+02,  0.1373
     14492,      1975,  1.251663614013E+02,  0.1363
     14496,      1976,  1.251662105038E+02,  0.1363
     14597,      1977,  1.251662059046E+02,  0.1354
     14603,      1978,  1.251653131242E+02,  0.1355
     14614,      1979,  1.251626150698E+02,  0.1354
     14645,      1980,  1.251622592278E+02,  0.1352
     14867,      1981,  1.251613940221E+02,  0.1332
     14905,      1982,  1.251613889141E+02,  0.1330
     14933,      1983,  1.251613010130E+02,  0.1328
     14946,      1984,  1.251612839571E+02,  0.1327
     15041,      1985,  1.251603886068E+02,  0.1320
     15098,      1986,  1.251592133115E+02,  0.1315
     15119,      1987,  1.251555771072E+02,  0.1314
     15120,      1988,  1.251555741975E+02,  0.1315
     15156,      1989,  1.251555535296E+02,  0.1312
     15190,      1990,  1.251554999893E+02,  0.1310
     15242,      1991,  1.251554581154E+02,  0.1306
     15270,      1992,  1.251553217116E+02,  0.1305
     15273,      1993,  1.251553086352E+02,  0.1305
     15375,      1994,  1.251541755509E+02,  0.1297
     15590,      1995,  1.251541742299E+02,  0.1280
     15715,      1996,  1.251541590929E+02,  0.1270
     15870,      1997,  1.251506397209E+02,  0.1258
     16020,      1998,  1.251506053595E+02,  0.1247
     16067,      1999,  1.251505964042E+02,  0.1244
     16164,      2000,  1.251505691375E+02,  0.1237
     16239,      2001,  1.251504953045E+02,  0.1232
     16314,      2002,  1.251486306651E+02,  0.1227
     16433,      2003,  1.251476226924E+02,  0.1219
     16524,      2004,  1.251476184072E+02,  0.1213
     16587,      2005,  1.251475675771E+02,  0.1209
     16594,      2006,  1.251435282543E+02,  0.1209
     16663,      2007,  1.251435249918E+02,  0.1204
     16718,      2008,  1.251405403120E+02,  0.1201
     16760,      2009,  1.251387240189E+02,  0.1199
     16950,      2010,  1.251387023251E+02,  0.1186
     17008,      2011,  1.251386196140E+02,  0.1182
     17238,      2012,  1.251359728393E+02,  0.1167
     17266,      2013,  1.251346581382E+02,  0.1166
     17390,      2014,  1.251335881487E+02,  0.1158
     17423,      2015,  1.251334017018E+02,  0.1157
     17534,      2016,  1.251333504612E+02,  0.1150
     17538,      2017,  1.251321976862E+02,  0.1150
     17564,      2018,  1.251320931370E+02,  0.1149
     17609,      2019,  1.251270788468E+02,  0.1147
     17857,      2020,  1.251258615628E+02,  0.1131
     17892,      2021,  1.251258427012E+02,  0.1130
     17893,      2022,  1.251258271046E+02,  0.1130
     17982,      2023,  1.251217838303E+02,  0.1125
     18021,      2024,  1.251215830981E+02,  0.1123
     18149,      2025,  1.251187519755E+02,  0.1116
     18195,      2026,  1.251186975261E+02,  0.1113
     18199,      2027,  1.251186697182E+02,  0.1114
     18325,      2028,  1.251158771617E+02,  0.1107
     18360,      2029,  1.251158433999E+02,  0.1105
     18442,      2030,  1.251157689862E+02,  0.1101
     18597,      2031,  1.251157007375E+02,  0.1092
     18865,      2032,  1.251133630666E+02,  0.1077
     19004,      2033,  1.251133549312E+02,  0.1070
     19082,      2034,  1.251133310709E+02,  0.1066
     19110,      2035,  1.251131967803E+02,  0.1065
     19134,      2036,  1.251131398855E+02,  0.1064
     19177,      2037,  1.251130805389E+02,  0.1062
     19294,      2038,  1.251130802987E+02,  0.1056
     19344,      2039,  1.251129961580E+02,  0.1054
     19398,      2040,  1.251128684027E+02,  0.1052
     19447,      2041,  1.251082208087E+02,  0.1050
     19537,      2042,  1.251080695504E+02,  0.1045
     19542,      2043,  1.251079898267E+02,  0.1045
     19623,      2044,  1.251079874522E+02,  0.1042
     19718,      2045,  1.251061760166E+02,  0.1037
     19795,      2046,  1.251061603011E+02,  0.1034
     19917,      2047,  1.251061154315E+02,  0.1028
     19988,      2048,  1.251046692623E+02,  0.1025
     20366,      2049,  1.251046165371E+02,  0.1006
     20421,      2050,  1.251045483447E+02,  0.1004
     20482,      2051,  1.251038166326E+02,  0.1001
     20717,      2052,  1.251037910674E+02,  0.0990
     20736,      2053,  1.251037724434E+02,  0.0990
     20781,      2054,  1.251037614806E+02,  0.0988
     20967,      2055,  1.251031968206E+02,  0.0980
     21006,      2056,  1.251031397916E+02,  0.0979
     21022,      2057,  1.251031161023E+02,  0.0978
     21193,      2058,  1.251014183799E+02,  0.0971
     21532,      2059,  1.251014166276E+02,  0.0956
     21568,      2060,  1.251014127776E+02,  0.0955
     21602,      2061,  1.251013869763E+02,  0.0954
     21742,      2062,  1.251013845143E+02,  0.0948
     21949,      2063,  1.250998036664E+02,  0.0940
     22051,      2064,  1.250997998626E+02,  0.0936
     22153,      2065,  1.250997673820E+02,  0.0932
     22233,      2066,  1.250997213300E+02,  0.0929
     22538,      2067,  1.250987877935E+02,  0.0917
     22587,      2068,  1.250987754912E+02,  0.0916
     22608,      2069,  1.250987074355E+02,  0.0915
     22848,      2070,  1.250986412421E+02,  0.0906
     22998,      2071,  1.250985911367E+02,  0.0901
     23370,      2072,  1.250985177699E+02,  0.0887
     23467,      2073,  1.250984463385E+02,  0.0883
     23601,      2074,  1.250974933706E+02,  0.0879
     23702,      2075,  1.250972883005E+02,  0.0875
     23758,      2076,  1.250925042125E+02,  0.0874
     24160,      2077,  1.250924850586E+02,  0.0860
     24483,      2078,  1.250924763847E+02,  0.0849
     24528,      2079,  1.250923959161E+02,  0.0848
     24630,      2080,  1.250901514820E+02,  0.0844
     24748,      2081,  1.250901031981E+02,  0.0841
     24823,      2082,  1.250900958520E+02,  0.0839
     24939,      2083,  1.250900900839E+02,  0.0835
     25104,      2084,  1.250889837287E+02,  0.0830
     25471,      2085,  1.250889566162E+02,  0.0819
     25550,      2086,  1.250889229607E+02,  0.0816
     25716,      2087,  1.250888085768E+02,  0.0812
     25717,      2088,  1.250888070013E+02,  0.0812
     25854,      2089,  1.250887947476E+02,  0.0808
     25967,      2090,  1.250876169931E+02,  0.0805
     26861,      2091,  1.250874408115E+02,  0.0778
     26960,      2092,  1.250874266038E+02,  0.0776
     27003,      2093,  1.250872682333E+02,  0.0775
     27759,      2094,  1.250872603500E+02,  0.0754
     27810,      2095,  1.250868699257E+02,  0.0753
     27934,      2096,  1.250868269894E+02,  0.0750
     28192,      2097,  1.250849644426E+02,  0.0744
     28536,      2098,  1.250847171899E+02,  0.0735
     28639,      2099,  1.250846189079E+02,  0.0733
     28646,      2100,  1.250846107180E+02,  0.0733
     28675,      2101,  1.250846072308E+02,  0.0733
     28840,      2102,  1.250845896529E+02,  0.0729
     28924,      2103,  1.250845255057E+02,  0.0727
     29055,      2104,  1.250817054733E+02,  0.0724
     29388,      2105,  1.250816122084E+02,  0.0716
     29473,      2106,  1.250791772526E+02,  0.0715
     29514,      2107,  1.250791414447E+02,  0.0714
     29675,      2108,  1.250782087774E+02,  0.0710
     29696,      2109,  1.250772007108E+02,  0.0710
     30104,      2110,  1.250765049020E+02,  0.0701
     30124,      2111,  1.250764704900E+02,  0.0701
     30126,      2112,  1.250764572794E+02,  0.0701
     30173,      2113,  1.250763910418E+02,  0.0700
     30328,      2114,  1.250763794594E+02,  0.0697
     30401,      2115,  1.250763352127E+02,  0.0696
     30478,      2116,  1.250755597859E+02,  0.0694
     30482,      2117,  1.250755545568E+02,  0.0695
     30504,      2118,  1.250755141813E+02,  0.0694
     30550,      2119,  1.250755083270E+02,  0.0694
     30623,      2120,  1.250735100380E+02,  0.0692
     30782,      2121,  1.250734178477E+02,  0.0689
     30837,      2122,  1.250734113083E+02,  0.0688
     31044,      2123,  1.250733859523E+02,  0.0684
     31175,      2124,  1.250733682722E+02,  0.0681
     31335,      2125,  1.250733579828E+02,  0.0678
     31503,      2126,  1.250733349776E+02,  0.0675
     31544,      2127,  1.250732744180E+02,  0.0674
     31956,      2128,  1.250732561810E+02,  0.0666
     32219,      2129,  1.250732248922E+02,  0.0661
     32407,      2130,  1.250732215170E+02,  0.0657
     32460,      2131,  1.250732030912E+02,  0.0657
     32675,      2132,  1.250731956270E+02,  0.0652
     33058,      2133,  1.250731127413E+02,  0.0645
     33410,      2134,  1.250730817351E+02,  0.0639
     33455,      2135,  1.250730694457E+02,  0.0638
     33622,      2136,  1.250728910284E+02,  0.0635
     33638,      2137,  1.250728890176E+02,  0.0635
     33838,      2138,  1.250723775537E+02,  0.0632
     33842,      2139,  1.250723503520E+02,  0.0632
     33844,      2140,  1.250723336257E+02,  0.0632
     34019,      2141,  1.250719772759E+02,  0.0629
     34291,      2142,  1.250719683675E+02,  0.0625
     35137,      2143,  1.250711840568E+02,  0.0610
     35154,      2144,  1.250711783101E+02,  0.0610
     35675,      2145,  1.250711616498E+02,  0.0601
     36016,      2146,  1.250711336675E+02,  0.0596
     37315,      2147,  1.250663194954E+02,  0.0575
     38136,      2148,  1.250651705993E+02,  0.0563
     38449,      2149,  1.250651594698E+02,  0.0559
     38510,      2150,  1.250651512185E+02,  0.0558
     39395,      2151,  1.250651502675E+02,  0.0546
     39631,      2152,  1.250636660081E+02,  0.0543
     40270,      2153,  1.250636460283E+02,  0.0535
     40373,      2154,  1.250635916365E+02,  0.0534
     40508,      2155,  1.250631229698E+02,  0.0532
     40535,      2156,  1.250630746211E+02,  0.0532
     40961,      2157,  1.250630626207E+02,  0.0527
     41202,      2158,  1.250629994228E+02,  0.0524
     41558,      2159,  1.250629952569E+02,  0.0520
     41694,      2160,  1.250629893490E+02,  0.0518
     42454,      2161,  1.250622161671E+02,  0.0509
     42573,      2162,  1.250619907510E+02,  0.0508
     43516,      2163,  1.250619881224E+02,  0.0497
     44681,      2164,  1.250619808962E+02,  0.0484
     44758,      2165,  1.250619796509E+02,  0.0484
     45373,      2166,  1.250570494233E+02,  0.0477
     46131,      2167,  1.250570443039E+02,  0.0470
     46253,      2168,  1.250554279707E+02,  0.0469
     46407,      2169,  1.250553693581E+02,  0.0467
     46507,      2170,  1.250548689301E+02,  0.0467
     46846,      2171,  1.250548401512E+02,  0.0463
     47055,      2172,  1.250548062785E+02,  0.0462
     47789,      2173,  1.250547680199E+02,  0.0455
     47818,      2174,  1.250547447819E+02,  0.0455
     48865,      2175,  1.250547340125E+02,  0.0445
     48889,      2176,  1.250544755536E+02,  0.0445
     49228,      2177,  1.250479125389E+02,  0.0442
     49488,      2178,  1.250470059556E+02,  0.0440
     50534,      2179,  1.250469987218E+02,  0.0431
     51163,      2180,  1.250462715836E+02,  0.0426
     51894,      2181,  1.250461062696E+02,  0.0420
     52036,      2182,  1.250460924549E+02,  0.0419
     52856,      2183,  1.250460911199E+02,  0.0413
     53425,      2184,  1.250460831244E+02,  0.0409
     54513,      2185,  1.250460535994E+02,  0.0401
     56056,      2186,  1.250458437299E+02,  0.0390
     56321,      2187,  1.250454664183E+02,  0.0388
     56712,      2188,  1.250450837549E+02,  0.0386
     56992,      2189,  1.250450718649E+02,  0.0384
     57632,      2190,  1.250447865405E+02,  0.0380
     57788,      2191,  1.250447745181E+02,  0.0379
     58143,      2192,  1.250446520081E+02,  0.0377
     59345,      2193,  1.250442144689E+02,  0.0370
     60801,      2194,  1.250442120308E+02,  0.0361
     61583,      2195,  1.250441409895E+02,  0.0356
     61713,      2196,  1.250437339255E+02,  0.0356
     61984,      2197,  1.250436764874E+02,  0.0354
     62398,      2198,  1.250436378846E+02,  0.0352
     62462,      2199,  1.250429437626E+02,  0.0352
     62858,      2200,  1.250429368097E+02,  0.0350
     62874,      2201,  1.250429113982E+02,  0.0350
     64087,      2202,  1.250423042659E+02,  0.0344
     64872,      2203,  1.250423028817E+02,  0.0340
     65524,      2204,  1.250422809833E+02,  0.0336
     66175,      2205,  1.250421060449E+02,  0.0333
     66551,      2206,  1.250420828891E+02,  0.0331
     67326,      2207,  1.250420828531E+02,  0.0328
     68228,      2208,  1.250420337361E+02,  0.0324
     68864,      2209,  1.250414852560E+02,  0.0321
     68920,      2210,  1.250406620847E+02,  0.0321
     69193,      2211,  1.250406593586E+02,  0.0320
     69470,      2212,  1.250406381173E+02,  0.0318
     72102,      2213,  1.250406300450E+02,  0.0307
     72150,      2214,  1.250401163304E+02,  0.0307
     72911,      2215,  1.250401103997E+02,  0.0304
     72953,      2216,  1.250400983557E+02,  0.0304
     74634,      2217,  1.250400907964E+02,  0.0297
     75017,      2218,  1.250400876942E+02,  0.0296
     75560,      2219,  1.250400838677E+02,  0.0294
     75732,      2220,  1.250397829346E+02,  0.0293
     76035,      2221,  1.250397753263E+02,  0.0292
     76731,      2222,  1.250375480406E+02,  0.0290
     77127,      2223,  1.250375396507E+02,  0.0288
     77172,      2224,  1.250375286550E+02,  0.0288
     78116,      2225,  1.250375166422E+02,  0.0285
     78232,      2226,  1.250372312666E+02,  0.0285
     78657,      2227,  1.250372152988E+02,  0.0283
     78682,      2228,  1.250372133561E+02,  0.0283
     81167,      2229,  1.250368307479E+02,  0.0275
     81548,      2230,  1.250359589251E+02,  0.0273
     81691,      2231,  1.250359006612E+02,  0.0273
     82685,      2232,  1.250351560300E+02,  0.0270
     82810,      2233,  1.250351317548E+02,  0.0270
     83097,      2234,  1.250350276561E+02,  0.0269
     83949,      2235,  1.250350269912E+02,  0.0266
     84021,      2236,  1.250350220101E+02,  0.0266
     84693,      2237,  1.250349980541E+02,  0.0264
     85415,      2238,  1.250349840502E+02,  0.0262
     85503,      2239,  1.250349755396E+02,  0.0262
     85644,      2240,  1.250349686051E+02,  0.0262
     85990,      2241,  1.250349359458E+02,  0.0261
     86211,      2242,  1.250349296114E+02,  0.0260
     86448,      2243,  1.250348993493E+02,  0.0259
     87177,      2244,  1.250348966365E+02,  0.0257
     87490,      2245,  1.250348706963E+02,  0.0257
     88393,      2246,  1.250348629705E+02,  0.0254
     89268,      2247,  1.250347319227E+02,  0.0252
     90043,      2248,  1.250347148920E+02,  0.0250
     91000,      2249,  1.250346798737E+02,  0.0247
     91163,      2250,  1.250346790918E+02,  0.0247
     91447,      2251,  1.250340657717E+02,  0.0246
     92443,      2252,  1.250340615441E+02,  0.0244
     93328,      2253,  1.250340601620E+02,  0.0241
     93551,      2254,  1.250339241014E+02,  0.0241
     93555,      2255,  1.250339141225E+02,  0.0241
     93996,      2256,  1.250338926709E+02,  0.0240
     95178,      2257,  1.250338754339E+02,  0.0237
     95795,      2258,  1.250334472158E+02,  0.0236
     96074,      2259,  1.250334459474E+02,  0.0235
     96227,      2260,  1.250331681627E+02,  0.0235
     96260,      2261,  1.250331119637E+02,  0.0235
     97066,      2262,  1.250331027810E+02,  0.0233
     97257,      2263,  1.250330359435E+02,  0.0233
     97869,      2264,  1.250330114603E+02,  0.0231
     98702,      2265,  1.250330086962E+02,  0.0229
     99101,      2266,  1.250329993052E+02,  0.0229
     99549,      2267,  1.250329936554E+02,  0.0228
     99637,      2268,  1.250329869520E+02,  0.0228
    100585,      2269,  1.250329853400E+02,  0.0226
    100867,      2270,  1.250321321456E+02,  0.0225
    101814,      2271,  1.250321116399E+02,  0.0223
    102063,      2272,  1.250320957404E+02,  0.0223
    103159,      2273,  1.250318922315E+02,  0.0220
    103216,      2274,  1.250318905195E+02,  0.0220
    103472,      2275,  1.250318889353E+02,  0.0220
    103555,      2276,  1.250292767975E+02,  0.0220
    103894,      2277,  1.250292713977E+02,  0.0219
    104963,      2278,  1.250291694813E+02,  0.0217
    105526,      2279,  1.250291683530E+02,  0.0216
    106185,      2280,  1.250291187261E+02,  0.0215
    106976,      2281,  1.250290591854E+02,  0.0213
    107059,      2282,  1.250290578499E+02,  0.0213
    107541,      2283,  1.250286239940E+02,  0.0212
    107611,      2284,  1.250286017651E+02,  0.0212
    108800,      2285,  1.250285909957E+02,  0.0210
    109540,      2286,  1.250285904308E+02,  0.0209
    110832,      2287,  1.250285802105E+02,  0.0206
    112838,      2288,  1.250285750764E+02,  0.0203
    113163,      2289,  1.250285725845E+02,  0.0202
    113568,      2290,  1.250285564718E+02,  0.0202
    114410,      2291,  1.250285552037E+02,  0.0200
    114760,      2292,  1.250285520093E+02,  0.0200
    115179,      2293,  1.250285490629E+02,  0.0199
    115206,      2294,  1.250285478428E+02,  0.0199
    116910,      2295,  1.250281992235E+02,  0.0196
    116942,      2296,  1.250281940650E+02,  0.0196
    118131,      2297,  1.250281872194E+02,  0.0194
    119565,      2298,  1.250276336193E+02,  0.0192
    119736,      2299,  1.250276330309E+02,  0.0192
    119795,      2300,  1.250275980237E+02,  0.0192
    119901,      2301,  1.250275954894E+02,  0.0192
    123025,      2302,  1.250275953254E+02,  0.0187
    124071,      2303,  1.250270339160E+02,  0.0186
    124322,      2304,  1.250270326669E+02,  0.0185
    124843,      2305,  1.250268127388E+02,  0.0185
    125375,      2306,  1.250268059187E+02,  0.0184
    126266,      2307,  1.250268004712E+02,  0.0183
    126333,      2308,  1.250267848882E+02,  0.0183
    127227,      2309,  1.250266648352E+02,  0.0181
    127261,      2310,  1.250266602022E+02,  0.0182
    127575,      2311,  1.250266450295E+02,  0.0181
    127650,      2312,  1.250266358430E+02,  0.0181
    129759,      2313,  1.250266353759E+02,  0.0178
    130477,      2314,  1.250256239788E+02,  0.0177
    131113,      2315,  1.250254734301E+02,  0.0177
    131236,      2316,  1.250254643757E+02,  0.0176
    132451,      2317,  1.250254642583E+02,  0.0175
    133623,      2318,  1.250254639950E+02,  0.0173
    134608,      2319,  1.250253967967E+02,  0.0172
    134955,      2320,  1.250253952699E+02,  0.0172
    135331,      2321,  1.250253917010E+02,  0.0172
    136195,      2322,  1.250253850756E+02,  0.0170
    137051,      2323,  1.250253801430E+02,  0.0169
    140515,      2324,  1.250253796041E+02,  0.0165
    140616,      2325,  1.250253765985E+02,  0.0165
    142510,      2326,  1.250253699205E+02,  0.0163
    143886,      2327,  1.250253690895E+02,  0.0162
    144022,      2328,  1.250253448332E+02,  0.0162
    146132,      2329,  1.250253339101E+02,  0.0159
    148496,      2330,  1.250252962331E+02,  0.0157
    149873,      2331,  1.250252941127E+02,  0.0156
    150587,      2332,  1.250252922795E+02,  0.0155
    151269,      2333,  1.250252906103E+02,  0.0154
    152003,      2334,  1.250252894837E+02,  0.0154
    154936,      2335,  1.250252867531E+02,  0.0151
    155059,      2336,  1.250250281067E+02,  0.0151
    155433,      2337,  1.250250255367E+02,  0.0150
    155949,      2338,  1.250247816363E+02,  0.0150
    155979,      2339,  1.250247792131E+02,  0.0150
    156329,      2340,  1.250247748023E+02,  0.0150
    158268,      2341,  1.250245286982E+02,  0.0148
    160323,      2342,  1.250244884346E+02,  0.0146
    160673,      2343,  1.250244797183E+02,  0.0146
    161070,      2344,  1.250195013310E+02,  0.0146
    161804,      2345,  1.250192404610E+02,  0.0145
    161976,      2346,  1.250192316209E+02,  0.0145
    164170,      2347,  1.250192273130E+02,  0.0143
    164911,      2348,  1.250192215843E+02,  0.0142
    165048,      2349,  1.250192152475E+02,  0.0142
    168090,      2350,  1.250192027302E+02,  0.0140
    169291,      2351,  1.250192012889E+02,  0.0139
    169862,      2352,  1.250191892109E+02,  0.0138
    170465,      2353,  1.250191476860E+02,  0.0138
    172309,      2354,  1.250191443777E+02,  0.0137
    172564,      2355,  1.250191315524E+02,  0.0136
    174352,      2356,  1.250190516867E+02,  0.0135
    174361,      2357,  1.250190280546E+02,  0.0135
    175949,      2358,  1.250179935469E+02,  0.0134
    176355,      2359,  1.250176771399E+02,  0.0134
    176968,      2360,  1.250175987851E+02,  0.0133
    180287,      2361,  1.250175981190E+02,  0.0131
    181841,      2362,  1.250175936420E+02,  0.0130
    187754,      2363,  1.250170751413E+02,  0.0126
    188440,      2364,  1.250170744119E+02,  0.0125
    188919,      2365,  1.250170275335E+02,  0.0125
    195382,      2366,  1.250170204265E+02,  0.0121
    195773,      2367,  1.250170109319E+02,  0.0121
    196806,      2368,  1.250170102368E+02,  0.0120
    197153,      2369,  1.250168172404E+02,  0.0120
    198970,      2370,  1.250161871122E+02,  0.0119
    199514,      2371,  1.250161781637E+02,  0.0119
    202789,      2372,  1.250161750554E+02,  0.0117
    208359,      2373,  1.250161266095E+02,  0.0114
    208812,      2374,  1.250161239822E+02,  0.0114
    210346,      2375,  1.250069074812E+02,  0.0113
    211434,      2376,  1.250069049086E+02,  0.0112
    212598,      2377,  1.250069012851E+02,  0.0112
    222994,      2378,  1.250069004890E+02,  0.0107
    223097,      2379,  1.250064797544E+02,  0.0107
    223624,      2380,  1.250064762658E+02,  0.0106
    223797,      2381,  1.250061426645E+02,  0.0106
    223806,      2382,  1.250061398856E+02,  0.0106
    225373,      2383,  1.250059229284E+02,  0.0106
    227084,      2384,  1.250059177848E+02,  0.0105
    230849,      2385,  1.250059170220E+02,  0.0103
    231276,      2386,  1.250059135429E+02,  0.0103
    231835,      2387,  1.250059078870E+02,  0.0103
    233714,      2388,  1.250059077329E+02,  0.0102
    234955,      2389,  1.250059060653E+02,  0.0102
    235093,      2390,  1.250059029005E+02,  0.0102
    235572,      2391,  1.250054976929E+02,  0.0101
    237133,      2392,  1.250054723518E+02,  0.0101
    237355,      2393,  1.250054669593E+02,  0.0101
    237633,      2394,  1.250054611565E+02,  0.0101
    237782,      2395,  1.250053469899E+02,  0.0101
    237892,      2396,  1.250053458913E+02,  0.0101
    238036,      2397,  1.250053348614E+02,  0.0101
    238949,      2398,  1.249988179123E+02,  0.0100
    239449,      2399,  1.249987417423E+02,  0.0100
    242088,      2400,  1.249987409212E+02,  0.0099
    244436,      2401,  1.249987397020E+02,  0.0098
    245882,      2402,  1.249987325366E+02,  0.0098
    248124,      2403,  1.249987324473E+02,  0.0097
    249301,      2404,  1.249987322938E+02,  0.0096
    256475,      2405,  1.249987281139E+02,  0.0094
    260975,      2406,  1.249980503807E+02,  0.0092
    260997,      2407,  1.249980503008E+02,  0.0092
    261904,      2408,  1.249980495230E+02,  0.0092
    262543,      2409,  1.249980472385E+02,  0.0092
    263303,      2410,  1.249980366756E+02,  0.0092
    265938,      2411,  1.249980323235E+02,  0.0091
    266352,      2412,  1.249980305264E+02,  0.0091
    267796,      2413,  1.249980142612E+02,  0.0090
    268643,      2414,  1.249980138641E+02,  0.0090
    270706,      2415,  1.249980126529E+02,  0.0089
    272157,      2416,  1.249980124430E+02,  0.0089
    272597,      2417,  1.249980124108E+02,  0.0089
    274076,      2418,  1.249980045471E+02,  0.0088
    274560,      2419,  1.249980021327E+02,  0.0088
    276441,      2420,  1.249979991119E+02,  0.0088
    277016,      2421,  1.249979988647E+02,  0.0087
    279970,      2422,  1.249975349760E+02,  0.0087
    282615,      2423,  1.249975347664E+02,  0.0086
    284831,      2424,  1.249972879974E+02,  0.0085
    286796,      2425,  1.249972803255E+02,  0.0085
    287483,      2426,  1.249972803114E+02,  0.0084
    287895,      2427,  1.249972788134E+02,  0.0084
    289956,      2428,  1.249972755496E+02,  0.0084
    296166,      2429,  1.249969515529E+02,  0.0082
    297002,      2430,  1.249969499993E+02,  0.0082
    297550,      2431,  1.249969469274E+02,  0.0082
    297665,      2432,  1.249969462610E+02,  0.0082
    299210,      2433,  1.249969342294E+02,  0.0081
    300553,      2434,  1.249969341465E+02,  0.0081
    302550,      2435,  1.249969296223E+02,  0.0080
    306083,      2436,  1.249968550964E+02,  0.0080
    307157,      2437,  1.249966749541E+02,  0.0079
    307398,      2438,  1.249963789275E+02,  0.0079
    307509,      2439,  1.249963773004E+02,  0.0079
    308550,      2440,  1.249963767272E+02,  0.0079
    310866,      2441,  1.249961456316E+02,  0.0079
    313771,      2442,  1.249961449880E+02,  0.0078
    316087,      2443,  1.249961141433E+02,  0.0077
    317026,      2444,  1.249961087231E+02,  0.0077
    319614,      2445,  1.249961069499E+02,  0.0076
    321048,      2446,  1.249931976781E+02,  0.0076
    322785,      2447,  1.249931963877E+02,  0.0076
    323234,      2448,  1.249929888403E+02,  0.0076
    330604,      2449,  1.249929850670E+02,  0.0074
    335486,      2450,  1.249907966419E+02,  0.0073
    339148,      2451,  1.249906870790E+02,  0.0072
    342161,      2452,  1.249901595073E+02,  0.0072
    346480,      2453,  1.249899617363E+02,  0.0071
    349727,      2454,  1.249899615860E+02,  0.0070
    349776,      2455,  1.249898933713E+02,  0.0070
    352963,      2456,  1.249897849488E+02,  0.0070
    353200,      2457,  1.249894060471E+02,  0.0070
    357866,      2458,  1.249894050230E+02,  0.0069
    359640,      2459,  1.249894006438E+02,  0.0068
    360112,      2460,  1.249893985865E+02,  0.0068
    360500,      2461,  1.249893978785E+02,  0.0068
    363324,      2462,  1.249893966591E+02,  0.0068
    366849,      2463,  1.249893723944E+02,  0.0067
    370294,      2464,  1.249893693791E+02,  0.0067
    374563,      2465,  1.249893667055E+02,  0.0066
    378758,      2466,  1.249893645064E+02,  0.0065
    379307,      2467,  1.249893626891E+02,  0.0065
    380762,      2468,  1.249893574230E+02,  0.0065
    386649,      2469,  1.249889866236E+02,  0.0064
    388566,      2470,  1.249889833558E+02,  0.0064
    388949,      2471,  1.249889821980E+02,  0.0064
    389605,      2472,  1.249889799567E+02,  0.0063
    390639,      2473,  1.249889787840E+02,  0.0063
    393609,      2474,  1.249889576848E+02,  0.0063
    394007,      2475,  1.249889561087E+02,  0.0063
    394922,      2476,  1.249889515810E+02,  0.0063
    401485,      2477,  1.249884916170E+02,  0.0062
    405904,      2478,  1.249884895219E+02,  0.0061
    406272,      2479,  1.249884226881E+02,  0.0061
    410931,      2480,  1.249871205560E+02,  0.0060
    411073,      2481,  1.249871205398E+02,  0.0060
    417844,      2482,  1.249871193712E+02,  0.0059
    417866,      2483,  1.249871154675E+02,  0.0059
    418967,      2484,  1.249869529737E+02,  0.0059
    419603,      2485,  1.249869382183E+02,  0.0059
    422612,      2486,  1.249869381351E+02,  0.0059
    422982,      2487,  1.249869373213E+02,  0.0059
    423704,      2488,  1.249869306602E+02,  0.0059
    433564,      2489,  1.249869291672E+02,  0.0057
    436118,      2490,  1.249867157245E+02,  0.0057
    438933,      2491,  1.249866954283E+02,  0.0057
    440508,      2492,  1.249866399867E+02,  0.0057
    443489,      2493,  1.249865663956E+02,  0.0056
    443883,      2494,  1.249865641164E+02,  0.0056
    443929,      2495,  1.249865633588E+02,  0.0056
    448000,      2496,  1.249865623763E+02,  0.0056
    450120,      2497,  1.249862867073E+02,  0.0055
    451041,      2498,  1.249862787238E+02,  0.0055
    453541,      2499,  1.249862785412E+02,  0.0055
    459833,      2500,  1.249862780115E+02,  0.0054
    467856,      2501,  1.249862779780E+02,  0.0053
    469562,      2502,  1.249862775229E+02,  0.0053
    473494,      2503,  1.249862764295E+02,  0.0053
    477917,      2504,  1.249862747354E+02,  0.0052
    480385,      2505,  1.249862745662E+02,  0.0052
    484146,      2506,  1.249860507727E+02,  0.0052
    484384,      2507,  1.249855155252E+02,  0.0052
    484518,      2508,  1.249855147605E+02,  0.0052
    484732,      2509,  1.249855147473E+02,  0.0052
    489658,      2510,  1.249855132139E+02,  0.0051
    490762,      2511,  1.249854861889E+02,  0.0051
    497262,      2512,  1.249854747213E+02,  0.0051
