iteration,accepted_count,energy,acceptance_rate
         0,         0,  1.776531426186E+02,  0.0000
         2,         1,  1.775014166707E+02,  0.5000
         3,         2,  1.774844370913E+02,  0.6667
         6,         3,  1.773054300160E+02,  0.5000
         8,         4,  1.769283495737E+02,  0.5000
         9,         5,  1.763900099257E+02,  0.5556
        11,         6,  1.763691044518E+02,  0.5455
        13,         7,  1.746021288128E+02,  0.5385
        18,         8,  1.745566952267E+02,  0.4444
        19,         9,  1.745066090645E+02,  0.4737
        22,        10,  1.744926398073E+02,  0.4545
        24,        11,  1.742688823388E+02,  0.4583
        27,        12,  1.742190829670E+02,  0.4444
        28,        13,  1.741675242664E+02,  0.4643
        31,        14,  1.735032163916E+02,  0.4516
        32,        15,  1.732266466211E+02,  0.4688
        34,        16,  1.729746042226E+02,  0.4706
        36,        17,  1.725696852012E+02,  0.4722
        37,        18,  1.725688960233E+02,  0.4865
        38,        19,  1.725018934713E+02,  0.5000
        39,        20,  1.723760707150E+02,  0.5128
        40,        21,  1.723125832502E+02,  0.5250
        42,        22,  1.722936351037E+02,  0.5238
        44,        23,  1.722764929190E+02,  0.5227
        45,        24,  1.722458403626E+02,  0.5333
        48,        25,  1.721746563185E+02,  0.5208
        50,        26,  1.713968527426E+02,  0.5200
        52,        27,  1.704889617988E+02,  0.5192
        53,        28,  1.704815363191E+02,  0.5283
        54,        29,  1.704105629890E+02,  0.5370
        55,        30,  1.704074806460E+02,  0.5455
        56,        31,  1.702819102786E+02,  0.5536
        57,        32,  1.702605125865E+02,  0.5614
        58,        33,  1.702239736417E+02,  0.5690
        61,        34,  1.701710522023E+02,  0.5574
        64,        35,  1.701462109655E+02,  0.5469
        65,        36,  1.701238955324E+02,  0.5538
        67,        37,  1.700608590352E+02,  0.5522
        68,        38,  1.696096288711E+02,  0.5588
        69,        39,  1.695922056826E+02,  0.5652
        70,        40,  1.692304370341E+02,  0.5714
        73,        41,  1.690492413870E+02,  0.5616
        75,        42,  1.690318764665E+02,  0.5600
        78,        43,  1.690010284080E+02,  0.5513
        79,        44,  1.689474475235E+02,  0.5570
        81,        45,  1.689295169747E+02,  0.5556
        83,        46,  1.689105594570E+02,  0.5542
        85,        47,  1.677613679433E+02,  0.5529
        91,        48,  1.677096089452E+02,  0.5275
        93,        49,  1.676538106113E+02,  0.5269
        97,        50,  1.674198950465E+02,  0.5155
       102,        51,  1.672351015050E+02,  0.5000
       105,        52,  1.671718778995E+02,  0.4952
       109,        53,  1.671584302583E+02,  0.4862
       110,        54,  1.671529551772E+02,  0.4909
       111,        55,  1.665549705051E+02,  0.4955
       113,        56,  1.664869495588E+02,  0.4956
       117,        57,  1.660799231455E+02,  0.4872
       120,        58,  1.660591926376E+02,  0.4833
       121,        59,  1.660362162197E+02,  0.4876
       123,        60,  1.658884999632E+02,  0.4878
       125,        61,  1.658292240594E+02,  0.4880
       126,        62,  1.653806039691E+02,  0.4921
       127,        63,  1.653619502608E+02,  0.4961
       129,        64,  1.653503392658E+02,  0.4961
       131,        65,  1.652103508253E+02,  0.4962
       133,        66,  1.651657664694E+02,  0.4962
       135,        67,  1.651337944138E+02,  0.4963
       137,        68,  1.650916107007E+02,  0.4964
       139,        69,  1.650560818977E+02,  0.4964
       141,        70,  1.650414749359E+02,  0.4965
       142,        71,  1.650195366112E+02,  0.5000
       145,        72,  1.649725075935E+02,  0.4966
       150,        73,  1.649527199819E+02,  0.4867
       152,        74,  1.648233402828E+02,  0.4868
       155,        75,  1.647603250451E+02,  0.4839
       157,        76,  1.645872827511E+02,  0.4841
       158,        77,  1.643861288824E+02,  0.4873
       160,        78,  1.643854040227E+02,  0.4875
       162,        79,  1.643306482143E+02,  0.4877
       163,        80,  1.641667636379E+02,  0.4908
       164,        81,  1.640890251334E+02,  0.4939
       168,        82,  1.640166930653E+02,  0.4881
       170,        83,  1.640087046340E+02,  0.4882
       176,        84,  1.639673779974E+02,  0.4773
       179,        85,  1.639219889174E+02,  0.4749
       180,        86,  1.639177757646E+02,  0.4778
       188,        87,  1.637862056042E+02,  0.4628
       191,        88,  1.636786933540E+02,  0.4607
       193,        89,  1.636054054993E+02,  0.4611
       194,        90,  1.636026544144E+02,  0.4639
       195,        91,  1.635649864084E+02,  0.4667
       197,        92,  1.635586162487E+02,  0.4670
       198,        93,  1.632808910456E+02,  0.4697
       203,        94,  1.632570725460E+02,  0.4631
       204,        95,  1.630927051869E+02,  0.4657
       207,        96,  1.628969389714E+02,  0.4638
       208,        97,  1.628183372762E+02,  0.4663
       211,        98,  1.626294400372E+02,  0.4645
       214,        99,  1.625934899064E+02,  0.4626
       215,       100,  1.625387945149E+02,  0.4651
       216,       101,  1.625113793133E+02,  0.4676
       218,       102,  1.624338596916E+02,  0.4679
       219,       103,  1.622701401249E+02,  0.4703
       221,       104,  1.622497597520E+02,  0.4706
       222,       105,  1.622382954512E+02,  0.4730
       223,       106,  1.620360712272E+02,  0.4753
       224,       107,  1.620256578572E+02,  0.4777
       226,       108,  1.619815666484E+02,  0.4779
       229,       109,  1.619394525274E+02,  0.4760
       230,       110,  1.618424599559E+02,  0.4783
       231,       111,  1.617353387377E+02,  0.4805
       233,       112,  1.617181185868E+02,  0.4807
       238,       113,  1.616907141104E+02,  0.4748
       241,       114,  1.616481536569E+02,  0.4730
       242,       115,  1.613452905353E+02,  0.4752
       244,       116,  1.613029994451E+02,  0.4754
       247,       117,  1.612103117216E+02,  0.4737
       250,       118,  1.611325540366E+02,  0.4720
       251,       119,  1.611273804126E+02,  0.4741
       252,       120,  1.611024856277E+02,  0.4762
       255,       121,  1.610887528638E+02,  0.4745
       256,       122,  1.610744125175E+02,  0.4766
       258,       123,  1.608933277751E+02,  0.4767
       261,       124,  1.607157146009E+02,  0.4751
       262,       125,  1.606458722626E+02,  0.4771
       266,       126,  1.606109760281E+02,  0.4737
       268,       127,  1.605898129656E+02,  0.4739
       272,       128,  1.605855731235E+02,  0.4706
       275,       129,  1.605632031845E+02,  0.4691
       279,       130,  1.605158248212E+02,  0.4659
       280,       131,  1.604161964548E+02,  0.4679
       281,       132,  1.603874693453E+02,  0.4698
       282,       133,  1.603021701844E+02,  0.4716
       283,       134,  1.602797699306E+02,  0.4735
       284,       135,  1.601977996677E+02,  0.4754
       285,       136,  1.601816096261E+02,  0.4772
       291,       137,  1.601454953190E+02,  0.4708
       292,       138,  1.601401723430E+02,  0.4726
       293,       139,  1.600307406646E+02,  0.4744
       294,       140,  1.599399876548E+02,  0.4762
       296,       141,  1.598527631992E+02,  0.4764
       297,       142,  1.597798199063E+02,  0.4781
       301,       143,  1.597410447945E+02,  0.4751
       302,       144,  1.597363442858E+02,  0.4768
       308,       145,  1.597219752589E+02,  0.4708
       311,       146,  1.596513406341E+02,  0.4695
       313,       147,  1.596044891035E+02,  0.4696
       315,       148,  1.595971110592E+02,  0.4698
       317,       149,  1.595285620023E+02,  0.4700
       319,       150,  1.595256283658E+02,  0.4702
       320,       151,  1.593031894515E+02,  0.4719
       321,       152,  1.592352232019E+02,  0.4735
       325,       153,  1.592310809754E+02,  0.4708
       335,       154,  1.592217573956E+02,  0.4597
       338,       155,  1.591285168570E+02,  0.4586
       342,       156,  1.591029831228E+02,  0.4561
       344,       157,  1.590253801762E+02,  0.4564
       345,       158,  1.589810319296E+02,  0.4580
       346,       159,  1.589301743387E+02,  0.4595
       347,       160,  1.589141430333E+02,  0.4611
       348,       161,  1.589096727265E+02,  0.4626
       352,       162,  1.588952549384E+02,  0.4602
       354,       163,  1.588406394949E+02,  0.4605
       356,       164,  1.588255563895E+02,  0.4607
       359,       165,  1.587948092983E+02,  0.4596
       361,       166,  1.586737638843E+02,  0.4598
       362,       167,  1.586702368111E+02,  0.4613
       364,       168,  1.586080687827E+02,  0.4615
       369,       169,  1.584559865195E+02,  0.4580
       370,       170,  1.584377781826E+02,  0.4595
       371,       171,  1.583607100696E+02,  0.4609
       372,       172,  1.582522173875E+02,  0.4624
       373,       173,  1.581827358673E+02,  0.4638
       374,       174,  1.581247337182E+02,  0.4652
       375,       175,  1.581243456759E+02,  0.4667
       376,       176,  1.580410929526E+02,  0.4681
       379,       177,  1.579370595671E+02,  0.4670
       380,       178,  1.578878343518E+02,  0.4684
       381,       179,  1.578138034195E+02,  0.4698
       382,       180,  1.578125478034E+02,  0.4712
       384,       181,  1.578023894853E+02,  0.4714
       386,       182,  1.578011536903E+02,  0.4715
       388,       183,  1.576971397878E+02,  0.4716
       390,       184,  1.576949883871E+02,  0.4718
       392,       185,  1.576660157868E+02,  0.4719
       393,       186,  1.575238040055E+02,  0.4733
       394,       187,  1.574379477034E+02,  0.4746
       403,       188,  1.574325769627E+02,  0.4665
       406,       189,  1.572800176667E+02,  0.4655
       408,       190,  1.572737601902E+02,  0.4657
       409,       191,  1.572543421379E+02,  0.4670
       413,       192,  1.572144239148E+02,  0.4649
       414,       193,  1.571812835528E+02,  0.4662
       415,       194,  1.571726485657E+02,  0.4675
       417,       195,  1.571176948705E+02,  0.4676
       420,       196,  1.570232103124E+02,  0.4667
       424,       197,  1.569767294859E+02,  0.4646
       427,       198,  1.568635905350E+02,  0.4637
       432,       199,  1.568115556557E+02,  0.4606
       433,       200,  1.567761681412E+02,  0.4619
       437,       201,  1.567398662712E+02,  0.4600
       440,       202,  1.566987900943E+02,  0.4591
       441,       203,  1.566377398551E+02,  0.4603
       443,       204,  1.566240069284E+02,  0.4605
       445,       205,  1.565576864909E+02,  0.4607
       452,       206,  1.565028537682E+02,  0.4558
       458,       207,  1.564967721103E+02,  0.4520
       462,       208,  1.564925112327E+02,  0.4502
       463,       209,  1.564327814204E+02,  0.4514
       465,       210,  1.562685050475E+02,  0.4516
       467,       211,  1.562327304131E+02,  0.4518
       469,       212,  1.561454687008E+02,  0.4520
       470,       213,  1.561062636077E+02,  0.4532
       473,       214,  1.560892158922E+02,  0.4524
       474,       215,  1.559280962892E+02,  0.4536
       475,       216,  1.559237518369E+02,  0.4547
       477,       217,  1.558935974541E+02,  0.4549
       479,       218,  1.558928398481E+02,  0.4551
       480,       219,  1.558438193314E+02,  0.4562
       482,       220,  1.557035865394E+02,  0.4564
       486,       221,  1.556529559148E+02,  0.4547
       492,       222,  1.555570760759E+02,  0.4512
       494,       223,  1.555221550250E+02,  0.4514
       495,       224,  1.555058262576E+02,  0.4525
       498,       225,  1.554717394635E+02,  0.4518
       499,       226,  1.554692857306E+02,  0.4529
       501,       227,  1.554025855497E+02,  0.4531
       504,       228,  1.553575372480E+02,  0.4524
       505,       229,  1.552626177848E+02,  0.4535
       506,       230,  1.551823572181E+02,  0.4545
       507,       231,  1.551124866702E+02,  0.4556
       508,       232,  1.550922103692E+02,  0.4567
       510,       233,  1.550755759129E+02,  0.4569
       514,       234,  1.550604669146E+02,  0.4553
       516,       235,  1.549396928443E+02,  0.4554
       522,       236,  1.548967772011E+02,  0.4521
       523,       237,  1.548848010744E+02,  0.4532
       525,       238,  1.548844578524E+02,  0.4533
       526,       239,  1.547235644709E+02,  0.4544
       529,       240,  1.546977589951E+02,  0.4537
       533,       241,  1.544797353520E+02,  0.4522
       535,       242,  1.544753350444E+02,  0.4523
       536,       243,  1.544653726281E+02,  0.4534
       539,       244,  1.544448660551E+02,  0.4527
       540,       245,  1.544320996981E+02,  0.4537
       543,       246,  1.543755590454E+02,  0.4530
       546,       247,  1.542583534438E+02,  0.4524
       548,       248,  1.542514241195E+02,  0.4526
       557,       249,  1.542015541900E+02,  0.4470
       559,       250,  1.541922520218E+02,  0.4472
       561,       251,  1.541707906901E+02,  0.4474
       565,       252,  1.540451810014E+02,  0.4460
       568,       253,  1.539659380474E+02,  0.4454
       570,       254,  1.539551006262E+02,  0.4456
       576,       255,  1.539267604034E+02,  0.4427
       577,       256,  1.538479131322E+02,  0.4437
       580,       257,  1.538390818123E+02,  0.4431
       583,       258,  1.538196573661E+02,  0.4425
       584,       259,  1.537716657301E+02,  0.4435
       591,       260,  1.537662785213E+02,  0.4399
       593,       261,  1.537617379914E+02,  0.4401
       594,       262,  1.537537824252E+02,  0.4411
       597,       263,  1.536794640486E+02,  0.4405
       598,       264,  1.535848117841E+02,  0.4415
       599,       265,  1.535644436938E+02,  0.4424
       600,       266,  1.535158082470E+02,  0.4433
       602,       267,  1.535060955983E+02,  0.4435
       605,       268,  1.534411610811E+02,  0.4430
       610,       269,  1.534162788918E+02,  0.4410
       611,       270,  1.533475736225E+02,  0.4419
       612,       271,  1.533448427770E+02,  0.4428
       613,       272,  1.533387698013E+02,  0.4437
       617,       273,  1.533298201465E+02,  0.4425
       619,       274,  1.533295846283E+02,  0.4426
       624,       275,  1.533131753074E+02,  0.4407
       626,       276,  1.532725665312E+02,  0.4409
       627,       277,  1.532200426456E+02,  0.4418
       630,       278,  1.532176468653E+02,  0.4413
       631,       279,  1.531907869061E+02,  0.4422
       636,       280,  1.531882970171E+02,  0.4403
       637,       281,  1.531554715955E+02,  0.4411
       641,       282,  1.530945333051E+02,  0.4399
       642,       283,  1.530343630112E+02,  0.4408
       644,       284,  1.530232555786E+02,  0.4410
       650,       285,  1.530202470806E+02,  0.4385
       654,       286,  1.530025786912E+02,  0.4373
       656,       287,  1.529769720911E+02,  0.4375
       658,       288,  1.529665132191E+02,  0.4377
       663,       289,  1.529604730902E+02,  0.4359
       667,       290,  1.529540895388E+02,  0.4348
       669,       291,  1.529172157190E+02,  0.4350
       670,       292,  1.529026098407E+02,  0.4358
       671,       293,  1.528998665749E+02,  0.4367
       673,       294,  1.528598368738E+02,  0.4368
       684,       295,  1.528169578473E+02,  0.4313
       685,       296,  1.527671432475E+02,  0.4321
       686,       297,  1.527108339891E+02,  0.4329
       688,       298,  1.526805139262E+02,  0.4331
       692,       299,  1.526730664236E+02,  0.4321
       697,       300,  1.525056903808E+02,  0.4304
       698,       301,  1.524543141564E+02,  0.4312
       699,       302,  1.524326095629E+02,  0.4320
       703,       303,  1.524107177513E+02,  0.4310
       705,       304,  1.523039061477E+02,  0.4312
       715,       305,  1.522997247080E+02,  0.4266
       719,       306,  1.522099058732E+02,  0.4256
       720,       307,  1.521784113734E+02,  0.4264
       722,       308,  1.521747323398E+02,  0.4266
       723,       309,  1.521675778021E+02,  0.4274
       726,       310,  1.521168813671E+02,  0.4270
       727,       311,  1.520059427078E+02,  0.4278
       728,       312,  1.519448771187E+02,  0.4286
       731,       313,  1.519345812917E+02,  0.4282
       734,       314,  1.518973009863E+02,  0.4278
       735,       315,  1.518490151392E+02,  0.4286
       736,       316,  1.517390469295E+02,  0.4293
       738,       317,  1.516774497808E+02,  0.4295
       742,       318,  1.515996758751E+02,  0.4286
       743,       319,  1.515300801196E+02,  0.4293
       748,       320,  1.515006133227E+02,  0.4278
       750,       321,  1.514479421524E+02,  0.4280
       751,       322,  1.514217212293E+02,  0.4288
       752,       323,  1.514003271638E+02,  0.4295
       758,       324,  1.513953750547E+02,  0.4274
       760,       325,  1.513595167869E+02,  0.4276
       762,       326,  1.513588548156E+02,  0.4278
       764,       327,  1.513325545261E+02,  0.4280
       767,       328,  1.513317943486E+02,  0.4276
       773,       329,  1.513308207415E+02,  0.4256
       774,       330,  1.513215329915E+02,  0.4264
       778,       331,  1.513006243297E+02,  0.4254
       779,       332,  1.512950329245E+02,  0.4262
       782,       333,  1.512547879003E+02,  0.4258
       783,       334,  1.512067708042E+02,  0.4266
       784,       335,  1.512043797905E+02,  0.4273
       785,       336,  1.511807950421E+02,  0.4280
       786,       337,  1.511717036453E+02,  0.4288
       792,       338,  1.511425134879E+02,  0.4268
       799,       339,  1.511024770178E+02,  0.4243
       801,       340,  1.510592097222E+02,  0.4245
       802,       341,  1.510207996356E+02,  0.4252
       809,       342,  1.510202888774E+02,  0.4227
       812,       343,  1.509434020568E+02,  0.4224
       814,       344,  1.509017230090E+02,  0.4226
       815,       345,  1.508156591003E+02,  0.4233
       816,       346,  1.507998681991E+02,  0.4240
       820,       347,  1.507586300149E+02,  0.4232
       822,       348,  1.507155918363E+02,  0.4234
       823,       349,  1.507133599335E+02,  0.4241
       825,       350,  1.506712013504E+02,  0.4242
       829,       351,  1.506695857303E+02,  0.4234
       834,       352,  1.506636072994E+02,  0.4221
       837,       353,  1.506076797427E+02,  0.4217
       839,       354,  1.506050421933E+02,  0.4219
       840,       355,  1.505848646413E+02,  0.4226
       841,       356,  1.505763687117E+02,  0.4233
       843,       357,  1.504877691654E+02,  0.4235
       847,       358,  1.504804548159E+02,  0.4227
       853,       359,  1.504668289340E+02,  0.4209
       854,       360,  1.504659547000E+02,  0.4215
       855,       361,  1.503814816603E+02,  0.4222
       863,       362,  1.503721717422E+02,  0.4195
       865,       363,  1.503529998288E+02,  0.4197
       866,       364,  1.502883991103E+02,  0.4203
       867,       365,  1.501979644663E+02,  0.4210
       868,       366,  1.501247522404E+02,  0.4217
       871,       367,  1.501051781838E+02,  0.4214
       874,       368,  1.500792953799E+02,  0.4211
       877,       369,  1.500578801845E+02,  0.4208
       880,       370,  1.499331011526E+02,  0.4205
       881,       371,  1.498241051073E+02,  0.4211
       882,       372,  1.498188620427E+02,  0.4218
       883,       373,  1.497718385903E+02,  0.4224
       885,       374,  1.496457761920E+02,  0.4226
       888,       375,  1.496278461741E+02,  0.4223
       889,       376,  1.495923760619E+02,  0.4229
       890,       377,  1.495795652633E+02,  0.4236
       892,       378,  1.495260192488E+02,  0.4238
       896,       379,  1.494884332720E+02,  0.4230
       899,       380,  1.494700903331E+02,  0.4227
       900,       381,  1.494565172272E+02,  0.4233
       903,       382,  1.494475961306E+02,  0.4230
       904,       383,  1.494422062687E+02,  0.4237
       907,       384,  1.494344910060E+02,  0.4234
       908,       385,  1.494280081301E+02,  0.4240
       909,       386,  1.494062065592E+02,  0.4246
       921,       387,  1.493972273534E+02,  0.4202
       922,       388,  1.493373705198E+02,  0.4208
       923,       389,  1.493180455287E+02,  0.4215
       926,       390,  1.493141432986E+02,  0.4212
       927,       391,  1.492634602281E+02,  0.4218
       931,       392,  1.492409428136E+02,  0.4211
       934,       393,  1.492406107089E+02,  0.4208
       937,       394,  1.492031429624E+02,  0.4205
       939,       395,  1.491996534258E+02,  0.4207
       940,       396,  1.491805601761E+02,  0.4213
       942,       397,  1.490313079419E+02,  0.4214
       943,       398,  1.488951737834E+02,  0.4221
       945,       399,  1.488914695834E+02,  0.4222
       947,       400,  1.488004480488E+02,  0.4224
       949,       401,  1.486730321327E+02,  0.4226
       950,       402,  1.486450479073E+02,  0.4232
       952,       403,  1.486437064238E+02,  0.4233
       957,       404,  1.485895713322E+02,  0.4222
       961,       405,  1.485829869464E+02,  0.4214
       964,       406,  1.485502968679E+02,  0.4212
       967,       407,  1.485356028461E+02,  0.4209
       970,       408,  1.485237014426E+02,  0.4206
       971,       409,  1.484850775230E+02,  0.4212
       978,       410,  1.484696678607E+02,  0.4192
       982,       411,  1.484533770805E+02,  0.4185
       985,       412,  1.484207650737E+02,  0.4183
       989,       413,  1.484080943568E+02,  0.4176
       991,       414,  1.483868576734E+02,  0.4178
       992,       415,  1.483646566639E+02,  0.4183
       993,       416,  1.482803140311E+02,  0.4189
       994,       417,  1.482581843072E+02,  0.4195
       999,       418,  1.482579634992E+02,  0.4184
      1000,       419,  1.482187763605E+02,  0.4190
      1001,       420,  1.481842008380E+02,  0.4196
      1004,       421,  1.481754064846E+02,  0.4193
      1005,       422,  1.481518688259E+02,  0.4199
      1013,       423,  1.481500651000E+02,  0.4176
      1015,       424,  1.481381184106E+02,  0.4177
      1024,       425,  1.481344080349E+02,  0.4150
      1025,       426,  1.481282747550E+02,  0.4156
      1032,       427,  1.480988294151E+02,  0.4138
      1036,       428,  1.480319601044E+02,  0.4131
      1038,       429,  1.480307566385E+02,  0.4133
      1041,       430,  1.480004572695E+02,  0.4131
      1043,       431,  1.479840450771E+02,  0.4132
      1048,       432,  1.479600226030E+02,  0.4122
      1049,       433,  1.479498450634E+02,  0.4128
      1050,       434,  1.478824081954E+02,  0.4133
      1053,       435,  1.478665619494E+02,  0.4131
      1060,       436,  1.478234822425E+02,  0.4113
      1063,       437,  1.478010880624E+02,  0.4111
      1065,       438,  1.477708921890E+02,  0.4113
      1067,       439,  1.477503958762E+02,  0.4114
      1072,       440,  1.476902488622E+02,  0.4104
      1073,       441,  1.476537591736E+02,  0.4110
      1074,       442,  1.476404751768E+02,  0.4115
      1075,       443,  1.476159764605E+02,  0.4121
      1078,       444,  1.476026538802E+02,  0.4119
      1080,       445,  1.475712339778E+02,  0.4120
      1081,       446,  1.475556791213E+02,  0.4126
      1082,       447,  1.475496365638E+02,  0.4131
      1084,       448,  1.474924307841E+02,  0.4133
      1085,       449,  1.474922698057E+02,  0.4138
      1086,       450,  1.474922083362E+02,  0.4144
      1087,       451,  1.474875214124E+02,  0.4149
      1088,       452,  1.473753035214E+02,  0.4154
      1090,       453,  1.473449884841E+02,  0.4156
      1091,       454,  1.473440742671E+02,  0.4161
      1092,       455,  1.472753464144E+02,  0.4167
      1095,       456,  1.472180851250E+02,  0.4164
      1096,       457,  1.471245480602E+02,  0.4170
      1098,       458,  1.471095779879E+02,  0.4171
      1099,       459,  1.470967269691E+02,  0.4177
      1101,       460,  1.470922637014E+02,  0.4178
      1102,       461,  1.470702308690E+02,  0.4183
      1108,       462,  1.470486248995E+02,  0.4170
      1112,       463,  1.470265778394E+02,  0.4164
      1113,       464,  1.470176699156E+02,  0.4169
      1116,       465,  1.470163833022E+02,  0.4167
      1117,       466,  1.469809904125E+02,  0.4172
      1124,       467,  1.469445878174E+02,  0.4155
      1125,       468,  1.469443087462E+02,  0.4160
      1129,       469,  1.469246404425E+02,  0.4154
      1131,       470,  1.468954471069E+02,  0.4156
      1133,       471,  1.468907761297E+02,  0.4157
      1141,       472,  1.468587968879E+02,  0.4137
      1145,       473,  1.468455318849E+02,  0.4131
      1148,       474,  1.467444616493E+02,  0.4129
      1149,       475,  1.467242906602E+02,  0.4134
      1152,       476,  1.467228281409E+02,  0.4132
      1155,       477,  1.467221988123E+02,  0.4130
      1157,       478,  1.466889204859E+02,  0.4131
      1160,       479,  1.465987526725E+02,  0.4129
      1161,       480,  1.465426608569E+02,  0.4134
      1165,       481,  1.465380801499E+02,  0.4129
      1170,       482,  1.464291795254E+02,  0.4120
      1175,       483,  1.464259156372E+02,  0.4111
      1176,       484,  1.463345968458E+02,  0.4116
      1184,       485,  1.462598215742E+02,  0.4096
      1186,       486,  1.462444667674E+02,  0.4098
      1187,       487,  1.462425998538E+02,  0.4103
      1196,       488,  1.460755394790E+02,  0.4080
      1197,       489,  1.460470391628E+02,  0.4085
      1199,       490,  1.460198897400E+02,  0.4087
      1200,       491,  1.460187457171E+02,  0.4092
      1201,       492,  1.460052656666E+02,  0.4097
      1205,       493,  1.459975815384E+02,  0.4091
      1210,       494,  1.459954444256E+02,  0.4083
      1224,       495,  1.459414286875E+02,  0.4044
      1226,       496,  1.459404507585E+02,  0.4046
      1227,       497,  1.458881098824E+02,  0.4051
      1233,       498,  1.458777394064E+02,  0.4039
      1234,       499,  1.458546648142E+02,  0.4044
      1240,       500,  1.458545791226E+02,  0.4032
      1243,       501,  1.458019512594E+02,  0.4031
      1244,       502,  1.457975016430E+02,  0.4035
      1246,       503,  1.457950889759E+02,  0.4037
      1247,       504,  1.457907020095E+02,  0.4042
      1252,       505,  1.457867695016E+02,  0.4034
      1254,       506,  1.457866518386E+02,  0.4035
      1256,       507,  1.457636942181E+02,  0.4037
      1260,       508,  1.457142520143E+02,  0.4032
      1262,       509,  1.456922274431E+02,  0.4033
      1270,       510,  1.456879675980E+02,  0.4016
      1272,       511,  1.456580527055E+02,  0.4017
      1274,       512,  1.456277543975E+02,  0.4019
      1275,       513,  1.456048055981E+02,  0.4024
      1276,       514,  1.455744609279E+02,  0.4028
      1278,       515,  1.455610162413E+02,  0.4030
      1287,       516,  1.455123471632E+02,  0.4009
      1290,       517,  1.454137379081E+02,  0.4008
      1294,       518,  1.453850766527E+02,  0.4003
      1298,       519,  1.453618873177E+02,  0.3998
      1299,       520,  1.453526259172E+02,  0.4003
      1300,       521,  1.453468210803E+02,  0.4008
      1301,       522,  1.453066488792E+02,  0.4012
      1308,       523,  1.452674892479E+02,  0.3998
      1313,       524,  1.452621275068E+02,  0.3991
      1314,       525,  1.452195791126E+02,  0.3995
      1315,       526,  1.451557462527E+02,  0.4000
      1317,       527,  1.450798069394E+02,  0.4002
      1318,       528,  1.450440339396E+02,  0.4006
      1325,       529,  1.450043107069E+02,  0.3992
      1327,       530,  1.449909262123E+02,  0.3994
      1334,       531,  1.449287300689E+02,  0.3981
      1337,       532,  1.448563826084E+02,  0.3979
      1338,       533,  1.448332340754E+02,  0.3984
      1339,       534,  1.448251213762E+02,  0.3988
      1340,       535,  1.448132518592E+02,  0.3993
      1342,       536,  1.447631647049E+02,  0.3994
      1345,       537,  1.447447626176E+02,  0.3993
      1346,       538,  1.447417942010E+02,  0.3997
      1351,       539,  1.446869156245E+02,  0.3990
      1354,       540,  1.446780500011E+02,  0.3988
      1355,       541,  1.446571391222E+02,  0.3993
      1356,       542,  1.446264943825E+02,  0.3997
      1362,       543,  1.444942724810E+02,  0.3987
      1366,       544,  1.444568325092E+02,  0.3982
      1371,       545,  1.444432988470E+02,  0.3975
      1373,       546,  1.444302667332E+02,  0.3977
      1376,       547,  1.443270820278E+02,  0.3975
      1377,       548,  1.443025462579E+02,  0.3980
      1378,       549,  1.442994877864E+02,  0.3984
      1381,       550,  1.442733114829E+02,  0.3983
      1388,       551,  1.442379350773E+02,  0.3970
      1392,       552,  1.442286104387E+02,  0.3966
      1393,       553,  1.442028426215E+02,  0.3970
      1399,       554,  1.441919785310E+02,  0.3960
      1400,       555,  1.441908412334E+02,  0.3964
      1401,       556,  1.441061454232E+02,  0.3969
      1406,       557,  1.440806843370E+02,  0.3962
      1409,       558,  1.440634894146E+02,  0.3960
      1412,       559,  1.440444531914E+02,  0.3959
      1424,       560,  1.440415187034E+02,  0.3933
      1426,       561,  1.440171840527E+02,  0.3934
      1428,       562,  1.440164578804E+02,  0.3936
      1429,       563,  1.439973131658E+02,  0.3940
      1432,       564,  1.439944802848E+02,  0.3939
      1433,       565,  1.439805761862E+02,  0.3943
      1437,       566,  1.439564839694E+02,  0.3939
      1438,       567,  1.439547940346E+02,  0.3943
      1439,       568,  1.439321437602E+02,  0.3947
      1446,       569,  1.438244512098E+02,  0.3935
      1448,       570,  1.438086737237E+02,  0.3936
      1452,       571,  1.437994886379E+02,  0.3933
      1454,       572,  1.437778261241E+02,  0.3934
      1456,       573,  1.437635936640E+02,  0.3935
      1457,       574,  1.437600526653E+02,  0.3940
      1458,       575,  1.437182134737E+02,  0.3944
      1463,       576,  1.437037457079E+02,  0.3937
      1465,       577,  1.436951433484E+02,  0.3939
      1471,       578,  1.436603865222E+02,  0.3929
      1472,       579,  1.436441165155E+02,  0.3933
      1473,       580,  1.436406224715E+02,  0.3938
      1479,       581,  1.436368073297E+02,  0.3928
      1480,       582,  1.435197217453E+02,  0.3932
      1481,       583,  1.435085955927E+02,  0.3937
      1486,       584,  1.434888464615E+02,  0.3930
      1487,       585,  1.434785108835E+02,  0.3934
      1488,       586,  1.434724264143E+02,  0.3938
      1492,       587,  1.434135756221E+02,  0.3934
      1494,       588,  1.433780272540E+02,  0.3936
      1500,       589,  1.433701065367E+02,  0.3927
      1501,       590,  1.433631338319E+02,  0.3931
      1504,       591,  1.433034357220E+02,  0.3930
      1510,       592,  1.433018465154E+02,  0.3921
      1516,       593,  1.432918813983E+02,  0.3912
      1517,       594,  1.432798857509E+02,  0.3916
      1522,       595,  1.432794022835E+02,  0.3909
      1528,       596,  1.432270066787E+02,  0.3901
      1530,       597,  1.430804473285E+02,  0.3902
      1533,       598,  1.430566704824E+02,  0.3901
      1542,       599,  1.430296930997E+02,  0.3885
      1544,       600,  1.430020577335E+02,  0.3886
      1545,       601,  1.429982693960E+02,  0.3890
      1549,       602,  1.429468037567E+02,  0.3886
      1550,       603,  1.428622629482E+02,  0.3890
      1551,       604,  1.428182022201E+02,  0.3894
      1552,       605,  1.427734040987E+02,  0.3898
      1555,       606,  1.427520798016E+02,  0.3897
      1557,       607,  1.427451743400E+02,  0.3899
      1559,       608,  1.427099684310E+02,  0.3900
      1560,       609,  1.427028084520E+02,  0.3904
      1561,       610,  1.426885744051E+02,  0.3908
      1564,       611,  1.426621848972E+02,  0.3907
      1569,       612,  1.426395418946E+02,  0.3901
      1573,       613,  1.426084353137E+02,  0.3897
      1574,       614,  1.425506437674E+02,  0.3901
      1575,       615,  1.425266170657E+02,  0.3905
      1576,       616,  1.425180997575E+02,  0.3909
      1588,       617,  1.425148961718E+02,  0.3885
      1590,       618,  1.425104935412E+02,  0.3887
      1593,       619,  1.424898655541E+02,  0.3886
      1597,       620,  1.424856719103E+02,  0.3882
      1599,       621,  1.424780852681E+02,  0.3884
      1601,       622,  1.424747982889E+02,  0.3885
      1606,       623,  1.423739835102E+02,  0.3879
      1611,       624,  1.423228238133E+02,  0.3873
      1616,       625,  1.423126011732E+02,  0.3868
      1619,       626,  1.423068143158E+02,  0.3867
      1620,       627,  1.422935547166E+02,  0.3870
      1623,       628,  1.422861905433E+02,  0.3869
      1629,       629,  1.422562682418E+02,  0.3861
      1630,       630,  1.422500858926E+02,  0.3865
      1631,       631,  1.421752093572E+02,  0.3869
      1632,       632,  1.419882165223E+02,  0.3873
      1639,       633,  1.419710385162E+02,  0.3862
      1646,       634,  1.419584902133E+02,  0.3852
      1648,       635,  1.419488088188E+02,  0.3853
      1649,       636,  1.419458166261E+02,  0.3857
      1650,       637,  1.419426917883E+02,  0.3861
      1653,       638,  1.419207061924E+02,  0.3860
      1658,       639,  1.418080658297E+02,  0.3854
      1662,       640,  1.418078468140E+02,  0.3851
      1665,       641,  1.417991444851E+02,  0.3850
      1666,       642,  1.417979843619E+02,  0.3854
      1667,       643,  1.417683660075E+02,  0.3857
      1668,       644,  1.417469678662E+02,  0.3861
      1675,       645,  1.417458760797E+02,  0.3851
      1678,       646,  1.417417220306E+02,  0.3850
      1679,       647,  1.417395478750E+02,  0.3853
      1687,       648,  1.417371915664E+02,  0.3841
      1688,       649,  1.417130548196E+02,  0.3845
      1691,       650,  1.416867338533E+02,  0.3844
      1692,       651,  1.416799174022E+02,  0.3848
      1693,       652,  1.416188322716E+02,  0.3851
      1697,       653,  1.415755282752E+02,  0.3848
      1698,       654,  1.415740406845E+02,  0.3852
      1700,       655,  1.415422233082E+02,  0.3853
      1701,       656,  1.415209868368E+02,  0.3857
      1702,       657,  1.415197285887E+02,  0.3860
      1706,       658,  1.414845269831E+02,  0.3857
      1709,       659,  1.414718679810E+02,  0.3856
      1714,       660,  1.414183668381E+02,  0.3851
      1721,       661,  1.414003610596E+02,  0.3841
      1723,       662,  1.413937383544E+02,  0.3842
      1724,       663,  1.413905386801E+02,  0.3846
      1731,       664,  1.413846956089E+02,  0.3836
      1732,       665,  1.413602342309E+02,  0.3839
      1734,       666,  1.413482376250E+02,  0.3841
      1737,       667,  1.413361072720E+02,  0.3840
      1738,       668,  1.412358278475E+02,  0.3843
      1748,       669,  1.412297840268E+02,  0.3827
      1751,       670,  1.411986453522E+02,  0.3826
      1752,       671,  1.411785858132E+02,  0.3830
      1758,       672,  1.411546210509E+02,  0.3823
      1761,       673,  1.410678975784E+02,  0.3822
      1762,       674,  1.410599794891E+02,  0.3825
      1763,       675,  1.410340945403E+02,  0.3829
      1765,       676,  1.409704918241E+02,  0.3830
      1767,       677,  1.408994472807E+02,  0.3831
      1771,       678,  1.408771678817E+02,  0.3828
      1779,       679,  1.408741114004E+02,  0.3817
      1781,       680,  1.408504492950E+02,  0.3818
      1783,       681,  1.408220974953E+02,  0.3819
      1788,       682,  1.408152177454E+02,  0.3814
      1790,       683,  1.408069385297E+02,  0.3816
      1791,       684,  1.407875580243E+02,  0.3819
      1794,       685,  1.407688681763E+02,  0.3818
      1795,       686,  1.407593563369E+02,  0.3822
      1799,       687,  1.407476348961E+02,  0.3819
      1807,       688,  1.407439863276E+02,  0.3807
      1808,       689,  1.407236689367E+02,  0.3811
      1811,       690,  1.406911265941E+02,  0.3810
      1821,       691,  1.406507633625E+02,  0.3795
      1822,       692,  1.406445093798E+02,  0.3798
      1828,       693,  1.406419240493E+02,  0.3791
      1838,       694,  1.406192479067E+02,  0.3776
      1844,       695,  1.405430341282E+02,  0.3769
      1847,       696,  1.405299856549E+02,  0.3768
      1849,       697,  1.405151366005E+02,  0.3770
      1851,       698,  1.405077285536E+02,  0.3771
      1857,       699,  1.404919069205E+02,  0.3764
      1859,       700,  1.404424002926E+02,  0.3765
      1863,       701,  1.404237766740E+02,  0.3763
      1865,       702,  1.404235715092E+02,  0.3764
      1868,       703,  1.404010043988E+02,  0.3763
      1871,       704,  1.403733342777E+02,  0.3763
      1876,       705,  1.403609465300E+02,  0.3758
      1882,       706,  1.403501787759E+02,  0.3751
      1883,       707,  1.403084478899E+02,  0.3755
      1886,       708,  1.403061170258E+02,  0.3754
      1887,       709,  1.402690113219E+02,  0.3757
      1888,       710,  1.402544996095E+02,  0.3761
      1892,       711,  1.402453303309E+02,  0.3758
      1899,       712,  1.402319600497E+02,  0.3749
      1901,       713,  1.402240322809E+02,  0.3751
      1902,       714,  1.402179504092E+02,  0.3754
      1904,       715,  1.402089795615E+02,  0.3755
      1907,       716,  1.402028063363E+02,  0.3755
      1910,       717,  1.401841985631E+02,  0.3754
      1914,       718,  1.401817047805E+02,  0.3751
      1920,       719,  1.401810626572E+02,  0.3745
      1922,       720,  1.401536465971E+02,  0.3746
      1928,       721,  1.401086802838E+02,  0.3740
      1937,       722,  1.400959249806E+02,  0.3727
      1948,       723,  1.400825060540E+02,  0.3711
      1952,       724,  1.400633749624E+02,  0.3709
      1954,       725,  1.400603788315E+02,  0.3710
      1955,       726,  1.400595868003E+02,  0.3714
      1956,       727,  1.400543298130E+02,  0.3717
      1958,       728,  1.400371451858E+02,  0.3718
      1964,       729,  1.400212098658E+02,  0.3712
      1965,       730,  1.399903161906E+02,  0.3715
      1966,       731,  1.399235798174E+02,  0.3718
      1971,       732,  1.399146514777E+02,  0.3714
      1978,       733,  1.399064066317E+02,  0.3706
      1979,       734,  1.398783458147E+02,  0.3709
      1982,       735,  1.398678118207E+02,  0.3708
      1996,       736,  1.398481870097E+02,  0.3687
      1998,       737,  1.398294007922E+02,  0.3689
      2001,       738,  1.398010699779E+02,  0.3688
      2004,       739,  1.397891633997E+02,  0.3688
      2005,       740,  1.397793527381E+02,  0.3691
      2007,       741,  1.397789671387E+02,  0.3692
      2009,       742,  1.397749022238E+02,  0.3693
      2012,       743,  1.397069762907E+02,  0.3693
      2014,       744,  1.396934642208E+02,  0.3694
      2016,       745,  1.396895085085E+02,  0.3695
      2017,       746,  1.396656035636E+02,  0.3699
      2019,       747,  1.396186397466E+02,  0.3700
      2020,       748,  1.395661476278E+02,  0.3703
      2024,       749,  1.395516433397E+02,  0.3701
      2029,       750,  1.395500326842E+02,  0.3696
      2030,       751,  1.395058699596E+02,  0.3700
      2033,       752,  1.394774779264E+02,  0.3699
      2035,       753,  1.394741834337E+02,  0.3700
      2036,       754,  1.394517053705E+02,  0.3703
      2038,       755,  1.394495227511E+02,  0.3705
      2040,       756,  1.394251372507E+02,  0.3706
      2046,       757,  1.393710216966E+02,  0.3700
      2047,       758,  1.393706697723E+02,  0.3703
      2054,       759,  1.393282848883E+02,  0.3695
      2059,       760,  1.393199226563E+02,  0.3691
      2060,       761,  1.393193269350E+02,  0.3694
      2063,       762,  1.393021227589E+02,  0.3694
      2067,       763,  1.392983839115E+02,  0.3691
      2068,       764,  1.392914729088E+02,  0.3694
      2075,       765,  1.392879461744E+02,  0.3687
      2078,       766,  1.392738962790E+02,  0.3686
      2081,       767,  1.392579220406E+02,  0.3686
      2085,       768,  1.392400196290E+02,  0.3683
      2086,       769,  1.392255423367E+02,  0.3686
      2087,       770,  1.392243055677E+02,  0.3690
      2089,       771,  1.392225665968E+02,  0.3691
      2090,       772,  1.392099353128E+02,  0.3694
      2091,       773,  1.390857816003E+02,  0.3697
      2092,       774,  1.390746964322E+02,  0.3700
      2093,       775,  1.390595905376E+02,  0.3703
      2095,       776,  1.390503602767E+02,  0.3704
      2096,       777,  1.390490168716E+02,  0.3707
      2097,       778,  1.390445303810E+02,  0.3710
      2110,       779,  1.390274986697E+02,  0.3692
      2112,       780,  1.389934978165E+02,  0.3693
      2117,       781,  1.389915337072E+02,  0.3689
      2119,       782,  1.389318494740E+02,  0.3690
      2123,       783,  1.389061836459E+02,  0.3688
      2128,       784,  1.389025885391E+02,  0.3684
      2136,       785,  1.388711629438E+02,  0.3675
      2139,       786,  1.388576436056E+02,  0.3675
      2143,       787,  1.388425761802E+02,  0.3672
      2147,       788,  1.388299558933E+02,  0.3670
      2150,       789,  1.388167899397E+02,  0.3670
      2151,       790,  1.388009447382E+02,  0.3673
      2153,       791,  1.387934584806E+02,  0.3674
      2157,       792,  1.387883271810E+02,  0.3672
      2159,       793,  1.387856251841E+02,  0.3673
      2166,       794,  1.387781346557E+02,  0.3666
      2174,       795,  1.387688056655E+02,  0.3657
      2177,       796,  1.387572178951E+02,  0.3656
      2180,       797,  1.387550501441E+02,  0.3656
      2183,       798,  1.386987650166E+02,  0.3656
      2188,       799,  1.386738082787E+02,  0.3652
      2189,       800,  1.386627434071E+02,  0.3655
      2193,       801,  1.386578786179E+02,  0.3653
      2203,       802,  1.386531465551E+02,  0.3640
      2208,       803,  1.385954084741E+02,  0.3637
      2213,       804,  1.385353199471E+02,  0.3633
      2217,       805,  1.385236574807E+02,  0.3631
      2220,       806,  1.385042085552E+02,  0.3631
      2228,       807,  1.384938080677E+02,  0.3622
      2232,       808,  1.384881204386E+02,  0.3620
      2236,       809,  1.384880907735E+02,  0.3618
      2239,       810,  1.384178351281E+02,  0.3618
      2244,       811,  1.383990804448E+02,  0.3614
      2249,       812,  1.383856890816E+02,  0.3610
      2250,       813,  1.383799780695E+02,  0.3613
      2252,       814,  1.383723815702E+02,  0.3615
      2254,       815,  1.383720771726E+02,  0.3616
      2260,       816,  1.383351229028E+02,  0.3611
      2262,       817,  1.383047480519E+02,  0.3612
      2264,       818,  1.382714947371E+02,  0.3613
      2265,       819,  1.381973433119E+02,  0.3616
      2266,       820,  1.381892670801E+02,  0.3619
      2271,       821,  1.381706975564E+02,  0.3615
      2273,       822,  1.381648044109E+02,  0.3616
      2275,       823,  1.381493628335E+02,  0.3618
      2279,       824,  1.380590101567E+02,  0.3616
      2281,       825,  1.380584136314E+02,  0.3617
      2283,       826,  1.380511292129E+02,  0.3618
      2285,       827,  1.380491435768E+02,  0.3619
      2297,       828,  1.380386915767E+02,  0.3605
      2303,       829,  1.379566084679E+02,  0.3600
      2309,       830,  1.379256278622E+02,  0.3595
      2311,       831,  1.379012916935E+02,  0.3596
      2312,       832,  1.378419905594E+02,  0.3599
      2314,       833,  1.378367347804E+02,  0.3600
      2318,       834,  1.378315427781E+02,  0.3598
      2320,       835,  1.377890710609E+02,  0.3599
      2322,       836,  1.377541416849E+02,  0.3600
      2324,       837,  1.377345877129E+02,  0.3602
      2325,       838,  1.377227657544E+02,  0.3604
      2327,       839,  1.377202358003E+02,  0.3606
      2332,       840,  1.377113228083E+02,  0.3602
      2334,       841,  1.376824250744E+02,  0.3603
      2342,       842,  1.376789898141E+02,  0.3595
      2347,       843,  1.376738840518E+02,  0.3592
      2351,       844,  1.376714191571E+02,  0.3590
      2360,       845,  1.376655755941E+02,  0.3581
      2361,       846,  1.376580462481E+02,  0.3583
      2375,       847,  1.376550180185E+02,  0.3566
      2376,       848,  1.376228508277E+02,  0.3569
      2380,       849,  1.376174364491E+02,  0.3567
      2384,       850,  1.375909839072E+02,  0.3565
      2390,       851,  1.375650372456E+02,  0.3561
      2391,       852,  1.375430174264E+02,  0.3563
      2398,       853,  1.375300593061E+02,  0.3557
      2402,       854,  1.374849810729E+02,  0.3555
      2407,       855,  1.374824507296E+02,  0.3552
      2408,       856,  1.374541647765E+02,  0.3555
      2416,       857,  1.374386446951E+02,  0.3547
      2418,       858,  1.373830537976E+02,  0.3548
      2423,       859,  1.373784528874E+02,  0.3545
      2426,       860,  1.373729812038E+02,  0.3545
      2430,       861,  1.373558745522E+02,  0.3543
      2431,       862,  1.373298875052E+02,  0.3546
      2441,       863,  1.373298468179E+02,  0.3535
      2453,       864,  1.373162369075E+02,  0.3522
      2456,       865,  1.373019406478E+02,  0.3522
      2462,       866,  1.373013791777E+02,  0.3517
      2465,       867,  1.372785724287E+02,  0.3517
      2466,       868,  1.372736942200E+02,  0.3520
      2467,       869,  1.372648188972E+02,  0.3522
      2470,       870,  1.372607813941E+02,  0.3522
      2476,       871,  1.372468958037E+02,  0.3518
      2477,       872,  1.372461521048E+02,  0.3520
      2481,       873,  1.371764409505E+02,  0.3519
      2483,       874,  1.371421663625E+02,  0.3520
      2484,       875,  1.371270234257E+02,  0.3523
      2485,       876,  1.371257069088E+02,  0.3525
      2491,       877,  1.370734219682E+02,  0.3521
      2497,       878,  1.370414329057E+02,  0.3516
      2498,       879,  1.370328261776E+02,  0.3519
      2500,       880,  1.370305665976E+02,  0.3520
      2509,       881,  1.369792025953E+02,  0.3511
      2511,       882,  1.369405829248E+02,  0.3513
      2514,       883,  1.369325844601E+02,  0.3512
      2515,       884,  1.369141768784E+02,  0.3515
      2517,       885,  1.368076216722E+02,  0.3516
      2520,       886,  1.367576401948E+02,  0.3516
      2526,       887,  1.367559681535E+02,  0.3511
      2530,       888,  1.367554811727E+02,  0.3510
      2532,       889,  1.367068935481E+02,  0.3511
      2537,       890,  1.366754176637E+02,  0.3508
      2540,       891,  1.366626326287E+02,  0.3508
      2545,       892,  1.366586914193E+02,  0.3505
      2557,       893,  1.366578413673E+02,  0.3492
      2560,       894,  1.366519788384E+02,  0.3492
      2564,       895,  1.366383633791E+02,  0.3491
      2568,       896,  1.366357049938E+02,  0.3489
      2569,       897,  1.365775628482E+02,  0.3492
      2571,       898,  1.365728898726E+02,  0.3493
      2572,       899,  1.365626437545E+02,  0.3495
      2574,       900,  1.365284366162E+02,  0.3497
      2576,       901,  1.365204699779E+02,  0.3498
      2582,       902,  1.365198824715E+02,  0.3493
      2585,       903,  1.364871891871E+02,  0.3493
      2586,       904,  1.364812647866E+02,  0.3496
      2589,       905,  1.364284678996E+02,  0.3496
      2590,       906,  1.364185630253E+02,  0.3498
      2608,       907,  1.364184348837E+02,  0.3478
      2609,       908,  1.364029145853E+02,  0.3480
      2611,       909,  1.363294485964E+02,  0.3481
      2615,       910,  1.363275360507E+02,  0.3480
      2617,       911,  1.363241827823E+02,  0.3481
      2632,       912,  1.363119846055E+02,  0.3465
      2634,       913,  1.362959660353E+02,  0.3466
      2635,       914,  1.362912876712E+02,  0.3469
      2639,       915,  1.362745118080E+02,  0.3467
      2641,       916,  1.362675629671E+02,  0.3468
      2642,       917,  1.362192028598E+02,  0.3471
      2645,       918,  1.361820100330E+02,  0.3471
      2647,       919,  1.361435302965E+02,  0.3472
      2649,       920,  1.361417771003E+02,  0.3473
      2651,       921,  1.361399233105E+02,  0.3474
      2652,       922,  1.360957931048E+02,  0.3477
      2662,       923,  1.360721213294E+02,  0.3467
      2664,       924,  1.360689867138E+02,  0.3468
      2667,       925,  1.360432591603E+02,  0.3468
      2674,       926,  1.360401414329E+02,  0.3463
      2675,       927,  1.359895447882E+02,  0.3465
      2676,       928,  1.359807117524E+02,  0.3468
      2679,       929,  1.359481826202E+02,  0.3468
      2680,       930,  1.359233224318E+02,  0.3470
      2682,       931,  1.358666552066E+02,  0.3471
      2684,       932,  1.358584563916E+02,  0.3472
      2685,       933,  1.358437514582E+02,  0.3475
      2688,       934,  1.358412215251E+02,  0.3475
      2699,       935,  1.358159026855E+02,  0.3464
      2701,       936,  1.358109998862E+02,  0.3465
      2704,       937,  1.357907212426E+02,  0.3465
      2721,       938,  1.357904173939E+02,  0.3447
      2730,       939,  1.355846723426E+02,  0.3440
      2733,       940,  1.355791967614E+02,  0.3439
      2734,       941,  1.355718972662E+02,  0.3442
      2735,       942,  1.355702685784E+02,  0.3444
      2745,       943,  1.355507737155E+02,  0.3435
      2752,       944,  1.355137594096E+02,  0.3430
      2754,       945,  1.355094997391E+02,  0.3431
      2758,       946,  1.354930497123E+02,  0.3430
      2763,       947,  1.354891510166E+02,  0.3427
      2766,       948,  1.354889072414E+02,  0.3427
      2772,       949,  1.354764015474E+02,  0.3424
      2774,       950,  1.354717100334E+02,  0.3425
      2777,       951,  1.354588288250E+02,  0.3425
      2782,       952,  1.354320644732E+02,  0.3422
      2783,       953,  1.354153673059E+02,  0.3424
      2791,       954,  1.354092913082E+02,  0.3418
      2793,       955,  1.353917485096E+02,  0.3419
      2803,       956,  1.353350704124E+02,  0.3411
      2804,       957,  1.353330847434E+02,  0.3413
      2810,       958,  1.353150966137E+02,  0.3409
      2818,       959,  1.353045401244E+02,  0.3403
      2819,       960,  1.352869468748E+02,  0.3405
      2820,       961,  1.352633026086E+02,  0.3408
      2821,       962,  1.352585528031E+02,  0.3410
      2831,       963,  1.352513431571E+02,  0.3402
      2832,       964,  1.352474447458E+02,  0.3404
      2837,       965,  1.352442075630E+02,  0.3401
      2840,       966,  1.352409676397E+02,  0.3401
      2841,       967,  1.352261136233E+02,  0.3404
      2847,       968,  1.352231164643E+02,  0.3400
      2858,       969,  1.352014047967E+02,  0.3390
      2859,       970,  1.351995939509E+02,  0.3393
      2869,       971,  1.351188758468E+02,  0.3384
      2871,       972,  1.351136310594E+02,  0.3386
      2873,       973,  1.351123243222E+02,  0.3387
      2879,       974,  1.350985065131E+02,  0.3383
      2880,       975,  1.350940997462E+02,  0.3385
      2882,       976,  1.350886592305E+02,  0.3387
      2891,       977,  1.350850239758E+02,  0.3379
      2902,       978,  1.350536303858E+02,  0.3370
      2903,       979,  1.350392380598E+02,  0.3372
      2904,       980,  1.350383541471E+02,  0.3375
      2907,       981,  1.350256882261E+02,  0.3375
      2920,       982,  1.350181391553E+02,  0.3363
      2925,       983,  1.350147433275E+02,  0.3361
      2938,       984,  1.349815427794E+02,  0.3349
      2939,       985,  1.349326654576E+02,  0.3351
      2944,       986,  1.349169734243E+02,  0.3349
      2947,       987,  1.348962349188E+02,  0.3349
      2949,       988,  1.348913163160E+02,  0.3350
      2957,       989,  1.348907867517E+02,  0.3345
      2958,       990,  1.348882987888E+02,  0.3347
      2960,       991,  1.348852940277E+02,  0.3348
      2961,       992,  1.348625592613E+02,  0.3350
      2965,       993,  1.348475322280E+02,  0.3349
      2973,       994,  1.348379681283E+02,  0.3343
      2977,       995,  1.348142826050E+02,  0.3342
      2990,       996,  1.347905120939E+02,  0.3331
      2991,       997,  1.347557633703E+02,  0.3333
      2998,       998,  1.347430573996E+02,  0.3329
      3000,       999,  1.347314506109E+02,  0.3330
      3004,      1000,  1.347285630763E+02,  0.3329
      3013,      1001,  1.347263923546E+02,  0.3322
      3016,      1002,  1.347215915582E+02,  0.3322
      3019,      1003,  1.347179312471E+02,  0.3322
      3020,      1004,  1.346977330663E+02,  0.3325
      3023,      1005,  1.346448659151E+02,  0.3325
      3024,      1006,  1.346260998557E+02,  0.3327
      3035,      1007,  1.346122833387E+02,  0.3318
      3045,      1008,  1.346117158288E+02,  0.3310
      3047,      1009,  1.345886759620E+02,  0.3311
      3048,      1010,  1.345844538981E+02,  0.3314
      3054,      1011,  1.345397161752E+02,  0.3310
      3057,      1012,  1.345340687271E+02,  0.3310
      3062,      1013,  1.345310856175E+02,  0.3308
      3077,      1014,  1.345294007115E+02,  0.3295
      3079,      1015,  1.345288179960E+02,  0.3297
      3080,      1016,  1.345005294577E+02,  0.3299
      3081,      1017,  1.344994737436E+02,  0.3301
      3083,      1018,  1.344974581084E+02,  0.3302
      3084,      1019,  1.344971158818E+02,  0.3304
      3089,      1020,  1.344956107157E+02,  0.3302
      3092,      1021,  1.344321606132E+02,  0.3302
      3093,      1022,  1.344253432861E+02,  0.3304
      3096,      1023,  1.343982024025E+02,  0.3304
      3101,      1024,  1.343860789778E+02,  0.3302
      3103,      1025,  1.343692095642E+02,  0.3303
      3112,      1026,  1.343682040654E+02,  0.3297
      3125,      1027,  1.343600404907E+02,  0.3286
      3136,      1028,  1.343572453992E+02,  0.3278
      3139,      1029,  1.343547479557E+02,  0.3278
      3141,      1030,  1.343475712888E+02,  0.3279
      3144,      1031,  1.343422986595E+02,  0.3279
      3145,      1032,  1.343361199187E+02,  0.3281
      3147,      1033,  1.343282713451E+02,  0.3282
      3148,      1034,  1.342665005202E+02,  0.3285
      3149,      1035,  1.342472562852E+02,  0.3287
      3154,      1036,  1.342338692332E+02,  0.3285
      3157,      1037,  1.342294112722E+02,  0.3285
      3168,      1038,  1.342285750097E+02,  0.3277
      3171,      1039,  1.342191331249E+02,  0.3277
      3175,      1040,  1.342056804564E+02,  0.3276
      3176,      1041,  1.342032514471E+02,  0.3278
      3177,      1042,  1.341895816532E+02,  0.3280
      3179,      1043,  1.341744155085E+02,  0.3281
      3185,      1044,  1.341262877824E+02,  0.3278
      3195,      1045,  1.341159965794E+02,  0.3271
      3200,      1046,  1.341070719674E+02,  0.3269
      3203,      1047,  1.340978225596E+02,  0.3269
      3207,      1048,  1.340944676166E+02,  0.3268
      3210,      1049,  1.340927315337E+02,  0.3268
      3212,      1050,  1.340863358390E+02,  0.3269
      3216,      1051,  1.340813008301E+02,  0.3268
      3218,      1052,  1.340790475998E+02,  0.3269
      3219,      1053,  1.340471894657E+02,  0.3271
      3221,      1054,  1.340450458305E+02,  0.3272
      3230,      1055,  1.340388827389E+02,  0.3266
      3233,      1056,  1.340344867967E+02,  0.3266
      3240,      1057,  1.340135972305E+02,  0.3262
      3241,      1058,  1.340048596514E+02,  0.3264
      3247,      1059,  1.340031658528E+02,  0.3261
      3248,      1060,  1.339861720097E+02,  0.3264
      3250,      1061,  1.339845763344E+02,  0.3265
      3256,      1062,  1.339799894352E+02,  0.3262
      3257,      1063,  1.339563355170E+02,  0.3264
      3260,      1064,  1.339527622282E+02,  0.3264
      3262,      1065,  1.339275922821E+02,  0.3265
      3264,      1066,  1.339225267336E+02,  0.3266
      3267,      1067,  1.339159392466E+02,  0.3266
      3271,      1068,  1.339053294186E+02,  0.3265
      3277,      1069,  1.338926867287E+02,  0.3262
      3279,      1070,  1.338815989152E+02,  0.3263
      3283,      1071,  1.338784238267E+02,  0.3262
      3287,      1072,  1.338764888923E+02,  0.3261
      3291,      1073,  1.338747705816E+02,  0.3260
      3300,      1074,  1.338483845566E+02,  0.3255
      3304,      1075,  1.338417965815E+02,  0.3254
      3305,      1076,  1.338401900380E+02,  0.3256
      3306,      1077,  1.338262905018E+02,  0.3258
      3308,      1078,  1.338202024373E+02,  0.3259
      3311,      1079,  1.338124606559E+02,  0.3259
      3314,      1080,  1.338066311339E+02,  0.3259
      3317,      1081,  1.337894184425E+02,  0.3259
      3333,      1082,  1.337831429573E+02,  0.3246
      3339,      1083,  1.337671289033E+02,  0.3243
      3341,      1084,  1.337589979602E+02,  0.3245
      3344,      1085,  1.337576972181E+02,  0.3245
      3356,      1086,  1.337558436320E+02,  0.3236
      3359,      1087,  1.337430555722E+02,  0.3236
      3360,      1088,  1.337369463296E+02,  0.3238
      3365,      1089,  1.337191127599E+02,  0.3236
      3366,      1090,  1.337038500465E+02,  0.3238
      3368,      1091,  1.336758560638E+02,  0.3239
      3370,      1092,  1.336722584164E+02,  0.3240
      3371,      1093,  1.336700179471E+02,  0.3242
      3376,      1094,  1.336580078645E+02,  0.3241
      3378,      1095,  1.335948248304E+02,  0.3242
      3385,      1096,  1.335848687675E+02,  0.3238
      3386,      1097,  1.335808957068E+02,  0.3240
      3387,      1098,  1.335798444660E+02,  0.3242
      3389,      1099,  1.335730013401E+02,  0.3243
      3390,      1100,  1.335690045345E+02,  0.3245
      3391,      1101,  1.335210960843E+02,  0.3247
      3419,      1102,  1.335177462575E+02,  0.3223
      3422,      1103,  1.335124050895E+02,  0.3223
      3436,      1104,  1.335047231895E+02,  0.3213
      3438,      1105,  1.334750930474E+02,  0.3214
      3441,      1106,  1.334724840063E+02,  0.3214
      3443,      1107,  1.334697172220E+02,  0.3215
      3450,      1108,  1.334348258131E+02,  0.3212
      3454,      1109,  1.334310861487E+02,  0.3211
      3456,      1110,  1.334190471533E+02,  0.3212
      3457,      1111,  1.334116690129E+02,  0.3214
      3459,      1112,  1.334038711272E+02,  0.3215
      3471,      1113,  1.333933715815E+02,  0.3207
      3478,      1114,  1.333838359967E+02,  0.3203
      3479,      1115,  1.333650742793E+02,  0.3205
      3480,      1116,  1.333640498443E+02,  0.3207
      3485,      1117,  1.333594755162E+02,  0.3205
      3489,      1118,  1.333325869439E+02,  0.3204
      3491,      1119,  1.333235537933E+02,  0.3205
      3496,      1120,  1.333156674094E+02,  0.3204
      3501,      1121,  1.332997426886E+02,  0.3202
      3510,      1122,  1.332965444155E+02,  0.3197
      3513,      1123,  1.332951881539E+02,  0.3197
      3520,      1124,  1.332866907046E+02,  0.3193
      3522,      1125,  1.332806287235E+02,  0.3194
      3527,      1126,  1.332549797762E+02,  0.3193
      3529,      1127,  1.331811348329E+02,  0.3194
      3530,      1128,  1.331767012779E+02,  0.3195
      3539,      1129,  1.331419180768E+02,  0.3190
      3548,      1130,  1.331281789191E+02,  0.3185
      3554,      1131,  1.331229668768E+02,  0.3182
      3560,      1132,  1.331229073991E+02,  0.3180
      3564,      1133,  1.331215066936E+02,  0.3179
      3566,      1134,  1.330671586324E+02,  0.3180
      3568,      1135,  1.330610883899E+02,  0.3181
      3569,      1136,  1.330512157635E+02,  0.3183
      3570,      1137,  1.330304980898E+02,  0.3185
      3574,      1138,  1.330251884196E+02,  0.3184
      3580,      1139,  1.330240437114E+02,  0.3182
      3581,      1140,  1.330170358309E+02,  0.3183
      3586,      1141,  1.330167517241E+02,  0.3182
      3596,      1142,  1.330000711458E+02,  0.3176
      3606,      1143,  1.329994235626E+02,  0.3170
      3622,      1144,  1.329838216351E+02,  0.3158
      3628,      1145,  1.329792854829E+02,  0.3156
      3631,      1146,  1.329600744832E+02,  0.3156
      3635,      1147,  1.329586063525E+02,  0.3155
      3648,      1148,  1.329547464031E+02,  0.3147
      3651,      1149,  1.329282073946E+02,  0.3147
      3660,      1150,  1.329248343521E+02,  0.3142
      3661,      1151,  1.329221955575E+02,  0.3144
      3662,      1152,  1.328911982452E+02,  0.3146
      3664,      1153,  1.328898276675E+02,  0.3147
      3670,      1154,  1.328889829864E+02,  0.3144
      3675,      1155,  1.328885431557E+02,  0.3143
      3678,      1156,  1.328844944776E+02,  0.3143
      3682,      1157,  1.328725055382E+02,  0.3142
      3683,      1158,  1.328623836441E+02,  0.3144
      3684,      1159,  1.328417303864E+02,  0.3146
      3691,      1160,  1.328378135658E+02,  0.3143
      3692,      1161,  1.328344919954E+02,  0.3145
      3698,      1162,  1.328272696672E+02,  0.3142
      3703,      1163,  1.328250164670E+02,  0.3141
      3724,      1164,  1.328218733191E+02,  0.3126
      3733,      1165,  1.328171082533E+02,  0.3121
      3738,      1166,  1.327942518305E+02,  0.3119
      3744,      1167,  1.327712378864E+02,  0.3117
      3769,      1168,  1.327596171519E+02,  0.3099
      3780,      1169,  1.327586928967E+02,  0.3093
      3783,      1170,  1.327468472311E+02,  0.3093
      3788,      1171,  1.327440015499E+02,  0.3091
      3789,      1172,  1.326889272780E+02,  0.3093
      3790,      1173,  1.326889234423E+02,  0.3095
      3793,      1174,  1.326835446647E+02,  0.3095
      3802,      1175,  1.326599498271E+02,  0.3090
      3803,      1176,  1.326597215525E+02,  0.3092
      3809,      1177,  1.326545231146E+02,  0.3090
      3810,      1178,  1.326530204694E+02,  0.3092
      3814,      1179,  1.326527809034E+02,  0.3091
      3815,      1180,  1.326321514313E+02,  0.3093
      3818,      1181,  1.326307761909E+02,  0.3093
      3820,      1182,  1.326242715864E+02,  0.3094
      3822,      1183,  1.325831186036E+02,  0.3095
      3826,      1184,  1.325742645847E+02,  0.3095
      3827,      1185,  1.325445723304E+02,  0.3096
      3829,      1186,  1.325419606069E+02,  0.3097
      3837,      1187,  1.325388783791E+02,  0.3094
      3841,      1188,  1.325341849355E+02,  0.3093
      3847,      1189,  1.325289610334E+02,  0.3091
      3852,      1190,  1.325285695590E+02,  0.3089
      3853,      1191,  1.324978780694E+02,  0.3091
      3854,      1192,  1.324444702349E+02,  0.3093
      3859,      1193,  1.324441423720E+02,  0.3091
      3865,      1194,  1.324308475609E+02,  0.3089
      3869,      1195,  1.324129961777E+02,  0.3089
      3871,      1196,  1.323890831435E+02,  0.3090
      3873,      1197,  1.323889461385E+02,  0.3091
      3889,      1198,  1.323732881086E+02,  0.3080
      3892,      1199,  1.323629192760E+02,  0.3081
      3905,      1200,  1.323522492963E+02,  0.3073
      3906,      1201,  1.323520706129E+02,  0.3075
      3913,      1202,  1.323345904520E+02,  0.3072
      3919,      1203,  1.323185495674E+02,  0.3070
      3923,      1204,  1.322815419248E+02,  0.3069
      3926,      1205,  1.322605310965E+02,  0.3069
      3929,      1206,  1.322354691107E+02,  0.3069
      3930,      1207,  1.322087873154E+02,  0.3071
      3933,      1208,  1.321864679021E+02,  0.3071
      3936,      1209,  1.321819967554E+02,  0.3072
      3938,      1210,  1.321783411039E+02,  0.3073
      3949,      1211,  1.321778477635E+02,  0.3067
      3956,      1212,  1.321777230705E+02,  0.3064
      3959,      1213,  1.321767620735E+02,  0.3064
      3961,      1214,  1.321453840519E+02,  0.3065
      3964,      1215,  1.321441355984E+02,  0.3065
      3965,      1216,  1.321427951981E+02,  0.3067
      3967,      1217,  1.321374165690E+02,  0.3068
      3975,      1218,  1.321228472500E+02,  0.3064
      3979,      1219,  1.321213140864E+02,  0.3064
      3980,      1220,  1.321154467571E+02,  0.3065
      3982,      1221,  1.321121410698E+02,  0.3066
      3984,      1222,  1.321061428519E+02,  0.3067
      3995,      1223,  1.320886551490E+02,  0.3061
      3997,      1224,  1.320603834164E+02,  0.3062
      4000,      1225,  1.320585481236E+02,  0.3063
      4012,      1226,  1.320561495946E+02,  0.3056
      4016,      1227,  1.320546805434E+02,  0.3055
      4019,      1228,  1.320525691943E+02,  0.3055
      4023,      1229,  1.320463928020E+02,  0.3055
      4042,      1230,  1.320457278819E+02,  0.3043
      4044,      1231,  1.320331000474E+02,  0.3044
      4047,      1232,  1.320226412984E+02,  0.3044
      4048,      1233,  1.320082271137E+02,  0.3046
      4053,      1234,  1.320029268434E+02,  0.3045
      4055,      1235,  1.319925444979E+02,  0.3046
      4056,      1236,  1.319641515397E+02,  0.3047
      4057,      1237,  1.319453825375E+02,  0.3049
      4058,      1238,  1.319440097224E+02,  0.3051
      4064,      1239,  1.319245570243E+02,  0.3049
      4067,      1240,  1.319210060535E+02,  0.3049
      4071,      1241,  1.319117179451E+02,  0.3048
      4072,      1242,  1.318671556966E+02,  0.3050
      4073,      1243,  1.317998760443E+02,  0.3052
      4078,      1244,  1.317998583357E+02,  0.3051
      4079,      1245,  1.317653451360E+02,  0.3052
      4080,      1246,  1.317589016424E+02,  0.3054
      4083,      1247,  1.317491768114E+02,  0.3054
      4084,      1248,  1.317360373634E+02,  0.3056
      4087,      1249,  1.317262821756E+02,  0.3056
      4104,      1250,  1.317188686555E+02,  0.3046
      4111,      1251,  1.317186821009E+02,  0.3043
      4117,      1252,  1.317112557567E+02,  0.3041
      4118,      1253,  1.316800634564E+02,  0.3043
      4119,      1254,  1.316774055080E+02,  0.3044
      4123,      1255,  1.316741586441E+02,  0.3044
      4124,      1256,  1.316709319567E+02,  0.3046
      4139,      1257,  1.316286356461E+02,  0.3037
      4142,      1258,  1.316095666870E+02,  0.3037
      4147,      1259,  1.315944607948E+02,  0.3036
      4151,      1260,  1.315248679005E+02,  0.3035
      4152,      1261,  1.315133316239E+02,  0.3037
      4156,      1262,  1.315030070812E+02,  0.3037
      4163,      1263,  1.315008217398E+02,  0.3034
      4164,      1264,  1.314817346943E+02,  0.3036
      4166,      1265,  1.314810287530E+02,  0.3036
      4173,      1266,  1.314795433082E+02,  0.3034
      4174,      1267,  1.314780838856E+02,  0.3035
      4175,      1268,  1.314731142496E+02,  0.3037
      4180,      1269,  1.314722008554E+02,  0.3036
      4182,      1270,  1.314662788777E+02,  0.3037
      4194,      1271,  1.314632505094E+02,  0.3031
      4197,      1272,  1.314610375209E+02,  0.3031
      4198,      1273,  1.314560648039E+02,  0.3032
      4199,      1274,  1.314244995682E+02,  0.3034
      4216,      1275,  1.314132307902E+02,  0.3024
      4217,      1276,  1.314117085345E+02,  0.3026
      4222,      1277,  1.314053284311E+02,  0.3025
      4227,      1278,  1.314042579639E+02,  0.3023
      4235,      1279,  1.314004843065E+02,  0.3020
      4237,      1280,  1.313990790846E+02,  0.3021
      4239,      1281,  1.313887811096E+02,  0.3022
      4240,      1282,  1.313794393246E+02,  0.3024
      4246,      1283,  1.313789857270E+02,  0.3022
      4250,      1284,  1.313686851491E+02,  0.3021
      4253,      1285,  1.313339430895E+02,  0.3021
      4266,      1286,  1.313336029901E+02,  0.3015
      4267,      1287,  1.313295606364E+02,  0.3016
      4268,      1288,  1.313230498003E+02,  0.3018
      4271,      1289,  1.313202794688E+02,  0.3018
      4272,      1290,  1.312874339197E+02,  0.3020
      4280,      1291,  1.312857957364E+02,  0.3016
      4284,      1292,  1.312475732587E+02,  0.3016
      4294,      1293,  1.312473282742E+02,  0.3011
      4300,      1294,  1.312338144198E+02,  0.3009
      4304,      1295,  1.312322556239E+02,  0.3009
      4310,      1296,  1.312105409452E+02,  0.3007
      4312,      1297,  1.312074831555E+02,  0.3008
      4314,      1298,  1.312069732163E+02,  0.3009
      4315,      1299,  1.311893272449E+02,  0.3010
      4323,      1300,  1.311739139837E+02,  0.3007
      4333,      1301,  1.311722579524E+02,  0.3003
      4340,      1302,  1.311556456341E+02,  0.3000
      4344,      1303,  1.311348020535E+02,  0.3000
      4346,      1304,  1.311280271008E+02,  0.3000
      4354,      1305,  1.311217507987E+02,  0.2997
      4355,      1306,  1.311195679088E+02,  0.2999
      4357,      1307,  1.311140096273E+02,  0.3000
      4358,      1308,  1.310956407708E+02,  0.3001
      4361,      1309,  1.310760531383E+02,  0.3002
      4366,      1310,  1.310757514977E+02,  0.3000
      4367,      1311,  1.310666989647E+02,  0.3002
      4368,      1312,  1.310657070165E+02,  0.3004
      4377,      1313,  1.310653387834E+02,  0.3000
      4392,      1314,  1.310590944818E+02,  0.2992
      4394,      1315,  1.310568525011E+02,  0.2993
      4396,      1316,  1.310546981578E+02,  0.2994
      4400,      1317,  1.310536810399E+02,  0.2993
      4409,      1318,  1.310525715062E+02,  0.2989
      4417,      1319,  1.310287039745E+02,  0.2986
      4431,      1320,  1.310265079177E+02,  0.2979
      4432,      1321,  1.310261532023E+02,  0.2981
      4441,      1322,  1.310059065584E+02,  0.2977
      4460,      1323,  1.310009108685E+02,  0.2966
      4477,      1324,  1.309893003233E+02,  0.2957
      4491,      1325,  1.309775126341E+02,  0.2950
      4492,      1326,  1.309769700522E+02,  0.2952
      4493,      1327,  1.309730766260E+02,  0.2953
      4503,      1328,  1.309655845692E+02,  0.2949
      4507,      1329,  1.309103210739E+02,  0.2949
      4520,      1330,  1.309086724039E+02,  0.2942
      4523,      1331,  1.309069635596E+02,  0.2943
      4525,      1332,  1.309053275109E+02,  0.2944
      4526,      1333,  1.308985424206E+02,  0.2945
      4528,      1334,  1.308985020473E+02,  0.2946
      4532,      1335,  1.308926353306E+02,  0.2946
      4533,      1336,  1.308830083294E+02,  0.2947
      4535,      1337,  1.308539098181E+02,  0.2948
      4537,      1338,  1.308534202813E+02,  0.2949
      4538,      1339,  1.308477964548E+02,  0.2951
      4543,      1340,  1.307965721855E+02,  0.2950
      4548,      1341,  1.307962039523E+02,  0.2949
      4552,      1342,  1.307960151983E+02,  0.2948
      4556,      1343,  1.307930223364E+02,  0.2948
      4557,      1344,  1.307898376168E+02,  0.2949
      4575,      1345,  1.307822417930E+02,  0.2940
      4581,      1346,  1.307623876252E+02,  0.2938
      4585,      1347,  1.307576992956E+02,  0.2938
      4599,      1348,  1.307298289733E+02,  0.2931
      4602,      1349,  1.307275265075E+02,  0.2931
      4606,      1350,  1.307054149011E+02,  0.2931
      4608,      1351,  1.307046153557E+02,  0.2932
      4612,      1352,  1.306995043401E+02,  0.2931
      4619,      1353,  1.306934765150E+02,  0.2929
      4627,      1354,  1.306929442342E+02,  0.2926
      4638,      1355,  1.306916759501E+02,  0.2922
      4644,      1356,  1.306876588561E+02,  0.2920
      4649,      1357,  1.306712602430E+02,  0.2919
      4652,      1358,  1.306646897908E+02,  0.2919
      4659,      1359,  1.306642914171E+02,  0.2917
      4682,      1360,  1.306390182683E+02,  0.2905
      4688,      1361,  1.306042653523E+02,  0.2903
      4697,      1362,  1.306036864508E+02,  0.2900
      4701,      1363,  1.305942427377E+02,  0.2899
      4703,      1364,  1.305922083706E+02,  0.2900
      4709,      1365,  1.305921783659E+02,  0.2899
      4712,      1366,  1.305790819652E+02,  0.2899
      4714,      1367,  1.305783735182E+02,  0.2900
      4717,      1368,  1.305769102549E+02,  0.2900
      4718,      1369,  1.305767639763E+02,  0.2902
      4720,      1370,  1.305737931323E+02,  0.2903
      4721,      1371,  1.305137209481E+02,  0.2904
      4725,      1372,  1.305103511424E+02,  0.2904
      4728,      1373,  1.305099221312E+02,  0.2904
      4731,      1374,  1.304918577599E+02,  0.2904
      4734,      1375,  1.304783732656E+02,  0.2905
      4735,      1376,  1.304763409593E+02,  0.2906
      4739,      1377,  1.304742217955E+02,  0.2906
      4747,      1378,  1.304706020964E+02,  0.2903
      4748,      1379,  1.304636601191E+02,  0.2904
      4750,      1380,  1.304623539752E+02,  0.2905
      4756,      1381,  1.304606155881E+02,  0.2904
      4789,      1382,  1.304605949882E+02,  0.2886
      4804,      1383,  1.304605199450E+02,  0.2879
      4810,      1384,  1.304507810555E+02,  0.2877
      4814,      1385,  1.304492865930E+02,  0.2877
      4823,      1386,  1.304478456374E+02,  0.2874
      4826,      1387,  1.304292901452E+02,  0.2874
      4833,      1388,  1.303931822911E+02,  0.2872
      4850,      1389,  1.303704332729E+02,  0.2864
      4852,      1390,  1.303425614928E+02,  0.2865
      4853,      1391,  1.303349570593E+02,  0.2866
      4856,      1392,  1.303009021770E+02,  0.2867
      4862,      1393,  1.302985048326E+02,  0.2865
      4865,      1394,  1.302984154970E+02,  0.2865
      4874,      1395,  1.302928654758E+02,  0.2862
      4875,      1396,  1.302927089680E+02,  0.2864
      4876,      1397,  1.302903956696E+02,  0.2865
      4877,      1398,  1.302893063885E+02,  0.2867
      4880,      1399,  1.302885824294E+02,  0.2867
      4883,      1400,  1.302861055522E+02,  0.2867
      4889,      1401,  1.302860564362E+02,  0.2866
      4898,      1402,  1.302738442576E+02,  0.2862
      4902,      1403,  1.302685074773E+02,  0.2862
      4906,      1404,  1.302637102232E+02,  0.2862
      4918,      1405,  1.302586569586E+02,  0.2857
      4919,      1406,  1.302581679685E+02,  0.2858
      4923,      1407,  1.302455142319E+02,  0.2858
      4924,      1408,  1.302220948388E+02,  0.2859
      4930,      1409,  1.302197778349E+02,  0.2858
      4931,      1410,  1.302193824713E+02,  0.2859
      4933,      1411,  1.302168203628E+02,  0.2860
      4940,      1412,  1.302145114818E+02,  0.2858
      4941,      1413,  1.302142148212E+02,  0.2860
      4943,      1414,  1.302140661658E+02,  0.2861
      4948,      1415,  1.301796236247E+02,  0.2860
      4954,      1416,  1.301786998503E+02,  0.2858
      4955,      1417,  1.301123201790E+02,  0.2860
      4957,      1418,  1.301078050908E+02,  0.2861
      4968,      1419,  1.300903154228E+02,  0.2856
      4980,      1420,  1.300848943380E+02,  0.2851
      4981,      1421,  1.300843847751E+02,  0.2853
      4984,      1422,  1.300839381400E+02,  0.2853
      5004,      1423,  1.300720585256E+02,  0.2844
      5009,      1424,  1.300692658795E+02,  0.2843
      5014,      1425,  1.300512511519E+02,  0.2842
      5027,      1426,  1.300511541006E+02,  0.2837
      5029,      1427,  1.300461697469E+02,  0.2838
      5031,      1428,  1.300371250364E+02,  0.2838
      5039,      1429,  1.300291653214E+02,  0.2836
      5043,      1430,  1.300270083792E+02,  0.2836
      5049,      1431,  1.300248974747E+02,  0.2834
      5051,      1432,  1.300203587160E+02,  0.2835
      5057,      1433,  1.300203443199E+02,  0.2834
      5084,      1434,  1.300157091477E+02,  0.2821
      5088,      1435,  1.300149799477E+02,  0.2820
      5100,      1436,  1.300129941205E+02,  0.2816
      5101,      1437,  1.300107151175E+02,  0.2817
      5103,      1438,  1.299674493394E+02,  0.2818
      5108,      1439,  1.299595875123E+02,  0.2817
      5114,      1440,  1.299574261765E+02,  0.2816
      5116,      1441,  1.299424010822E+02,  0.2817
      5121,      1442,  1.299411178886E+02,  0.2816
      5128,      1443,  1.299408301227E+02,  0.2814
      5138,      1444,  1.299385214076E+02,  0.2810
      5140,      1445,  1.299306967534E+02,  0.2811
      5155,      1446,  1.299302658444E+02,  0.2805
      5156,      1447,  1.299054041743E+02,  0.2806
      5167,      1448,  1.299029553304E+02,  0.2802
      5169,      1449,  1.298910549430E+02,  0.2803
      5171,      1450,  1.298880539474E+02,  0.2804
      5179,      1451,  1.298878774955E+02,  0.2802
      5183,      1452,  1.298873790413E+02,  0.2801
      5187,      1453,  1.298872708318E+02,  0.2801
      5221,      1454,  1.298869531474E+02,  0.2785
      5226,      1455,  1.298855372348E+02,  0.2784
      5234,      1456,  1.298849337390E+02,  0.2782
      5238,      1457,  1.298846372359E+02,  0.2782
      5240,      1458,  1.298324463406E+02,  0.2782
      5244,      1459,  1.298135481246E+02,  0.2782
      5253,      1460,  1.298114904150E+02,  0.2779
      5260,      1461,  1.297872747874E+02,  0.2778
      5261,      1462,  1.297870219200E+02,  0.2779
      5276,      1463,  1.297869109051E+02,  0.2773
      5286,      1464,  1.297866245790E+02,  0.2770
      5288,      1465,  1.297818047317E+02,  0.2770
      5295,      1466,  1.297751074673E+02,  0.2769
      5316,      1467,  1.297723081659E+02,  0.2760
      5319,      1468,  1.297717231188E+02,  0.2760
      5328,      1469,  1.297706075168E+02,  0.2757
      5332,      1470,  1.297702758799E+02,  0.2757
      5334,      1471,  1.297647543284E+02,  0.2758
      5339,      1472,  1.297626197420E+02,  0.2757
      5351,      1473,  1.297618705263E+02,  0.2753
      5359,      1474,  1.297607312588E+02,  0.2751
      5364,      1475,  1.297605108775E+02,  0.2750
      5376,      1476,  1.297198652704E+02,  0.2746
      5380,      1477,  1.296490927067E+02,  0.2745
      5388,      1478,  1.296480739061E+02,  0.2743
      5390,      1479,  1.296472763506E+02,  0.2744
      5399,      1480,  1.296467002066E+02,  0.2741
      5402,      1481,  1.295849353755E+02,  0.2742
      5407,      1482,  1.295834549736E+02,  0.2741
      5409,      1483,  1.295022151677E+02,  0.2742
      5414,      1484,  1.294995301039E+02,  0.2741
      5416,      1485,  1.294993577687E+02,  0.2742
      5421,      1486,  1.294869777129E+02,  0.2741
      5443,      1487,  1.294865741011E+02,  0.2732
      5448,      1488,  1.294469113498E+02,  0.2731
      5449,      1489,  1.294439235842E+02,  0.2733
      5466,      1490,  1.294437582160E+02,  0.2726
      5505,      1491,  1.294435139066E+02,  0.2708
      5508,      1492,  1.294418772458E+02,  0.2709
      5512,      1493,  1.294300299245E+02,  0.2709
      5526,      1494,  1.294199352052E+02,  0.2704
      5527,      1495,  1.294156234002E+02,  0.2705
      5549,      1496,  1.293957245212E+02,  0.2696
      5552,      1497,  1.293933941459E+02,  0.2696
      5562,      1498,  1.293609654439E+02,  0.2693
      5563,      1499,  1.293493402349E+02,  0.2695
      5568,      1500,  1.293454116624E+02,  0.2694
      5586,      1501,  1.293412655982E+02,  0.2687
      5589,      1502,  1.293412115936E+02,  0.2687
      5612,      1503,  1.293410742073E+02,  0.2678
      5630,      1504,  1.293401984999E+02,  0.2671
      5633,      1505,  1.293395606549E+02,  0.2672
      5634,      1506,  1.293393882877E+02,  0.2673
      5654,      1507,  1.293380228226E+02,  0.2665
      5662,      1508,  1.293376093521E+02,  0.2663
      5672,      1509,  1.293340685309E+02,  0.2660
      5685,      1510,  1.293298358018E+02,  0.2656
      5690,      1511,  1.293296649587E+02,  0.2656
      5692,      1512,  1.293050209678E+02,  0.2656
      5693,      1513,  1.293047151086E+02,  0.2658
      5696,      1514,  1.292854346053E+02,  0.2658
      5704,      1515,  1.292831976537E+02,  0.2656
      5708,      1516,  1.292829404538E+02,  0.2656
      5715,      1517,  1.292818623021E+02,  0.2654
      5721,      1518,  1.292814869623E+02,  0.2653
      5734,      1519,  1.292813555313E+02,  0.2649
      5735,      1520,  1.292458765726E+02,  0.2650
      5745,      1521,  1.292456426737E+02,  0.2648
      5755,      1522,  1.292455271997E+02,  0.2645
      5774,      1523,  1.292429834806E+02,  0.2638
      5775,      1524,  1.292418945318E+02,  0.2639
      5777,      1525,  1.292409313161E+02,  0.2640
      5779,      1526,  1.292384466396E+02,  0.2641
      5788,      1527,  1.292371327720E+02,  0.2638
      5790,      1528,  1.292367452483E+02,  0.2639
      5805,      1529,  1.292356306706E+02,  0.2634
      5814,      1530,  1.292274480394E+02,  0.2632
      5825,      1531,  1.292119166709E+02,  0.2628
      5828,      1532,  1.292080564518E+02,  0.2629
      5829,      1533,  1.292040303154E+02,  0.2630
      5845,      1534,  1.292028390428E+02,  0.2624
      5848,      1535,  1.292027258809E+02,  0.2625
      5850,      1536,  1.292027078095E+02,  0.2626
      5862,      1537,  1.292017952613E+02,  0.2622
      5877,      1538,  1.291961481622E+02,  0.2617
      5881,      1539,  1.291939133490E+02,  0.2617
      5897,      1540,  1.291893527350E+02,  0.2611
      5904,      1541,  1.291890820747E+02,  0.2610
      5922,      1542,  1.291883934070E+02,  0.2604
      5931,      1543,  1.291862572767E+02,  0.2602
      5947,      1544,  1.291631660053E+02,  0.2596
      5952,      1545,  1.291625014757E+02,  0.2596
      5954,      1546,  1.291506144563E+02,  0.2597
      5958,      1547,  1.291271298290E+02,  0.2597
      5967,      1548,  1.291040166677E+02,  0.2594
      5976,      1549,  1.290829749502E+02,  0.2592
      5977,      1550,  1.290241064027E+02,  0.2593
      5979,      1551,  1.290189896992E+02,  0.2594
      5988,      1552,  1.289605467351E+02,  0.2592
      5990,      1553,  1.289601748128E+02,  0.2593
      5997,      1554,  1.289600498074E+02,  0.2591
      6004,      1555,  1.289599700065E+02,  0.2590
      6005,      1556,  1.289598172510E+02,  0.2591
      6007,      1557,  1.289581619412E+02,  0.2592
      6012,      1558,  1.288499535975E+02,  0.2591
      6022,      1559,  1.288499264456E+02,  0.2589
      6037,      1560,  1.288470312444E+02,  0.2584
      6042,      1561,  1.288468795449E+02,  0.2584
      6043,      1562,  1.288261770217E+02,  0.2585
      6046,      1563,  1.288258042441E+02,  0.2585
      6047,      1564,  1.288212748709E+02,  0.2586
      6058,      1565,  1.287975665689E+02,  0.2583
      6071,      1566,  1.287926285702E+02,  0.2579
      6081,      1567,  1.287914054313E+02,  0.2577
      6091,      1568,  1.287893632737E+02,  0.2574
      6092,      1569,  1.287606682366E+02,  0.2576
      6100,      1570,  1.286935254813E+02,  0.2574
      6121,      1571,  1.286896863824E+02,  0.2567
      6152,      1572,  1.286649329314E+02,  0.2555
      6159,      1573,  1.286639197826E+02,  0.2554
      6163,      1574,  1.286637624151E+02,  0.2554
      6178,      1575,  1.286525557954E+02,  0.2549
      6180,      1576,  1.286423779826E+02,  0.2550
      6196,      1577,  1.286421520186E+02,  0.2545
      6198,      1578,  1.286061005668E+02,  0.2546
      6211,      1579,  1.286007732366E+02,  0.2542
      6227,      1580,  1.285901790098E+02,  0.2537
      6238,      1581,  1.285647321420E+02,  0.2534
      6250,      1582,  1.285530646859E+02,  0.2531
      6271,      1583,  1.285519902686E+02,  0.2524
      6272,      1584,  1.285287594190E+02,  0.2526
      6273,      1585,  1.285280278302E+02,  0.2527
      6277,      1586,  1.285260489287E+02,  0.2527
      6284,      1587,  1.285205875823E+02,  0.2525
      6297,      1588,  1.285023127129E+02,  0.2522
      6304,      1589,  1.284978638487E+02,  0.2521
      6311,      1590,  1.284923068466E+02,  0.2519
      6314,      1591,  1.284505062828E+02,  0.2520
      6319,      1592,  1.284494228539E+02,  0.2519
      6331,      1593,  1.284491819006E+02,  0.2516
      6343,      1594,  1.284478142829E+02,  0.2513
      6344,      1595,  1.284477819958E+02,  0.2514
      6347,      1596,  1.284472674489E+02,  0.2515
      6349,      1597,  1.284309629530E+02,  0.2515
      6350,      1598,  1.284274239412E+02,  0.2517
      6356,      1599,  1.284038671209E+02,  0.2516
      6362,      1600,  1.283970729709E+02,  0.2515
      6376,      1601,  1.283939386460E+02,  0.2511
      6379,      1602,  1.283586972477E+02,  0.2511
      6397,      1603,  1.283306464381E+02,  0.2506
      6400,      1604,  1.283303311642E+02,  0.2506
      6402,      1605,  1.283296950091E+02,  0.2507
      6410,      1606,  1.283179599483E+02,  0.2505
      6417,      1607,  1.283175133349E+02,  0.2504
      6418,      1608,  1.283106874808E+02,  0.2505
      6421,      1609,  1.282639417973E+02,  0.2506
      6426,      1610,  1.282541902740E+02,  0.2505
      6434,      1611,  1.282529644154E+02,  0.2504
      6435,      1612,  1.282379348878E+02,  0.2505
      6437,      1613,  1.282364397031E+02,  0.2506
      6451,      1614,  1.282213881853E+02,  0.2502
      6466,      1615,  1.282059989336E+02,  0.2498
      6473,      1616,  1.282051332437E+02,  0.2497
      6479,      1617,  1.282017927486E+02,  0.2496
      6482,      1618,  1.281997228700E+02,  0.2496
      6483,      1619,  1.281996550791E+02,  0.2497
      6494,      1620,  1.281759198795E+02,  0.2495
      6510,      1621,  1.281427812043E+02,  0.2490
      6511,      1622,  1.281419976369E+02,  0.2491
      6512,      1623,  1.281413330528E+02,  0.2492
      6517,      1624,  1.281413326223E+02,  0.2492
      6522,      1625,  1.281411432840E+02,  0.2492
      6536,      1626,  1.281094715235E+02,  0.2488
      6543,      1627,  1.281091686040E+02,  0.2487
      6544,      1628,  1.281078754052E+02,  0.2488
      6553,      1629,  1.281072860137E+02,  0.2486
      6559,      1630,  1.281071655896E+02,  0.2485
      6561,      1631,  1.281071088687E+02,  0.2486
      6570,      1632,  1.281060910352E+02,  0.2484
      6571,      1633,  1.280962293719E+02,  0.2485
      6587,      1634,  1.280950631351E+02,  0.2481
      6593,      1635,  1.280603101476E+02,  0.2480
      6599,      1636,  1.280532408625E+02,  0.2479
      6603,      1637,  1.280524195304E+02,  0.2479
      6621,      1638,  1.280491357887E+02,  0.2474
      6626,      1639,  1.280392380904E+02,  0.2474
      6632,      1640,  1.280361372925E+02,  0.2473
      6633,      1641,  1.279847487529E+02,  0.2474
      6646,      1642,  1.279365959900E+02,  0.2471
      6667,      1643,  1.279355418276E+02,  0.2464
      6677,      1644,  1.279338203007E+02,  0.2462
      6679,      1645,  1.279240350711E+02,  0.2463
      6686,      1646,  1.279237072812E+02,  0.2462
      6703,      1647,  1.279197712867E+02,  0.2457
      6710,      1648,  1.279174086648E+02,  0.2456
      6722,      1649,  1.279171660171E+02,  0.2453
      6725,      1650,  1.279170488095E+02,  0.2454
      6731,      1651,  1.279164092035E+02,  0.2453
      6745,      1652,  1.279125814956E+02,  0.2449
      6746,      1653,  1.279120250984E+02,  0.2450
      6760,      1654,  1.279119996608E+02,  0.2447
      6761,      1655,  1.279114099026E+02,  0.2448
      6764,      1656,  1.279105425014E+02,  0.2448
      6765,      1657,  1.279105409298E+02,  0.2449
      6774,      1658,  1.279100842419E+02,  0.2448
      6779,      1659,  1.279063020053E+02,  0.2447
      6785,      1660,  1.279059600440E+02,  0.2447
      6797,      1661,  1.279024312443E+02,  0.2444
      6812,      1662,  1.279008618369E+02,  0.2440
      6822,      1663,  1.278998041139E+02,  0.2438
      6836,      1664,  1.278993202061E+02,  0.2434
      6839,      1665,  1.278980578777E+02,  0.2435
      6843,      1666,  1.278747437362E+02,  0.2435
      6846,      1667,  1.278196683054E+02,  0.2435
      6851,      1668,  1.278170588822E+02,  0.2435
      6870,      1669,  1.276982817672E+02,  0.2429
      6881,      1670,  1.276888207164E+02,  0.2427
      6886,      1671,  1.276744685580E+02,  0.2427
      6889,      1672,  1.276742531642E+02,  0.2427
      6903,      1673,  1.275983817194E+02,  0.2424
      6906,      1674,  1.275902744268E+02,  0.2424
      6909,      1675,  1.275899046429E+02,  0.2424
      6917,      1676,  1.275481663071E+02,  0.2423
      6921,      1677,  1.275102980272E+02,  0.2423
      6930,      1678,  1.275063221098E+02,  0.2421
      6938,      1679,  1.275054138686E+02,  0.2420
      6943,      1680,  1.274997466613E+02,  0.2420
      6945,      1681,  1.274961479171E+02,  0.2420
      6951,      1682,  1.274939058392E+02,  0.2420
      6953,      1683,  1.274937727730E+02,  0.2421
      6964,      1684,  1.274931645290E+02,  0.2418
      6967,      1685,  1.274931057028E+02,  0.2419
      6969,      1686,  1.274918605955E+02,  0.2419
      6974,      1687,  1.274911654314E+02,  0.2419
      6981,      1688,  1.274548668488E+02,  0.2418
      6992,      1689,  1.274391209197E+02,  0.2416
      6994,      1690,  1.274357026129E+02,  0.2416
      6996,      1691,  1.274332144171E+02,  0.2417
      7006,      1692,  1.274231341191E+02,  0.2415
      7008,      1693,  1.274046495751E+02,  0.2416
      7025,      1694,  1.274046265287E+02,  0.2411
      7039,      1695,  1.274041633242E+02,  0.2408
      7042,      1696,  1.274026577716E+02,  0.2408
      7049,      1697,  1.273511742201E+02,  0.2407
      7050,      1698,  1.272808043143E+02,  0.2409
      7061,      1699,  1.272759255848E+02,  0.2406
      7066,      1700,  1.272738973854E+02,  0.2406
      7070,      1701,  1.272734957278E+02,  0.2406
      7077,      1702,  1.272435840221E+02,  0.2405
      7085,      1703,  1.272435507211E+02,  0.2404
      7088,      1704,  1.272435014369E+02,  0.2404
      7090,      1705,  1.271757309095E+02,  0.2405
      7102,      1706,  1.271732345829E+02,  0.2402
      7103,      1707,  1.271721142511E+02,  0.2403
      7108,      1708,  1.271584059790E+02,  0.2403
      7109,      1709,  1.271566044120E+02,  0.2404
      7115,      1710,  1.271082160431E+02,  0.2403
      7117,      1711,  1.271028236945E+02,  0.2404
      7118,      1712,  1.270877114144E+02,  0.2405
      7145,      1713,  1.270714820288E+02,  0.2397
      7153,      1714,  1.270707398231E+02,  0.2396
      7162,      1715,  1.270115911177E+02,  0.2395
      7165,      1716,  1.270115224859E+02,  0.2395
      7173,      1717,  1.270108842206E+02,  0.2394
      7188,      1718,  1.270107574549E+02,  0.2390
      7208,      1719,  1.270085685914E+02,  0.2385
      7222,      1720,  1.270080814238E+02,  0.2382
      7237,      1721,  1.270069663789E+02,  0.2378
      7251,      1722,  1.270033860044E+02,  0.2375
      7254,      1723,  1.270030966559E+02,  0.2375
      7260,      1724,  1.269556358446E+02,  0.2375
      7265,      1725,  1.269541956020E+02,  0.2374
      7299,      1726,  1.269533750227E+02,  0.2365
      7305,      1727,  1.269500486809E+02,  0.2364
      7328,      1728,  1.269482701157E+02,  0.2358
      7336,      1729,  1.269481563454E+02,  0.2357
      7338,      1730,  1.269471048913E+02,  0.2358
      7345,      1731,  1.269426335037E+02,  0.2357
      7347,      1732,  1.269389313528E+02,  0.2357
      7366,      1733,  1.269388690025E+02,  0.2353
      7378,      1734,  1.269202358551E+02,  0.2350
      7384,      1735,  1.269202026875E+02,  0.2350
      7386,      1736,  1.269170102832E+02,  0.2350
      7395,      1737,  1.269154817802E+02,  0.2349
      7408,      1738,  1.269151161242E+02,  0.2346
      7428,      1739,  1.269151095586E+02,  0.2341
      7432,      1740,  1.269146990514E+02,  0.2341
      7436,      1741,  1.269130878784E+02,  0.2341
      7439,      1742,  1.268947140232E+02,  0.2342
      7472,      1743,  1.268903599008E+02,  0.2333
      7477,      1744,  1.268897024811E+02,  0.2332
      7487,      1745,  1.268801070138E+02,  0.2331
      7503,      1746,  1.268765942914E+02,  0.2327
      7511,      1747,  1.268524829959E+02,  0.2326
      7524,      1748,  1.268478835355E+02,  0.2323
      7526,      1749,  1.268338179212E+02,  0.2324
      7561,      1750,  1.268317011291E+02,  0.2315
      7565,      1751,  1.268315251000E+02,  0.2315
      7574,      1752,  1.268308692622E+02,  0.2313
      7621,      1753,  1.268306501478E+02,  0.2300
      7629,      1754,  1.268293606057E+02,  0.2299
      7639,      1755,  1.268268396376E+02,  0.2297
      7649,      1756,  1.268208583014E+02,  0.2296
      7656,      1757,  1.268208436017E+02,  0.2295
      7660,      1758,  1.268195854139E+02,  0.2295
      7684,      1759,  1.268192354624E+02,  0.2289
      7695,      1760,  1.268190901805E+02,  0.2287
      7698,      1761,  1.267661813968E+02,  0.2288
      7703,      1762,  1.267058186719E+02,  0.2287
      7712,      1763,  1.267052992283E+02,  0.2286
      7719,      1764,  1.267050598047E+02,  0.2285
      7724,      1765,  1.267027425401E+02,  0.2285
      7732,      1766,  1.267024260265E+02,  0.2284
      7746,      1767,  1.267024136671E+02,  0.2281
      7761,      1768,  1.267011186146E+02,  0.2278
      7774,      1769,  1.266989801879E+02,  0.2276
      7794,      1770,  1.266947001274E+02,  0.2271
      7804,      1771,  1.266920073911E+02,  0.2269
      7806,      1772,  1.266916798979E+02,  0.2270
      7814,      1773,  1.266879243076E+02,  0.2269
      7824,      1774,  1.266862245038E+02,  0.2267
      7825,      1775,  1.266519418874E+02,  0.2268
      7835,      1776,  1.266505191087E+02,  0.2267
      7836,      1777,  1.266502163899E+02,  0.2268
      7840,      1778,  1.266502133972E+02,  0.2268
      7855,      1779,  1.266491297557E+02,  0.2265
      7865,      1780,  1.266490442883E+02,  0.2263
      7883,      1781,  1.266462372329E+02,  0.2259
      7898,      1782,  1.266381549253E+02,  0.2256
      7906,      1783,  1.265742680484E+02,  0.2255
      7921,      1784,  1.265649056447E+02,  0.2252
      7932,      1785,  1.265646819316E+02,  0.2250
      7935,      1786,  1.265636010476E+02,  0.2251
      7942,      1787,  1.265628588322E+02,  0.2250
      7950,      1788,  1.265049760042E+02,  0.2249
      7955,      1789,  1.264954465672E+02,  0.2249
      7973,      1790,  1.264952678353E+02,  0.2245
      7985,      1791,  1.264945098407E+02,  0.2243
      7993,      1792,  1.264935239618E+02,  0.2242
      7998,      1793,  1.264923791083E+02,  0.2242
      8001,      1794,  1.264914981251E+02,  0.2242
      8017,      1795,  1.264903834018E+02,  0.2239
      8023,      1796,  1.264603135130E+02,  0.2239
      8029,      1797,  1.264599642810E+02,  0.2238
      8031,      1798,  1.264597369390E+02,  0.2239
      8036,      1799,  1.264546268373E+02,  0.2239
      8046,      1800,  1.264538019688E+02,  0.2237
      8048,      1801,  1.264467030567E+02,  0.2238
      8049,      1802,  1.264386459279E+02,  0.2239
      8059,      1803,  1.264373968295E+02,  0.2237
      8069,      1804,  1.264373727221E+02,  0.2236
      8070,      1805,  1.264214301693E+02,  0.2237
      8086,      1806,  1.264213443952E+02,  0.2233
      8093,      1807,  1.264041975428E+02,  0.2233
      8102,      1808,  1.264037236802E+02,  0.2232
      8109,      1809,  1.264026276031E+02,  0.2231
      8110,      1810,  1.263991774130E+02,  0.2232
      8123,      1811,  1.263989439206E+02,  0.2229
      8133,      1812,  1.263958581386E+02,  0.2228
      8144,      1813,  1.263958366591E+02,  0.2226
      8149,      1814,  1.263957091249E+02,  0.2226
      8158,      1815,  1.263945077906E+02,  0.2225
      8165,      1816,  1.263931937402E+02,  0.2224
      8171,      1817,  1.263931861221E+02,  0.2224
      8179,      1818,  1.263931850013E+02,  0.2223
      8203,      1819,  1.263915132011E+02,  0.2217
      8210,      1820,  1.263850156183E+02,  0.2217
      8216,      1821,  1.263718163861E+02,  0.2216
      8259,      1822,  1.263679601662E+02,  0.2206
      8260,      1823,  1.263360196956E+02,  0.2207
      8267,      1824,  1.263356240870E+02,  0.2206
      8278,      1825,  1.263328011332E+02,  0.2205
      8299,      1826,  1.263303930519E+02,  0.2200
      8303,      1827,  1.263077051394E+02,  0.2200
      8317,      1828,  1.262871224902E+02,  0.2198
      8330,      1829,  1.262757871736E+02,  0.2196
      8342,      1830,  1.262750383476E+02,  0.2194
      8343,      1831,  1.262749996708E+02,  0.2195
      8355,      1832,  1.262694076157E+02,  0.2193
      8382,      1833,  1.262691123977E+02,  0.2187
      8399,      1834,  1.262679236628E+02,  0.2184
      8403,      1835,  1.262672739819E+02,  0.2184
      8404,      1836,  1.262664725404E+02,  0.2185
      8407,      1837,  1.262659463428E+02,  0.2185
      8409,      1838,  1.262655995993E+02,  0.2186
      8412,      1839,  1.262649166032E+02,  0.2186
      8413,      1840,  1.262614411540E+02,  0.2187
      8443,      1841,  1.262601734941E+02,  0.2181
      8467,      1842,  1.262554169149E+02,  0.2176
      8517,      1843,  1.262509376265E+02,  0.2164
      8520,      1844,  1.262508845515E+02,  0.2164
      8524,      1845,  1.262506271747E+02,  0.2164
      8529,      1846,  1.262501567458E+02,  0.2164
      8536,      1847,  1.262492556397E+02,  0.2164
      8574,      1848,  1.262444005014E+02,  0.2155
      8578,      1849,  1.262401638068E+02,  0.2156
      8590,      1850,  1.262401365806E+02,  0.2154
      8595,      1851,  1.262384562834E+02,  0.2154
      8599,      1852,  1.262375807832E+02,  0.2154
      8602,      1853,  1.262370365024E+02,  0.2154
      8607,      1854,  1.262368860200E+02,  0.2154
      8615,      1855,  1.262364689567E+02,  0.2153
      8632,      1856,  1.262364383229E+02,  0.2150
      8637,      1857,  1.262361340203E+02,  0.2150
      8649,      1858,  1.262303278475E+02,  0.2148
      8677,      1859,  1.262259106403E+02,  0.2142
      8680,      1860,  1.262258733264E+02,  0.2143
      8681,      1861,  1.262246776893E+02,  0.2144
      8696,      1862,  1.261956791743E+02,  0.2141
      8701,      1863,  1.261906926013E+02,  0.2141
      8716,      1864,  1.261901709840E+02,  0.2139
      8717,      1865,  1.261843496551E+02,  0.2139
      8722,      1866,  1.261830545184E+02,  0.2139
      8728,      1867,  1.261638913715E+02,  0.2139
      8740,      1868,  1.261426457614E+02,  0.2137
      8762,      1869,  1.261200592251E+02,  0.2133
      8767,      1870,  1.261183047021E+02,  0.2133
      8771,      1871,  1.261180523695E+02,  0.2133
      8772,      1872,  1.261159600787E+02,  0.2134
      8773,      1873,  1.261159006681E+02,  0.2135
      8781,      1874,  1.261122594331E+02,  0.2134
      8782,      1875,  1.261121994803E+02,  0.2135
      8784,      1876,  1.261113016254E+02,  0.2136
      8789,      1877,  1.261095776971E+02,  0.2136
      8791,      1878,  1.260746523516E+02,  0.2136
      8799,      1879,  1.260743550160E+02,  0.2135
      8808,      1880,  1.260742010042E+02,  0.2134
      8856,      1881,  1.260498798499E+02,  0.2124
      8871,      1882,  1.260493053632E+02,  0.2122
      8872,      1883,  1.260433621034E+02,  0.2122
      8873,      1884,  1.260421341983E+02,  0.2123
      8880,      1885,  1.260421294708E+02,  0.2123
      8900,      1886,  1.260420673612E+02,  0.2119
      8903,      1887,  1.260410422220E+02,  0.2120
      8904,      1888,  1.260404459710E+02,  0.2120
      8905,      1889,  1.260268579638E+02,  0.2121
      8917,      1890,  1.260265306021E+02,  0.2120
      8925,      1891,  1.260262434485E+02,  0.2119
      8934,      1892,  1.260185230051E+02,  0.2118
      8937,      1893,  1.260141269834E+02,  0.2118
      8952,      1894,  1.259636301954E+02,  0.2116
      8988,      1895,  1.259630062021E+02,  0.2108
      8989,      1896,  1.259628883360E+02,  0.2109
      8997,      1897,  1.259616008568E+02,  0.2108
      9000,      1898,  1.259615463226E+02,  0.2109
      9047,      1899,  1.259615404330E+02,  0.2099
      9068,      1900,  1.259422783713E+02,  0.2095
      9072,      1901,  1.259165716065E+02,  0.2095
      9085,      1902,  1.259112402603E+02,  0.2094
      9087,      1903,  1.259102218220E+02,  0.2094
      9088,      1904,  1.259088949266E+02,  0.2095
      9090,      1905,  1.259072351988E+02,  0.2096
      9091,      1906,  1.258498235330E+02,  0.2097
      9101,      1907,  1.258487727189E+02,  0.2095
      9140,      1908,  1.258486953131E+02,  0.2088
      9150,      1909,  1.258481057432E+02,  0.2086
      9153,      1910,  1.258387523720E+02,  0.2087
      9167,      1911,  1.258382041315E+02,  0.2085
      9190,      1912,  1.258370271190E+02,  0.2081
      9198,      1913,  1.258369445918E+02,  0.2080
      9239,      1914,  1.258367422077E+02,  0.2072
      9247,      1915,  1.258358964790E+02,  0.2071
      9250,      1916,  1.258352436117E+02,  0.2071
      9271,      1917,  1.258352372962E+02,  0.2068
      9291,      1918,  1.258308356768E+02,  0.2064
      9294,      1919,  1.258300490714E+02,  0.2065
      9305,      1920,  1.258289549117E+02,  0.2063
      9316,      1921,  1.258264575219E+02,  0.2062
      9324,      1922,  1.258260966166E+02,  0.2061
      9326,      1923,  1.258251832342E+02,  0.2062
      9336,      1924,  1.258250335725E+02,  0.2061
      9337,      1925,  1.258227721115E+02,  0.2062
      9339,      1926,  1.258224999567E+02,  0.2062
      9345,      1927,  1.258219163413E+02,  0.2062
      9360,      1928,  1.258218055011E+02,  0.2060
      9366,      1929,  1.258207624126E+02,  0.2060
      9377,      1930,  1.258155684005E+02,  0.2058
      9392,      1931,  1.258149839951E+02,  0.2056
      9409,      1932,  1.258135918510E+02,  0.2053
      9422,      1933,  1.258135086287E+02,  0.2052
      9427,      1934,  1.258130378871E+02,  0.2052
      9451,      1935,  1.258128263575E+02,  0.2047
      9464,      1936,  1.258127938722E+02,  0.2046
      9489,      1937,  1.258073607989E+02,  0.2041
      9516,      1938,  1.258068700096E+02,  0.2037
      9534,      1939,  1.258062525441E+02,  0.2034
      9558,      1940,  1.257981253912E+02,  0.2030
      9560,      1941,  1.257973128990E+02,  0.2030
      9595,      1942,  1.257923582813E+02,  0.2024
      9615,      1943,  1.257919799517E+02,  0.2021
      9673,      1944,  1.257914036064E+02,  0.2010
      9683,      1945,  1.257838259396E+02,  0.2009
      9686,      1946,  1.257816860564E+02,  0.2009
      9723,      1947,  1.257812011498E+02,  0.2002
      9735,      1948,  1.257811715847E+02,  0.2001
      9741,      1949,  1.257795166893E+02,  0.2001
      9766,      1950,  1.257679082376E+02,  0.1997
      9767,      1951,  1.257672011987E+02,  0.1998
      9774,      1952,  1.257670915420E+02,  0.1997
      9787,      1953,  1.257668220862E+02,  0.1996
      9790,      1954,  1.257658041162E+02,  0.1996
      9808,      1955,  1.257653760288E+02,  0.1993
      9818,      1956,  1.257649282497E+02,  0.1992
      9844,      1957,  1.257599566972E+02,  0.1988
      9847,      1958,  1.257569512726E+02,  0.1988
      9849,      1959,  1.257568256511E+02,  0.1989
      9869,      1960,  1.257551604913E+02,  0.1986
      9876,      1961,  1.257551088752E+02,  0.1986
      9880,      1962,  1.257546422040E+02,  0.1986
      9891,      1963,  1.257546221003E+02,  0.1985
      9931,      1964,  1.257541303861E+02,  0.1978
      9960,      1965,  1.257538798750E+02,  0.1973
      9962,      1966,  1.257537775023E+02,  0.1973
      9967,      1967,  1.257532062552E+02,  0.1974
      9974,      1968,  1.257530960809E+02,  0.1973
      9981,      1969,  1.257529442442E+02,  0.1973
      9983,      1970,  1.257520493291E+02,  0.1973
      9998,      1971,  1.257518837073E+02,  0.1971
     10000,      1972,  1.257476757326E+02,  0.1972
     10011,      1973,  1.257473178913E+02,  0.1971
     10082,      1974,  1.257214971864E+02,  0.1958
     10091,      1975,  1.257209931318E+02,  0.1957
     10125,      1976,  1.257202899680E+02,  0.1952
     10172,      1977,  1.257201961161E+02,  0.1944
     10230,      1978,  1.257201382814E+02,  0.1934
     10253,      1979,  1.257201250793E+02,  0.1930
     10264,      1980,  1.257197821585E+02,  0.1929
     10277,      1981,  1.257022855098E+02,  0.1928
     10283,      1982,  1.257021022742E+02,  0.1927
     10307,      1983,  1.257017680299E+02,  0.1924
     10316,      1984,  1.257017031696E+02,  0.1923
     10319,      1985,  1.257015661168E+02,  0.1924
     10335,      1986,  1.257008128005E+02,  0.1922
     10343,      1987,  1.256936826718E+02,  0.1921
     10351,      1988,  1.256811572443E+02,  0.1921
     10361,      1989,  1.256810180954E+02,  0.1920
     10377,      1990,  1.256809977114E+02,  0.1918
     10382,      1991,  1.256808665973E+02,  0.1918
     10464,      1992,  1.256766345890E+02,  0.1904
     10467,      1993,  1.256745547576E+02,  0.1904
     10486,      1994,  1.256743190604E+02,  0.1902
     10500,      1995,  1.256734432378E+02,  0.1900
     10502,      1996,  1.256350135277E+02,  0.1901
     10599,      1997,  1.256340612567E+02,  0.1884
     10620,      1998,  1.256339140228E+02,  0.1881
     10662,      1999,  1.256333572573E+02,  0.1875
     10699,      2000,  1.256294072395E+02,  0.1869
     10717,      2001,  1.256293590589E+02,  0.1867
     10764,      2002,  1.256289583155E+02,  0.1860
     10770,      2003,  1.256287486198E+02,  0.1860
     10772,      2004,  1.256276287870E+02,  0.1860
     10839,      2005,  1.256270182171E+02,  0.1850
     10885,      2006,  1.256260685835E+02,  0.1843
     10906,      2007,  1.256258209834E+02,  0.1840
     10916,      2008,  1.256251663908E+02,  0.1840
     10919,      2009,  1.256249510986E+02,  0.1840
     10922,      2010,  1.256246912795E+02,  0.1840
     10939,      2011,  1.256246140098E+02,  0.1838
     10969,      2012,  1.256128024657E+02,  0.1834
     10994,      2013,  1.256117376571E+02,  0.1831
     11016,      2014,  1.256114347470E+02,  0.1828
     11055,      2015,  1.256113216306E+02,  0.1823
     11067,      2016,  1.256112015778E+02,  0.1822
     11089,      2017,  1.256072697828E+02,  0.1819
     11138,      2018,  1.256071839436E+02,  0.1812
     11242,      2019,  1.256070641865E+02,  0.1796
     11245,      2020,  1.256053276160E+02,  0.1796
     11251,      2021,  1.256050359704E+02,  0.1796
     11256,      2022,  1.256047931277E+02,  0.1796
     11272,      2023,  1.255915602321E+02,  0.1795
     11280,      2024,  1.255914984667E+02,  0.1794
     11308,      2025,  1.255881178366E+02,  0.1791
     11315,      2026,  1.255880455649E+02,  0.1791
     11318,      2027,  1.255878099189E+02,  0.1791
     11358,      2028,  1.255866632343E+02,  0.1786
     11374,      2029,  1.255865742276E+02,  0.1784
     11419,      2030,  1.255865351858E+02,  0.1778
     11429,      2031,  1.255783815120E+02,  0.1777
     11443,      2032,  1.255783036451E+02,  0.1776
     11472,      2033,  1.255771053907E+02,  0.1772
     11480,      2034,  1.255765765689E+02,  0.1772
     11483,      2035,  1.255764326500E+02,  0.1772
     11490,      2036,  1.255762926521E+02,  0.1772
     11498,      2037,  1.255743981318E+02,  0.1772
     11528,      2038,  1.255671732889E+02,  0.1768
     11550,      2039,  1.255667453169E+02,  0.1765
     11600,      2040,  1.255666330433E+02,  0.1759
     11608,      2041,  1.255664421262E+02,  0.1758
     11613,      2042,  1.255661941094E+02,  0.1758
     11633,      2043,  1.255656861907E+02,  0.1756
     11636,      2044,  1.255634555616E+02,  0.1757
     11659,      2045,  1.255631562058E+02,  0.1754
     11665,      2046,  1.255625156052E+02,  0.1754
     11698,      2047,  1.255624718818E+02,  0.1750
     11705,      2048,  1.255617860258E+02,  0.1750
     11713,      2049,  1.255609161134E+02,  0.1749
     11728,      2050,  1.255604170923E+02,  0.1748
     11756,      2051,  1.255573459614E+02,  0.1745
     11774,      2052,  1.255569682635E+02,  0.1743
     11794,      2053,  1.255557864284E+02,  0.1741
     11801,      2054,  1.255543576449E+02,  0.1741
     11857,      2055,  1.255541340569E+02,  0.1733
     11874,      2056,  1.255537198993E+02,  0.1732
     11914,      2057,  1.255535587834E+02,  0.1727
     11926,      2058,  1.255494042081E+02,  0.1726
     11927,      2059,  1.255488410991E+02,  0.1726
     11995,      2060,  1.255484978838E+02,  0.1717
     11996,      2061,  1.255484701362E+02,  0.1718
     12062,      2062,  1.255481024232E+02,  0.1710
     12079,      2063,  1.255455007672E+02,  0.1708
     12122,      2064,  1.255222729275E+02,  0.1703
     12132,      2065,  1.255217870461E+02,  0.1702
     12138,      2066,  1.255209037351E+02,  0.1702
     12140,      2067,  1.255206846833E+02,  0.1703
     12157,      2068,  1.255203168302E+02,  0.1701
     12179,      2069,  1.255186719557E+02,  0.1699
     12185,      2070,  1.255184696848E+02,  0.1699
     12195,      2071,  1.255179964996E+02,  0.1698
     12258,      2072,  1.255118310012E+02,  0.1690
     12277,      2073,  1.255104244761E+02,  0.1689
     12286,      2074,  1.255098496648E+02,  0.1688
     12329,      2075,  1.255097762949E+02,  0.1683
     12395,      2076,  1.255091591261E+02,  0.1675
     12399,      2077,  1.255090009535E+02,  0.1675
     12431,      2078,  1.255087163776E+02,  0.1672
     12466,      2079,  1.255086993147E+02,  0.1668
     12479,      2080,  1.255083839909E+02,  0.1667
     12506,      2081,  1.255081088087E+02,  0.1664
     12513,      2082,  1.255077736204E+02,  0.1664
     12534,      2083,  1.255076749451E+02,  0.1662
     12564,      2084,  1.255050841180E+02,  0.1659
     12712,      2085,  1.255013440663E+02,  0.1640
     12751,      2086,  1.255013338942E+02,  0.1636
     12764,      2087,  1.255012294571E+02,  0.1635
     12767,      2088,  1.255010561126E+02,  0.1635
     12777,      2089,  1.254989462368E+02,  0.1635
     12798,      2090,  1.254978274718E+02,  0.1633
     12828,      2091,  1.254974890805E+02,  0.1630
     12846,      2092,  1.254974442163E+02,  0.1629
     12855,      2093,  1.254973491919E+02,  0.1628
     12858,      2094,  1.254971221788E+02,  0.1629
     12903,      2095,  1.254971011319E+02,  0.1624
     12933,      2096,  1.254970655853E+02,  0.1621
     12979,      2097,  1.254969726769E+02,  0.1616
     12993,      2098,  1.254959110348E+02,  0.1615
     13017,      2099,  1.254951480053E+02,  0.1613
     13030,      2100,  1.254937195200E+02,  0.1612
     13034,      2101,  1.254936011094E+02,  0.1612
     13092,      2102,  1.254888038632E+02,  0.1606
     13094,      2103,  1.254883815079E+02,  0.1606
     13127,      2104,  1.254882966999E+02,  0.1603
     13160,      2105,  1.254882437565E+02,  0.1600
     13190,      2106,  1.254845163078E+02,  0.1597
     13224,      2107,  1.254842542021E+02,  0.1593
     13265,      2108,  1.254839040171E+02,  0.1589
     13318,      2109,  1.254833450508E+02,  0.1584
     13354,      2110,  1.254833248484E+02,  0.1580
     13370,      2111,  1.254831936857E+02,  0.1579
     13400,      2112,  1.254830158331E+02,  0.1576
     13405,      2113,  1.254824452333E+02,  0.1576
     13437,      2114,  1.254819971760E+02,  0.1573
     13443,      2115,  1.254818989370E+02,  0.1573
     13461,      2116,  1.254817793503E+02,  0.1572
     13471,      2117,  1.254749905499E+02,  0.1572
     13474,      2118,  1.254748693854E+02,  0.1572
     13516,      2119,  1.254746854547E+02,  0.1568
     13551,      2120,  1.254744318289E+02,  0.1564
     13578,      2121,  1.254744154456E+02,  0.1562
     13605,      2122,  1.254646520114E+02,  0.1560
     13632,      2123,  1.254643949622E+02,  0.1557
     13639,      2124,  1.254623072385E+02,  0.1557
     13657,      2125,  1.254620893835E+02,  0.1556
     13672,      2126,  1.254620319316E+02,  0.1555
     13728,      2127,  1.254620103331E+02,  0.1549
     13927,      2128,  1.254613363682E+02,  0.1528
     13933,      2129,  1.254611901901E+02,  0.1528
     13960,      2130,  1.254490358892E+02,  0.1526
     13972,      2131,  1.254489511333E+02,  0.1525
     14026,      2132,  1.254489060592E+02,  0.1520
     14077,      2133,  1.254489004556E+02,  0.1515
     14080,      2134,  1.254486710597E+02,  0.1516
     14113,      2135,  1.254484765348E+02,  0.1513
     14135,      2136,  1.254461667010E+02,  0.1511
     14142,      2137,  1.254460165957E+02,  0.1511
     14163,      2138,  1.254459395209E+02,  0.1510
     14222,      2139,  1.254459137154E+02,  0.1504
     14229,      2140,  1.254458346936E+02,  0.1504
     14381,      2141,  1.254457226659E+02,  0.1489
     14404,      2142,  1.254457164951E+02,  0.1487
     14441,      2143,  1.254453187985E+02,  0.1484
     14474,      2144,  1.254452763306E+02,  0.1481
     14487,      2145,  1.254450617604E+02,  0.1481
     14546,      2146,  1.254449897901E+02,  0.1475
     14681,      2147,  1.254449829460E+02,  0.1462
     14709,      2148,  1.254449707131E+02,  0.1460
     14935,      2149,  1.254447218646E+02,  0.1439
     14967,      2150,  1.254444285917E+02,  0.1436
     15000,      2151,  1.254444279587E+02,  0.1434
     15017,      2152,  1.254443613321E+02,  0.1433
     15113,      2153,  1.254442848150E+02,  0.1425
     15124,      2154,  1.254442251865E+02,  0.1424
     15346,      2155,  1.254441686563E+02,  0.1404
     15421,      2156,  1.254441422701E+02,  0.1398
     15429,      2157,  1.254439767761E+02,  0.1398
     15443,      2158,  1.254439750003E+02,  0.1397
     15482,      2159,  1.254439303354E+02,  0.1395
     15566,      2160,  1.254439225436E+02,  0.1388
     15577,      2161,  1.254438494700E+02,  0.1387
     15600,      2162,  1.254432267084E+02,  0.1386
     15640,      2163,  1.254424440153E+02,  0.1383
     15676,      2164,  1.254419994850E+02,  0.1380
     15684,      2165,  1.254419534402E+02,  0.1380
     15720,      2166,  1.254418617836E+02,  0.1378
     15794,      2167,  1.254392641858E+02,  0.1372
     15826,      2168,  1.254391481529E+02,  0.1370
     15872,      2169,  1.254391259409E+02,  0.1367
     15888,      2170,  1.254355219173E+02,  0.1366
     15914,      2171,  1.254324270360E+02,  0.1364
     16034,      2172,  1.254322535459E+02,  0.1355
     16270,      2173,  1.254302463779E+02,  0.1336
     16364,      2174,  1.254302455916E+02,  0.1329
     16377,      2175,  1.254302353021E+02,  0.1328
     16385,      2176,  1.254302308936E+02,  0.1328
     16444,      2177,  1.254301328973E+02,  0.1324
     16450,      2178,  1.254286097108E+02,  0.1324
     16548,      2179,  1.254286009513E+02,  0.1317
     16578,      2180,  1.254285727353E+02,  0.1315
     16679,      2181,  1.254284722211E+02,  0.1308
     16701,      2182,  1.254283557410E+02,  0.1307
     16832,      2183,  1.254278497484E+02,  0.1297
     16846,      2184,  1.254278395032E+02,  0.1296
     16930,      2185,  1.254277244656E+02,  0.1291
     17049,      2186,  1.254276455674E+02,  0.1282
     17149,      2187,  1.254276175967E+02,  0.1275
     17217,      2188,  1.254276055096E+02,  0.1271
     17402,      2189,  1.254264914774E+02,  0.1258
     17560,      2190,  1.254264732716E+02,  0.1247
     17626,      2191,  1.254264093986E+02,  0.1243
     17684,      2192,  1.254255118676E+02,  0.1240
     17740,      2193,  1.254158774449E+02,  0.1236
     17806,      2194,  1.254158713616E+02,  0.1232
     17867,      2195,  1.254124215306E+02,  0.1229
     18044,      2196,  1.254122477299E+02,  0.1217
     18095,      2197,  1.254119752405E+02,  0.1214
     18180,      2198,  1.254119695614E+02,  0.1209
     18216,      2199,  1.254111906851E+02,  0.1207
     18231,      2200,  1.254111552441E+02,  0.1207
     18477,      2201,  1.254086977620E+02,  0.1191
     18515,      2202,  1.254002962715E+02,  0.1189
     18592,      2203,  1.253985404809E+02,  0.1185
     18732,      2204,  1.253983110921E+02,  0.1177
     18735,      2205,  1.253959589844E+02,  0.1177
     18790,      2206,  1.253954540847E+02,  0.1174
     18844,      2207,  1.253928781880E+02,  0.1171
     18871,      2208,  1.253926450813E+02,  0.1170
     18904,      2209,  1.253922936520E+02,  0.1169
     18918,      2210,  1.253922579132E+02,  0.1168
     18977,      2211,  1.253922192191E+02,  0.1165
     18983,      2212,  1.253921163979E+02,  0.1165
     18987,      2213,  1.253920911105E+02,  0.1166
     19036,      2214,  1.253918583980E+02,  0.1163
     19071,      2215,  1.253917086734E+02,  0.1161
     19212,      2216,  1.253906389015E+02,  0.1153
     19232,      2217,  1.253906163700E+02,  0.1153
     19290,      2218,  1.253902509054E+02,  0.1150
     19542,      2219,  1.253892318230E+02,  0.1136
     19627,      2220,  1.253891636215E+02,  0.1131
     19763,      2221,  1.253891598888E+02,  0.1124
     20017,      2222,  1.253890531155E+02,  0.1110
     20020,      2223,  1.253889701585E+02,  0.1110
     20208,      2224,  1.253889632442E+02,  0.1101
     20221,      2225,  1.253889396522E+02,  0.1100
     20536,      2226,  1.253889312975E+02,  0.1084
     20632,      2227,  1.253887904882E+02,  0.1079
     20781,      2228,  1.253887288707E+02,  0.1072
     20867,      2229,  1.253886975616E+02,  0.1068
     20924,      2230,  1.253886657144E+02,  0.1066
     21077,      2231,  1.253886532907E+02,  0.1058
     21327,      2232,  1.253886433627E+02,  0.1047
     21557,      2233,  1.253881173500E+02,  0.1036
     21575,      2234,  1.253870727896E+02,  0.1035
     21699,      2235,  1.253859722884E+02,  0.1030
     21762,      2236,  1.253844837634E+02,  0.1027
     21766,      2237,  1.253844806436E+02,  0.1028
     22266,      2238,  1.253844635751E+02,  0.1005
     22388,      2239,  1.253844502170E+02,  0.1000
     22601,      2240,  1.253843587690E+02,  0.0991
     22616,      2241,  1.253843332930E+02,  0.0991
     22669,      2242,  1.253843033560E+02,  0.0989
     22770,      2243,  1.253842650133E+02,  0.0985
     22995,      2244,  1.253835464672E+02,  0.0976
     23086,      2245,  1.253831118027E+02,  0.0972
     23112,      2246,  1.253816970731E+02,  0.0972
     23349,      2247,  1.253815930216E+02,  0.0962
     23466,      2248,  1.253762227820E+02,  0.0958
     23749,      2249,  1.253762144095E+02,  0.0947
     23772,      2250,  1.253762014637E+02,  0.0946
     23807,      2251,  1.253761137387E+02,  0.0946
     23874,      2252,  1.253761098157E+02,  0.0943
     23991,      2253,  1.253761020552E+02,  0.0939
     24089,      2254,  1.253760725696E+02,  0.0936
     24267,      2255,  1.253746345468E+02,  0.0929
     24402,      2256,  1.253746335579E+02,  0.0925
     25162,      2257,  1.253746310492E+02,  0.0897
     25427,      2258,  1.253741532861E+02,  0.0888
     25474,      2259,  1.253741482437E+02,  0.0887
     25845,      2260,  1.253741473207E+02,  0.0874
     25920,      2261,  1.253739126402E+02,  0.0872
     26370,      2262,  1.253731219800E+02,  0.0858
     26510,      2263,  1.253712997406E+02,  0.0854
     26553,      2264,  1.253712365601E+02,  0.0853
     26567,      2265,  1.253711996186E+02,  0.0853
     26830,      2266,  1.253690602962E+02,  0.0845
     26896,      2267,  1.253633182949E+02,  0.0843
     26980,      2268,  1.253632752784E+02,  0.0841
     27123,      2269,  1.253632563016E+02,  0.0837
     27133,      2270,  1.253628436335E+02,  0.0837
     27163,      2271,  1.253628261824E+02,  0.0836
     27185,      2272,  1.253624106694E+02,  0.0836
     27199,      2273,  1.253617884844E+02,  0.0836
     27228,      2274,  1.253616292928E+02,  0.0835
     27465,      2275,  1.253616184322E+02,  0.0828
     27522,      2276,  1.253615762394E+02,  0.0827
     27620,      2277,  1.253615593066E+02,  0.0824
     27656,      2278,  1.253614477184E+02,  0.0824
     27716,      2279,  1.253613426986E+02,  0.0822
     27932,      2280,  1.253613295076E+02,  0.0816
     27986,      2281,  1.253583327404E+02,  0.0815
     28373,      2282,  1.253583270269E+02,  0.0804
     28390,      2283,  1.253583252985E+02,  0.0804
     28427,      2284,  1.253582685994E+02,  0.0803
     28499,      2285,  1.253582318364E+02,  0.0802
     28683,      2286,  1.253582045182E+02,  0.0797
     28755,      2287,  1.253574781007E+02,  0.0795
     28829,      2288,  1.253574150137E+02,  0.0794
     28929,      2289,  1.253573019635E+02,  0.0791
     28960,      2290,  1.253572975683E+02,  0.0791
     29095,      2291,  1.253516149985E+02,  0.0787
     29155,      2292,  1.253515472038E+02,  0.0786
     29205,      2293,  1.253479522781E+02,  0.0785
     29308,      2294,  1.253478937346E+02,  0.0783
     29330,      2295,  1.253478091056E+02,  0.0782
     29487,      2296,  1.253478043311E+02,  0.0779
     29522,      2297,  1.253477412772E+02,  0.0778
     29846,      2298,  1.253477135247E+02,  0.0770
     29857,      2299,  1.253476973465E+02,  0.0770
     29954,      2300,  1.253476087862E+02,  0.0768
     30225,      2301,  1.253472310259E+02,  0.0761
     30342,      2302,  1.253466741262E+02,  0.0759
     30344,      2303,  1.253465891322E+02,  0.0759
     30402,      2304,  1.253465890064E+02,  0.0758
     30441,      2305,  1.253461988964E+02,  0.0757
     30819,      2306,  1.253461131574E+02,  0.0748
     30976,      2307,  1.253460726990E+02,  0.0745
     31085,      2308,  1.253460418056E+02,  0.0742
     31109,      2309,  1.253460415708E+02,  0.0742
     31158,      2310,  1.253458292524E+02,  0.0741
     31283,      2311,  1.253457499259E+02,  0.0739
     31354,      2312,  1.253457480437E+02,  0.0737
     31704,      2313,  1.253457277008E+02,  0.0730
     31871,      2314,  1.253406033667E+02,  0.0726
     31958,      2315,  1.253402712018E+02,  0.0724
     31968,      2316,  1.253398256356E+02,  0.0724
     32135,      2317,  1.253392089009E+02,  0.0721
     32162,      2318,  1.253391984585E+02,  0.0721
     32313,      2319,  1.253391531441E+02,  0.0718
     32498,      2320,  1.253391034915E+02,  0.0714
     32574,      2321,  1.253390600448E+02,  0.0713
     32677,      2322,  1.253383253923E+02,  0.0711
     32772,      2323,  1.253383253475E+02,  0.0709
     32782,      2324,  1.253382733901E+02,  0.0709
     32857,      2325,  1.253381817347E+02,  0.0708
     33558,      2326,  1.253381386460E+02,  0.0693
     33625,      2327,  1.253381084808E+02,  0.0692
     34525,      2328,  1.253381062602E+02,  0.0674
     34661,      2329,  1.253380250776E+02,  0.0672
     35261,      2330,  1.253377719584E+02,  0.0661
     35335,      2331,  1.253377563296E+02,  0.0660
     35732,      2332,  1.253370244914E+02,  0.0653
     35811,      2333,  1.253370100928E+02,  0.0651
     35847,      2334,  1.253347656827E+02,  0.0651
     35854,      2335,  1.253346615633E+02,  0.0651
     36108,      2336,  1.253346387873E+02,  0.0647
     37335,      2337,  1.253345973407E+02,  0.0626
     37447,      2338,  1.253342535019E+02,  0.0624
     37711,      2339,  1.253342361437E+02,  0.0620
     37746,      2340,  1.253341758294E+02,  0.0620
     37873,      2341,  1.253336175740E+02,  0.0618
     37919,      2342,  1.253335824430E+02,  0.0618
     37921,      2343,  1.253335746357E+02,  0.0618
     38139,      2344,  1.253324800442E+02,  0.0615
     38168,      2345,  1.253324756150E+02,  0.0614
     38718,      2346,  1.253324579615E+02,  0.0606
     38824,      2347,  1.253322435223E+02,  0.0605
     38843,      2348,  1.253321896832E+02,  0.0604
     38986,      2349,  1.253321547758E+02,  0.0603
     39307,      2350,  1.253321287915E+02,  0.0598
     39477,      2351,  1.253321283914E+02,  0.0596
     39688,      2352,  1.253321251942E+02,  0.0593
     39802,      2353,  1.253320818841E+02,  0.0591
     39916,      2354,  1.253313663858E+02,  0.0590
     40007,      2355,  1.253313594949E+02,  0.0589
     40192,      2356,  1.253313593888E+02,  0.0586
     40239,      2357,  1.253313522270E+02,  0.0586
     40253,      2358,  1.253313278063E+02,  0.0586
     40486,      2359,  1.253313225332E+02,  0.0583
     40866,      2360,  1.253312989409E+02,  0.0577
     41228,      2361,  1.253301635962E+02,  0.0573
     41401,      2362,  1.253301590364E+02,  0.0571
     41482,      2363,  1.253301568034E+02,  0.0570
     42125,      2364,  1.253292650441E+02,  0.0561
     42146,      2365,  1.253292111259E+02,  0.0561
     43103,      2366,  1.253292098972E+02,  0.0549
     43139,      2367,  1.253292089925E+02,  0.0549
     43149,      2368,  1.253292086878E+02,  0.0549
     43330,      2369,  1.253292028305E+02,  0.0547
     43554,      2370,  1.253291896416E+02,  0.0544
     43905,      2371,  1.253291744397E+02,  0.0540
     44080,      2372,  1.253291525169E+02,  0.0538
     44122,      2373,  1.253291408886E+02,  0.0538
     44551,      2374,  1.253291179546E+02,  0.0533
     44831,      2375,  1.253290917949E+02,  0.0530
     44874,      2376,  1.253290847507E+02,  0.0529
     45943,      2377,  1.253286511082E+02,  0.0517
     46210,      2378,  1.253286481509E+02,  0.0515
     46598,      2379,  1.253286429049E+02,  0.0511
     47329,      2380,  1.253286253210E+02,  0.0503
     47331,      2381,  1.253286248898E+02,  0.0503
     48369,      2382,  1.253286198728E+02,  0.0492
     49173,      2383,  1.253286117055E+02,  0.0485
     49240,      2384,  1.253286091185E+02,  0.0484
     49712,      2385,  1.253286000602E+02,  0.0480
     51095,      2386,  1.253279929202E+02,  0.0467
     51465,      2387,  1.253279816791E+02,  0.0464
     51470,      2388,  1.253277826610E+02,  0.0464
     51722,      2389,  1.253277780825E+02,  0.0462
     52581,      2390,  1.253277764627E+02,  0.0455
     53164,      2391,  1.253277632664E+02,  0.0450
     53384,      2392,  1.253277584294E+02,  0.0448
     54157,      2393,  1.253277073394E+02,  0.0442
     54218,      2394,  1.253277068957E+02,  0.0442
     54346,      2395,  1.253276066834E+02,  0.0441
     54435,      2396,  1.253276035021E+02,  0.0440
     54578,      2397,  1.253275100528E+02,  0.0439
     55052,      2398,  1.253272580894E+02,  0.0436
     56020,      2399,  1.253272511317E+02,  0.0428
     56229,      2400,  1.253271925617E+02,  0.0427
     56603,      2401,  1.253261120316E+02,  0.0424
     57808,      2402,  1.253192915068E+02,  0.0416
     57933,      2403,  1.253192788608E+02,  0.0415
     58847,      2404,  1.253192778526E+02,  0.0409
     59661,      2405,  1.253192624805E+02,  0.0403
     60937,      2406,  1.253192557865E+02,  0.0395
     61618,      2407,  1.253192458542E+02,  0.0391
     62714,      2408,  1.253192425777E+02,  0.0384
     63111,      2409,  1.253186591962E+02,  0.0382
     64142,      2410,  1.253186531649E+02,  0.0376
     64329,      2411,  1.253186518953E+02,  0.0375
     65038,      2412,  1.253179537390E+02,  0.0371
     65441,      2413,  1.253179529363E+02,  0.0369
     66138,      2414,  1.253179432890E+02,  0.0365
     66534,      2415,  1.253172211784E+02,  0.0363
     66701,      2416,  1.253172189280E+02,  0.0362
     66913,      2417,  1.253172095126E+02,  0.0361
     67185,      2418,  1.253171897530E+02,  0.0360
     67292,      2419,  1.253163151575E+02,  0.0359
     67362,      2420,  1.253163141493E+02,  0.0359
     68405,      2421,  1.253163133961E+02,  0.0354
     68600,      2422,  1.253163070567E+02,  0.0353
     69173,      2423,  1.253158649190E+02,  0.0350
     69359,      2424,  1.253158606775E+02,  0.0349
     69624,      2425,  1.253157302892E+02,  0.0348
     70099,      2426,  1.253157263988E+02,  0.0346
     70262,      2427,  1.253157119295E+02,  0.0345
     70346,      2428,  1.253154799227E+02,  0.0345
     70383,      2429,  1.253154783821E+02,  0.0345
     70608,      2430,  1.253150898590E+02,  0.0344
     72042,      2431,  1.253146915481E+02,  0.0337
     72818,      2432,  1.253146842489E+02,  0.0334
     72917,      2433,  1.253142713613E+02,  0.0334
     73716,      2434,  1.253142473799E+02,  0.0330
     74115,      2435,  1.253142370988E+02,  0.0329
     74199,      2436,  1.253142296297E+02,  0.0328
     74563,      2437,  1.253142087961E+02,  0.0327
     74643,      2438,  1.253138148595E+02,  0.0327
     78773,      2439,  1.253138123274E+02,  0.0310
     79044,      2440,  1.253128065248E+02,  0.0309
     79245,      2441,  1.253093140503E+02,  0.0308
     79364,      2442,  1.253089003666E+02,  0.0308
     79918,      2443,  1.253088967296E+02,  0.0306
     80209,      2444,  1.253088940855E+02,  0.0305
     81258,      2445,  1.253088922785E+02,  0.0301
     81800,      2446,  1.253088841407E+02,  0.0299
     83098,      2447,  1.253088722022E+02,  0.0294
     83150,      2448,  1.253088698574E+02,  0.0294
     85282,      2449,  1.253088624024E+02,  0.0287
     85591,      2450,  1.253088391120E+02,  0.0286
     86305,      2451,  1.253088348798E+02,  0.0284
     86809,      2452,  1.253087905221E+02,  0.0282
     87313,      2453,  1.253087836234E+02,  0.0281
     87356,      2454,  1.253087752969E+02,  0.0281
     87901,      2455,  1.253056965520E+02,  0.0279
     88075,      2456,  1.253056909095E+02,  0.0279
     89720,      2457,  1.253056835243E+02,  0.0274
     90326,      2458,  1.253056821565E+02,  0.0272
     91884,      2459,  1.253056770819E+02,  0.0268
     92706,      2460,  1.253051987913E+02,  0.0265
     93087,      2461,  1.253051986092E+02,  0.0264
     93274,      2462,  1.253051963544E+02,  0.0264
     93773,      2463,  1.253051918306E+02,  0.0263
     97013,      2464,  1.253051863868E+02,  0.0254
     98075,      2465,  1.253051788924E+02,  0.0251
     98160,      2466,  1.253051771515E+02,  0.0251
    101119,      2467,  1.253051697694E+02,  0.0244
    103675,      2468,  1.253051672398E+02,  0.0238
    103724,      2469,  1.253050553084E+02,  0.0238
    105274,      2470,  1.253050546114E+02,  0.0235
    107962,      2471,  1.253049081382E+02,  0.0229
    110557,      2472,  1.253049039261E+02,  0.0224
    113706,      2473,  1.253045734072E+02,  0.0217
    116134,      2474,  1.253041902808E+02,  0.0213
    117857,      2475,  1.253041884112E+02,  0.0210
    118485,      2476,  1.253041865976E+02,  0.0209
    118793,      2477,  1.253041682940E+02,  0.0209
    121405,      2478,  1.253041613257E+02,  0.0204
    122158,      2479,  1.253041557317E+02,  0.0203
    123580,      2480,  1.253041462269E+02,  0.0201
    124923,      2481,  1.253034603698E+02,  0.0199
    125902,      2482,  1.253023335031E+02,  0.0197
    127076,      2483,  1.253019617980E+02,  0.0195
    127305,      2484,  1.253019420066E+02,  0.0195
    127707,      2485,  1.253019408032E+02,  0.0195
    128217,      2486,  1.253019310251E+02,  0.0194
    128438,      2487,  1.253019306746E+02,  0.0194
    128562,      2488,  1.253019280709E+02,  0.0194
    128779,      2489,  1.253019270309E+02,  0.0193
    128912,      2490,  1.253019223232E+02,  0.0193
    129057,      2491,  1.253019175371E+02,  0.0193
    130086,      2492,  1.253019123821E+02,  0.0192
    131147,      2493,  1.253019120848E+02,  0.0190
    132487,      2494,  1.253019097140E+02,  0.0188
    132972,      2495,  1.253019045112E+02,  0.0188
    133883,      2496,  1.253019037330E+02,  0.0186
    137289,      2497,  1.252936615348E+02,  0.0182
    137748,      2498,  1.252936609523E+02,  0.0181
    137868,      2499,  1.252936532314E+02,  0.0181
    139112,      2500,  1.252935156848E+02,  0.0180
    141160,      2501,  1.252934613350E+02,  0.0177
    141777,      2502,  1.252931527122E+02,  0.0176
    141780,      2503,  1.252931432445E+02,  0.0177
    142721,      2504,  1.252931371865E+02,  0.0175
    142994,      2505,  1.252931371692E+02,  0.0175
    144662,      2506,  1.252931353023E+02,  0.0173
    148656,      2507,  1.252931328912E+02,  0.0169
    148811,      2508,  1.252931292510E+02,  0.0169
    149802,      2509,  1.252931271559E+02,  0.0167
    151149,      2510,  1.252928934087E+02,  0.0166
    151239,      2511,  1.252928888677E+02,  0.0166
    153908,      2512,  1.252878109087E+02,  0.0163
    154615,      2513,  1.252878106173E+02,  0.0163
    155292,      2514,  1.252878014716E+02,  0.0162
    156136,      2515,  1.252877983997E+02,  0.0161
    158926,      2516,  1.252877970398E+02,  0.0158
    159306,      2517,  1.252877699293E+02,  0.0158
    160052,      2518,  1.252877680546E+02,  0.0157
    160380,      2519,  1.252876676318E+02,  0.0157
    164181,      2520,  1.252876658891E+02,  0.0153
    168449,      2521,  1.252876615450E+02,  0.0150
    168961,      2522,  1.252876589341E+02,  0.0149
    170233,      2523,  1.252875236833E+02,  0.0148
    170404,      2524,  1.252875158525E+02,  0.0148
    172757,      2525,  1.252875099883E+02,  0.0146
    175115,      2526,  1.252862738619E+02,  0.0144
    179564,      2527,  1.252862732024E+02,  0.0141
    180046,      2528,  1.252862688682E+02,  0.0140
    180470,      2529,  1.252859503329E+02,  0.0140
    180655,      2530,  1.252859477229E+02,  0.0140
    183276,      2531,  1.252859314761E+02,  0.0138
    189542,      2532,  1.252859305725E+02,  0.0134
    190669,      2533,  1.252846647344E+02,  0.0133
    194117,      2534,  1.252846632296E+02,  0.0131
    194254,      2535,  1.252846595562E+02,  0.0130
    194369,      2536,  1.252846501071E+02,  0.0130
    194558,      2537,  1.252846450687E+02,  0.0130
    197192,      2538,  1.252846389949E+02,  0.0129
    198276,      2539,  1.252846357909E+02,  0.0128
    205075,      2540,  1.252846345732E+02,  0.0124
    206862,      2541,  1.252846303556E+02,  0.0123
    207483,      2542,  1.252843107753E+02,  0.0123
    208292,      2543,  1.252843088106E+02,  0.0122
    212112,      2544,  1.252843049545E+02,  0.0120
    213308,      2545,  1.252841488460E+02,  0.0119
    215939,      2546,  1.252841449734E+02,  0.0118
    217038,      2547,  1.252841441108E+02,  0.0117
    218443,      2548,  1.252841412498E+02,  0.0117
    218662,      2549,  1.252836621894E+02,  0.0117
    218883,      2550,  1.252754921336E+02,  0.0117
    219587,      2551,  1.252754832805E+02,  0.0116
    221207,      2552,  1.252754804691E+02,  0.0115
    222037,      2553,  1.252754019347E+02,  0.0115
    223530,      2554,  1.252753213411E+02,  0.0114
    228676,      2555,  1.252753115693E+02,  0.0112
    230580,      2556,  1.252750906088E+02,  0.0111
    232676,      2557,  1.252750891711E+02,  0.0110
    233648,      2558,  1.252749581643E+02,  0.0109
    233945,      2559,  1.252749533932E+02,  0.0109
    235349,      2560,  1.252749483675E+02,  0.0109
    237094,      2561,  1.252749079501E+02,  0.0108
    237523,      2562,  1.252748049393E+02,  0.0108
    238537,      2563,  1.252747946680E+02,  0.0107
    239673,      2564,  1.252747883076E+02,  0.0107
    240816,      2565,  1.252747648059E+02,  0.0107
    240858,      2566,  1.252747609818E+02,  0.0107
    241239,      2567,  1.252747521996E+02,  0.0106
    241409,      2568,  1.252746580622E+02,  0.0106
    243794,      2569,  1.252746560218E+02,  0.0105
    243867,      2570,  1.252746427771E+02,  0.0105
    244279,      2571,  1.252746044087E+02,  0.0105
    244553,      2572,  1.252746038984E+02,  0.0105
    244729,      2573,  1.252745750481E+02,  0.0105
    246285,      2574,  1.252745400289E+02,  0.0105
    246505,      2575,  1.252745241596E+02,  0.0104
    246893,      2576,  1.252745238248E+02,  0.0104
    247581,      2577,  1.252745116146E+02,  0.0104
    248057,      2578,  1.252745099425E+02,  0.0104
    248717,      2579,  1.252745099157E+02,  0.0104
    250426,      2580,  1.252743480838E+02,  0.0103
    250881,      2581,  1.252743472108E+02,  0.0103
    253995,      2582,  1.252743455970E+02,  0.0102
    256193,      2583,  1.252743433418E+02,  0.0101
    257007,      2584,  1.252743432316E+02,  0.0101
    257864,      2585,  1.252743431213E+02,  0.0100
    259017,      2586,  1.252743425170E+02,  0.0100
    262540,      2587,  1.252743424296E+02,  0.0099
    263148,      2588,  1.252743368621E+02,  0.0098
    263764,      2589,  1.252743237789E+02,  0.0098
    271704,      2590,  1.252743131798E+02,  0.0095
    276519,      2591,  1.252743096399E+02,  0.0094
    276546,      2592,  1.252743084336E+02,  0.0094
    279096,      2593,  1.252743083592E+02,  0.0093
    279485,      2594,  1.252743050318E+02,  0.0093
    280520,      2595,  1.252743041027E+02,  0.0093
    281274,      2596,  1.252740604139E+02,  0.0092
    281701,      2597,  1.252735294404E+02,  0.0092
    283218,      2598,  1.252735278880E+02,  0.0092
    286190,      2599,  1.252735264573E+02,  0.0091
    290217,      2600,  1.252733971942E+02,  0.0090
    297774,      2601,  1.252732336582E+02,  0.0087
    298650,      2602,  1.252732310313E+02,  0.0087
    298972,      2603,  1.252732245253E+02,  0.0087
    302269,      2604,  1.252732230868E+02,  0.0086
    302732,      2605,  1.252732216253E+02,  0.0086
    304915,      2606,  1.252732169180E+02,  0.0085
    307055,      2607,  1.252732133993E+02,  0.0085
    310032,      2608,  1.252732131346E+02,  0.0084
    311061,      2609,  1.252730933490E+02,  0.0084
    311898,      2610,  1.252730885554E+02,  0.0084
    314777,      2611,  1.252730006764E+02,  0.0083
    323334,      2612,  1.252729998449E+02,  0.0081
    324946,      2613,  1.252729995511E+02,  0.0080
    326822,      2614,  1.252729993562E+02,  0.0080
    330511,      2615,  1.252729977781E+02,  0.0079
    332417,      2616,  1.252729965900E+02,  0.0079
    335093,      2617,  1.252729734521E+02,  0.0078
    341843,      2618,  1.252729729682E+02,  0.0077
    343485,      2619,  1.252725958181E+02,  0.0076
    343543,      2620,  1.252725041933E+02,  0.0076
    346281,      2621,  1.252725041722E+02,  0.0076
    346990,      2622,  1.252725027855E+02,  0.0076
    351467,      2623,  1.252724969051E+02,  0.0075
    354088,      2624,  1.252722235398E+02,  0.0074
    357269,      2625,  1.252722195843E+02,  0.0073
    358346,      2626,  1.252722194692E+02,  0.0073
    359027,      2627,  1.252722186338E+02,  0.0073
    359481,      2628,  1.252722175197E+02,  0.0073
    360514,      2629,  1.252721933801E+02,  0.0073
    360770,      2630,  1.252720868405E+02,  0.0073
    362825,      2631,  1.252720862431E+02,  0.0073
    362977,      2632,  1.252720850012E+02,  0.0073
    372048,      2633,  1.252720849920E+02,  0.0071
    372128,      2634,  1.252720838350E+02,  0.0071
    373710,      2635,  1.252720824345E+02,  0.0071
    373967,      2636,  1.252720809541E+02,  0.0070
    382993,      2637,  1.252720805854E+02,  0.0069
    385075,      2638,  1.252720449689E+02,  0.0069
    387383,      2639,  1.252718360968E+02,  0.0068
    387983,      2640,  1.252717714626E+02,  0.0068
    388943,      2641,  1.252717668768E+02,  0.0068
    390447,      2642,  1.252717659483E+02,  0.0068
    390538,      2643,  1.252717625937E+02,  0.0068
    391226,      2644,  1.252717621516E+02,  0.0068
    392628,      2645,  1.252716642391E+02,  0.0067
    396923,      2646,  1.252716628340E+02,  0.0067
    398689,      2647,  1.252716573272E+02,  0.0066
    399387,      2648,  1.252716528030E+02,  0.0066
    402153,      2649,  1.252716507706E+02,  0.0066
    402958,      2650,  1.252716475644E+02,  0.0066
    404005,      2651,  1.252716367488E+02,  0.0066
    407013,      2652,  1.252713189845E+02,  0.0065
    407025,      2653,  1.252713157896E+02,  0.0065
    407429,      2654,  1.252713113240E+02,  0.0065
    407878,      2655,  1.252713087294E+02,  0.0065
    412279,      2656,  1.252713015254E+02,  0.0064
    413150,      2657,  1.252713000175E+02,  0.0064
    414205,      2658,  1.252712953768E+02,  0.0064
    417149,      2659,  1.252712941377E+02,  0.0064
    418845,      2660,  1.252712926111E+02,  0.0064
    422773,      2661,  1.252712878107E+02,  0.0063
    423939,      2662,  1.252712555982E+02,  0.0063
    426127,      2663,  1.252712555547E+02,  0.0062
    426340,      2664,  1.252712544540E+02,  0.0062
    428447,      2665,  1.252711334477E+02,  0.0062
    429762,      2666,  1.252711331199E+02,  0.0062
    431789,      2667,  1.252711315922E+02,  0.0062
    433432,      2668,  1.252711288357E+02,  0.0062
    440262,      2669,  1.252708376316E+02,  0.0061
    442881,      2670,  1.252708344407E+02,  0.0060
    442889,      2671,  1.252708336175E+02,  0.0060
    445337,      2672,  1.252708273236E+02,  0.0060
    447912,      2673,  1.252708206797E+02,  0.0060
    448604,      2674,  1.252708112366E+02,  0.0060
    448798,      2675,  1.252707890108E+02,  0.0060
    451071,      2676,  1.252707887793E+02,  0.0059
    451144,      2677,  1.252707881183E+02,  0.0059
    453269,      2678,  1.252707827020E+02,  0.0059
    453514,      2679,  1.252707814896E+02,  0.0059
    454333,      2680,  1.252707805966E+02,  0.0059
    455234,      2681,  1.252692333049E+02,  0.0059
    455449,      2682,  1.252690926016E+02,  0.0059
    456145,      2683,  1.252690853629E+02,  0.0059
    458170,      2684,  1.252690833830E+02,  0.0059
    458933,      2685,  1.252690820779E+02,  0.0059
    460737,      2686,  1.252690796182E+02,  0.0058
    463504,      2687,  1.252690795296E+02,  0.0058
    471247,      2688,  1.252690726101E+02,  0.0057
    472388,      2689,  1.252689857469E+02,  0.0057
    472679,      2690,  1.252689840272E+02,  0.0057
    476140,      2691,  1.252689815208E+02,  0.0057
    478379,      2692,  1.252689797751E+02,  0.0056
    478921,      2693,  1.252689001841E+02,  0.0056
    479127,      2694,  1.252688987903E+02,  0.0056
    479464,      2695,  1.252688974971E+02,  0.0056
    479730,      2696,  1.252688969734E+02,  0.0056
    482059,      2697,  1.252688859224E+02,  0.0056
    482502,      2698,  1.252688776928E+02,  0.0056
    483121,      2699,  1.252688750865E+02,  0.0056
    483351,      2700,  1.252688733029E+02,  0.0056
    486505,      2701,  1.252688732756E+02,  0.0056
    487652,      2702,  1.252688718798E+02,  0.0055
    490400,      2703,  1.252688713420E+02,  0.0055
    493178,      2704,  1.252688678274E+02,  0.0055
    493971,      2705,  1.252688636552E+02,  0.0055
    494035,      2706,  1.252687791982E+02,  0.0055
    496274,      2707,  1.252687785890E+02,  0.0055
    497236,      2708,  1.252687537607E+02,  0.0054
    499145,      2709,  1.252687505598E+02,  0.0054
