iteration,accepted_count,energy,acceptance_rate
         0,         0,  1.723470690349E+02,  0.0000
         2,         1,  1.723336276484E+02,  0.5000
         5,         2,  1.723128767914E+02,  0.4000
         7,         3,  1.722654508040E+02,  0.4286
        12,         4,  1.722272024237E+02,  0.3333
        13,         5,  1.722010315646E+02,  0.3846
        16,         6,  1.721138807614E+02,  0.3750
        17,         7,  1.720601158429E+02,  0.4118
        18,         8,  1.718341598517E+02,  0.4444
        20,         9,  1.716483629035E+02,  0.4500
        22,        10,  1.716194569511E+02,  0.4545
        23,        11,  1.716037749250E+02,  0.4783
        24,        12,  1.715755389385E+02,  0.5000
        26,        13,  1.715459688092E+02,  0.5000
        27,        14,  1.713671959316E+02,  0.5185
        28,        15,  1.713247340219E+02,  0.5357
        31,        16,  1.712122737240E+02,  0.5161
        32,        17,  1.712061578499E+02,  0.5312
        35,        18,  1.708954601105E+02,  0.5143
        36,        19,  1.708538139336E+02,  0.5278
        43,        20,  1.708248950901E+02,  0.4651
        44,        21,  1.707846295009E+02,  0.4773
        46,        22,  1.707568251063E+02,  0.4783
        48,        23,  1.707278762341E+02,  0.4792
        49,        24,  1.706627945036E+02,  0.4898
        50,        25,  1.705845841433E+02,  0.5000
        54,        26,  1.704576997579E+02,  0.4815
        56,        27,  1.704470349418E+02,  0.4821
        59,        28,  1.700850685599E+02,  0.4746
        61,        29,  1.700603111256E+02,  0.4754
        62,        30,  1.700514862582E+02,  0.4839
        64,        31,  1.700441120989E+02,  0.4844
        67,        32,  1.700189645543E+02,  0.4776
        69,        33,  1.700121892135E+02,  0.4783
        72,        34,  1.700117516966E+02,  0.4722
        75,        35,  1.699203972272E+02,  0.4667
        76,        36,  1.699194061281E+02,  0.4737
        77,        37,  1.699185721459E+02,  0.4805
        80,        38,  1.697459605169E+02,  0.4750
        82,        39,  1.697303948417E+02,  0.4756
        83,        40,  1.695899511136E+02,  0.4819
        85,        41,  1.694725737276E+02,  0.4824
        87,        42,  1.694473675870E+02,  0.4828
        88,        43,  1.693914551518E+02,  0.4886
        89,        44,  1.693795424436E+02,  0.4944
        90,        45,  1.692240371326E+02,  0.5000
        91,        46,  1.692141896701E+02,  0.5055
        94,        47,  1.691643403031E+02,  0.5000
        96,        48,  1.690806244873E+02,  0.5000
        97,        49,  1.690455369939E+02,  0.5052
       100,        50,  1.690389794031E+02,  0.5000
       106,        51,  1.689873847547E+02,  0.4811
       109,        52,  1.689730691424E+02,  0.4771
       110,        53,  1.689646546857E+02,  0.4818
       111,        54,  1.689597532498E+02,  0.4865
       112,        55,  1.689017548503E+02,  0.4911
       115,        56,  1.686539484447E+02,  0.4870
       122,        57,  1.678896033866E+02,  0.4672
       126,        58,  1.678715326376E+02,  0.4603
       129,        59,  1.678655034113E+02,  0.4574
       130,        60,  1.678053884444E+02,  0.4615
       131,        61,  1.677653063589E+02,  0.4656
       138,        62,  1.676531073514E+02,  0.4493
       142,        63,  1.674077176752E+02,  0.4437
       147,        64,  1.673359394413E+02,  0.4354
       150,        65,  1.672329620723E+02,  0.4333
       151,        66,  1.672322814923E+02,  0.4371
       155,        67,  1.672140973996E+02,  0.4323
       157,        68,  1.672124861173E+02,  0.4331
       160,        69,  1.668773757427E+02,  0.4313
       161,        70,  1.666801700700E+02,  0.4348
       162,        71,  1.666608719482E+02,  0.4383
       163,        72,  1.665896738550E+02,  0.4417
       165,        73,  1.665696895196E+02,  0.4424
       166,        74,  1.665562173484E+02,  0.4458
       168,        75,  1.665520285508E+02,  0.4464
       169,        76,  1.661777882992E+02,  0.4497
       170,        77,  1.661105099900E+02,  0.4529
       176,        78,  1.660951825641E+02,  0.4432
       177,        79,  1.659816028791E+02,  0.4463
       178,        80,  1.657804241994E+02,  0.4494
       179,        81,  1.657407851248E+02,  0.4525
       180,        82,  1.656918232324E+02,  0.4556
       181,        83,  1.656714627297E+02,  0.4586
       185,        84,  1.656350788220E+02,  0.4541
       191,        85,  1.654414273659E+02,  0.4450
       192,        86,  1.654051878508E+02,  0.4479
       195,        87,  1.652418069624E+02,  0.4462
       197,        88,  1.651953566343E+02,  0.4467
       201,        89,  1.650955943551E+02,  0.4428
       206,        90,  1.649952141299E+02,  0.4369
       207,        91,  1.649704580896E+02,  0.4396
       209,        92,  1.649389244123E+02,  0.4402
       212,        93,  1.648488093740E+02,  0.4387
       214,        94,  1.648459906837E+02,  0.4393
       217,        95,  1.647154069568E+02,  0.4378
       218,        96,  1.646561817836E+02,  0.4404
       219,        97,  1.644864960294E+02,  0.4429
       222,        98,  1.644278672488E+02,  0.4414
       223,        99,  1.643640768816E+02,  0.4439
       226,       100,  1.643428427199E+02,  0.4425
       227,       101,  1.643002079938E+02,  0.4449
       230,       102,  1.642801194283E+02,  0.4435
       231,       103,  1.642659294805E+02,  0.4459
       232,       104,  1.642508262790E+02,  0.4483
       239,       105,  1.641834085113E+02,  0.4393
       240,       106,  1.641559021773E+02,  0.4417
       247,       107,  1.639955855279E+02,  0.4332
       250,       108,  1.639815801428E+02,  0.4320
       252,       109,  1.639384071993E+02,  0.4325
       253,       110,  1.639038749311E+02,  0.4348
       255,       111,  1.638518541557E+02,  0.4353
       256,       112,  1.638178885023E+02,  0.4375
       257,       113,  1.637436300771E+02,  0.4397
       260,       114,  1.636667363445E+02,  0.4385
       261,       115,  1.635066302839E+02,  0.4406
       263,       116,  1.634276934254E+02,  0.4411
       266,       117,  1.634080728513E+02,  0.4398
       269,       118,  1.632760718268E+02,  0.4387
       270,       119,  1.632753491047E+02,  0.4407
       271,       120,  1.632699200112E+02,  0.4428
       273,       121,  1.632275240519E+02,  0.4432
       276,       122,  1.632110168951E+02,  0.4420
       278,       123,  1.631929311662E+02,  0.4424
       283,       124,  1.631787901815E+02,  0.4382
       284,       125,  1.631650258662E+02,  0.4401
       285,       126,  1.631386372992E+02,  0.4421
       290,       127,  1.629703287718E+02,  0.4379
       293,       128,  1.629496629339E+02,  0.4369
       295,       129,  1.629221281423E+02,  0.4373
       296,       130,  1.629052403142E+02,  0.4392
       299,       131,  1.628867130036E+02,  0.4381
       300,       132,  1.628340683425E+02,  0.4400
       302,       133,  1.627685189321E+02,  0.4404
       305,       134,  1.627300830744E+02,  0.4393
       306,       135,  1.627290050746E+02,  0.4412
       307,       136,  1.627136354994E+02,  0.4430
       308,       137,  1.627056281489E+02,  0.4448
       310,       138,  1.626534005179E+02,  0.4452
       311,       139,  1.626440739905E+02,  0.4469
       314,       140,  1.626406132890E+02,  0.4459
       316,       141,  1.626215689120E+02,  0.4462
       317,       142,  1.626178412796E+02,  0.4479
       318,       143,  1.626143043503E+02,  0.4497
       320,       144,  1.625304420707E+02,  0.4500
       322,       145,  1.624585334231E+02,  0.4503
       323,       146,  1.623734514211E+02,  0.4520
       325,       147,  1.623222521385E+02,  0.4523
       327,       148,  1.622449328008E+02,  0.4526
       329,       149,  1.622198497933E+02,  0.4529
       330,       150,  1.621857897709E+02,  0.4545
       335,       151,  1.621829056531E+02,  0.4507
       336,       152,  1.621704619156E+02,  0.4524
       337,       153,  1.621657907765E+02,  0.4540
       338,       154,  1.621640208751E+02,  0.4556
       340,       155,  1.621158765819E+02,  0.4559
       344,       156,  1.621053281330E+02,  0.4535
       346,       157,  1.620824961649E+02,  0.4538
       348,       158,  1.620315799512E+02,  0.4540
       350,       159,  1.619260107515E+02,  0.4543
       352,       160,  1.617930751792E+02,  0.4545
       356,       161,  1.616090684485E+02,  0.4522
       357,       162,  1.615646318116E+02,  0.4538
       360,       163,  1.614513149607E+02,  0.4528
       362,       164,  1.614490769771E+02,  0.4530
       364,       165,  1.613969129514E+02,  0.4533
       372,       166,  1.613578982047E+02,  0.4462
       376,       167,  1.613444695968E+02,  0.4441
       377,       168,  1.612881272479E+02,  0.4456
       378,       169,  1.611655558063E+02,  0.4471
       381,       170,  1.611068650479E+02,  0.4462
       382,       171,  1.610818658840E+02,  0.4476
       383,       172,  1.610531085283E+02,  0.4491
       386,       173,  1.607720654166E+02,  0.4482
       390,       174,  1.607714360816E+02,  0.4462
       392,       175,  1.607252931544E+02,  0.4464
       393,       176,  1.606883970569E+02,  0.4478
       395,       177,  1.606507722924E+02,  0.4481
       402,       178,  1.606298245048E+02,  0.4428
       406,       179,  1.605446960059E+02,  0.4409
       408,       180,  1.605162374095E+02,  0.4412
       410,       181,  1.604952215013E+02,  0.4415
       411,       182,  1.604893126470E+02,  0.4428
       412,       183,  1.604477645252E+02,  0.4442
       414,       184,  1.604359316757E+02,  0.4444
       415,       185,  1.604146597090E+02,  0.4458
       417,       186,  1.603569580287E+02,  0.4460
       418,       187,  1.602913581887E+02,  0.4474
       421,       188,  1.602320553897E+02,  0.4466
       426,       189,  1.602309465373E+02,  0.4437
       428,       190,  1.602074281311E+02,  0.4439
       429,       191,  1.601978716231E+02,  0.4452
       430,       192,  1.601298468109E+02,  0.4465
       431,       193,  1.600887774746E+02,  0.4478
       432,       194,  1.600732903781E+02,  0.4491
       433,       195,  1.600194441335E+02,  0.4503
       434,       196,  1.599444438003E+02,  0.4516
       438,       197,  1.599167404533E+02,  0.4498
       439,       198,  1.598510170326E+02,  0.4510
       441,       199,  1.598351822970E+02,  0.4512
       443,       200,  1.598010634252E+02,  0.4515
       444,       201,  1.597978462079E+02,  0.4527
       445,       202,  1.597511379461E+02,  0.4539
       446,       203,  1.596044856818E+02,  0.4552
       448,       204,  1.595579271034E+02,  0.4554
       450,       205,  1.594924163793E+02,  0.4556
       453,       206,  1.594094818098E+02,  0.4547
       454,       207,  1.592635193893E+02,  0.4559
       456,       208,  1.592602372455E+02,  0.4561
       457,       209,  1.591116009381E+02,  0.4573
       459,       210,  1.591029521442E+02,  0.4575
       460,       211,  1.590250350667E+02,  0.4587
       463,       212,  1.589373239044E+02,  0.4579
       465,       213,  1.589157697133E+02,  0.4581
       466,       214,  1.588806813673E+02,  0.4592
       469,       215,  1.588158166337E+02,  0.4584
       470,       216,  1.587077175472E+02,  0.4596
       472,       217,  1.586934988151E+02,  0.4597
       473,       218,  1.586041019487E+02,  0.4609
       474,       219,  1.585358948551E+02,  0.4620
       477,       220,  1.584302328362E+02,  0.4612
       479,       221,  1.584251333389E+02,  0.4614
       480,       222,  1.583541094456E+02,  0.4625
       481,       223,  1.583019366365E+02,  0.4636
       488,       224,  1.582714220157E+02,  0.4590
       492,       225,  1.582692010978E+02,  0.4573
       493,       226,  1.582354379667E+02,  0.4584
       494,       227,  1.581780639846E+02,  0.4595
       498,       228,  1.581609219166E+02,  0.4578
       501,       229,  1.581204605455E+02,  0.4571
       503,       230,  1.579043532980E+02,  0.4573
       504,       231,  1.578735488745E+02,  0.4583
       507,       232,  1.578661422189E+02,  0.4576
       509,       233,  1.578423263850E+02,  0.4578
       511,       234,  1.578033367467E+02,  0.4579
       514,       235,  1.577606999240E+02,  0.4572
       516,       236,  1.577102957813E+02,  0.4574
       520,       237,  1.577024224531E+02,  0.4558
       521,       238,  1.576985372917E+02,  0.4568
       524,       239,  1.576855258135E+02,  0.4561
       528,       240,  1.576287969125E+02,  0.4545
       529,       241,  1.576046324874E+02,  0.4556
       531,       242,  1.575700125993E+02,  0.4557
       534,       243,  1.575687602120E+02,  0.4551
       537,       244,  1.575561559989E+02,  0.4544
       538,       245,  1.575369631922E+02,  0.4554
       539,       246,  1.575271567154E+02,  0.4564
       541,       247,  1.574430504732E+02,  0.4566
       543,       248,  1.573151734107E+02,  0.4567
       545,       249,  1.572056825401E+02,  0.4569
       546,       250,  1.571544651183E+02,  0.4579
       553,       251,  1.571244483895E+02,  0.4539
       554,       252,  1.570607280025E+02,  0.4549
       557,       253,  1.570250564921E+02,  0.4542
       559,       254,  1.569301116990E+02,  0.4544
       560,       255,  1.569186751421E+02,  0.4554
       561,       256,  1.569083891041E+02,  0.4563
       567,       257,  1.568908906586E+02,  0.4533
       569,       258,  1.567138810046E+02,  0.4534
       570,       259,  1.566202670854E+02,  0.4544
       573,       260,  1.565556682207E+02,  0.4538
       579,       261,  1.565439561403E+02,  0.4508
       580,       262,  1.564439798904E+02,  0.4517
       582,       263,  1.563338792218E+02,  0.4519
       589,       264,  1.563199311148E+02,  0.4482
       590,       265,  1.562664062911E+02,  0.4492
       592,       266,  1.561653634922E+02,  0.4493
       593,       267,  1.561579160991E+02,  0.4503
       598,       268,  1.560621690808E+02,  0.4482
       599,       269,  1.559925462323E+02,  0.4491
       600,       270,  1.559699227506E+02,  0.4500
       601,       271,  1.559032401000E+02,  0.4509
       602,       272,  1.557946473597E+02,  0.4518
       606,       273,  1.557801222103E+02,  0.4505
       607,       274,  1.557004695352E+02,  0.4514
       610,       275,  1.556912666751E+02,  0.4508
       611,       276,  1.556123479411E+02,  0.4517
       612,       277,  1.555886290715E+02,  0.4526
       613,       278,  1.555726312313E+02,  0.4535
       614,       279,  1.555288274846E+02,  0.4544
       618,       280,  1.555168271554E+02,  0.4531
       620,       281,  1.555116313525E+02,  0.4532
       621,       282,  1.554792989444E+02,  0.4541
       624,       283,  1.554417644459E+02,  0.4535
       625,       284,  1.554200227985E+02,  0.4544
       630,       285,  1.554187846940E+02,  0.4524
       632,       286,  1.553251621359E+02,  0.4525
       633,       287,  1.553224162303E+02,  0.4534
       635,       288,  1.553059949957E+02,  0.4535
       641,       289,  1.552527211498E+02,  0.4509
       642,       290,  1.552196390391E+02,  0.4517
       643,       291,  1.552175272564E+02,  0.4526
       647,       292,  1.551105988444E+02,  0.4513
       651,       293,  1.550912325109E+02,  0.4501
       652,       294,  1.550869659351E+02,  0.4509
       653,       295,  1.549728601325E+02,  0.4518
       656,       296,  1.549680000443E+02,  0.4512
       660,       297,  1.549495557849E+02,  0.4500
       662,       298,  1.549178317388E+02,  0.4502
       665,       299,  1.548712299682E+02,  0.4496
       668,       300,  1.548161330405E+02,  0.4491
       671,       301,  1.547760333474E+02,  0.4486
       674,       302,  1.546352518400E+02,  0.4481
       676,       303,  1.546165700157E+02,  0.4482
       678,       304,  1.546055966495E+02,  0.4484
       679,       305,  1.545945661011E+02,  0.4492
       681,       306,  1.545549809329E+02,  0.4493
       682,       307,  1.545506497542E+02,  0.4501
       683,       308,  1.545228700062E+02,  0.4510
       684,       309,  1.545027251297E+02,  0.4518
       693,       310,  1.544688194121E+02,  0.4473
       696,       311,  1.544025361774E+02,  0.4468
       697,       312,  1.543491752935E+02,  0.4476
       702,       313,  1.543015597680E+02,  0.4459
       703,       314,  1.542983974131E+02,  0.4467
       705,       315,  1.542683992561E+02,  0.4468
       707,       316,  1.542539360409E+02,  0.4470
       708,       317,  1.542372790034E+02,  0.4477
       711,       318,  1.541509273700E+02,  0.4473
       717,       319,  1.541003703964E+02,  0.4449
       724,       320,  1.540822335490E+02,  0.4420
       729,       321,  1.540756312414E+02,  0.4403
       730,       322,  1.540399586714E+02,  0.4411
       734,       323,  1.540190028057E+02,  0.4401
       736,       324,  1.539901706738E+02,  0.4402
       739,       325,  1.539091612237E+02,  0.4398
       741,       326,  1.538124024994E+02,  0.4399
       746,       327,  1.538061224091E+02,  0.4383
       749,       328,  1.538019126904E+02,  0.4379
       751,       329,  1.537568127257E+02,  0.4381
       752,       330,  1.537559192780E+02,  0.4388
       753,       331,  1.537552377463E+02,  0.4396
       754,       332,  1.536999781537E+02,  0.4403
       759,       333,  1.536943100849E+02,  0.4387
       760,       334,  1.536795945912E+02,  0.4395
       762,       335,  1.536785120242E+02,  0.4396
       765,       336,  1.536758717953E+02,  0.4392
       766,       337,  1.536159231204E+02,  0.4399
       767,       338,  1.535196205827E+02,  0.4407
       772,       339,  1.534636103738E+02,  0.4391
       775,       340,  1.534559711053E+02,  0.4387
       778,       341,  1.534407542817E+02,  0.4383
       782,       342,  1.534048073975E+02,  0.4373
       783,       343,  1.533962891819E+02,  0.4381
       784,       344,  1.533768325449E+02,  0.4388
       786,       345,  1.533072333422E+02,  0.4389
       789,       346,  1.531392808996E+02,  0.4385
       790,       347,  1.530572419657E+02,  0.4392
       791,       348,  1.530184916564E+02,  0.4399
       797,       349,  1.529305827946E+02,  0.4379
       798,       350,  1.528704598261E+02,  0.4386
       799,       351,  1.527772632880E+02,  0.4393
       801,       352,  1.527651029265E+02,  0.4395
       804,       353,  1.527634355202E+02,  0.4391
       807,       354,  1.526092192654E+02,  0.4387
       811,       355,  1.525947714644E+02,  0.4377
       813,       356,  1.525755018846E+02,  0.4379
       814,       357,  1.525373897772E+02,  0.4386
       815,       358,  1.525120117494E+02,  0.4393
       816,       359,  1.524686885581E+02,  0.4400
       817,       360,  1.523991163865E+02,  0.4406
       829,       361,  1.523584300469E+02,  0.4355
       833,       362,  1.523546683298E+02,  0.4346
       834,       363,  1.523480194362E+02,  0.4353
       837,       364,  1.523167101301E+02,  0.4349
       838,       365,  1.522659830720E+02,  0.4356
       843,       366,  1.522494165661E+02,  0.4342
       848,       367,  1.522430084678E+02,  0.4328
       851,       368,  1.521802668802E+02,  0.4324
       853,       369,  1.521648376480E+02,  0.4326
       854,       370,  1.520601212514E+02,  0.4333
       855,       371,  1.520262548816E+02,  0.4339
       856,       372,  1.520063560063E+02,  0.4346
       860,       373,  1.519961178733E+02,  0.4337
       863,       374,  1.519953969940E+02,  0.4334
       866,       375,  1.519239836068E+02,  0.4330
       867,       376,  1.518989994420E+02,  0.4337
       868,       377,  1.518348154983E+02,  0.4343
       869,       378,  1.518169053326E+02,  0.4350
       871,       379,  1.518148070558E+02,  0.4351
       874,       380,  1.517931949317E+02,  0.4348
       875,       381,  1.517137185569E+02,  0.4354
       876,       382,  1.517112894896E+02,  0.4361
       881,       383,  1.516982386102E+02,  0.4347
       885,       384,  1.516159363394E+02,  0.4339
       887,       385,  1.515803029669E+02,  0.4340
       888,       386,  1.515293172343E+02,  0.4347
       890,       387,  1.514211856524E+02,  0.4348
       894,       388,  1.513742281769E+02,  0.4340
       895,       389,  1.513147423017E+02,  0.4346
       905,       390,  1.512215272612E+02,  0.4309
       906,       391,  1.511556009793E+02,  0.4316
       908,       392,  1.511441213054E+02,  0.4317
       914,       393,  1.510378701810E+02,  0.4300
       915,       394,  1.510344831989E+02,  0.4306
       916,       395,  1.510190030781E+02,  0.4312
       923,       396,  1.509934127269E+02,  0.4290
       924,       397,  1.508750408045E+02,  0.4297
       925,       398,  1.508603001831E+02,  0.4303
       928,       399,  1.508345159602E+02,  0.4300
       930,       400,  1.508252228925E+02,  0.4301
       934,       401,  1.507568576511E+02,  0.4293
       935,       402,  1.507541729077E+02,  0.4299
       936,       403,  1.507351659220E+02,  0.4306
       937,       404,  1.505754376080E+02,  0.4312
       938,       405,  1.505334624987E+02,  0.4318
       940,       406,  1.504129934456E+02,  0.4319
       941,       407,  1.503532383632E+02,  0.4325
       942,       408,  1.503395873216E+02,  0.4331
       944,       409,  1.502966636088E+02,  0.4333
       945,       410,  1.501959746196E+02,  0.4339
       947,       411,  1.501220891418E+02,  0.4340
       954,       412,  1.501069815788E+02,  0.4319
       955,       413,  1.500128446158E+02,  0.4325
       957,       414,  1.500122328070E+02,  0.4326
       960,       415,  1.500013162498E+02,  0.4323
       961,       416,  1.499363789180E+02,  0.4329
       965,       417,  1.499034921086E+02,  0.4321
       967,       418,  1.498796010665E+02,  0.4323
       968,       419,  1.497998655082E+02,  0.4329
       972,       420,  1.497557784092E+02,  0.4321
       973,       421,  1.496698302063E+02,  0.4327
       974,       422,  1.496246899658E+02,  0.4333
       977,       423,  1.496246040759E+02,  0.4330
       979,       424,  1.496125392651E+02,  0.4331
       980,       425,  1.496121046940E+02,  0.4337
       984,       426,  1.495792767095E+02,  0.4329
       987,       427,  1.495628257503E+02,  0.4326
       991,       428,  1.495520047566E+02,  0.4319
       993,       429,  1.495477499934E+02,  0.4320
       995,       430,  1.495189564576E+02,  0.4322
       998,       431,  1.495138903471E+02,  0.4319
       999,       432,  1.495004946916E+02,  0.4324
      1000,       433,  1.494978058179E+02,  0.4330
      1001,       434,  1.494935880040E+02,  0.4336
      1002,       435,  1.494866672360E+02,  0.4341
      1003,       436,  1.494633795579E+02,  0.4347
      1006,       437,  1.494480302743E+02,  0.4344
      1008,       438,  1.494306029912E+02,  0.4345
      1009,       439,  1.492291463557E+02,  0.4351
      1010,       440,  1.492218906317E+02,  0.4356
      1014,       441,  1.492183697733E+02,  0.4349
      1018,       442,  1.491496202033E+02,  0.4342
      1019,       443,  1.490561379539E+02,  0.4347
      1022,       444,  1.490240889595E+02,  0.4344
      1023,       445,  1.489756806968E+02,  0.4350
      1024,       446,  1.488607854284E+02,  0.4355
      1028,       447,  1.488540018844E+02,  0.4348
      1029,       448,  1.488486391193E+02,  0.4354
      1032,       449,  1.488073977014E+02,  0.4351
      1034,       450,  1.487927455357E+02,  0.4352
      1035,       451,  1.487911856209E+02,  0.4357
      1036,       452,  1.487629724243E+02,  0.4363
      1038,       453,  1.487300308727E+02,  0.4364
      1041,       454,  1.486676082754E+02,  0.4361
      1043,       455,  1.486222061878E+02,  0.4362
      1045,       456,  1.485591856013E+02,  0.4364
      1046,       457,  1.485162053802E+02,  0.4369
      1048,       458,  1.484633140185E+02,  0.4370
      1049,       459,  1.484557327763E+02,  0.4376
      1052,       460,  1.483875992270E+02,  0.4373
      1055,       461,  1.483586129075E+02,  0.4370
      1060,       462,  1.483412230730E+02,  0.4358
      1063,       463,  1.482509024913E+02,  0.4356
      1064,       464,  1.482150037163E+02,  0.4361
      1065,       465,  1.481961056624E+02,  0.4366
      1070,       466,  1.481267672954E+02,  0.4355
      1075,       467,  1.481053273274E+02,  0.4344
      1076,       468,  1.480926035114E+02,  0.4349
      1077,       469,  1.480586455325E+02,  0.4355
      1078,       470,  1.480388473150E+02,  0.4360
      1080,       471,  1.480081692983E+02,  0.4361
      1081,       472,  1.480055137131E+02,  0.4366
      1082,       473,  1.479129101785E+02,  0.4372
      1083,       474,  1.478832123254E+02,  0.4377
      1087,       475,  1.478794513516E+02,  0.4370
      1088,       476,  1.478488011037E+02,  0.4375
      1089,       477,  1.478060825136E+02,  0.4380
      1091,       478,  1.477989871806E+02,  0.4381
      1092,       479,  1.477952092521E+02,  0.4386
      1093,       480,  1.477841707726E+02,  0.4392
      1094,       481,  1.476983910955E+02,  0.4397
      1095,       482,  1.476454374063E+02,  0.4402
      1096,       483,  1.476324673435E+02,  0.4407
      1097,       484,  1.475815075735E+02,  0.4412
      1099,       485,  1.475685551871E+02,  0.4413
      1100,       486,  1.475463390589E+02,  0.4418
      1103,       487,  1.474690400648E+02,  0.4415
      1105,       488,  1.474630193070E+02,  0.4416
      1109,       489,  1.474424218001E+02,  0.4409
      1111,       490,  1.474042567959E+02,  0.4410
      1123,       491,  1.473184232018E+02,  0.4372
      1124,       492,  1.472943604376E+02,  0.4377
      1125,       493,  1.472445082145E+02,  0.4382
      1128,       494,  1.472406338180E+02,  0.4379
      1129,       495,  1.471767879352E+02,  0.4384
      1133,       496,  1.471392072709E+02,  0.4378
      1134,       497,  1.471014124729E+02,  0.4383
      1135,       498,  1.470952350330E+02,  0.4388
      1137,       499,  1.470808135292E+02,  0.4389
      1138,       500,  1.469743076422E+02,  0.4394
      1139,       501,  1.469680617540E+02,  0.4399
      1140,       502,  1.469644939390E+02,  0.4404
      1141,       503,  1.469013740769E+02,  0.4408
      1142,       504,  1.468890107038E+02,  0.4413
      1143,       505,  1.468666890132E+02,  0.4418
      1145,       506,  1.467546078350E+02,  0.4419
      1147,       507,  1.467312142264E+02,  0.4420
      1151,       508,  1.467032569392E+02,  0.4414
      1152,       509,  1.467014523591E+02,  0.4418
      1158,       510,  1.467004938933E+02,  0.4404
      1160,       511,  1.466107160460E+02,  0.4405
      1161,       512,  1.465780549995E+02,  0.4410
      1163,       513,  1.465709149650E+02,  0.4411
      1166,       514,  1.464792065235E+02,  0.4408
      1167,       515,  1.464760876547E+02,  0.4413
      1168,       516,  1.463831763396E+02,  0.4418
      1169,       517,  1.463798208392E+02,  0.4423
      1171,       518,  1.463570870253E+02,  0.4424
      1173,       519,  1.463448588132E+02,  0.4425
      1175,       520,  1.462645824745E+02,  0.4426
      1178,       521,  1.461720711715E+02,  0.4423
      1179,       522,  1.461535087858E+02,  0.4427
      1180,       523,  1.460702955176E+02,  0.4432
      1181,       524,  1.459505951613E+02,  0.4437
      1183,       525,  1.459253828803E+02,  0.4438
      1184,       526,  1.459191823614E+02,  0.4443
      1186,       527,  1.458866941552E+02,  0.4444
      1187,       528,  1.457864924968E+02,  0.4448
      1188,       529,  1.457763644029E+02,  0.4453
      1189,       530,  1.457699888578E+02,  0.4458
      1193,       531,  1.456552220239E+02,  0.4451
      1194,       532,  1.456301799945E+02,  0.4456
      1196,       533,  1.456238991742E+02,  0.4457
      1199,       534,  1.456006720840E+02,  0.4454
      1200,       535,  1.455790629547E+02,  0.4458
      1201,       536,  1.455558780562E+02,  0.4463
      1204,       537,  1.455517350625E+02,  0.4460
      1211,       538,  1.455233404871E+02,  0.4443
      1213,       539,  1.454309281362E+02,  0.4444
      1214,       540,  1.453179480064E+02,  0.4448
      1215,       541,  1.452797971532E+02,  0.4453
      1217,       542,  1.452759574772E+02,  0.4454
      1223,       543,  1.452723531929E+02,  0.4440
      1225,       544,  1.452544717866E+02,  0.4441
      1226,       545,  1.452425957487E+02,  0.4445
      1227,       546,  1.452425592110E+02,  0.4450
      1231,       547,  1.452217642022E+02,  0.4444
      1235,       548,  1.451995875755E+02,  0.4437
      1237,       549,  1.451967083811E+02,  0.4438
      1240,       550,  1.451808566970E+02,  0.4435
      1244,       551,  1.451799209259E+02,  0.4429
      1245,       552,  1.451450301700E+02,  0.4434
      1249,       553,  1.450665059577E+02,  0.4428
      1255,       554,  1.450502437526E+02,  0.4414
      1256,       555,  1.450328117394E+02,  0.4419
      1258,       556,  1.449709912417E+02,  0.4420
      1260,       557,  1.449423416394E+02,  0.4421
      1265,       558,  1.449409851938E+02,  0.4411
      1268,       559,  1.448350188856E+02,  0.4409
      1271,       560,  1.447405092676E+02,  0.4406
      1274,       561,  1.447194143059E+02,  0.4403
      1275,       562,  1.446875293919E+02,  0.4408
      1277,       563,  1.446816401822E+02,  0.4409
      1278,       564,  1.446772649626E+02,  0.4413
      1283,       565,  1.445879282671E+02,  0.4404
      1285,       566,  1.445567052767E+02,  0.4405
      1287,       567,  1.445510081757E+02,  0.4406
      1290,       568,  1.445198686956E+02,  0.4403
      1291,       569,  1.445160829096E+02,  0.4407
      1294,       570,  1.444914956135E+02,  0.4405
      1297,       571,  1.444301089055E+02,  0.4402
      1299,       572,  1.444282800966E+02,  0.4403
      1300,       573,  1.443910326334E+02,  0.4408
      1302,       574,  1.443655205507E+02,  0.4409
      1303,       575,  1.443640531629E+02,  0.4413
      1309,       576,  1.443209834867E+02,  0.4400
      1310,       577,  1.443053720603E+02,  0.4405
      1311,       578,  1.441964391827E+02,  0.4409
      1312,       579,  1.441788636635E+02,  0.4413
      1320,       580,  1.441665511645E+02,  0.4394
      1323,       581,  1.441386873023E+02,  0.4392
      1324,       582,  1.440500741176E+02,  0.4396
      1325,       583,  1.440015610322E+02,  0.4400
      1328,       584,  1.439825771145E+02,  0.4398
      1329,       585,  1.439756604250E+02,  0.4402
      1330,       586,  1.439564673122E+02,  0.4406
      1331,       587,  1.439383408390E+02,  0.4410
      1332,       588,  1.439359530094E+02,  0.4414
      1338,       589,  1.439115165023E+02,  0.4402
      1339,       590,  1.438967849308E+02,  0.4406
      1340,       591,  1.438788353629E+02,  0.4410
      1342,       592,  1.438711175312E+02,  0.4411
      1346,       593,  1.437786383459E+02,  0.4406
      1348,       594,  1.437191590374E+02,  0.4407
      1350,       595,  1.437136844399E+02,  0.4407
      1351,       596,  1.436938034018E+02,  0.4412
      1352,       597,  1.436904110826E+02,  0.4416
      1354,       598,  1.436764340796E+02,  0.4417
      1356,       599,  1.436690205289E+02,  0.4417
      1359,       600,  1.436106704137E+02,  0.4415
      1364,       601,  1.434996582963E+02,  0.4406
      1366,       602,  1.434930524348E+02,  0.4407
      1368,       603,  1.434283746295E+02,  0.4408
      1369,       604,  1.434240526703E+02,  0.4412
      1372,       605,  1.434159413103E+02,  0.4410
      1379,       606,  1.434123991300E+02,  0.4394
      1381,       607,  1.434003871025E+02,  0.4395
      1382,       608,  1.433905272754E+02,  0.4399
      1389,       609,  1.433767243118E+02,  0.4384
      1391,       610,  1.433435637429E+02,  0.4385
      1393,       611,  1.432382927626E+02,  0.4386
      1395,       612,  1.432308291459E+02,  0.4387
      1396,       613,  1.432283833120E+02,  0.4391
      1397,       614,  1.431189464626E+02,  0.4395
      1401,       615,  1.430592609963E+02,  0.4390
      1402,       616,  1.430451688331E+02,  0.4394
      1403,       617,  1.429376420504E+02,  0.4398
      1404,       618,  1.429207238631E+02,  0.4402
      1405,       619,  1.429088260383E+02,  0.4406
      1406,       620,  1.428936355530E+02,  0.4410
      1407,       621,  1.428436574114E+02,  0.4414
      1415,       622,  1.427738243850E+02,  0.4396
      1425,       623,  1.427212911720E+02,  0.4372
      1428,       624,  1.426832005639E+02,  0.4370
      1430,       625,  1.426647980254E+02,  0.4371
      1431,       626,  1.426183796425E+02,  0.4375
      1432,       627,  1.426140278344E+02,  0.4378
      1440,       628,  1.425711420651E+02,  0.4361
      1443,       629,  1.424793913397E+02,  0.4359
      1444,       630,  1.424205765227E+02,  0.4363
      1447,       631,  1.423258367111E+02,  0.4361
      1453,       632,  1.422914561192E+02,  0.4350
      1455,       633,  1.422732857895E+02,  0.4351
      1458,       634,  1.422641563455E+02,  0.4348
      1460,       635,  1.422537327571E+02,  0.4349
      1461,       636,  1.422423222017E+02,  0.4353
      1464,       637,  1.421318774576E+02,  0.4351
      1466,       638,  1.421027781241E+02,  0.4352
      1468,       639,  1.420968458659E+02,  0.4353
      1470,       640,  1.420908024931E+02,  0.4354
      1475,       641,  1.420785197392E+02,  0.4346
      1476,       642,  1.420653022652E+02,  0.4350
      1482,       643,  1.420556484322E+02,  0.4339
      1483,       644,  1.420325320020E+02,  0.4343
      1484,       645,  1.420258513285E+02,  0.4346
      1485,       646,  1.419366182848E+02,  0.4350
      1487,       647,  1.418996936789E+02,  0.4351
      1489,       648,  1.418897933533E+02,  0.4352
      1494,       649,  1.418754476305E+02,  0.4344
      1495,       650,  1.418728605981E+02,  0.4348
      1496,       651,  1.418301285793E+02,  0.4352
      1499,       652,  1.418248929639E+02,  0.4350
      1501,       653,  1.417586357659E+02,  0.4350
      1504,       654,  1.417111291692E+02,  0.4348
      1506,       655,  1.416306248166E+02,  0.4349
      1511,       656,  1.416204148399E+02,  0.4341
      1518,       657,  1.416111756013E+02,  0.4328
      1521,       658,  1.416109308350E+02,  0.4326
      1522,       659,  1.415861145075E+02,  0.4330
      1524,       660,  1.415664645995E+02,  0.4331
      1525,       661,  1.415247435199E+02,  0.4334
      1526,       662,  1.415180469667E+02,  0.4338
      1527,       663,  1.414992688622E+02,  0.4342
      1528,       664,  1.414799847249E+02,  0.4346
      1531,       665,  1.414597397464E+02,  0.4344
      1533,       666,  1.414545434084E+02,  0.4344
      1538,       667,  1.414430227886E+02,  0.4337
      1541,       668,  1.414016045362E+02,  0.4335
      1546,       669,  1.413611416890E+02,  0.4327
      1550,       670,  1.412931075142E+02,  0.4323
      1553,       671,  1.412692834096E+02,  0.4321
      1554,       672,  1.411701198339E+02,  0.4324
      1562,       673,  1.411685541842E+02,  0.4309
      1569,       674,  1.411370714408E+02,  0.4296
      1570,       675,  1.411318242253E+02,  0.4299
      1572,       676,  1.411233690020E+02,  0.4300
      1580,       677,  1.411223199210E+02,  0.4285
      1582,       678,  1.411122196321E+02,  0.4286
      1586,       679,  1.411054832765E+02,  0.4281
      1588,       680,  1.410872483516E+02,  0.4282
      1601,       681,  1.410780262024E+02,  0.4254
      1602,       682,  1.410684419909E+02,  0.4257
      1604,       683,  1.409826514883E+02,  0.4258
      1605,       684,  1.409442639882E+02,  0.4262
      1618,       685,  1.408982660913E+02,  0.4234
      1619,       686,  1.408932105396E+02,  0.4237
      1622,       687,  1.408340443836E+02,  0.4236
      1623,       688,  1.408142801037E+02,  0.4239
      1624,       689,  1.408039902552E+02,  0.4243
      1627,       690,  1.407859163210E+02,  0.4241
      1628,       691,  1.406699335439E+02,  0.4244
      1632,       692,  1.406616220717E+02,  0.4240
      1633,       693,  1.406525114031E+02,  0.4244
      1642,       694,  1.405923870222E+02,  0.4227
      1646,       695,  1.405697983032E+02,  0.4222
      1648,       696,  1.405608407668E+02,  0.4223
      1651,       697,  1.405068842321E+02,  0.4222
      1653,       698,  1.405031943999E+02,  0.4223
      1658,       699,  1.404758185783E+02,  0.4216
      1661,       700,  1.404443646827E+02,  0.4214
      1667,       701,  1.403988019796E+02,  0.4205
      1669,       702,  1.403984141663E+02,  0.4206
      1670,       703,  1.403104151739E+02,  0.4210
      1671,       704,  1.402878063772E+02,  0.4213
      1673,       705,  1.402656084205E+02,  0.4214
      1674,       706,  1.402030867735E+02,  0.4217
      1675,       707,  1.401123947841E+02,  0.4221
      1676,       708,  1.400960581052E+02,  0.4224
      1684,       709,  1.400857863769E+02,  0.4210
      1685,       710,  1.400695013400E+02,  0.4214
      1688,       711,  1.400541683375E+02,  0.4212
      1689,       712,  1.400532689663E+02,  0.4216
      1690,       713,  1.400203772770E+02,  0.4219
      1692,       714,  1.400162758310E+02,  0.4220
      1696,       715,  1.400057120848E+02,  0.4216
      1700,       716,  1.400045950094E+02,  0.4212
      1703,       717,  1.398936823535E+02,  0.4210
      1704,       718,  1.398572369287E+02,  0.4214
      1705,       719,  1.398112363867E+02,  0.4217
      1707,       720,  1.397932348399E+02,  0.4218
      1708,       721,  1.397657668698E+02,  0.4221
      1712,       722,  1.397438312589E+02,  0.4217
      1715,       723,  1.397134042902E+02,  0.4216
      1717,       724,  1.397012218421E+02,  0.4217
      1720,       725,  1.396899565692E+02,  0.4215
      1721,       726,  1.396703595419E+02,  0.4218
      1723,       727,  1.396122812848E+02,  0.4219
      1725,       728,  1.396050857464E+02,  0.4220
      1727,       729,  1.395972787628E+02,  0.4221
      1728,       730,  1.395960247811E+02,  0.4225
      1731,       731,  1.395862508405E+02,  0.4223
      1732,       732,  1.395638880853E+02,  0.4226
      1734,       733,  1.395638034461E+02,  0.4227
      1735,       734,  1.395401132326E+02,  0.4231
      1740,       735,  1.395244639458E+02,  0.4224
      1741,       736,  1.395211104052E+02,  0.4227
      1744,       737,  1.395066920332E+02,  0.4226
      1745,       738,  1.394787505466E+02,  0.4229
      1746,       739,  1.393247544154E+02,  0.4233
      1749,       740,  1.392562092119E+02,  0.4231
      1752,       741,  1.392539207925E+02,  0.4229
      1753,       742,  1.392092733536E+02,  0.4233
      1755,       743,  1.391332753897E+02,  0.4234
      1756,       744,  1.391292404345E+02,  0.4237
      1758,       745,  1.391083401713E+02,  0.4238
      1764,       746,  1.391078807668E+02,  0.4229
      1768,       747,  1.391023065263E+02,  0.4225
      1770,       748,  1.391022912337E+02,  0.4226
      1771,       749,  1.390971235004E+02,  0.4229
      1772,       750,  1.390443595321E+02,  0.4233
      1773,       751,  1.390410707034E+02,  0.4236
      1774,       752,  1.390392099944E+02,  0.4239
      1775,       753,  1.390277423268E+02,  0.4242
      1781,       754,  1.390256561318E+02,  0.4234
      1783,       755,  1.389843986959E+02,  0.4234
      1785,       756,  1.389680127435E+02,  0.4235
      1786,       757,  1.389499388837E+02,  0.4239
      1789,       758,  1.389495784597E+02,  0.4237
      1794,       759,  1.389331451784E+02,  0.4231
      1798,       760,  1.388485819841E+02,  0.4227
      1799,       761,  1.388468484339E+02,  0.4230
      1809,       762,  1.388295251513E+02,  0.4212
      1814,       763,  1.388122978586E+02,  0.4206
      1815,       764,  1.386950995613E+02,  0.4209
      1816,       765,  1.386879454987E+02,  0.4213
      1817,       766,  1.386853561786E+02,  0.4216
      1819,       767,  1.386532715075E+02,  0.4217
      1820,       768,  1.385963002976E+02,  0.4220
      1821,       769,  1.385681911995E+02,  0.4223
      1822,       770,  1.384913905758E+02,  0.4226
      1826,       771,  1.384912064193E+02,  0.4222
      1829,       772,  1.384820692036E+02,  0.4221
      1831,       773,  1.384593968909E+02,  0.4222
      1832,       774,  1.384054024566E+02,  0.4225
      1833,       775,  1.383845850911E+02,  0.4228
      1836,       776,  1.383353161083E+02,  0.4227
      1837,       777,  1.383270318047E+02,  0.4230
      1838,       778,  1.382367194783E+02,  0.4233
      1839,       779,  1.381813260801E+02,  0.4236
      1844,       780,  1.381144523571E+02,  0.4230
      1845,       781,  1.380630284812E+02,  0.4233
      1850,       782,  1.380188496089E+02,  0.4227
      1853,       783,  1.380097790612E+02,  0.4226
      1855,       784,  1.380084614810E+02,  0.4226
      1856,       785,  1.380077067503E+02,  0.4230
      1857,       786,  1.379292807546E+02,  0.4233
      1861,       787,  1.379250491266E+02,  0.4229
      1866,       788,  1.379140934388E+02,  0.4223
      1868,       789,  1.379065644276E+02,  0.4224
      1869,       790,  1.379058493696E+02,  0.4227
      1873,       791,  1.378875044331E+02,  0.4223
      1877,       792,  1.378850841627E+02,  0.4219
      1880,       793,  1.378832965757E+02,  0.4218
      1881,       794,  1.377795304081E+02,  0.4221
      1885,       795,  1.377261698387E+02,  0.4218
      1889,       796,  1.377161771932E+02,  0.4214
      1892,       797,  1.377105151143E+02,  0.4212
      1894,       798,  1.376861340783E+02,  0.4213
      1895,       799,  1.376597307331E+02,  0.4216
      1896,       800,  1.376491285809E+02,  0.4219
      1898,       801,  1.376359612782E+02,  0.4220
      1900,       802,  1.376257206139E+02,  0.4221
      1906,       803,  1.376248527769E+02,  0.4213
      1907,       804,  1.376062611375E+02,  0.4216
      1908,       805,  1.376026312398E+02,  0.4219
      1910,       806,  1.375967548718E+02,  0.4220
      1912,       807,  1.375744244987E+02,  0.4221
      1913,       808,  1.375707715077E+02,  0.4224
      1916,       809,  1.375213283977E+02,  0.4222
      1917,       810,  1.375212390166E+02,  0.4225
      1921,       811,  1.374541499636E+02,  0.4222
      1923,       812,  1.374372866547E+02,  0.4223
      1924,       813,  1.374122858636E+02,  0.4226
      1925,       814,  1.373484678748E+02,  0.4229
      1928,       815,  1.373460466142E+02,  0.4227
      1929,       816,  1.373406541407E+02,  0.4230
      1931,       817,  1.373259660437E+02,  0.4231
      1936,       818,  1.372479508247E+02,  0.4225
      1939,       819,  1.372381341553E+02,  0.4224
      1941,       820,  1.372376541044E+02,  0.4225
      1942,       821,  1.372098023866E+02,  0.4228
      1959,       822,  1.371363408635E+02,  0.4196
      1962,       823,  1.371069243924E+02,  0.4195
      1964,       824,  1.371012125161E+02,  0.4196
      1967,       825,  1.370946723441E+02,  0.4194
      1969,       826,  1.370823961125E+02,  0.4195
      1971,       827,  1.370652033869E+02,  0.4196
      1973,       828,  1.370637726334E+02,  0.4197
      1975,       829,  1.369972382066E+02,  0.4197
      1979,       830,  1.369949347722E+02,  0.4194
      1986,       831,  1.369792960377E+02,  0.4184
      1989,       832,  1.369789747779E+02,  0.4183
      1990,       833,  1.369727382269E+02,  0.4186
      1992,       834,  1.369439601000E+02,  0.4187
      1996,       835,  1.368844529244E+02,  0.4183
      1997,       836,  1.368251403354E+02,  0.4186
      2000,       837,  1.367924780351E+02,  0.4185
      2007,       838,  1.367815482198E+02,  0.4175
      2009,       839,  1.367740669093E+02,  0.4176
      2010,       840,  1.367495611899E+02,  0.4179
      2012,       841,  1.367191672289E+02,  0.4180
      2016,       842,  1.366723920753E+02,  0.4177
      2019,       843,  1.366652374955E+02,  0.4175
      2022,       844,  1.366157648799E+02,  0.4174
      2029,       845,  1.365531013040E+02,  0.4165
      2030,       846,  1.365352306141E+02,  0.4167
      2031,       847,  1.365142027147E+02,  0.4170
      2033,       848,  1.365134776552E+02,  0.4171
      2034,       849,  1.363811011394E+02,  0.4174
      2035,       850,  1.363445848361E+02,  0.4177
      2037,       851,  1.362716373469E+02,  0.4178
      2041,       852,  1.362705039057E+02,  0.4174
      2042,       853,  1.362439136524E+02,  0.4177
      2044,       854,  1.362435685347E+02,  0.4178
      2045,       855,  1.361719477642E+02,  0.4181
      2046,       856,  1.361439123989E+02,  0.4184
      2051,       857,  1.361252328914E+02,  0.4178
      2053,       858,  1.361119289741E+02,  0.4179
      2062,       859,  1.361075699649E+02,  0.4166
      2064,       860,  1.361054285337E+02,  0.4167
      2068,       861,  1.360700203457E+02,  0.4163
      2069,       862,  1.360636837098E+02,  0.4166
      2072,       863,  1.360506020860E+02,  0.4165
      2074,       864,  1.360491660172E+02,  0.4166
      2083,       865,  1.360352072122E+02,  0.4153
      2086,       866,  1.360234317972E+02,  0.4151
      2087,       867,  1.360112366205E+02,  0.4154
      2092,       868,  1.360105219121E+02,  0.4149
      2095,       869,  1.358931095264E+02,  0.4148
      2100,       870,  1.358657289485E+02,  0.4143
      2102,       871,  1.358583027743E+02,  0.4144
      2103,       872,  1.358195300535E+02,  0.4146
      2105,       873,  1.357919238912E+02,  0.4147
      2106,       874,  1.357843645273E+02,  0.4150
      2116,       875,  1.357817155889E+02,  0.4135
      2133,       876,  1.357771736935E+02,  0.4107
      2135,       877,  1.357442827626E+02,  0.4108
      2136,       878,  1.356980621047E+02,  0.4110
      2139,       879,  1.356783723305E+02,  0.4109
      2140,       880,  1.356714156525E+02,  0.4112
      2141,       881,  1.356704370099E+02,  0.4115
      2144,       882,  1.356665575500E+02,  0.4114
      2151,       883,  1.356192386458E+02,  0.4105
      2153,       884,  1.355829192559E+02,  0.4106
      2155,       885,  1.355428226603E+02,  0.4107
      2158,       886,  1.355412182128E+02,  0.4106
      2160,       887,  1.355401566481E+02,  0.4106
      2166,       888,  1.355328955906E+02,  0.4100
      2167,       889,  1.355292203528E+02,  0.4102
      2174,       890,  1.355017650376E+02,  0.4094
      2178,       891,  1.354930495200E+02,  0.4091
      2180,       892,  1.354649508900E+02,  0.4092
      2183,       893,  1.354554173398E+02,  0.4091
      2185,       894,  1.353537401791E+02,  0.4092
      2190,       895,  1.353056640744E+02,  0.4087
      2193,       896,  1.353020713302E+02,  0.4086
      2198,       897,  1.352484723933E+02,  0.4081
      2206,       898,  1.352474925985E+02,  0.4071
      2207,       899,  1.352468746371E+02,  0.4073
      2210,       900,  1.352400828068E+02,  0.4072
      2217,       901,  1.352267502133E+02,  0.4064
      2226,       902,  1.352050849433E+02,  0.4052
      2228,       903,  1.351631131212E+02,  0.4053
      2233,       904,  1.351592586574E+02,  0.4048
      2235,       905,  1.351592548341E+02,  0.4049
      2236,       906,  1.351382426518E+02,  0.4052
      2240,       907,  1.351330580632E+02,  0.4049
      2241,       908,  1.350448988989E+02,  0.4052
      2246,       909,  1.350440595920E+02,  0.4047
      2247,       910,  1.349652772304E+02,  0.4050
      2248,       911,  1.349493194072E+02,  0.4052
      2252,       912,  1.349282578219E+02,  0.4050
      2253,       913,  1.348819062206E+02,  0.4052
      2262,       914,  1.348803665841E+02,  0.4041
      2263,       915,  1.348459140413E+02,  0.4043
      2264,       916,  1.348298008826E+02,  0.4046
      2267,       917,  1.348007603544E+02,  0.4045
      2271,       918,  1.347851732903E+02,  0.4042
      2272,       919,  1.347792689499E+02,  0.4045
      2274,       920,  1.347784733720E+02,  0.4046
      2277,       921,  1.347780761205E+02,  0.4045
      2279,       922,  1.347752244675E+02,  0.4046
      2280,       923,  1.347452188580E+02,  0.4048
      2281,       924,  1.346961863196E+02,  0.4051
      2285,       925,  1.346792985812E+02,  0.4048
      2287,       926,  1.346498787849E+02,  0.4049
      2289,       927,  1.346432695087E+02,  0.4050
      2290,       928,  1.345325311505E+02,  0.4052
      2295,       929,  1.345304526091E+02,  0.4048
      2299,       930,  1.345281536367E+02,  0.4045
      2301,       931,  1.345218103549E+02,  0.4046
      2307,       932,  1.345211872318E+02,  0.4040
      2310,       933,  1.345032743891E+02,  0.4039
      2311,       934,  1.344538328954E+02,  0.4042
      2315,       935,  1.344058782224E+02,  0.4039
      2325,       936,  1.343961096001E+02,  0.4026
      2332,       937,  1.343709027445E+02,  0.4018
      2334,       938,  1.343492325880E+02,  0.4019
      2335,       939,  1.343241945754E+02,  0.4021
      2343,       940,  1.342925273737E+02,  0.4012
      2350,       941,  1.342912228538E+02,  0.4004
      2351,       942,  1.342573549917E+02,  0.4007
      2352,       943,  1.342573275330E+02,  0.4009
      2353,       944,  1.342488599324E+02,  0.4012
      2356,       945,  1.342350297837E+02,  0.4011
      2357,       946,  1.342187983670E+02,  0.4014
      2361,       947,  1.342061617146E+02,  0.4011
      2363,       948,  1.342055441748E+02,  0.4012
      2364,       949,  1.341830238377E+02,  0.4014
      2371,       950,  1.341775839921E+02,  0.4007
      2373,       951,  1.341703914548E+02,  0.4008
      2374,       952,  1.340996210591E+02,  0.4010
      2381,       953,  1.340791790531E+02,  0.4003
      2384,       954,  1.340072665413E+02,  0.4002
      2386,       955,  1.340033731741E+02,  0.4003
      2388,       956,  1.339653799612E+02,  0.4003
      2390,       957,  1.339499024886E+02,  0.4004
      2392,       958,  1.339400741622E+02,  0.4005
      2397,       959,  1.339369327543E+02,  0.4001
      2403,       960,  1.339356334861E+02,  0.3995
      2405,       961,  1.339054187886E+02,  0.3996
      2406,       962,  1.338997113409E+02,  0.3998
      2408,       963,  1.338995386235E+02,  0.3999
      2409,       964,  1.338863876165E+02,  0.4002
      2413,       965,  1.338707787641E+02,  0.3999
      2414,       966,  1.338637935966E+02,  0.4002
      2418,       967,  1.338433693270E+02,  0.3999
      2424,       968,  1.338161980583E+02,  0.3993
      2430,       969,  1.337750835457E+02,  0.3988
      2431,       970,  1.337747737092E+02,  0.3990
      2433,       971,  1.337646265170E+02,  0.3991
      2434,       972,  1.337582254651E+02,  0.3993
      2437,       973,  1.337098642084E+02,  0.3993
      2438,       974,  1.336753230305E+02,  0.3995
      2440,       975,  1.336737222172E+02,  0.3996
      2443,       976,  1.335990142641E+02,  0.3995
      2454,       977,  1.335724639964E+02,  0.3981
      2455,       978,  1.335257883302E+02,  0.3984
      2458,       979,  1.334843156757E+02,  0.3983
      2459,       980,  1.334583713129E+02,  0.3985
      2464,       981,  1.334524666526E+02,  0.3981
      2465,       982,  1.334215470285E+02,  0.3984
      2476,       983,  1.334190624444E+02,  0.3970
      2483,       984,  1.334162936054E+02,  0.3963
      2488,       985,  1.334118126389E+02,  0.3959
      2490,       986,  1.333994664797E+02,  0.3960
      2493,       987,  1.333959404604E+02,  0.3959
      2494,       988,  1.333855169939E+02,  0.3962
      2495,       989,  1.333703799085E+02,  0.3964
      2513,       990,  1.333529597015E+02,  0.3940
      2518,       991,  1.333390075768E+02,  0.3936
      2519,       992,  1.333279966040E+02,  0.3938
      2523,       993,  1.333276842326E+02,  0.3936
      2524,       994,  1.332923148255E+02,  0.3938
      2525,       995,  1.332900367147E+02,  0.3941
      2529,       996,  1.332753675425E+02,  0.3938
      2535,       997,  1.332409648635E+02,  0.3933
      2536,       998,  1.332397857310E+02,  0.3935
      2540,       999,  1.332326744941E+02,  0.3933
      2541,      1000,  1.332308702269E+02,  0.3935
      2542,      1001,  1.332265270118E+02,  0.3938
      2544,      1002,  1.332168690828E+02,  0.3939
      2546,      1003,  1.332069506292E+02,  0.3940
      2548,      1004,  1.332032005288E+02,  0.3940
      2549,      1005,  1.331989969978E+02,  0.3943
      2550,      1006,  1.331308332316E+02,  0.3945
      2552,      1007,  1.331269403509E+02,  0.3946
      2556,      1008,  1.331217652337E+02,  0.3944
      2561,      1009,  1.331186522693E+02,  0.3940
      2562,      1010,  1.330959068835E+02,  0.3942
      2564,      1011,  1.330941883657E+02,  0.3943
      2565,      1012,  1.330896137553E+02,  0.3945
      2566,      1013,  1.330833816613E+02,  0.3948
      2569,      1014,  1.330729559480E+02,  0.3947
      2570,      1015,  1.330649578825E+02,  0.3949
      2573,      1016,  1.330549771866E+02,  0.3949
      2575,      1017,  1.330492481043E+02,  0.3950
      2578,      1018,  1.329877293775E+02,  0.3949
      2589,      1019,  1.329563697788E+02,  0.3936
      2594,      1020,  1.329152242036E+02,  0.3932
      2602,      1021,  1.328957054122E+02,  0.3924
      2611,      1022,  1.328856272739E+02,  0.3914
      2612,      1023,  1.328518565405E+02,  0.3917
      2623,      1024,  1.328400770549E+02,  0.3904
      2629,      1025,  1.328396734443E+02,  0.3899
      2631,      1026,  1.328119791549E+02,  0.3900
      2639,      1027,  1.328052843792E+02,  0.3892
      2640,      1028,  1.327932751620E+02,  0.3894
      2646,      1029,  1.327855276459E+02,  0.3889
      2650,      1030,  1.327573628019E+02,  0.3887
      2655,      1031,  1.327350395091E+02,  0.3883
      2657,      1032,  1.327307324991E+02,  0.3884
      2658,      1033,  1.327298551259E+02,  0.3886
      2659,      1034,  1.327217093805E+02,  0.3889
      2660,      1035,  1.327057356016E+02,  0.3891
      2666,      1036,  1.326809610345E+02,  0.3886
      2669,      1037,  1.326807334411E+02,  0.3885
      2671,      1038,  1.326757141041E+02,  0.3886
      2674,      1039,  1.326728356152E+02,  0.3886
      2677,      1040,  1.326681359029E+02,  0.3885
      2679,      1041,  1.326657547121E+02,  0.3886
      2682,      1042,  1.326407611071E+02,  0.3885
      2692,      1043,  1.326341731254E+02,  0.3874
      2700,      1044,  1.326243534713E+02,  0.3867
      2708,      1045,  1.326215919126E+02,  0.3859
      2710,      1046,  1.326120803696E+02,  0.3860
      2712,      1047,  1.325972802815E+02,  0.3861
      2718,      1048,  1.325427858520E+02,  0.3856
      2722,      1049,  1.325378614438E+02,  0.3854
      2724,      1050,  1.324749152852E+02,  0.3855
      2725,      1051,  1.324726691205E+02,  0.3857
      2730,      1052,  1.324693297706E+02,  0.3853
      2742,      1053,  1.324586510291E+02,  0.3840
      2744,      1054,  1.324551087002E+02,  0.3841
      2750,      1055,  1.324490874675E+02,  0.3836
      2758,      1056,  1.323904467660E+02,  0.3829
      2759,      1057,  1.323831811941E+02,  0.3831
      2765,      1058,  1.323781150537E+02,  0.3826
      2767,      1059,  1.323775672807E+02,  0.3827
      2769,      1060,  1.322701933556E+02,  0.3828
      2772,      1061,  1.322530055318E+02,  0.3828
      2773,      1062,  1.322513198633E+02,  0.3830
      2775,      1063,  1.322497605818E+02,  0.3831
      2787,      1064,  1.321502540000E+02,  0.3818
      2789,      1065,  1.321470400032E+02,  0.3819
      2790,      1066,  1.321467204589E+02,  0.3821
      2792,      1067,  1.321377518989E+02,  0.3822
      2799,      1068,  1.321352852482E+02,  0.3816
      2801,      1069,  1.321257893433E+02,  0.3816
      2829,      1070,  1.321158513107E+02,  0.3782
      2831,      1071,  1.321089746821E+02,  0.3783
      2835,      1072,  1.320630638850E+02,  0.3781
      2837,      1073,  1.320438157726E+02,  0.3782
      2839,      1074,  1.320437756739E+02,  0.3783
      2840,      1075,  1.320411992078E+02,  0.3785
      2841,      1076,  1.320411208607E+02,  0.3787
      2847,      1077,  1.320185582865E+02,  0.3783
      2848,      1078,  1.320185216447E+02,  0.3785
      2849,      1079,  1.320171467261E+02,  0.3787
      2854,      1080,  1.320156049279E+02,  0.3784
      2866,      1081,  1.319813024686E+02,  0.3772
      2867,      1082,  1.319804547438E+02,  0.3774
      2868,      1083,  1.319799228475E+02,  0.3776
      2869,      1084,  1.319289539676E+02,  0.3778
      2874,      1085,  1.319163159438E+02,  0.3775
      2880,      1086,  1.318785772267E+02,  0.3771
      2883,      1087,  1.318325315301E+02,  0.3770
      2889,      1088,  1.318318923892E+02,  0.3766
      2892,      1089,  1.318304195763E+02,  0.3766
      2895,      1090,  1.318273397007E+02,  0.3765
      2914,      1091,  1.318268060661E+02,  0.3744
      2922,      1092,  1.318201322306E+02,  0.3737
      2923,      1093,  1.317809476573E+02,  0.3739
      2927,      1094,  1.317740631086E+02,  0.3738
      2932,      1095,  1.317416401305E+02,  0.3735
      2934,      1096,  1.317280307553E+02,  0.3736
      2938,      1097,  1.317272681090E+02,  0.3734
      2949,      1098,  1.317066143271E+02,  0.3723
      2951,      1099,  1.316299567694E+02,  0.3724
      2954,      1100,  1.316279416982E+02,  0.3724
      2956,      1101,  1.315837526534E+02,  0.3725
      2957,      1102,  1.315707673867E+02,  0.3727
      2958,      1103,  1.315652048531E+02,  0.3729
      2965,      1104,  1.315643822632E+02,  0.3723
      2967,      1105,  1.315506011957E+02,  0.3724
      2969,      1106,  1.315488396533E+02,  0.3725
      2971,      1107,  1.315480774266E+02,  0.3726
      2974,      1108,  1.315466645070E+02,  0.3726
      2980,      1109,  1.314926149588E+02,  0.3721
      2982,      1110,  1.314920530176E+02,  0.3722
      2985,      1111,  1.314894725770E+02,  0.3722
      2987,      1112,  1.314863000631E+02,  0.3723
      2998,      1113,  1.314822753273E+02,  0.3712
      3003,      1114,  1.314625145134E+02,  0.3710
      3020,      1115,  1.314623914875E+02,  0.3692
      3023,      1116,  1.314529289034E+02,  0.3692
      3030,      1117,  1.314516913997E+02,  0.3686
      3035,      1118,  1.314304805368E+02,  0.3684
      3045,      1119,  1.313988995347E+02,  0.3675
      3058,      1120,  1.313821559224E+02,  0.3663
      3062,      1121,  1.313787941158E+02,  0.3661
      3066,      1122,  1.313586321381E+02,  0.3659
      3068,      1123,  1.313573861063E+02,  0.3660
      3070,      1124,  1.313528946874E+02,  0.3661
      3083,      1125,  1.313518395504E+02,  0.3649
      3085,      1126,  1.313512739543E+02,  0.3650
      3089,      1127,  1.313503640029E+02,  0.3648
      3093,      1128,  1.313010074979E+02,  0.3647
      3094,      1129,  1.312281403444E+02,  0.3649
      3095,      1130,  1.312249408109E+02,  0.3651
      3096,      1131,  1.312061589364E+02,  0.3653
      3099,      1132,  1.312052379573E+02,  0.3653
      3100,      1133,  1.312014466493E+02,  0.3655
      3102,      1134,  1.311630889277E+02,  0.3656
      3104,      1135,  1.311587794293E+02,  0.3657
      3106,      1136,  1.311272335412E+02,  0.3657
      3109,      1137,  1.311163145055E+02,  0.3657
      3115,      1138,  1.311154184640E+02,  0.3653
      3116,      1139,  1.310300080369E+02,  0.3655
      3120,      1140,  1.309609730129E+02,  0.3654
      3123,      1141,  1.309557154147E+02,  0.3654
      3128,      1142,  1.309504065506E+02,  0.3651
      3129,      1143,  1.309414223947E+02,  0.3653
      3133,      1144,  1.309325524891E+02,  0.3651
      3137,      1145,  1.309239742020E+02,  0.3650
      3144,      1146,  1.309166398532E+02,  0.3645
      3147,      1147,  1.309080675078E+02,  0.3645
      3153,      1148,  1.308813588014E+02,  0.3641
      3155,      1149,  1.308618816305E+02,  0.3642
      3156,      1150,  1.308526042276E+02,  0.3644
      3157,      1151,  1.308305178341E+02,  0.3646
      3158,      1152,  1.307881733042E+02,  0.3648
      3161,      1153,  1.307821961735E+02,  0.3648
      3163,      1154,  1.307730080634E+02,  0.3648
      3169,      1155,  1.307708152239E+02,  0.3645
      3170,      1156,  1.307638031585E+02,  0.3647
      3174,      1157,  1.307488055928E+02,  0.3645
      3177,      1158,  1.307449375332E+02,  0.3645
      3178,      1159,  1.307362092972E+02,  0.3647
      3179,      1160,  1.307027601630E+02,  0.3649
      3180,      1161,  1.307020658079E+02,  0.3651
      3188,      1162,  1.306995130576E+02,  0.3645
      3191,      1163,  1.306460911991E+02,  0.3645
      3192,      1164,  1.306333631003E+02,  0.3647
      3195,      1165,  1.306314312814E+02,  0.3646
      3196,      1166,  1.306301387419E+02,  0.3648
      3212,      1167,  1.306300008313E+02,  0.3633
      3220,      1168,  1.306258984519E+02,  0.3627
      3224,      1169,  1.306255996631E+02,  0.3626
      3227,      1170,  1.305920120346E+02,  0.3626
      3236,      1171,  1.305792550949E+02,  0.3619
      3237,      1172,  1.305783714856E+02,  0.3621
      3239,      1173,  1.305757122311E+02,  0.3621
      3241,      1174,  1.305241187037E+02,  0.3622
      3262,      1175,  1.304327754525E+02,  0.3602
      3272,      1176,  1.304208483688E+02,  0.3594
      3273,      1177,  1.304137204620E+02,  0.3596
      3290,      1178,  1.304098341563E+02,  0.3581
      3293,      1179,  1.304086885867E+02,  0.3580
      3296,      1180,  1.304075969204E+02,  0.3580
      3311,      1181,  1.303941022628E+02,  0.3567
      3313,      1182,  1.303929623517E+02,  0.3568
      3317,      1183,  1.303918700670E+02,  0.3566
      3318,      1184,  1.303842580999E+02,  0.3568
      3324,      1185,  1.303461083931E+02,  0.3565
      3325,      1186,  1.303222629935E+02,  0.3567
      3329,      1187,  1.303112648271E+02,  0.3566
      3337,      1188,  1.303103641052E+02,  0.3560
      3346,      1189,  1.303100871938E+02,  0.3553
      3356,      1190,  1.302527527037E+02,  0.3546
      3357,      1191,  1.302526901582E+02,  0.3548
      3362,      1192,  1.302513023579E+02,  0.3546
      3363,      1193,  1.302497311904E+02,  0.3547
      3364,      1194,  1.302475422133E+02,  0.3549
      3369,      1195,  1.302234706499E+02,  0.3547
      3373,      1196,  1.302211802760E+02,  0.3546
      3382,      1197,  1.302185019745E+02,  0.3539
      3391,      1198,  1.302167224749E+02,  0.3533
      3394,      1199,  1.302114917102E+02,  0.3533
      3396,      1200,  1.301434243679E+02,  0.3534
      3404,      1201,  1.300660261468E+02,  0.3528
      3410,      1202,  1.300617186723E+02,  0.3525
      3411,      1203,  1.300565519657E+02,  0.3527
      3418,      1204,  1.300079272412E+02,  0.3523
      3435,      1205,  1.299787365468E+02,  0.3508
      3436,      1206,  1.299768311329E+02,  0.3510
      3437,      1207,  1.299639266213E+02,  0.3512
      3440,      1208,  1.299638181454E+02,  0.3512
      3442,      1209,  1.299500318516E+02,  0.3512
      3454,      1210,  1.299486812585E+02,  0.3503
      3460,      1211,  1.299407466169E+02,  0.3500
      3462,      1212,  1.299339991350E+02,  0.3501
      3466,      1213,  1.299019496633E+02,  0.3500
      3474,      1214,  1.299011011228E+02,  0.3495
      3476,      1215,  1.298764481392E+02,  0.3495
      3480,      1216,  1.298435002130E+02,  0.3494
      3483,      1217,  1.298400188186E+02,  0.3494
      3484,      1218,  1.298366822023E+02,  0.3496
      3485,      1219,  1.298335986798E+02,  0.3498
      3486,      1220,  1.298261071078E+02,  0.3500
      3492,      1221,  1.297887461551E+02,  0.3497
      3497,      1222,  1.297777818516E+02,  0.3494
      3506,      1223,  1.297276836418E+02,  0.3488
      3510,      1224,  1.296797696233E+02,  0.3487
      3516,      1225,  1.296495296448E+02,  0.3484
      3522,      1226,  1.296469666966E+02,  0.3481
      3530,      1227,  1.296467939586E+02,  0.3476
      3532,      1228,  1.296466642499E+02,  0.3477
      3536,      1229,  1.296345481448E+02,  0.3476
      3542,      1230,  1.296028694960E+02,  0.3473
      3548,      1231,  1.296008873238E+02,  0.3470
      3550,      1232,  1.296006405667E+02,  0.3470
      3551,      1233,  1.295923290679E+02,  0.3472
      3554,      1234,  1.295821151699E+02,  0.3472
      3556,      1235,  1.295728762027E+02,  0.3473
      3560,      1236,  1.295611303383E+02,  0.3472
      3562,      1237,  1.295476858929E+02,  0.3473
      3563,      1238,  1.295426544576E+02,  0.3475
      3566,      1239,  1.295121640470E+02,  0.3474
      3567,      1240,  1.295113240667E+02,  0.3476
      3570,      1241,  1.294882497490E+02,  0.3476
      3573,      1242,  1.294548843288E+02,  0.3476
      3575,      1243,  1.294493099470E+02,  0.3477
      3580,      1244,  1.294240035582E+02,  0.3475
      3582,      1245,  1.293854703662E+02,  0.3476
      3588,      1246,  1.293850064889E+02,  0.3473
      3589,      1247,  1.293751988328E+02,  0.3475
      3591,      1248,  1.293678551574E+02,  0.3475
      3592,      1249,  1.293623754762E+02,  0.3477
      3593,      1250,  1.293533681362E+02,  0.3479
      3594,      1251,  1.293328751463E+02,  0.3481
      3596,      1252,  1.293163413140E+02,  0.3482
      3597,      1253,  1.293152415424E+02,  0.3483
      3598,      1254,  1.293145919579E+02,  0.3485
      3601,      1255,  1.293088416377E+02,  0.3485
      3612,      1256,  1.293004011046E+02,  0.3477
      3613,      1257,  1.292971634054E+02,  0.3479
      3620,      1258,  1.292967775866E+02,  0.3475
      3623,      1259,  1.292893468699E+02,  0.3475
      3629,      1260,  1.292888835506E+02,  0.3472
      3630,      1261,  1.292816739273E+02,  0.3474
      3647,      1262,  1.292792054721E+02,  0.3460
      3649,      1263,  1.292544911816E+02,  0.3461
      3653,      1264,  1.292385454992E+02,  0.3460
      3656,      1265,  1.292025312159E+02,  0.3460
      3660,      1266,  1.291726079189E+02,  0.3459
      3665,      1267,  1.291584191976E+02,  0.3457
      3672,      1268,  1.291564780840E+02,  0.3453
      3691,      1269,  1.291553828322E+02,  0.3438
      3695,      1270,  1.291543925169E+02,  0.3437
      3697,      1271,  1.291539840732E+02,  0.3438
      3700,      1272,  1.291524098774E+02,  0.3438
      3701,      1273,  1.291520445388E+02,  0.3440
      3704,      1274,  1.291329591171E+02,  0.3440
      3705,      1275,  1.291327515457E+02,  0.3441
      3706,      1276,  1.290925376220E+02,  0.3443
      3708,      1277,  1.290918036012E+02,  0.3444
      3709,      1278,  1.290897528083E+02,  0.3446
      3712,      1279,  1.290866638119E+02,  0.3446
      3714,      1280,  1.290674138383E+02,  0.3446
      3717,      1281,  1.290666572718E+02,  0.3446
      3720,      1282,  1.290663534485E+02,  0.3446
      3721,      1283,  1.290033733154E+02,  0.3448
      3731,      1284,  1.290009693196E+02,  0.3441
      3732,      1285,  1.289989569373E+02,  0.3443
      3736,      1286,  1.289839687835E+02,  0.3442
      3739,      1287,  1.289787988881E+02,  0.3442
      3740,      1288,  1.289603870615E+02,  0.3444
      3748,      1289,  1.289415286419E+02,  0.3439
      3749,      1290,  1.289378683474E+02,  0.3441
      3752,      1291,  1.289228331467E+02,  0.3441
      3762,      1292,  1.288878095123E+02,  0.3434
      3765,      1293,  1.288801882534E+02,  0.3434
      3766,      1294,  1.288676061756E+02,  0.3436
      3771,      1295,  1.288196962602E+02,  0.3434
      3785,      1296,  1.288140649875E+02,  0.3424
      3787,      1297,  1.287949957846E+02,  0.3425
      3795,      1298,  1.287694140479E+02,  0.3420
      3802,      1299,  1.287381775380E+02,  0.3417
      3811,      1300,  1.287107980577E+02,  0.3411
      3824,      1301,  1.286837605496E+02,  0.3402
      3825,      1302,  1.286835186009E+02,  0.3404
      3826,      1303,  1.286824821687E+02,  0.3406
      3836,      1304,  1.286822154906E+02,  0.3399
      3838,      1305,  1.286417257047E+02,  0.3400
      3842,      1306,  1.286386497756E+02,  0.3399
      3843,      1307,  1.286379930204E+02,  0.3401
      3852,      1308,  1.286374893424E+02,  0.3396
      3853,      1309,  1.286300093407E+02,  0.3397
      3864,      1310,  1.286211765082E+02,  0.3390
      3867,      1311,  1.286174162365E+02,  0.3390
      3871,      1312,  1.285992709954E+02,  0.3389
      3872,      1313,  1.285935918763E+02,  0.3391
      3877,      1314,  1.285924329897E+02,  0.3389
      3880,      1315,  1.285758768497E+02,  0.3389
      3882,      1316,  1.285521868141E+02,  0.3390
      3883,      1317,  1.285470733900E+02,  0.3392
      3884,      1318,  1.285362464973E+02,  0.3393
      3896,      1319,  1.285292342230E+02,  0.3386
      3906,      1320,  1.285021377704E+02,  0.3379
      3909,      1321,  1.284958874340E+02,  0.3379
      3929,      1322,  1.284938335861E+02,  0.3365
      3930,      1323,  1.284764047360E+02,  0.3366
      3937,      1324,  1.284713747365E+02,  0.3363
      3940,      1325,  1.284651508783E+02,  0.3363
      3944,      1326,  1.284648567564E+02,  0.3362
      3946,      1327,  1.284619367846E+02,  0.3363
      3947,      1328,  1.284331968564E+02,  0.3365
      3952,      1329,  1.284279464878E+02,  0.3363
      3965,      1330,  1.284207153094E+02,  0.3354
      3968,      1331,  1.284151248959E+02,  0.3354
      3974,      1332,  1.284132414193E+02,  0.3352
      3976,      1333,  1.284065678677E+02,  0.3353
      3980,      1334,  1.284064580233E+02,  0.3352
      3984,      1335,  1.284012757315E+02,  0.3351
      4004,      1336,  1.283939779942E+02,  0.3337
      4019,      1337,  1.283732565882E+02,  0.3327
      4021,      1338,  1.283699511921E+02,  0.3328
      4037,      1339,  1.283696311265E+02,  0.3317
      4040,      1340,  1.283604137251E+02,  0.3317
      4045,      1341,  1.283572490195E+02,  0.3315
      4065,      1342,  1.283563870192E+02,  0.3301
      4070,      1343,  1.283444488166E+02,  0.3300
      4071,      1344,  1.283438241719E+02,  0.3301
      4081,      1345,  1.282699761247E+02,  0.3296
      4093,      1346,  1.282634685415E+02,  0.3289
      4096,      1347,  1.282580313826E+02,  0.3289
      4102,      1348,  1.282580151656E+02,  0.3286
      4121,      1349,  1.282574812236E+02,  0.3273
      4122,      1350,  1.282548861221E+02,  0.3275
      4136,      1351,  1.282524196794E+02,  0.3266
      4140,      1352,  1.282238970274E+02,  0.3266
      4145,      1353,  1.282109129924E+02,  0.3264
      4148,      1354,  1.282037873918E+02,  0.3264
      4158,      1355,  1.282024248275E+02,  0.3259
      4160,      1356,  1.282016583556E+02,  0.3260
      4162,      1357,  1.281994632492E+02,  0.3260
      4166,      1358,  1.281321987092E+02,  0.3260
      4170,      1359,  1.281295465227E+02,  0.3259
      4174,      1360,  1.281245879109E+02,  0.3258
      4189,      1361,  1.281082053909E+02,  0.3249
      4190,      1362,  1.280639122573E+02,  0.3251
      4192,      1363,  1.280569750813E+02,  0.3251
      4201,      1364,  1.280559875501E+02,  0.3247
      4207,      1365,  1.280553084148E+02,  0.3245
      4208,      1366,  1.280542281980E+02,  0.3246
      4210,      1367,  1.280520322863E+02,  0.3247
      4224,      1368,  1.280454283890E+02,  0.3239
      4226,      1369,  1.280422904600E+02,  0.3239
      4227,      1370,  1.280417778650E+02,  0.3241
      4230,      1371,  1.280406896680E+02,  0.3241
      4233,      1372,  1.280387149773E+02,  0.3241
      4237,      1373,  1.280382695395E+02,  0.3241
      4249,      1374,  1.280378030691E+02,  0.3234
      4260,      1375,  1.280287132449E+02,  0.3228
      4262,      1376,  1.280034715563E+02,  0.3229
      4267,      1377,  1.279967281069E+02,  0.3227
      4269,      1378,  1.279954114650E+02,  0.3228
      4272,      1379,  1.279953958096E+02,  0.3228
      4277,      1380,  1.279676162685E+02,  0.3227
      4280,      1381,  1.279602568656E+02,  0.3227
      4284,      1382,  1.279534084046E+02,  0.3226
      4299,      1383,  1.279248672658E+02,  0.3217
      4301,      1384,  1.279181648436E+02,  0.3218
      4308,      1385,  1.279030737465E+02,  0.3215
      4317,      1386,  1.278636213090E+02,  0.3211
      4324,      1387,  1.278590150751E+02,  0.3208
      4331,      1388,  1.278590080181E+02,  0.3205
      4338,      1389,  1.278229668042E+02,  0.3202
      4340,      1390,  1.278211702017E+02,  0.3203
      4343,      1391,  1.278198933371E+02,  0.3203
      4344,      1392,  1.278186297643E+02,  0.3204
      4345,      1393,  1.278176343656E+02,  0.3206
      4351,      1394,  1.278170099861E+02,  0.3204
      4352,      1395,  1.278159867128E+02,  0.3205
      4354,      1396,  1.278122456817E+02,  0.3206
      4355,      1397,  1.278089750094E+02,  0.3208
      4360,      1398,  1.277914577917E+02,  0.3206
      4366,      1399,  1.277908143718E+02,  0.3204
      4371,      1400,  1.277830786121E+02,  0.3203
      4375,      1401,  1.277207304670E+02,  0.3202
      4381,      1402,  1.276722091141E+02,  0.3200
      4406,      1403,  1.276640320675E+02,  0.3184
      4411,      1404,  1.276344181922E+02,  0.3183
      4414,      1405,  1.276295548768E+02,  0.3183
      4426,      1406,  1.276293965260E+02,  0.3177
      4429,      1407,  1.276263839929E+02,  0.3177
      4452,      1408,  1.276262191552E+02,  0.3163
      4454,      1409,  1.276245247297E+02,  0.3163
      4462,      1410,  1.275888410551E+02,  0.3160
      4470,      1411,  1.275587356733E+02,  0.3157
      4496,      1412,  1.275587213823E+02,  0.3141
      4499,      1413,  1.275585345798E+02,  0.3141
      4500,      1414,  1.275540956687E+02,  0.3142
      4507,      1415,  1.275165512759E+02,  0.3140
      4514,      1416,  1.275143903976E+02,  0.3137
      4523,      1417,  1.275077959785E+02,  0.3133
      4524,      1418,  1.274279560019E+02,  0.3134
      4526,      1419,  1.274273320746E+02,  0.3135
      4529,      1420,  1.274175996654E+02,  0.3135
      4537,      1421,  1.274088967557E+02,  0.3132
      4540,      1422,  1.274088892543E+02,  0.3132
      4550,      1423,  1.274068908995E+02,  0.3127
      4552,      1424,  1.274047646872E+02,  0.3128
      4557,      1425,  1.274020215657E+02,  0.3127
      4571,      1426,  1.273904600841E+02,  0.3120
      4582,      1427,  1.273478366042E+02,  0.3114
      4585,      1428,  1.273355191123E+02,  0.3115
      4586,      1429,  1.273328023856E+02,  0.3116
      4587,      1430,  1.273286064352E+02,  0.3118
      4596,      1431,  1.273285602613E+02,  0.3114
      4606,      1432,  1.273276800943E+02,  0.3109
      4607,      1433,  1.273234695702E+02,  0.3110
      4631,      1434,  1.273193740219E+02,  0.3097
      4641,      1435,  1.273153455138E+02,  0.3092
      4652,      1436,  1.273071930142E+02,  0.3087
      4654,      1437,  1.273050626278E+02,  0.3088
      4656,      1438,  1.273042464222E+02,  0.3088
      4658,      1439,  1.273014906285E+02,  0.3089
      4660,      1440,  1.272962464353E+02,  0.3090
      4661,      1441,  1.272863601563E+02,  0.3092
      4663,      1442,  1.272034260718E+02,  0.3092
      4670,      1443,  1.272012503568E+02,  0.3090
      4683,      1444,  1.272004653862E+02,  0.3083
      4693,      1445,  1.271985168407E+02,  0.3079
      4696,      1446,  1.271903421764E+02,  0.3079
      4697,      1447,  1.271826807478E+02,  0.3081
      4699,      1448,  1.271822661537E+02,  0.3082
      4707,      1449,  1.271818888560E+02,  0.3078
      4712,      1450,  1.271809214328E+02,  0.3077
      4727,      1451,  1.271794715608E+02,  0.3070
      4731,      1452,  1.271780017461E+02,  0.3069
      4736,      1453,  1.271777805586E+02,  0.3068
      4737,      1454,  1.271761044168E+02,  0.3069
      4747,      1455,  1.271758952696E+02,  0.3065
      4750,      1456,  1.271638692690E+02,  0.3065
      4755,      1457,  1.271532661021E+02,  0.3064
      4762,      1458,  1.271494775970E+02,  0.3062
      4771,      1459,  1.271441611302E+02,  0.3058
      4773,      1460,  1.271394867153E+02,  0.3059
      4796,      1461,  1.271363724659E+02,  0.3046
      4801,      1462,  1.271343197568E+02,  0.3045
      4806,      1463,  1.270996006155E+02,  0.3044
      4819,      1464,  1.270986946618E+02,  0.3038
      4826,      1465,  1.270930409010E+02,  0.3036
      4838,      1466,  1.270901123971E+02,  0.3030
      4842,      1467,  1.270841683203E+02,  0.3030
      4849,      1468,  1.270841608102E+02,  0.3027
      4857,      1469,  1.270827352160E+02,  0.3025
      4859,      1470,  1.270823371289E+02,  0.3025
      4865,      1471,  1.270518785819E+02,  0.3024
      4871,      1472,  1.270474049334E+02,  0.3022
      4877,      1473,  1.270375483378E+02,  0.3020
      4879,      1474,  1.270193348497E+02,  0.3021
      4889,      1475,  1.270172807578E+02,  0.3017
      4890,      1476,  1.270167949975E+02,  0.3018
      4898,      1477,  1.270160848055E+02,  0.3016
      4903,      1478,  1.270149884123E+02,  0.3014
      4904,      1479,  1.270087138471E+02,  0.3016
      4908,      1480,  1.269921812080E+02,  0.3015
      4915,      1481,  1.269861971094E+02,  0.3013
      4916,      1482,  1.269856623250E+02,  0.3015
      4921,      1483,  1.269854357090E+02,  0.3014
      4923,      1484,  1.269845332349E+02,  0.3014
      4927,      1485,  1.269829599446E+02,  0.3014
      4937,      1486,  1.269826959274E+02,  0.3010
      4944,      1487,  1.269782501141E+02,  0.3008
      4950,      1488,  1.269781868771E+02,  0.3006
      4954,      1489,  1.269775201778E+02,  0.3006
      4979,      1490,  1.269764670860E+02,  0.2993
      4992,      1491,  1.269697242729E+02,  0.2987
      5004,      1492,  1.269678595082E+02,  0.2982
      5007,      1493,  1.269663508156E+02,  0.2982
      5040,      1494,  1.269455228500E+02,  0.2964
      5046,      1495,  1.269423715487E+02,  0.2963
      5048,      1496,  1.269352224175E+02,  0.2964
      5051,      1497,  1.269351172528E+02,  0.2964
      5055,      1498,  1.269257500210E+02,  0.2963
      5067,      1499,  1.269246555996E+02,  0.2958
      5075,      1500,  1.269235135257E+02,  0.2956
      5080,      1501,  1.269138362305E+02,  0.2955
      5085,      1502,  1.269068218099E+02,  0.2954
      5089,      1503,  1.269064069515E+02,  0.2953
      5093,      1504,  1.269061034556E+02,  0.2953
      5119,      1505,  1.268990947993E+02,  0.2940
      5126,      1506,  1.268931108459E+02,  0.2938
      5127,      1507,  1.268920953047E+02,  0.2939
      5129,      1508,  1.268784135446E+02,  0.2940
      5133,      1509,  1.268547371478E+02,  0.2940
      5138,      1510,  1.268521087365E+02,  0.2939
      5141,      1511,  1.268517771039E+02,  0.2939
      5156,      1512,  1.268511873898E+02,  0.2933
      5157,      1513,  1.268507831990E+02,  0.2934
      5163,      1514,  1.268486222384E+02,  0.2932
      5186,      1515,  1.268476997907E+02,  0.2921
      5187,      1516,  1.268321128366E+02,  0.2923
      5188,      1517,  1.268311728077E+02,  0.2924
      5195,      1518,  1.268308068260E+02,  0.2922
      5208,      1519,  1.268285873380E+02,  0.2917
      5222,      1520,  1.268282781612E+02,  0.2911
      5231,      1521,  1.268243429831E+02,  0.2908
      5236,      1522,  1.268202100943E+02,  0.2907
      5260,      1523,  1.268141955101E+02,  0.2895
      5263,      1524,  1.268065011248E+02,  0.2896
      5268,      1525,  1.268057215026E+02,  0.2895
      5270,      1526,  1.268056134251E+02,  0.2896
      5275,      1527,  1.268052289438E+02,  0.2895
      5279,      1528,  1.268040179710E+02,  0.2894
      5283,      1529,  1.268026912011E+02,  0.2894
      5290,      1530,  1.268004346442E+02,  0.2892
      5295,      1531,  1.267994719395E+02,  0.2891
      5307,      1532,  1.267932328365E+02,  0.2887
      5332,      1533,  1.267559633903E+02,  0.2875
      5344,      1534,  1.267556453762E+02,  0.2871
      5348,      1535,  1.267544099686E+02,  0.2870
      5349,      1536,  1.267541621504E+02,  0.2872
      5362,      1537,  1.267541431947E+02,  0.2866
      5373,      1538,  1.267527896101E+02,  0.2862
      5385,      1539,  1.267522272279E+02,  0.2858
      5394,      1540,  1.267520277756E+02,  0.2855
      5413,      1541,  1.267442677630E+02,  0.2847
      5416,      1542,  1.267432023312E+02,  0.2847
      5422,      1543,  1.266808369627E+02,  0.2846
      5461,      1544,  1.266800195596E+02,  0.2827
      5490,      1545,  1.266490318345E+02,  0.2814
      5503,      1546,  1.266441089463E+02,  0.2809
      5505,      1547,  1.266419912266E+02,  0.2810
      5521,      1548,  1.266417025450E+02,  0.2804
      5523,      1549,  1.266410970174E+02,  0.2805
      5547,      1550,  1.266410483207E+02,  0.2794
      5553,      1551,  1.266396282026E+02,  0.2793
      5604,      1552,  1.266390038906E+02,  0.2769
      5605,      1553,  1.266376223844E+02,  0.2771
      5606,      1554,  1.266369037413E+02,  0.2772
      5624,      1555,  1.266366739707E+02,  0.2765
      5637,      1556,  1.266331352755E+02,  0.2760
      5645,      1557,  1.266327170001E+02,  0.2758
      5649,      1558,  1.266285274608E+02,  0.2758
      5659,      1559,  1.266284305882E+02,  0.2755
      5693,      1560,  1.266228758842E+02,  0.2740
      5710,      1561,  1.266222729417E+02,  0.2734
      5731,      1562,  1.266222709381E+02,  0.2726
      5732,      1563,  1.266217920374E+02,  0.2727
      5740,      1564,  1.266200754067E+02,  0.2725
      5764,      1565,  1.266199468876E+02,  0.2715
      5771,      1566,  1.266141601003E+02,  0.2714
      5772,      1567,  1.266135739309E+02,  0.2715
      5778,      1568,  1.266087213405E+02,  0.2714
      5793,      1569,  1.266084530746E+02,  0.2708
      5799,      1570,  1.266079610790E+02,  0.2707
      5801,      1571,  1.266075237463E+02,  0.2708
      5810,      1572,  1.266025388344E+02,  0.2706
      5823,      1573,  1.266024444114E+02,  0.2701
      5824,      1574,  1.265995855025E+02,  0.2703
      5832,      1575,  1.265988881319E+02,  0.2701
      5852,      1576,  1.265971218968E+02,  0.2693
      5857,      1577,  1.265964269432E+02,  0.2693
      5869,      1578,  1.265957606336E+02,  0.2689
      5885,      1579,  1.265955464187E+02,  0.2683
      5905,      1580,  1.265949254312E+02,  0.2676
      5917,      1581,  1.265937391742E+02,  0.2672
      5920,      1582,  1.265937284565E+02,  0.2672
      5928,      1583,  1.265889678001E+02,  0.2670
      5947,      1584,  1.265888304480E+02,  0.2664
      5957,      1585,  1.265886644030E+02,  0.2661
      5995,      1586,  1.265884571892E+02,  0.2646
      6003,      1587,  1.265875953481E+02,  0.2644
      6016,      1588,  1.265870676382E+02,  0.2640
      6032,      1589,  1.265732797918E+02,  0.2634
      6052,      1590,  1.265732216021E+02,  0.2627
      6059,      1591,  1.265731563233E+02,  0.2626
      6062,      1592,  1.265729150258E+02,  0.2626
      6068,      1593,  1.265724695805E+02,  0.2625
      6071,      1594,  1.265717435609E+02,  0.2626
      6100,      1595,  1.265717361580E+02,  0.2615
      6105,      1596,  1.265673661587E+02,  0.2614
      6107,      1597,  1.265667474296E+02,  0.2615
      6131,      1598,  1.265649868203E+02,  0.2606
      6147,      1599,  1.265621051653E+02,  0.2601
      6148,      1600,  1.265618429838E+02,  0.2602
      6167,      1601,  1.265615665810E+02,  0.2596
      6172,      1602,  1.265413895012E+02,  0.2596
      6182,      1603,  1.265224448978E+02,  0.2593
      6194,      1604,  1.265224320843E+02,  0.2590
      6201,      1605,  1.265065437370E+02,  0.2588
      6209,      1606,  1.264922780671E+02,  0.2587
      6226,      1607,  1.264913887654E+02,  0.2581
      6233,      1608,  1.264900147217E+02,  0.2580
      6266,      1609,  1.264900110750E+02,  0.2568
      6268,      1610,  1.264870189342E+02,  0.2569
      6310,      1611,  1.264860299190E+02,  0.2553
      6348,      1612,  1.264857855232E+02,  0.2539
      6358,      1613,  1.264856661251E+02,  0.2537
      6367,      1614,  1.264840456707E+02,  0.2535
      6391,      1615,  1.264832703105E+02,  0.2527
      6392,      1616,  1.264832355472E+02,  0.2528
      6435,      1617,  1.264821821371E+02,  0.2513
      6473,      1618,  1.264820512267E+02,  0.2500
      6483,      1619,  1.264766392147E+02,  0.2497
      6510,      1620,  1.264757915432E+02,  0.2488
      6532,      1621,  1.264757138714E+02,  0.2482
      6565,      1622,  1.264749029473E+02,  0.2471
      6590,      1623,  1.264731446746E+02,  0.2463
      6601,      1624,  1.264731355425E+02,  0.2460
      6611,      1625,  1.264719834379E+02,  0.2458
      6615,      1626,  1.264719738908E+02,  0.2458
      6627,      1627,  1.264712852559E+02,  0.2455
      6630,      1628,  1.264710687531E+02,  0.2456
      6638,      1629,  1.264708440839E+02,  0.2454
      6639,      1630,  1.264604607989E+02,  0.2455
      6648,      1631,  1.264602857250E+02,  0.2453
      6660,      1632,  1.264602020125E+02,  0.2450
      6694,      1633,  1.264598154753E+02,  0.2439
      6738,      1634,  1.264496191429E+02,  0.2425
      6745,      1635,  1.264471207252E+02,  0.2424
      6748,      1636,  1.264469702529E+02,  0.2424
      6763,      1637,  1.264469449833E+02,  0.2421
      6776,      1638,  1.264451037967E+02,  0.2417
      6794,      1639,  1.264448232188E+02,  0.2412
      6802,      1640,  1.264447300108E+02,  0.2411
      6811,      1641,  1.264397916923E+02,  0.2409
      6818,      1642,  1.263879056425E+02,  0.2408
      6832,      1643,  1.263670104744E+02,  0.2405
      6841,      1644,  1.263661448433E+02,  0.2403
      6842,      1645,  1.263653239634E+02,  0.2404
      6860,      1646,  1.263639713698E+02,  0.2399
      6867,      1647,  1.263635998644E+02,  0.2398
      6898,      1648,  1.263617720091E+02,  0.2389
      6917,      1649,  1.263602696380E+02,  0.2384
      6920,      1650,  1.263601076895E+02,  0.2384
      6927,      1651,  1.263590870747E+02,  0.2383
      6935,      1652,  1.263588980337E+02,  0.2382
      6941,      1653,  1.263585923443E+02,  0.2382
      6951,      1654,  1.263565064244E+02,  0.2380
      6969,      1655,  1.263561868108E+02,  0.2375
      6972,      1656,  1.263465905888E+02,  0.2375
      6984,      1657,  1.263465620732E+02,  0.2373
      7001,      1658,  1.263446458936E+02,  0.2368
      7005,      1659,  1.263126534898E+02,  0.2368
      7037,      1660,  1.263110661591E+02,  0.2359
      7068,      1661,  1.263110290783E+02,  0.2350
      7081,      1662,  1.263101131286E+02,  0.2347
      7085,      1663,  1.263099087675E+02,  0.2347
      7091,      1664,  1.263081780405E+02,  0.2347
      7102,      1665,  1.263071001417E+02,  0.2344
      7129,      1666,  1.263065627216E+02,  0.2337
      7144,      1667,  1.263060216913E+02,  0.2333
      7164,      1668,  1.263054589251E+02,  0.2328
      7170,      1669,  1.263048732291E+02,  0.2328
      7171,      1670,  1.263034462143E+02,  0.2329
      7174,      1671,  1.263027047916E+02,  0.2329
      7191,      1672,  1.263026756182E+02,  0.2325
      7222,      1673,  1.263023305413E+02,  0.2317
      7229,      1674,  1.263023302031E+02,  0.2316
      7231,      1675,  1.263020974406E+02,  0.2316
      7256,      1676,  1.263015324427E+02,  0.2310
      7265,      1677,  1.262998092173E+02,  0.2308
      7271,      1678,  1.262996350581E+02,  0.2308
      7281,      1679,  1.262933092233E+02,  0.2306
      7289,      1680,  1.262894117827E+02,  0.2305
      7296,      1681,  1.262892220619E+02,  0.2304
      7298,      1682,  1.262887684646E+02,  0.2305
      7329,      1683,  1.262829507220E+02,  0.2296
      7363,      1684,  1.262821046328E+02,  0.2287
      7371,      1685,  1.262817474236E+02,  0.2286
      7376,      1686,  1.262797060474E+02,  0.2286
      7393,      1687,  1.262794462415E+02,  0.2282
      7396,      1688,  1.262792630467E+02,  0.2282
      7397,      1689,  1.262780608411E+02,  0.2283
      7424,      1690,  1.262771228688E+02,  0.2276
      7456,      1691,  1.262764775542E+02,  0.2268
      7479,      1692,  1.262762330268E+02,  0.2262
      7517,      1693,  1.262687354394E+02,  0.2252
      7518,      1694,  1.262685911414E+02,  0.2253
      7542,      1695,  1.262665862067E+02,  0.2247
      7574,      1696,  1.262599758882E+02,  0.2239
      7623,      1697,  1.262597719414E+02,  0.2226
      7634,      1698,  1.262538799665E+02,  0.2224
      7656,      1699,  1.262537292463E+02,  0.2219
      7677,      1700,  1.262535613905E+02,  0.2214
      7679,      1701,  1.262514033991E+02,  0.2215
      7682,      1702,  1.262509369481E+02,  0.2216
      7684,      1703,  1.262450839510E+02,  0.2216
      7721,      1704,  1.262450616774E+02,  0.2207
      7726,      1705,  1.262449924510E+02,  0.2207
      7727,      1706,  1.262448754380E+02,  0.2208
      7729,      1707,  1.262442981541E+02,  0.2209
      7731,      1708,  1.262442506512E+02,  0.2209
      7741,      1709,  1.262237663555E+02,  0.2208
      7765,      1710,  1.262208499212E+02,  0.2202
      7768,      1711,  1.262196230896E+02,  0.2203
      7786,      1712,  1.262192682943E+02,  0.2199
      7808,      1713,  1.262186864307E+02,  0.2194
      7875,      1714,  1.262184918581E+02,  0.2177
      7905,      1715,  1.262181335548E+02,  0.2170
      7913,      1716,  1.262107252397E+02,  0.2169
      7917,      1717,  1.261940427905E+02,  0.2169
      7986,      1718,  1.261940261166E+02,  0.2151
      7987,      1719,  1.261937435597E+02,  0.2152
      7989,      1720,  1.261933066344E+02,  0.2153
      8018,      1721,  1.261928406386E+02,  0.2146
      8026,      1722,  1.261924504369E+02,  0.2146
      8029,      1723,  1.261923474450E+02,  0.2146
      8034,      1724,  1.261916230335E+02,  0.2146
      8045,      1725,  1.261915223394E+02,  0.2144
      8055,      1726,  1.261914523935E+02,  0.2143
      8071,      1727,  1.261839835440E+02,  0.2140
      8072,      1728,  1.261838033155E+02,  0.2141
      8099,      1729,  1.261825126010E+02,  0.2135
      8106,      1730,  1.261824554755E+02,  0.2134
      8111,      1731,  1.261821501864E+02,  0.2134
      8120,      1732,  1.261817118841E+02,  0.2133
      8137,      1733,  1.261810644446E+02,  0.2130
      8141,      1734,  1.261809952425E+02,  0.2130
      8161,      1735,  1.261774849874E+02,  0.2126
      8181,      1736,  1.261769336344E+02,  0.2122
      8194,      1737,  1.261760199742E+02,  0.2120
      8197,      1738,  1.261757536806E+02,  0.2120
      8248,      1739,  1.261671972185E+02,  0.2108
      8252,      1740,  1.261666722297E+02,  0.2109
      8273,      1741,  1.261666681358E+02,  0.2104
      8276,      1742,  1.261666259185E+02,  0.2105
      8278,      1743,  1.261661369846E+02,  0.2106
      8298,      1744,  1.261649395271E+02,  0.2102
      8311,      1745,  1.261647261626E+02,  0.2100
      8312,      1746,  1.261635637766E+02,  0.2101
      8342,      1747,  1.261633592525E+02,  0.2094
      8351,      1748,  1.261627584314E+02,  0.2093
      8364,      1749,  1.261627010466E+02,  0.2091
      8376,      1750,  1.261601592747E+02,  0.2089
      8421,      1751,  1.261596639617E+02,  0.2079
      8424,      1752,  1.261595703034E+02,  0.2080
      8435,      1753,  1.261594291118E+02,  0.2078
      8441,      1754,  1.261589846206E+02,  0.2078
      8467,      1755,  1.261515399660E+02,  0.2073
      8489,      1756,  1.261513424987E+02,  0.2069
      8495,      1757,  1.261511663518E+02,  0.2068
      8519,      1758,  1.261511086412E+02,  0.2064
      8524,      1759,  1.261483741589E+02,  0.2064
      8548,      1760,  1.261481254165E+02,  0.2059
      8567,      1761,  1.261473832832E+02,  0.2056
      8588,      1762,  1.261472181729E+02,  0.2052
      8596,      1763,  1.261435106466E+02,  0.2051
      8598,      1764,  1.261424000037E+02,  0.2052
      8663,      1765,  1.261422311900E+02,  0.2037
      8695,      1766,  1.261420750571E+02,  0.2031
      8740,      1767,  1.261418086113E+02,  0.2022
      8744,      1768,  1.261417418925E+02,  0.2022
      8770,      1769,  1.261417365765E+02,  0.2017
      8798,      1770,  1.261259325644E+02,  0.2012
      8819,      1771,  1.261256784716E+02,  0.2008
      8880,      1772,  1.261255480837E+02,  0.1995
      8881,      1773,  1.261255132340E+02,  0.1996
      8882,      1774,  1.261254357612E+02,  0.1997
      8887,      1775,  1.261251037833E+02,  0.1997
      8895,      1776,  1.261249132652E+02,  0.1997
      8901,      1777,  1.261247936175E+02,  0.1996
      8991,      1778,  1.261087251054E+02,  0.1978
      9024,      1779,  1.261047072869E+02,  0.1971
      9030,      1780,  1.260997214699E+02,  0.1971
      9070,      1781,  1.260993371533E+02,  0.1964
      9084,      1782,  1.260992729547E+02,  0.1962
      9127,      1783,  1.260990894812E+02,  0.1954
      9149,      1784,  1.260990256874E+02,  0.1950
      9192,      1785,  1.260988000158E+02,  0.1942
      9196,      1786,  1.260987271753E+02,  0.1942
      9263,      1787,  1.260985424113E+02,  0.1929
      9265,      1788,  1.260888315124E+02,  0.1930
      9302,      1789,  1.260873424341E+02,  0.1923
      9310,      1790,  1.260866101786E+02,  0.1923
      9348,      1791,  1.260864619384E+02,  0.1916
      9358,      1792,  1.260862333534E+02,  0.1915
      9403,      1793,  1.260851676718E+02,  0.1907
      9430,      1794,  1.260850526787E+02,  0.1902
      9431,      1795,  1.260836220514E+02,  0.1903
      9459,      1796,  1.260616863467E+02,  0.1899
      9483,      1797,  1.260615272264E+02,  0.1895
      9530,      1798,  1.260614365760E+02,  0.1887
      9534,      1799,  1.260606599920E+02,  0.1887
      9550,      1800,  1.260606018728E+02,  0.1885
      9588,      1801,  1.260605818855E+02,  0.1878
      9591,      1802,  1.260586221986E+02,  0.1879
      9600,      1803,  1.260570228623E+02,  0.1878
      9609,      1804,  1.260568025966E+02,  0.1877
      9641,      1805,  1.260564576864E+02,  0.1872
      9696,      1806,  1.260562281107E+02,  0.1863
      9739,      1807,  1.260561313178E+02,  0.1855
      9764,      1808,  1.260558951499E+02,  0.1852
      9878,      1809,  1.260549243315E+02,  0.1831
      9879,      1810,  1.260528507614E+02,  0.1832
      9903,      1811,  1.260476658226E+02,  0.1829
      9919,      1812,  1.260465420154E+02,  0.1827
      9971,      1813,  1.260465277398E+02,  0.1818
      9990,      1814,  1.260346547760E+02,  0.1816
     10012,      1815,  1.260344089977E+02,  0.1813
     10020,      1816,  1.260341162234E+02,  0.1812
     10025,      1817,  1.260337117735E+02,  0.1812
     10040,      1818,  1.260318013651E+02,  0.1811
     10055,      1819,  1.260317241036E+02,  0.1809
     10096,      1820,  1.260280158237E+02,  0.1803
     10131,      1821,  1.260279735664E+02,  0.1797
     10143,      1822,  1.260279362603E+02,  0.1796
     10157,      1823,  1.260277794003E+02,  0.1795
     10179,      1824,  1.260276941072E+02,  0.1792
     10194,      1825,  1.260221591887E+02,  0.1790
     10216,      1826,  1.260221009461E+02,  0.1787
     10309,      1827,  1.260220265946E+02,  0.1772
     10337,      1828,  1.260207264456E+02,  0.1768
     10349,      1829,  1.260203281314E+02,  0.1767
     10393,      1830,  1.260202618682E+02,  0.1761
     10397,      1831,  1.260202304083E+02,  0.1761
     10410,      1832,  1.260198630913E+02,  0.1760
     10439,      1833,  1.260197173233E+02,  0.1756
     10456,      1834,  1.260195355674E+02,  0.1754
     10469,      1835,  1.260193922449E+02,  0.1753
     10497,      1836,  1.260191146775E+02,  0.1749
     10552,      1837,  1.260189369358E+02,  0.1741
     10562,      1838,  1.260184022978E+02,  0.1740
     10578,      1839,  1.260178514745E+02,  0.1739
     10603,      1840,  1.260178363855E+02,  0.1735
     10635,      1841,  1.260176400264E+02,  0.1731
     10653,      1842,  1.260176223830E+02,  0.1729
     10658,      1843,  1.260170742683E+02,  0.1729
     10672,      1844,  1.260074638172E+02,  0.1728
     10691,      1845,  1.260042035522E+02,  0.1726
     10736,      1846,  1.260041958965E+02,  0.1719
     10746,      1847,  1.260039423303E+02,  0.1719
     10787,      1848,  1.260038792525E+02,  0.1713
     10804,      1849,  1.260035432239E+02,  0.1711
     10867,      1850,  1.260033737797E+02,  0.1702
     10877,      1851,  1.260006684952E+02,  0.1702
     10889,      1852,  1.260006443794E+02,  0.1701
     10911,      1853,  1.260001970952E+02,  0.1698
     10926,      1854,  1.260001933329E+02,  0.1697
     10929,      1855,  1.260000201450E+02,  0.1697
     10957,      1856,  1.259999746235E+02,  0.1694
     10961,      1857,  1.259989947486E+02,  0.1694
     10973,      1858,  1.259989430804E+02,  0.1693
     10988,      1859,  1.259873961886E+02,  0.1692
     11027,      1860,  1.259829555234E+02,  0.1687
     11049,      1861,  1.259768233905E+02,  0.1684
     11058,      1862,  1.259618868549E+02,  0.1684
     11069,      1863,  1.259602156500E+02,  0.1683
     11075,      1864,  1.259601883960E+02,  0.1683
     11158,      1865,  1.259601698732E+02,  0.1671
     11175,      1866,  1.259601498814E+02,  0.1670
     11207,      1867,  1.259600554634E+02,  0.1666
     11227,      1868,  1.259599983773E+02,  0.1664
     11252,      1869,  1.259597909043E+02,  0.1661
     11255,      1870,  1.259593530131E+02,  0.1661
     11263,      1871,  1.259591245733E+02,  0.1661
     11302,      1872,  1.259591169230E+02,  0.1656
     11380,      1873,  1.259571020664E+02,  0.1646
     11392,      1874,  1.259547194708E+02,  0.1645
     11395,      1875,  1.259474404147E+02,  0.1645
     11432,      1876,  1.259472170626E+02,  0.1641
     11471,      1877,  1.259465897503E+02,  0.1636
     11482,      1878,  1.259465407160E+02,  0.1636
     11574,      1879,  1.259395465896E+02,  0.1623
     11601,      1880,  1.259395234686E+02,  0.1621
     11729,      1881,  1.259391072089E+02,  0.1604
     11732,      1882,  1.259388440315E+02,  0.1604
     11757,      1883,  1.259383276605E+02,  0.1602
     11768,      1884,  1.259381408677E+02,  0.1601
     11811,      1885,  1.259380516063E+02,  0.1596
     11849,      1886,  1.259359909453E+02,  0.1592
     11887,      1887,  1.259358526533E+02,  0.1587
     11919,      1888,  1.259357373880E+02,  0.1584
     11949,      1889,  1.259356708188E+02,  0.1581
     11964,      1890,  1.259354903037E+02,  0.1580
     12019,      1891,  1.259354244660E+02,  0.1573
     12081,      1892,  1.259331612077E+02,  0.1566
     12103,      1893,  1.259314187969E+02,  0.1564
     12127,      1894,  1.259307196646E+02,  0.1562
     12167,      1895,  1.259307121926E+02,  0.1557
     12173,      1896,  1.259203454790E+02,  0.1558
     12329,      1897,  1.259201711699E+02,  0.1539
     12381,      1898,  1.259200353139E+02,  0.1533
     12390,      1899,  1.259199954666E+02,  0.1533
     12391,      1900,  1.259199463387E+02,  0.1533
     12406,      1901,  1.259196247895E+02,  0.1532
     12409,      1902,  1.259181510645E+02,  0.1533
     12427,      1903,  1.259180737960E+02,  0.1531
     12431,      1904,  1.259164189515E+02,  0.1532
     12460,      1905,  1.259108386178E+02,  0.1529
     12477,      1906,  1.258988349982E+02,  0.1528
     12497,      1907,  1.258987181987E+02,  0.1526
     12503,      1908,  1.258971762143E+02,  0.1526
     12514,      1909,  1.258971491646E+02,  0.1525
     12564,      1910,  1.258970445471E+02,  0.1520
     12602,      1911,  1.258743936546E+02,  0.1516
     12619,      1912,  1.258736150698E+02,  0.1515
     12641,      1913,  1.258733475777E+02,  0.1513
     12651,      1914,  1.258654284860E+02,  0.1513
     12654,      1915,  1.258653398024E+02,  0.1513
     12670,      1916,  1.258625369074E+02,  0.1512
     12673,      1917,  1.258450280820E+02,  0.1513
     12693,      1918,  1.258450138781E+02,  0.1511
     12703,      1919,  1.258448689635E+02,  0.1511
     12708,      1920,  1.258447425999E+02,  0.1511
     12714,      1921,  1.258446473864E+02,  0.1511
     12741,      1922,  1.258418464429E+02,  0.1509
     12744,      1923,  1.258416147432E+02,  0.1509
     12749,      1924,  1.258414417617E+02,  0.1509
     12762,      1925,  1.258256260123E+02,  0.1508
     12798,      1926,  1.258237131729E+02,  0.1505
     12804,      1927,  1.258209723618E+02,  0.1505
     12829,      1928,  1.258207936277E+02,  0.1503
     12848,      1929,  1.258204429942E+02,  0.1501
     12884,      1930,  1.258202726513E+02,  0.1498
     12897,      1931,  1.258195949869E+02,  0.1497
     12905,      1932,  1.258195321019E+02,  0.1497
     12991,      1933,  1.257970081321E+02,  0.1488
     13029,      1934,  1.257968966221E+02,  0.1484
     13078,      1935,  1.257967432799E+02,  0.1480
     13086,      1936,  1.257935336078E+02,  0.1479
     13101,      1937,  1.257826558742E+02,  0.1479
     13105,      1938,  1.257336864854E+02,  0.1479
     13218,      1939,  1.257336734394E+02,  0.1467
     13234,      1940,  1.257336148685E+02,  0.1466
     13248,      1941,  1.257249662369E+02,  0.1465
     13273,      1942,  1.257246190625E+02,  0.1463
     13321,      1943,  1.257245999635E+02,  0.1459
     13336,      1944,  1.257245214182E+02,  0.1458
     13374,      1945,  1.257243284561E+02,  0.1454
     13400,      1946,  1.257242421174E+02,  0.1452
     13435,      1947,  1.257239132911E+02,  0.1449
     13442,      1948,  1.257226781427E+02,  0.1449
     13444,      1949,  1.257225819812E+02,  0.1450
     13505,      1950,  1.257224881329E+02,  0.1444
     13511,      1951,  1.257204511242E+02,  0.1444
     13526,      1952,  1.257202606428E+02,  0.1443
     13531,      1953,  1.257202128392E+02,  0.1443
     13618,      1954,  1.257191150081E+02,  0.1435
     13634,      1955,  1.257190965362E+02,  0.1434
     13651,      1956,  1.257087480687E+02,  0.1433
     13732,      1957,  1.256968453355E+02,  0.1425
     13734,      1958,  1.256932090801E+02,  0.1426
     13791,      1959,  1.256931887536E+02,  0.1420
     13828,      1960,  1.256930027249E+02,  0.1417
     14000,      1961,  1.256908768761E+02,  0.1401
     14039,      1962,  1.256908525283E+02,  0.1398
     14058,      1963,  1.256908028399E+02,  0.1396
     14092,      1964,  1.256907119231E+02,  0.1394
     14132,      1965,  1.256895916617E+02,  0.1390
     14159,      1966,  1.256886887925E+02,  0.1389
     14185,      1967,  1.256880126305E+02,  0.1387
     14234,      1968,  1.256879534922E+02,  0.1383
     14290,      1969,  1.256875989013E+02,  0.1378
     14296,      1970,  1.256858429239E+02,  0.1378
     14318,      1971,  1.256858205408E+02,  0.1377
     14660,      1972,  1.256836023457E+02,  0.1345
     14688,      1973,  1.256802247552E+02,  0.1343
     14808,      1974,  1.256800607752E+02,  0.1333
     14811,      1975,  1.256798627712E+02,  0.1333
     14812,      1976,  1.256797506307E+02,  0.1334
     14901,      1977,  1.256797266584E+02,  0.1327
     14924,      1978,  1.256796001330E+02,  0.1325
     14928,      1979,  1.256795962411E+02,  0.1326
     14973,      1980,  1.256793447017E+02,  0.1322
     15053,      1981,  1.256634719065E+02,  0.1316
     15064,      1982,  1.256634296116E+02,  0.1316
     15072,      1983,  1.256633703546E+02,  0.1316
     15097,      1984,  1.256632642838E+02,  0.1314
     15114,      1985,  1.256631766038E+02,  0.1313
     15126,      1986,  1.256630561794E+02,  0.1313
     15181,      1987,  1.256496853063E+02,  0.1309
     15191,      1988,  1.256496350407E+02,  0.1309
     15195,      1989,  1.256479411674E+02,  0.1309
     15210,      1990,  1.256476972083E+02,  0.1308
     15265,      1991,  1.256476129080E+02,  0.1304
     15271,      1992,  1.256437109675E+02,  0.1304
     15281,      1993,  1.256413122771E+02,  0.1304
     15565,      1994,  1.256327829285E+02,  0.1281
     15635,      1995,  1.256327108012E+02,  0.1276
     15665,      1996,  1.256302754736E+02,  0.1274
     15733,      1997,  1.256302520536E+02,  0.1269
     15799,      1998,  1.256300128351E+02,  0.1265
     15827,      1999,  1.256281460659E+02,  0.1263
     15887,      2000,  1.256201679033E+02,  0.1259
     15944,      2001,  1.256196928473E+02,  0.1255
     15974,      2002,  1.256196717044E+02,  0.1253
     16008,      2003,  1.256178013393E+02,  0.1251
     16022,      2004,  1.256173231388E+02,  0.1251
     16037,      2005,  1.256171197383E+02,  0.1250
     16090,      2006,  1.256170954921E+02,  0.1247
     16142,      2007,  1.256166454502E+02,  0.1243
     16159,      2008,  1.256101815382E+02,  0.1243
     16189,      2009,  1.256101561088E+02,  0.1241
     16229,      2010,  1.256100745393E+02,  0.1239
     16300,      2011,  1.256100307370E+02,  0.1234
     16398,      2012,  1.256012609659E+02,  0.1227
     16424,      2013,  1.256010032347E+02,  0.1226
     16506,      2014,  1.255979668929E+02,  0.1220
     16587,      2015,  1.255935669823E+02,  0.1215
     16596,      2016,  1.255934968363E+02,  0.1215
     16605,      2017,  1.255889931218E+02,  0.1215
     16661,      2018,  1.255886943620E+02,  0.1211
     16699,      2019,  1.255860926226E+02,  0.1209
     16704,      2020,  1.255860395546E+02,  0.1209
     16732,      2021,  1.255841596356E+02,  0.1208
     16767,      2022,  1.255837588132E+02,  0.1206
     16787,      2023,  1.255836719176E+02,  0.1205
     16803,      2024,  1.255682962442E+02,  0.1205
     16807,      2025,  1.255682139602E+02,  0.1205
     16987,      2026,  1.255679772090E+02,  0.1193
     16992,      2027,  1.255666010236E+02,  0.1193
     17025,      2028,  1.255656850220E+02,  0.1191
     17032,      2029,  1.255656513271E+02,  0.1191
     17061,      2030,  1.255653343871E+02,  0.1190
     17084,      2031,  1.255653129143E+02,  0.1189
     17154,      2032,  1.255641041955E+02,  0.1185
     17478,      2033,  1.255638096871E+02,  0.1163
     17523,      2034,  1.255636543391E+02,  0.1161
     17545,      2035,  1.255585681069E+02,  0.1160
     17550,      2036,  1.255585460719E+02,  0.1160
     17590,      2037,  1.255585452734E+02,  0.1158
     17611,      2038,  1.255585239499E+02,  0.1157
     17677,      2039,  1.255578623513E+02,  0.1153
     17681,      2040,  1.255577971770E+02,  0.1154
     17750,      2041,  1.255577354584E+02,  0.1150
     17761,      2042,  1.255577234311E+02,  0.1150
     17849,      2043,  1.255572567057E+02,  0.1145
     17877,      2044,  1.255570509098E+02,  0.1143
     17895,      2045,  1.255530022957E+02,  0.1143
     17946,      2046,  1.255513841555E+02,  0.1140
     17973,      2047,  1.255512843098E+02,  0.1139
     17977,      2048,  1.255497644741E+02,  0.1139
     18109,      2049,  1.255496857891E+02,  0.1131
     18246,      2050,  1.255496454697E+02,  0.1124
     18248,      2051,  1.255484337518E+02,  0.1124
     18259,      2052,  1.255484082642E+02,  0.1124
     18266,      2053,  1.255444856746E+02,  0.1124
     18330,      2054,  1.255434794294E+02,  0.1121
     18336,      2055,  1.255433278226E+02,  0.1121
     18384,      2056,  1.255426687190E+02,  0.1118
     18394,      2057,  1.255424643828E+02,  0.1118
     18422,      2058,  1.255423890513E+02,  0.1117
     18471,      2059,  1.255423131621E+02,  0.1115
     18509,      2060,  1.255405580191E+02,  0.1113
     18571,      2061,  1.255375448094E+02,  0.1110
     18607,      2062,  1.255370620912E+02,  0.1108
     18635,      2063,  1.255354909128E+02,  0.1107
     18640,      2064,  1.255353045429E+02,  0.1107
     18666,      2065,  1.255322678566E+02,  0.1106
     18746,      2066,  1.255321544086E+02,  0.1102
     18768,      2067,  1.255321524321E+02,  0.1101
     18871,      2068,  1.255318454521E+02,  0.1096
     18973,      2069,  1.255316183665E+02,  0.1090
     18986,      2070,  1.255316031039E+02,  0.1090
     19037,      2071,  1.255315871597E+02,  0.1088
     19055,      2072,  1.255315362245E+02,  0.1087
     19150,      2073,  1.255304064879E+02,  0.1083
     19160,      2074,  1.255303448694E+02,  0.1082
     19187,      2075,  1.255302606351E+02,  0.1081
     19199,      2076,  1.255302250007E+02,  0.1081
     19291,      2077,  1.255300523807E+02,  0.1077
     19390,      2078,  1.255296065160E+02,  0.1072
     19394,      2079,  1.255295830557E+02,  0.1072
     19420,      2080,  1.255250295545E+02,  0.1071
     19514,      2081,  1.255250173659E+02,  0.1066
     19630,      2082,  1.255238468455E+02,  0.1061
     19634,      2083,  1.255238367196E+02,  0.1061
     19649,      2084,  1.255237370383E+02,  0.1061
     19660,      2085,  1.255211769176E+02,  0.1061
     19683,      2086,  1.255211401617E+02,  0.1060
     19738,      2087,  1.255211290283E+02,  0.1057
     19808,      2088,  1.255210497413E+02,  0.1054
     19903,      2089,  1.255210410959E+02,  0.1050
     19950,      2090,  1.255134141694E+02,  0.1048
     19957,      2091,  1.255133237237E+02,  0.1048
     19994,      2092,  1.255132232342E+02,  0.1046
     20115,      2093,  1.255131595701E+02,  0.1041
     20150,      2094,  1.255131481004E+02,  0.1039
     20247,      2095,  1.255128346273E+02,  0.1035
     20252,      2096,  1.255127780882E+02,  0.1035
     20258,      2097,  1.255126472749E+02,  0.1035
     20390,      2098,  1.255126333698E+02,  0.1029
     20464,      2099,  1.255126221312E+02,  0.1026
     20746,      2100,  1.255125514094E+02,  0.1012
     20749,      2101,  1.255125499864E+02,  0.1013
     20764,      2102,  1.255125474532E+02,  0.1012
     20926,      2103,  1.255124934450E+02,  0.1005
     20936,      2104,  1.255095186078E+02,  0.1005
     21085,      2105,  1.255079623817E+02,  0.0998
     21161,      2106,  1.255078308613E+02,  0.0995
     21206,      2107,  1.255076468165E+02,  0.0994
     21220,      2108,  1.255060121665E+02,  0.0993
     21337,      2109,  1.255059456958E+02,  0.0988
     21412,      2110,  1.255059074797E+02,  0.0985
     21683,      2111,  1.255059044516E+02,  0.0974
     21837,      2112,  1.254870444122E+02,  0.0967
     21892,      2113,  1.254869621158E+02,  0.0965
     21957,      2114,  1.254868870150E+02,  0.0963
     21962,      2115,  1.254868722456E+02,  0.0963
     21988,      2116,  1.254868053087E+02,  0.0962
     22080,      2117,  1.254850090956E+02,  0.0959
     22099,      2118,  1.254849129646E+02,  0.0958
     22129,      2119,  1.254848990506E+02,  0.0958
     22225,      2120,  1.254848673380E+02,  0.0954
     22281,      2121,  1.254848279519E+02,  0.0952
     22660,      2122,  1.254845942447E+02,  0.0936
     22685,      2123,  1.254845911124E+02,  0.0936
     22750,      2124,  1.254845884940E+02,  0.0934
     22814,      2125,  1.254845609627E+02,  0.0931
     22865,      2126,  1.254845345923E+02,  0.0930
     22888,      2127,  1.254837308140E+02,  0.0929
     22942,      2128,  1.254836817475E+02,  0.0928
     22961,      2129,  1.254822442966E+02,  0.0927
     22965,      2130,  1.254803302631E+02,  0.0927
     22979,      2131,  1.254787595516E+02,  0.0927
     23040,      2132,  1.254784926992E+02,  0.0925
     23133,      2133,  1.254784668707E+02,  0.0922
     23195,      2134,  1.254771886126E+02,  0.0920
     23361,      2135,  1.254771390268E+02,  0.0914
     23396,      2136,  1.254770962044E+02,  0.0913
     23612,      2137,  1.254770620769E+02,  0.0905
     23824,      2138,  1.254770539178E+02,  0.0897
     24084,      2139,  1.254770505676E+02,  0.0888
     24468,      2140,  1.254769213511E+02,  0.0875
     24543,      2141,  1.254767654119E+02,  0.0872
     24601,      2142,  1.254767558309E+02,  0.0871
     24622,      2143,  1.254766939136E+02,  0.0870
     24637,      2144,  1.254748976962E+02,  0.0870
     24779,      2145,  1.254748844250E+02,  0.0866
     25010,      2146,  1.254748382312E+02,  0.0858
     25014,      2147,  1.254678407732E+02,  0.0858
     25026,      2148,  1.254678247190E+02,  0.0858
     25107,      2149,  1.254678198601E+02,  0.0856
     25152,      2150,  1.254676546006E+02,  0.0855
     25310,      2151,  1.254674861145E+02,  0.0850
     25533,      2152,  1.254672939583E+02,  0.0843
     25538,      2153,  1.254667616207E+02,  0.0843
     25608,      2154,  1.254667506996E+02,  0.0841
     25644,      2155,  1.254665654701E+02,  0.0840
     25771,      2156,  1.254663349301E+02,  0.0837
     25804,      2157,  1.254663201934E+02,  0.0836
     25819,      2158,  1.254662613395E+02,  0.0836
     26026,      2159,  1.254662509183E+02,  0.0830
     26193,      2160,  1.254660665086E+02,  0.0825
     26274,      2161,  1.254660602357E+02,  0.0822
     26325,      2162,  1.254660032717E+02,  0.0821
     26465,      2163,  1.254659895898E+02,  0.0817
     26516,      2164,  1.254659732066E+02,  0.0816
     26539,      2165,  1.254624175458E+02,  0.0816
     26571,      2166,  1.254624063722E+02,  0.0815
     26692,      2167,  1.254623378718E+02,  0.0812
     26750,      2168,  1.254621592932E+02,  0.0810
     26808,      2169,  1.254613390241E+02,  0.0809
     26830,      2170,  1.254611685469E+02,  0.0809
     26903,      2171,  1.254580900293E+02,  0.0807
     26933,      2172,  1.254580321439E+02,  0.0806
     26942,      2173,  1.254580175370E+02,  0.0807
     26983,      2174,  1.254579876842E+02,  0.0806
     27000,      2175,  1.254578701524E+02,  0.0806
     27077,      2176,  1.254571012497E+02,  0.0804
     27202,      2177,  1.254570477065E+02,  0.0800
     27369,      2178,  1.254570441607E+02,  0.0796
     27377,      2179,  1.254565298500E+02,  0.0796
     27474,      2180,  1.254528263433E+02,  0.0793
     28065,      2181,  1.254527177568E+02,  0.0777
     28234,      2182,  1.254527159275E+02,  0.0773
     28315,      2183,  1.254519736629E+02,  0.0771
     28341,      2184,  1.254519157104E+02,  0.0771
     28447,      2185,  1.254511004214E+02,  0.0768
     28543,      2186,  1.254510866063E+02,  0.0766
     28637,      2187,  1.254508592093E+02,  0.0764
     28657,      2188,  1.254505610453E+02,  0.0764
     28666,      2189,  1.254486466876E+02,  0.0764
     28709,      2190,  1.254460989906E+02,  0.0763
     28736,      2191,  1.254460968391E+02,  0.0762
     28742,      2192,  1.254460712039E+02,  0.0763
     28746,      2193,  1.254458153283E+02,  0.0763
     28797,      2194,  1.254456739935E+02,  0.0762
     29009,      2195,  1.254449787418E+02,  0.0757
     29181,      2196,  1.254449753701E+02,  0.0753
     29224,      2197,  1.254449603409E+02,  0.0752
     29357,      2198,  1.254363736152E+02,  0.0749
     29360,      2199,  1.254360403127E+02,  0.0749
     29447,      2200,  1.254359790891E+02,  0.0747
     29465,      2201,  1.254358960123E+02,  0.0747
     29516,      2202,  1.254356558376E+02,  0.0746
     29983,      2203,  1.254356478317E+02,  0.0735
     30264,      2204,  1.254300803080E+02,  0.0728
     30420,      2205,  1.254281811489E+02,  0.0725
     30539,      2206,  1.254280590203E+02,  0.0722
     30550,      2207,  1.254280415589E+02,  0.0722
     30560,      2208,  1.254279239625E+02,  0.0723
     30636,      2209,  1.254277969463E+02,  0.0721
     30767,      2210,  1.254276953927E+02,  0.0718
     30819,      2211,  1.254276560735E+02,  0.0717
     30927,      2212,  1.254276274867E+02,  0.0715
     31031,      2213,  1.254240545271E+02,  0.0713
     31045,      2214,  1.254240126737E+02,  0.0713
     31058,      2215,  1.254239832670E+02,  0.0713
     31090,      2216,  1.254238411088E+02,  0.0713
     31197,      2217,  1.254235507059E+02,  0.0711
     31223,      2218,  1.254233775658E+02,  0.0710
     31406,      2219,  1.254233163269E+02,  0.0707
     31438,      2220,  1.254232938979E+02,  0.0706
     31591,      2221,  1.254232583100E+02,  0.0703
     31740,      2222,  1.254164786132E+02,  0.0700
     31755,      2223,  1.254163379698E+02,  0.0700
     31897,      2224,  1.254162967488E+02,  0.0697
     31989,      2225,  1.254158650550E+02,  0.0696
     32411,      2226,  1.254144270744E+02,  0.0687
     32418,      2227,  1.254140656815E+02,  0.0687
     32632,      2228,  1.254140004475E+02,  0.0683
     32634,      2229,  1.254139858334E+02,  0.0683
     32942,      2230,  1.254138966144E+02,  0.0677
     33006,      2231,  1.254137323902E+02,  0.0676
     33105,      2232,  1.254136053048E+02,  0.0674
     33127,      2233,  1.254135826685E+02,  0.0674
     33140,      2234,  1.254135656204E+02,  0.0674
     33314,      2235,  1.254135023988E+02,  0.0671
     33357,      2236,  1.254128958449E+02,  0.0670
     33479,      2237,  1.254123384160E+02,  0.0668
     33660,      2238,  1.254123182286E+02,  0.0665
     34122,      2239,  1.254122705889E+02,  0.0656
     34171,      2240,  1.254122680986E+02,  0.0656
     34251,      2241,  1.254122180266E+02,  0.0654
     34267,      2242,  1.254121452525E+02,  0.0654
     34459,      2243,  1.254120614306E+02,  0.0651
     34838,      2244,  1.254112722133E+02,  0.0644
     34883,      2245,  1.254111197284E+02,  0.0644
     34968,      2246,  1.254101360711E+02,  0.0642
     35381,      2247,  1.254101261189E+02,  0.0635
     35757,      2248,  1.254100211157E+02,  0.0629
     36125,      2249,  1.254093615690E+02,  0.0623
     36440,      2250,  1.254092720599E+02,  0.0617
     36559,      2251,  1.254092285836E+02,  0.0616
     36581,      2252,  1.254092285213E+02,  0.0616
     36788,      2253,  1.254080953592E+02,  0.0612
     37215,      2254,  1.254080295683E+02,  0.0606
     37389,      2255,  1.254080230023E+02,  0.0603
     37686,      2256,  1.254079944711E+02,  0.0599
     37687,      2257,  1.254079939004E+02,  0.0599
     38432,      2258,  1.254079750664E+02,  0.0588
     38639,      2259,  1.254079633584E+02,  0.0585
     38746,      2260,  1.254079555450E+02,  0.0583
     38756,      2261,  1.254079535860E+02,  0.0583
     38988,      2262,  1.254078736765E+02,  0.0580
     39194,      2263,  1.254076255926E+02,  0.0577
     39287,      2264,  1.254075583682E+02,  0.0576
     39473,      2265,  1.254075538367E+02,  0.0574
     39712,      2266,  1.254062237188E+02,  0.0571
     39772,      2267,  1.254061848056E+02,  0.0570
     39925,      2268,  1.254061801944E+02,  0.0568
     39935,      2269,  1.254061737723E+02,  0.0568
     39960,      2270,  1.254061652150E+02,  0.0568
     40173,      2271,  1.254061320273E+02,  0.0565
     40231,      2272,  1.254061215878E+02,  0.0565
     40375,      2273,  1.254061100537E+02,  0.0563
     40682,      2274,  1.254060867162E+02,  0.0559
     40729,      2275,  1.254060867101E+02,  0.0559
     40767,      2276,  1.254060832241E+02,  0.0558
     41125,      2277,  1.254060728297E+02,  0.0554
     41233,      2278,  1.254060648539E+02,  0.0552
     41283,      2279,  1.254060473749E+02,  0.0552
     41292,      2280,  1.254034536756E+02,  0.0552
     41517,      2281,  1.254034003758E+02,  0.0549
     41682,      2282,  1.254033844816E+02,  0.0547
     41686,      2283,  1.254033635838E+02,  0.0548
     41770,      2284,  1.254033371344E+02,  0.0547
     41794,      2285,  1.254033173496E+02,  0.0547
     42149,      2286,  1.254033142336E+02,  0.0542
     42355,      2287,  1.254031201919E+02,  0.0540
     42384,      2288,  1.254030875870E+02,  0.0540
     42508,      2289,  1.254030165166E+02,  0.0538
     42578,      2290,  1.254029382343E+02,  0.0538
     42820,      2291,  1.254029339236E+02,  0.0535
     43127,      2292,  1.254029327745E+02,  0.0531
     43159,      2293,  1.254026454472E+02,  0.0531
     43423,      2294,  1.254026148011E+02,  0.0528
     43468,      2295,  1.254024275803E+02,  0.0528
     43594,      2296,  1.254022347587E+02,  0.0527
     43596,      2297,  1.254021243638E+02,  0.0527
     43701,      2298,  1.254021195429E+02,  0.0526
     43717,      2299,  1.253890867447E+02,  0.0526
     43808,      2300,  1.253890231322E+02,  0.0525
     43911,      2301,  1.253883890834E+02,  0.0524
     44081,      2302,  1.253883835390E+02,  0.0522
     44320,      2303,  1.253882320583E+02,  0.0520
     44399,      2304,  1.253882232597E+02,  0.0519
     44494,      2305,  1.253881501519E+02,  0.0518
     44939,      2306,  1.253872201756E+02,  0.0513
     45077,      2307,  1.253871975642E+02,  0.0512
     45373,      2308,  1.253871943942E+02,  0.0509
     45795,      2309,  1.253866312801E+02,  0.0504
     46351,      2310,  1.253863824466E+02,  0.0498
     46396,      2311,  1.253863534281E+02,  0.0498
     46432,      2312,  1.253859684961E+02,  0.0498
     46588,      2313,  1.253859127853E+02,  0.0496
     46966,      2314,  1.253836018416E+02,  0.0493
     47131,      2315,  1.253835529719E+02,  0.0491
     47226,      2316,  1.253817279976E+02,  0.0490
     47489,      2317,  1.253805742618E+02,  0.0488
     47597,      2318,  1.253805411406E+02,  0.0487
     48303,      2319,  1.253803124849E+02,  0.0480
     48696,      2320,  1.253803111976E+02,  0.0476
     49457,      2321,  1.253803005801E+02,  0.0469
     50043,      2322,  1.253802982686E+02,  0.0464
     50063,      2323,  1.253801556966E+02,  0.0464
     50266,      2324,  1.253801435766E+02,  0.0462
     50689,      2325,  1.253801413747E+02,  0.0459
     50929,      2326,  1.253798403861E+02,  0.0457
     51377,      2327,  1.253798386298E+02,  0.0453
     51380,      2328,  1.253787640627E+02,  0.0453
     51652,      2329,  1.253778085848E+02,  0.0451
     51657,      2330,  1.253772818448E+02,  0.0451
     51735,      2331,  1.253772814801E+02,  0.0451
     51952,      2332,  1.253772553880E+02,  0.0449
     52250,      2333,  1.253772188887E+02,  0.0447
     52258,      2334,  1.253770316971E+02,  0.0447
     52351,      2335,  1.253756657709E+02,  0.0446
     52674,      2336,  1.253746959710E+02,  0.0443
     53861,      2337,  1.253746724338E+02,  0.0434
     54075,      2338,  1.253745654114E+02,  0.0432
     54301,      2339,  1.253744489357E+02,  0.0431
     54804,      2340,  1.253743978441E+02,  0.0427
     54902,      2341,  1.253743968346E+02,  0.0426
     54926,      2342,  1.253743856554E+02,  0.0426
     56037,      2343,  1.253743660831E+02,  0.0418
     57210,      2344,  1.253743586192E+02,  0.0410
     57631,      2345,  1.253743519726E+02,  0.0407
     58268,      2346,  1.253743396371E+02,  0.0403
     58407,      2347,  1.253743250419E+02,  0.0402
     58538,      2348,  1.253743217551E+02,  0.0401
     58605,      2349,  1.253743181719E+02,  0.0401
     58805,      2350,  1.253741050081E+02,  0.0400
     59228,      2351,  1.253741032518E+02,  0.0397
     59384,      2352,  1.253732527178E+02,  0.0396
     59463,      2353,  1.253732508642E+02,  0.0396
     60002,      2354,  1.253732481970E+02,  0.0392
     60064,      2355,  1.253732453730E+02,  0.0392
     60152,      2356,  1.253732416713E+02,  0.0392
     60352,      2357,  1.253732344260E+02,  0.0391
     60520,      2358,  1.253730277515E+02,  0.0390
     60534,      2359,  1.253730209616E+02,  0.0390
     60691,      2360,  1.253722789169E+02,  0.0389
     60731,      2361,  1.253717578953E+02,  0.0389
     60919,      2362,  1.253717573405E+02,  0.0388
     61092,      2363,  1.253706731489E+02,  0.0387
     61983,      2364,  1.253700931189E+02,  0.0381
     62759,      2365,  1.253700484454E+02,  0.0377
     63058,      2366,  1.253700420115E+02,  0.0375
     63588,      2367,  1.253700373787E+02,  0.0372
     63746,      2368,  1.253700245475E+02,  0.0371
     63858,      2369,  1.253700128632E+02,  0.0371
     63907,      2370,  1.253699734230E+02,  0.0371
     63999,      2371,  1.253693979596E+02,  0.0370
     64189,      2372,  1.253693966904E+02,  0.0370
     64370,      2373,  1.253693954106E+02,  0.0369
     64373,      2374,  1.253693799669E+02,  0.0369
     64602,      2375,  1.253693631176E+02,  0.0368
     64647,      2376,  1.253693613167E+02,  0.0368
     64758,      2377,  1.253693486649E+02,  0.0367
     65036,      2378,  1.253693254664E+02,  0.0366
     65173,      2379,  1.253692903883E+02,  0.0365
     65191,      2380,  1.253690698067E+02,  0.0365
     65601,      2381,  1.253690566824E+02,  0.0363
     66672,      2382,  1.253690320441E+02,  0.0357
     66918,      2383,  1.253602140022E+02,  0.0356
     67014,      2384,  1.253602029024E+02,  0.0356
     67181,      2385,  1.253593887719E+02,  0.0355
     67408,      2386,  1.253593836436E+02,  0.0354
     67463,      2387,  1.253593379239E+02,  0.0354
     67513,      2388,  1.253591244300E+02,  0.0354
     67871,      2389,  1.253582945778E+02,  0.0352
     67988,      2390,  1.253582745024E+02,  0.0352
     68001,      2391,  1.253582507841E+02,  0.0352
     68245,      2392,  1.253582450386E+02,  0.0351
     68385,      2393,  1.253582375841E+02,  0.0350
     68483,      2394,  1.253582155332E+02,  0.0350
     68493,      2395,  1.253581962577E+02,  0.0350
     68533,      2396,  1.253581110844E+02,  0.0350
     69043,      2397,  1.253580726348E+02,  0.0347
     69131,      2398,  1.253580675609E+02,  0.0347
     69231,      2399,  1.253580467009E+02,  0.0347
     69537,      2400,  1.253575860413E+02,  0.0345
     70059,      2401,  1.253575442400E+02,  0.0343
     70133,      2402,  1.253571740437E+02,  0.0342
     70381,      2403,  1.253571729429E+02,  0.0341
     70514,      2404,  1.253565993503E+02,  0.0341
     70742,      2405,  1.253565054509E+02,  0.0340
     71311,      2406,  1.253565034126E+02,  0.0337
     71723,      2407,  1.253564278310E+02,  0.0336
     71994,      2408,  1.253563651184E+02,  0.0334
     72156,      2409,  1.253562933716E+02,  0.0334
     72157,      2410,  1.253562515773E+02,  0.0334
     72199,      2411,  1.253560985002E+02,  0.0334
     72529,      2412,  1.253560871988E+02,  0.0333
     72743,      2413,  1.253551610228E+02,  0.0332
     72882,      2414,  1.253545351061E+02,  0.0331
     72991,      2415,  1.253545063678E+02,  0.0331
     73067,      2416,  1.253544719602E+02,  0.0331
     73443,      2417,  1.253544629595E+02,  0.0329
     73619,      2418,  1.253544561026E+02,  0.0328
     73890,      2419,  1.253544386933E+02,  0.0327
     74012,      2420,  1.253544065157E+02,  0.0327
     74016,      2421,  1.253543864986E+02,  0.0327
     74219,      2422,  1.253543849352E+02,  0.0326
     74485,      2423,  1.253538857325E+02,  0.0325
     74668,      2424,  1.253538697870E+02,  0.0325
     74765,      2425,  1.253538410302E+02,  0.0324
     75362,      2426,  1.253538247315E+02,  0.0322
     75726,      2427,  1.253538236519E+02,  0.0320
     76303,      2428,  1.253538040258E+02,  0.0318
     76383,      2429,  1.253531784106E+02,  0.0318
     77232,      2430,  1.253531652276E+02,  0.0315
     77290,      2431,  1.253531544634E+02,  0.0315
     77387,      2432,  1.253472184690E+02,  0.0314
     77716,      2433,  1.253471935709E+02,  0.0313
     78390,      2434,  1.253471690007E+02,  0.0310
     78569,      2435,  1.253471659648E+02,  0.0310
     78620,      2436,  1.253471495491E+02,  0.0310
     78957,      2437,  1.253461144381E+02,  0.0309
     79487,      2438,  1.253460992391E+02,  0.0307
     79544,      2439,  1.253460934754E+02,  0.0307
     79712,      2440,  1.253445135872E+02,  0.0306
     80154,      2441,  1.253442631618E+02,  0.0305
     80283,      2442,  1.253432934200E+02,  0.0304
     80371,      2443,  1.253432895876E+02,  0.0304
     80754,      2444,  1.253432472133E+02,  0.0303
     80930,      2445,  1.253432361390E+02,  0.0302
     80945,      2446,  1.253432275884E+02,  0.0302
     81302,      2447,  1.253432246564E+02,  0.0301
     82150,      2448,  1.253432150962E+02,  0.0298
     82418,      2449,  1.253432102334E+02,  0.0297
     82457,      2450,  1.253432027355E+02,  0.0297
     82537,      2451,  1.253429743515E+02,  0.0297
     82976,      2452,  1.253429644600E+02,  0.0296
     83254,      2453,  1.253428977403E+02,  0.0295
     83316,      2454,  1.253428961002E+02,  0.0295
     83441,      2455,  1.253427487792E+02,  0.0294
     84039,      2456,  1.253427332582E+02,  0.0292
     84278,      2457,  1.253425886945E+02,  0.0292
     84338,      2458,  1.253425820929E+02,  0.0291
     84714,      2459,  1.253425780609E+02,  0.0290
     84911,      2460,  1.253425626746E+02,  0.0290
     85419,      2461,  1.253425099037E+02,  0.0288
     85742,      2462,  1.253409181234E+02,  0.0287
     85805,      2463,  1.253409007647E+02,  0.0287
     86452,      2464,  1.253405813688E+02,  0.0285
     87103,      2465,  1.253394112688E+02,  0.0283
     87237,      2466,  1.253394057516E+02,  0.0283
     87347,      2467,  1.253393400110E+02,  0.0282
     87688,      2468,  1.253393244910E+02,  0.0281
     88198,      2469,  1.253387611249E+02,  0.0280
     88369,      2470,  1.253386862040E+02,  0.0280
     89191,      2471,  1.253378110643E+02,  0.0277
     89582,      2472,  1.253378061970E+02,  0.0276
     89715,      2473,  1.253378049772E+02,  0.0276
     90371,      2474,  1.253376871710E+02,  0.0274
     90577,      2475,  1.253376086678E+02,  0.0273
     90770,      2476,  1.253376049047E+02,  0.0273
     90910,      2477,  1.253376040201E+02,  0.0272
     91253,      2478,  1.253375518878E+02,  0.0272
     93026,      2479,  1.253375292119E+02,  0.0266
     93728,      2480,  1.253374929796E+02,  0.0265
     94215,      2481,  1.253374867369E+02,  0.0263
     95009,      2482,  1.253374251894E+02,  0.0261
     95059,      2483,  1.253374206006E+02,  0.0261
     95079,      2484,  1.253374147683E+02,  0.0261
     95686,      2485,  1.253373972772E+02,  0.0260
     95948,      2486,  1.253373904646E+02,  0.0259
     96663,      2487,  1.253370688911E+02,  0.0257
     96993,      2488,  1.253370526307E+02,  0.0257
     97017,      2489,  1.253368035003E+02,  0.0257
     97283,      2490,  1.253368018532E+02,  0.0256
     97344,      2491,  1.253367858061E+02,  0.0256
     97439,      2492,  1.253367245547E+02,  0.0256
     97936,      2493,  1.253366984244E+02,  0.0255
     98081,      2494,  1.253366957521E+02,  0.0254
     98167,      2495,  1.253366602979E+02,  0.0254
     98245,      2496,  1.253366399628E+02,  0.0254
     98364,      2497,  1.253365796431E+02,  0.0254
     98390,      2498,  1.253365757661E+02,  0.0254
     98963,      2499,  1.253365641222E+02,  0.0253
    100686,      2500,  1.253365487556E+02,  0.0248
    100783,      2501,  1.253359999916E+02,  0.0248
    100855,      2502,  1.253359941512E+02,  0.0248
    100900,      2503,  1.253359896786E+02,  0.0248
    101050,      2504,  1.253326272608E+02,  0.0248
    101263,      2505,  1.253326065442E+02,  0.0247
    101431,      2506,  1.253324378747E+02,  0.0247
    101580,      2507,  1.253316556983E+02,  0.0247
    101725,      2508,  1.253316450198E+02,  0.0247
    101797,      2509,  1.253314751662E+02,  0.0246
    102031,      2510,  1.253300002737E+02,  0.0246
    102352,      2511,  1.253299854210E+02,  0.0245
    102390,      2512,  1.253299832329E+02,  0.0245
    102679,      2513,  1.253299349007E+02,  0.0245
    102804,      2514,  1.253299203003E+02,  0.0245
    103197,      2515,  1.253299080146E+02,  0.0244
    103259,      2516,  1.253298768314E+02,  0.0244
    103767,      2517,  1.253294040505E+02,  0.0243
    103876,      2518,  1.253293949326E+02,  0.0242
    104214,      2519,  1.253293688586E+02,  0.0242
    104309,      2520,  1.253293441162E+02,  0.0242
    104381,      2521,  1.253293014922E+02,  0.0242
    105475,      2522,  1.253292762974E+02,  0.0239
    106375,      2523,  1.253282588030E+02,  0.0237
    106950,      2524,  1.253282319854E+02,  0.0236
    107098,      2525,  1.253282214193E+02,  0.0236
    107117,      2526,  1.253282092097E+02,  0.0236
    107552,      2527,  1.253282066785E+02,  0.0235
    107557,      2528,  1.253275994981E+02,  0.0235
    108444,      2529,  1.253275579315E+02,  0.0233
    109081,      2530,  1.253264208173E+02,  0.0232
    109156,      2531,  1.253263951628E+02,  0.0232
    109478,      2532,  1.253260868267E+02,  0.0231
    109513,      2533,  1.253260455504E+02,  0.0231
    110021,      2534,  1.253259966917E+02,  0.0230
    110322,      2535,  1.253259907037E+02,  0.0230
    110526,      2536,  1.253252949881E+02,  0.0229
    110588,      2537,  1.253252925996E+02,  0.0229
    111435,      2538,  1.253252786920E+02,  0.0228
    112518,      2539,  1.253252440676E+02,  0.0226
    113520,      2540,  1.253251756490E+02,  0.0224
    113618,      2541,  1.253251389356E+02,  0.0224
    114125,      2542,  1.253251366294E+02,  0.0223
    114257,      2543,  1.253250954308E+02,  0.0223
    115168,      2544,  1.253250799451E+02,  0.0221
    115437,      2545,  1.253250760303E+02,  0.0220
    116309,      2546,  1.253250450870E+02,  0.0219
    116982,      2547,  1.253250335785E+02,  0.0218
    117046,      2548,  1.253249956273E+02,  0.0218
    117169,      2549,  1.253249941429E+02,  0.0218
    117381,      2550,  1.253247498783E+02,  0.0217
    117863,      2551,  1.253247480724E+02,  0.0216
    118637,      2552,  1.253247475407E+02,  0.0215
    118953,      2553,  1.253244641517E+02,  0.0215
    119005,      2554,  1.253244533249E+02,  0.0215
    120131,      2555,  1.253244374452E+02,  0.0213
    120469,      2556,  1.253233990087E+02,  0.0212
    120605,      2557,  1.253233465073E+02,  0.0212
    121112,      2558,  1.253232789887E+02,  0.0211
    121509,      2559,  1.253232651794E+02,  0.0211
    121928,      2560,  1.253232272429E+02,  0.0210
    122179,      2561,  1.253232199096E+02,  0.0210
    122838,      2562,  1.253231960662E+02,  0.0209
    125267,      2563,  1.253231920562E+02,  0.0205
    125461,      2564,  1.253231795717E+02,  0.0204
    125996,      2565,  1.253231739150E+02,  0.0204
    126311,      2566,  1.253227517974E+02,  0.0203
    127929,      2567,  1.253225766667E+02,  0.0201
    127984,      2568,  1.253225689507E+02,  0.0201
    128251,      2569,  1.253225665931E+02,  0.0200
    128457,      2570,  1.253225538928E+02,  0.0200
    128739,      2571,  1.253225522739E+02,  0.0200
    129088,      2572,  1.253222763396E+02,  0.0199
    129359,      2573,  1.253219484132E+02,  0.0199
    129669,      2574,  1.253219468973E+02,  0.0199
    129799,      2575,  1.253219457459E+02,  0.0198
    129998,      2576,  1.253219260622E+02,  0.0198
    130223,      2577,  1.253219187051E+02,  0.0198
    132046,      2578,  1.253219150972E+02,  0.0195
    132283,      2579,  1.253218919230E+02,  0.0195
    132480,      2580,  1.253218736182E+02,  0.0195
    132838,      2581,  1.253218368111E+02,  0.0194
    134592,      2582,  1.253218368046E+02,  0.0192
    135662,      2583,  1.253214763998E+02,  0.0190
    136379,      2584,  1.253211352130E+02,  0.0189
    137008,      2585,  1.253210969789E+02,  0.0189
    137844,      2586,  1.253210887600E+02,  0.0188
    137874,      2587,  1.253210709754E+02,  0.0188
    139202,      2588,  1.253210503314E+02,  0.0186
    139537,      2589,  1.253210499789E+02,  0.0186
    139840,      2590,  1.253210411915E+02,  0.0185
    140358,      2591,  1.253210374922E+02,  0.0185
    140933,      2592,  1.253210238612E+02,  0.0184
    141708,      2593,  1.253210177824E+02,  0.0183
    141755,      2594,  1.253210076691E+02,  0.0183
    142284,      2595,  1.253210037842E+02,  0.0182
    142891,      2596,  1.253209996204E+02,  0.0182
    142984,      2597,  1.253208707718E+02,  0.0182
    143030,      2598,  1.253208632595E+02,  0.0182
    143403,      2599,  1.253202781499E+02,  0.0181
    143856,      2600,  1.253202758599E+02,  0.0181
    144008,      2601,  1.253202721625E+02,  0.0181
    144603,      2602,  1.253202344241E+02,  0.0180
    144936,      2603,  1.253202159953E+02,  0.0180
    145288,      2604,  1.253194246227E+02,  0.0179
    145556,      2605,  1.253194213951E+02,  0.0179
    145670,      2606,  1.253194088632E+02,  0.0179
    145705,      2607,  1.253193958470E+02,  0.0179
    146101,      2608,  1.253193818512E+02,  0.0179
    146986,      2609,  1.253193792900E+02,  0.0177
    148336,      2610,  1.253192844143E+02,  0.0176
    149666,      2611,  1.253192764071E+02,  0.0174
    150180,      2612,  1.253192699145E+02,  0.0174
    150719,      2613,  1.253192603669E+02,  0.0173
    150849,      2614,  1.253192411340E+02,  0.0173
    151008,      2615,  1.253191213028E+02,  0.0173
    151045,      2616,  1.253191184295E+02,  0.0173
    152382,      2617,  1.253191113700E+02,  0.0172
    152764,      2618,  1.253191075853E+02,  0.0171
    152899,      2619,  1.253191000955E+02,  0.0171
    155024,      2620,  1.253190958300E+02,  0.0169
    155143,      2621,  1.253183564723E+02,  0.0169
    155662,      2622,  1.253183502598E+02,  0.0168
    156579,      2623,  1.253180707810E+02,  0.0168
    157651,      2624,  1.253168548031E+02,  0.0166
    158014,      2625,  1.253168458840E+02,  0.0166
    160634,      2626,  1.253168346609E+02,  0.0163
    160796,      2627,  1.253168236973E+02,  0.0163
    162535,      2628,  1.253168235511E+02,  0.0162
    162644,      2629,  1.253168178739E+02,  0.0162
    167064,      2630,  1.253168108197E+02,  0.0157
    167880,      2631,  1.253167948847E+02,  0.0157
    169640,      2632,  1.253167882180E+02,  0.0155
    170199,      2633,  1.253167841228E+02,  0.0155
    171146,      2634,  1.253165051816E+02,  0.0154
    171950,      2635,  1.253164997162E+02,  0.0153
    172305,      2636,  1.253164899912E+02,  0.0153
    174279,      2637,  1.253164741267E+02,  0.0151
    174591,      2638,  1.253164737542E+02,  0.0151
    175471,      2639,  1.253164697468E+02,  0.0150
    176483,      2640,  1.253164651799E+02,  0.0150
    177098,      2641,  1.253164429281E+02,  0.0149
    177106,      2642,  1.253163780840E+02,  0.0149
    177167,      2643,  1.253163739736E+02,  0.0149
    177401,      2644,  1.253163534285E+02,  0.0149
    177834,      2645,  1.253156338298E+02,  0.0149
    178294,      2646,  1.253155898209E+02,  0.0148
    178326,      2647,  1.253155895365E+02,  0.0148
    178349,      2648,  1.253155774952E+02,  0.0148
    178402,      2649,  1.253155593326E+02,  0.0148
    179423,      2650,  1.253154764752E+02,  0.0148
    179665,      2651,  1.253154688329E+02,  0.0148
    179803,      2652,  1.253154455619E+02,  0.0147
    180052,      2653,  1.253154202787E+02,  0.0147
    180762,      2654,  1.253154020983E+02,  0.0147
    180870,      2655,  1.253154017699E+02,  0.0147
    181733,      2656,  1.253153868451E+02,  0.0146
    182864,      2657,  1.253153807372E+02,  0.0145
    183260,      2658,  1.253149567346E+02,  0.0145
    184477,      2659,  1.253149544323E+02,  0.0144
    184484,      2660,  1.253149513367E+02,  0.0144
    184638,      2661,  1.253147370958E+02,  0.0144
    184817,      2662,  1.253147353090E+02,  0.0144
    184836,      2663,  1.253139550476E+02,  0.0144
    184973,      2664,  1.253137233430E+02,  0.0144
    186051,      2665,  1.253137208495E+02,  0.0143
    186290,      2666,  1.253137045395E+02,  0.0143
    186324,      2667,  1.253136214488E+02,  0.0143
    186663,      2668,  1.253136081378E+02,  0.0143
    187361,      2669,  1.253135517969E+02,  0.0142
    187622,      2670,  1.253135514013E+02,  0.0142
    188354,      2671,  1.253135425702E+02,  0.0142
    188949,      2672,  1.253135381627E+02,  0.0141
    189292,      2673,  1.253135305138E+02,  0.0141
    190094,      2674,  1.253135147609E+02,  0.0141
    192010,      2675,  1.253133364366E+02,  0.0139
    192790,      2676,  1.253133326847E+02,  0.0139
    192831,      2677,  1.253133098238E+02,  0.0139
    192892,      2678,  1.253133026445E+02,  0.0139
    193149,      2679,  1.253133017841E+02,  0.0139
    193561,      2680,  1.253131028264E+02,  0.0138
    193643,      2681,  1.253130877456E+02,  0.0138
    193782,      2682,  1.253130790349E+02,  0.0138
    194503,      2683,  1.253130666647E+02,  0.0138
    194740,      2684,  1.253130574350E+02,  0.0138
    195735,      2685,  1.253130456082E+02,  0.0137
    195761,      2686,  1.253128749361E+02,  0.0137
    196171,      2687,  1.253128720671E+02,  0.0137
    197838,      2688,  1.253128649562E+02,  0.0136
    198197,      2689,  1.253126957282E+02,  0.0136
    198248,      2690,  1.253126371689E+02,  0.0136
    198351,      2691,  1.253124787197E+02,  0.0136
    198734,      2692,  1.253124750745E+02,  0.0135
    198759,      2693,  1.253124121343E+02,  0.0135
    199019,      2694,  1.253124079797E+02,  0.0135
    199340,      2695,  1.253123908704E+02,  0.0135
    199867,      2696,  1.253123764399E+02,  0.0135
    199870,      2697,  1.253121893540E+02,  0.0135
    200653,      2698,  1.253121079135E+02,  0.0134
    201156,      2699,  1.253120049422E+02,  0.0134
    201330,      2700,  1.253119997724E+02,  0.0134
    201753,      2701,  1.253119896702E+02,  0.0134
    201821,      2702,  1.253119798295E+02,  0.0134
    201995,      2703,  1.253119767995E+02,  0.0134
    202324,      2704,  1.253118697218E+02,  0.0134
    202603,      2705,  1.253118548011E+02,  0.0134
    203881,      2706,  1.253110159651E+02,  0.0133
    204119,      2707,  1.253109987218E+02,  0.0133
    204317,      2708,  1.253109537244E+02,  0.0133
    204529,      2709,  1.253109359374E+02,  0.0132
    205223,      2710,  1.253109179431E+02,  0.0132
    205300,      2711,  1.253101619393E+02,  0.0132
    206166,      2712,  1.253101556145E+02,  0.0132
    206696,      2713,  1.253100830355E+02,  0.0131
    208992,      2714,  1.253100803123E+02,  0.0130
    209019,      2715,  1.253096396553E+02,  0.0130
    209428,      2716,  1.253096372712E+02,  0.0130
    209823,      2717,  1.253096363589E+02,  0.0129
    210812,      2718,  1.253096360319E+02,  0.0129
    211109,      2719,  1.253096343242E+02,  0.0129
    211540,      2720,  1.253080752990E+02,  0.0129
    212623,      2721,  1.253080544856E+02,  0.0128
    212728,      2722,  1.253080439180E+02,  0.0128
    214620,      2723,  1.253080406043E+02,  0.0127
    214721,      2724,  1.253074781329E+02,  0.0127
    214828,      2725,  1.253074720999E+02,  0.0127
    215453,      2726,  1.253074426732E+02,  0.0127
    215777,      2727,  1.253073707270E+02,  0.0126
    216967,      2728,  1.253073697279E+02,  0.0126
    217509,      2729,  1.253073691474E+02,  0.0125
    217813,      2730,  1.253073638396E+02,  0.0125
    219855,      2731,  1.253067995641E+02,  0.0124
    220500,      2732,  1.253067771202E+02,  0.0124
    220897,      2733,  1.253067719053E+02,  0.0124
    223358,      2734,  1.253067715669E+02,  0.0122
    224370,      2735,  1.253066498621E+02,  0.0122
    225163,      2736,  1.253066452882E+02,  0.0122
    226768,      2737,  1.253066433810E+02,  0.0121
    227897,      2738,  1.253066397869E+02,  0.0120
    228276,      2739,  1.253066390491E+02,  0.0120
    229827,      2740,  1.253066351955E+02,  0.0119
    230152,      2741,  1.253061793529E+02,  0.0119
    230153,      2742,  1.253061743792E+02,  0.0119
    230317,      2743,  1.253061725836E+02,  0.0119
    231356,      2744,  1.253061713669E+02,  0.0119
    231426,      2745,  1.253061557299E+02,  0.0119
    231739,      2746,  1.253061472422E+02,  0.0118
    231784,      2747,  1.253061399302E+02,  0.0119
    231880,      2748,  1.253060380637E+02,  0.0119
    232090,      2749,  1.253060282360E+02,  0.0118
    232610,      2750,  1.253055896356E+02,  0.0118
    232738,      2751,  1.253054708888E+02,  0.0118
    233460,      2752,  1.253054322494E+02,  0.0118
    233698,      2753,  1.253054241115E+02,  0.0118
    234096,      2754,  1.253054059416E+02,  0.0118
    234354,      2755,  1.253053877705E+02,  0.0118
    234576,      2756,  1.253053484383E+02,  0.0117
    235781,      2757,  1.253053479943E+02,  0.0117
    236934,      2758,  1.253053415676E+02,  0.0116
    237272,      2759,  1.253053317566E+02,  0.0116
    237873,      2760,  1.253053250824E+02,  0.0116
    238372,      2761,  1.253053170889E+02,  0.0116
    239190,      2762,  1.253052467433E+02,  0.0115
    239921,      2763,  1.253052335399E+02,  0.0115
    240111,      2764,  1.253051289641E+02,  0.0115
    242586,      2765,  1.253049926974E+02,  0.0114
    243597,      2766,  1.253049921463E+02,  0.0114
    244034,      2767,  1.253044650361E+02,  0.0113
    244231,      2768,  1.253042307305E+02,  0.0113
    244299,      2769,  1.253041969280E+02,  0.0113
    244441,      2770,  1.253041945858E+02,  0.0113
    245272,      2771,  1.253041901671E+02,  0.0113
    246430,      2772,  1.253041737318E+02,  0.0112
    247559,      2773,  1.253041607826E+02,  0.0112
    249898,      2774,  1.253041526670E+02,  0.0111
    250131,      2775,  1.253041489547E+02,  0.0111
    251447,      2776,  1.253041207421E+02,  0.0110
    253439,      2777,  1.253041071241E+02,  0.0110
    253990,      2778,  1.253041003364E+02,  0.0109
    254679,      2779,  1.253040960817E+02,  0.0109
    256457,      2780,  1.253040783568E+02,  0.0108
    257893,      2781,  1.253040758806E+02,  0.0108
    258016,      2782,  1.253040751707E+02,  0.0108
    258164,      2783,  1.253040734890E+02,  0.0108
    258218,      2784,  1.253040633119E+02,  0.0108
    258699,      2785,  1.253040551179E+02,  0.0108
    258973,      2786,  1.253040294811E+02,  0.0108
    260025,      2787,  1.253040245895E+02,  0.0107
    260832,      2788,  1.253040227952E+02,  0.0107
    263455,      2789,  1.253030222161E+02,  0.0106
    263627,      2790,  1.253030194647E+02,  0.0106
    264175,      2791,  1.253030083762E+02,  0.0106
    265586,      2792,  1.253029970903E+02,  0.0105
    266894,      2793,  1.253029950735E+02,  0.0105
    269009,      2794,  1.253029919491E+02,  0.0104
    270602,      2795,  1.253028897489E+02,  0.0103
    274750,      2796,  1.253028880167E+02,  0.0102
    276372,      2797,  1.253027586392E+02,  0.0101
    278196,      2798,  1.253027570224E+02,  0.0101
    279874,      2799,  1.253027532910E+02,  0.0100
    280465,      2800,  1.253027492392E+02,  0.0100
    287447,      2801,  1.253027449866E+02,  0.0097
    289447,      2802,  1.253027442751E+02,  0.0097
    290485,      2803,  1.253021658127E+02,  0.0096
    291279,      2804,  1.253020084997E+02,  0.0096
    292894,      2805,  1.253020084778E+02,  0.0096
    300197,      2806,  1.253019606691E+02,  0.0093
    301345,      2807,  1.253019604697E+02,  0.0093
    303269,      2808,  1.253019567954E+02,  0.0093
    305594,      2809,  1.253016072014E+02,  0.0092
    306543,      2810,  1.253016011814E+02,  0.0092
    307379,      2811,  1.253015948723E+02,  0.0091
    307945,      2812,  1.253015926718E+02,  0.0091
    307995,      2813,  1.253014035156E+02,  0.0091
    308668,      2814,  1.253013973276E+02,  0.0091
    310970,      2815,  1.253013948109E+02,  0.0091
    311612,      2816,  1.253013944408E+02,  0.0090
    313078,      2817,  1.253012779065E+02,  0.0090
    317032,      2818,  1.253009456482E+02,  0.0089
    318278,      2819,  1.253009387303E+02,  0.0089
    319310,      2820,  1.253009381564E+02,  0.0088
    320519,      2821,  1.253009375217E+02,  0.0088
    322521,      2822,  1.253009373015E+02,  0.0087
    323777,      2823,  1.253004924479E+02,  0.0087
    323804,      2824,  1.253004855541E+02,  0.0087
    324715,      2825,  1.253004811506E+02,  0.0087
    326537,      2826,  1.253004808217E+02,  0.0087
    331747,      2827,  1.253004741687E+02,  0.0085
    337880,      2828,  1.253003617056E+02,  0.0084
    338075,      2829,  1.253003079625E+02,  0.0084
    338407,      2830,  1.253003079383E+02,  0.0084
    338581,      2831,  1.253002311071E+02,  0.0084
    338722,      2832,  1.253002250722E+02,  0.0084
    339123,      2833,  1.253002237584E+02,  0.0084
    339302,      2834,  1.253002234388E+02,  0.0084
    339541,      2835,  1.253002224570E+02,  0.0083
    341254,      2836,  1.253002000738E+02,  0.0083
    341316,      2837,  1.253001646554E+02,  0.0083
    342077,      2838,  1.253001573387E+02,  0.0083
    342092,      2839,  1.252999306135E+02,  0.0083
    342423,      2840,  1.252999252697E+02,  0.0083
    343124,      2841,  1.252999238016E+02,  0.0083
    343743,      2842,  1.252998788139E+02,  0.0083
    345085,      2843,  1.252998707566E+02,  0.0082
    345116,      2844,  1.252998467949E+02,  0.0082
    345384,      2845,  1.252998262358E+02,  0.0082
    346128,      2846,  1.252998202942E+02,  0.0082
    346478,      2847,  1.252998201676E+02,  0.0082
    347302,      2848,  1.252995728353E+02,  0.0082
    349394,      2849,  1.252995583931E+02,  0.0082
    349408,      2850,  1.252995566104E+02,  0.0082
    349562,      2851,  1.252995542615E+02,  0.0082
    350072,      2852,  1.252995384855E+02,  0.0081
    352702,      2853,  1.252995293824E+02,  0.0081
    353195,      2854,  1.252995254053E+02,  0.0081
    353434,      2855,  1.252995117511E+02,  0.0081
    354267,      2856,  1.252995036406E+02,  0.0081
    355204,      2857,  1.252994992358E+02,  0.0080
    356099,      2858,  1.252994880128E+02,  0.0080
    356868,      2859,  1.252994866290E+02,  0.0080
    357451,      2860,  1.252994756399E+02,  0.0080
    361325,      2861,  1.252994677074E+02,  0.0079
    362780,      2862,  1.252994634487E+02,  0.0079
    363030,      2863,  1.252994560158E+02,  0.0079
    368542,      2864,  1.252991746592E+02,  0.0078
    368967,      2865,  1.252991729721E+02,  0.0078
    370163,      2866,  1.252991684747E+02,  0.0077
    374863,      2867,  1.252991684525E+02,  0.0076
    376303,      2868,  1.252991621179E+02,  0.0076
    376440,      2869,  1.252991617498E+02,  0.0076
    387672,      2870,  1.252991580034E+02,  0.0074
    388539,      2871,  1.252986561527E+02,  0.0074
    388756,      2872,  1.252986556071E+02,  0.0074
    389744,      2873,  1.252984473501E+02,  0.0074
    389825,      2874,  1.252984468037E+02,  0.0074
    389937,      2875,  1.252983717122E+02,  0.0074
    400156,      2876,  1.252983710529E+02,  0.0072
    401706,      2877,  1.252983603700E+02,  0.0072
    401933,      2878,  1.252983591389E+02,  0.0072
    404341,      2879,  1.252983562574E+02,  0.0071
    405902,      2880,  1.252983559352E+02,  0.0071
    409456,      2881,  1.252983520413E+02,  0.0070
    410475,      2882,  1.252983473974E+02,  0.0070
    413522,      2883,  1.252983450111E+02,  0.0070
    418113,      2884,  1.252983432055E+02,  0.0069
    419189,      2885,  1.252981980434E+02,  0.0069
    421390,      2886,  1.252979548586E+02,  0.0068
    425115,      2887,  1.252979529925E+02,  0.0068
    425911,      2888,  1.252979518053E+02,  0.0068
    427220,      2889,  1.252979503448E+02,  0.0068
    434248,      2890,  1.252979500723E+02,  0.0067
    435735,      2891,  1.252974300208E+02,  0.0066
    437411,      2892,  1.252974298433E+02,  0.0066
    442103,      2893,  1.252974295776E+02,  0.0065
    446095,      2894,  1.252974284914E+02,  0.0065
    447973,      2895,  1.252933141814E+02,  0.0065
    452801,      2896,  1.252933122305E+02,  0.0064
    453306,      2897,  1.252933116642E+02,  0.0064
    475132,      2898,  1.252929557449E+02,  0.0061
    477998,      2899,  1.252929333282E+02,  0.0061
    478423,      2900,  1.252929180970E+02,  0.0061
    485521,      2901,  1.252928055836E+02,  0.0060
    488678,      2902,  1.252926825524E+02,  0.0059
    495732,      2903,  1.252926753237E+02,  0.0059
