iteration,accepted_count,energy,acceptance_rate
         0,         0,  2.606304342375E+02,  0.0000
         1,         1,  2.605515986131E+02,  1.0000
         2,         2,  2.605086889230E+02,  1.0000
         3,         3,  2.604264996785E+02,  1.0000
         4,         4,  1.692069440486E+02,  1.0000
         5,         5,  1.690879624816E+02,  1.0000
         8,         6,  1.689995363000E+02,  0.7500
        14,         7,  1.689287398147E+02,  0.5000
        15,         8,  1.689220922281E+02,  0.5333
        22,         9,  1.688664713630E+02,  0.4091
        23,        10,  1.688464312145E+02,  0.4348
        26,        11,  1.688421211182E+02,  0.4231
        27,        12,  1.687321388989E+02,  0.4444
        29,        13,  1.687183428879E+02,  0.4483
        30,        14,  1.687148241201E+02,  0.4667
        31,        15,  1.686794294696E+02,  0.4839
        32,        16,  1.682317647801E+02,  0.5000
        40,        17,  1.681406026109E+02,  0.4250
        41,        18,  1.681404317346E+02,  0.4390
        42,        19,  1.681345917926E+02,  0.4524
        43,        20,  1.681285423926E+02,  0.4651
        51,        21,  1.681279002286E+02,  0.4118
        54,        22,  1.680584667551E+02,  0.4074
        55,        23,  1.678797447847E+02,  0.4182
        56,        24,  1.678636350406E+02,  0.4286
        57,        25,  1.636532536818E+02,  0.4386
        58,        26,  1.636491869259E+02,  0.4483
        59,        27,  1.635429626148E+02,  0.4576
        63,        28,  1.635329439096E+02,  0.4444
        65,        29,  1.634548191930E+02,  0.4462
        66,        30,  1.633620865552E+02,  0.4545
        67,        31,  1.633126766227E+02,  0.4627
        68,        32,  1.631846141143E+02,  0.4706
        70,        33,  1.631802316418E+02,  0.4714
        72,        34,  1.630755004853E+02,  0.4722
        73,        35,  1.630513446524E+02,  0.4795
        75,        36,  1.630286509079E+02,  0.4800
        77,        37,  1.629555545471E+02,  0.4805
        78,        38,  1.628576775894E+02,  0.4872
        81,        39,  1.628106422178E+02,  0.4815
        84,        40,  1.626992746103E+02,  0.4762
        85,        41,  1.626222730417E+02,  0.4824
        88,        42,  1.625652209367E+02,  0.4773
        89,        43,  1.625032102994E+02,  0.4831
        94,        44,  1.625026281682E+02,  0.4681
        98,        45,  1.623894126742E+02,  0.4592
       102,        46,  1.623553304277E+02,  0.4510
       104,        47,  1.623292021385E+02,  0.4519
       105,        48,  1.623262571465E+02,  0.4571
       109,        49,  1.622876802740E+02,  0.4495
       110,        50,  1.622119718385E+02,  0.4545
       111,        51,  1.622103438303E+02,  0.4595
       114,        52,  1.621943007639E+02,  0.4561
       115,        53,  1.621022302165E+02,  0.4609
       117,        54,  1.619807915515E+02,  0.4615
       122,        55,  1.611709748105E+02,  0.4508
       125,        56,  1.610388765664E+02,  0.4480
       128,        57,  1.610355560849E+02,  0.4453
       129,        58,  1.610064333111E+02,  0.4496
       130,        59,  1.608748154985E+02,  0.4538
       133,        60,  1.608394299164E+02,  0.4511
       135,        61,  1.607400957430E+02,  0.4519
       138,        62,  1.607251118482E+02,  0.4493
       140,        63,  1.606930523987E+02,  0.4500
       141,        64,  1.604654607410E+02,  0.4539
       145,        65,  1.589337824640E+02,  0.4483
       146,        66,  1.589143675506E+02,  0.4521
       147,        67,  1.586155439601E+02,  0.4558
       148,        68,  1.586067643885E+02,  0.4595
       149,        69,  1.585479528138E+02,  0.4631
       151,        70,  1.584545511568E+02,  0.4636
       157,        71,  1.583693130169E+02,  0.4522
       158,        72,  1.583519383027E+02,  0.4557
       159,        73,  1.583444293600E+02,  0.4591
       162,        74,  1.582685643670E+02,  0.4568
       165,        75,  1.582169962494E+02,  0.4545
       166,        76,  1.582134966785E+02,  0.4578
       167,        77,  1.581684226703E+02,  0.4611
       169,        78,  1.581509073343E+02,  0.4615
       170,        79,  1.581277404262E+02,  0.4647
       171,        80,  1.577918889493E+02,  0.4678
       172,        81,  1.577807519256E+02,  0.4709
       179,        82,  1.577675948924E+02,  0.4581
       180,        83,  1.577556249593E+02,  0.4611
       181,        84,  1.576846827342E+02,  0.4641
       182,        85,  1.576236485369E+02,  0.4670
       184,        86,  1.576031891887E+02,  0.4674
       185,        87,  1.575737443009E+02,  0.4703
       188,        88,  1.575695228209E+02,  0.4681
       194,        89,  1.575406207368E+02,  0.4588
       198,        90,  1.575074547917E+02,  0.4545
       203,        91,  1.575034772092E+02,  0.4483
       204,        92,  1.574893017556E+02,  0.4510
       205,        93,  1.574195196229E+02,  0.4537
       206,        94,  1.573280172372E+02,  0.4563
       208,        95,  1.573162812374E+02,  0.4567
       212,        96,  1.572891049448E+02,  0.4528
       213,        97,  1.572700434097E+02,  0.4554
       217,        98,  1.572633000891E+02,  0.4516
       222,        99,  1.571958481347E+02,  0.4459
       224,       100,  1.571278237961E+02,  0.4464
       225,       101,  1.569674075675E+02,  0.4489
       226,       102,  1.569570019148E+02,  0.4513
       228,       103,  1.568990280417E+02,  0.4518
       232,       104,  1.568954910215E+02,  0.4483
       237,       105,  1.568941856300E+02,  0.4430
       238,       106,  1.568297614396E+02,  0.4454
       239,       107,  1.565697877909E+02,  0.4477
       240,       108,  1.563108623911E+02,  0.4500
       242,       109,  1.561935862653E+02,  0.4504
       244,       110,  1.560674436419E+02,  0.4508
       247,       111,  1.555501029429E+02,  0.4494
       248,       112,  1.554920407620E+02,  0.4516
       249,       113,  1.554146349345E+02,  0.4538
       251,       114,  1.552400591615E+02,  0.4542
       252,       115,  1.550600237385E+02,  0.4563
       253,       116,  1.550095641543E+02,  0.4585
       255,       117,  1.550030401516E+02,  0.4588
       256,       118,  1.549068124053E+02,  0.4609
       258,       119,  1.548905951344E+02,  0.4612
       262,       120,  1.548836688485E+02,  0.4580
       263,       121,  1.548045453298E+02,  0.4601
       264,       122,  1.547888123205E+02,  0.4621
       265,       123,  1.547773943106E+02,  0.4642
       269,       124,  1.547538618232E+02,  0.4610
       270,       125,  1.547537238804E+02,  0.4630
       274,       126,  1.547464110810E+02,  0.4599
       275,       127,  1.547267018417E+02,  0.4618
       278,       128,  1.546784089602E+02,  0.4604
       279,       129,  1.546672569929E+02,  0.4624
       280,       130,  1.546396330299E+02,  0.4643
       284,       131,  1.546235919536E+02,  0.4613
       285,       132,  1.546108348298E+02,  0.4632
       287,       133,  1.545992642540E+02,  0.4634
       291,       134,  1.543555622165E+02,  0.4605
       294,       135,  1.543359047456E+02,  0.4592
       295,       136,  1.541863251175E+02,  0.4610
       296,       137,  1.541055645573E+02,  0.4628
       297,       138,  1.540851192139E+02,  0.4646
       298,       139,  1.540649673771E+02,  0.4664
       299,       140,  1.539969673260E+02,  0.4682
       300,       141,  1.539846142665E+02,  0.4700
       303,       142,  1.539674780898E+02,  0.4686
       305,       143,  1.538383688643E+02,  0.4689
       306,       144,  1.537886185513E+02,  0.4706
       308,       145,  1.537176887499E+02,  0.4708
       310,       146,  1.537155251974E+02,  0.4710
       311,       147,  1.535856494779E+02,  0.4727
       312,       148,  1.535574428940E+02,  0.4744
       314,       149,  1.534807294576E+02,  0.4745
       315,       150,  1.534745784687E+02,  0.4762
       316,       151,  1.534164099484E+02,  0.4778
       317,       152,  1.533988247141E+02,  0.4795
       319,       153,  1.533970968452E+02,  0.4796
       320,       154,  1.533965841408E+02,  0.4813
       322,       155,  1.533647683450E+02,  0.4814
       323,       156,  1.532597807624E+02,  0.4830
       329,       157,  1.531749883537E+02,  0.4772
       332,       158,  1.531543159132E+02,  0.4759
       333,       159,  1.530344061593E+02,  0.4775
       337,       160,  1.529244381940E+02,  0.4748
       338,       161,  1.529105407451E+02,  0.4763
       339,       162,  1.528755401539E+02,  0.4779
       340,       163,  1.528600262494E+02,  0.4794
       341,       164,  1.527808905589E+02,  0.4809
       344,       165,  1.527762298081E+02,  0.4797
       345,       166,  1.527638109770E+02,  0.4812
       346,       167,  1.526987715390E+02,  0.4827
       348,       168,  1.522324422715E+02,  0.4828
       349,       169,  1.522197923056E+02,  0.4842
       350,       170,  1.522195768287E+02,  0.4857
       354,       171,  1.522095104750E+02,  0.4831
       355,       172,  1.521486091634E+02,  0.4845
       357,       173,  1.521225025635E+02,  0.4846
       359,       174,  1.520339354704E+02,  0.4847
       360,       175,  1.520219100758E+02,  0.4861
       361,       176,  1.519948000093E+02,  0.4875
       364,       177,  1.519911812831E+02,  0.4863
       368,       178,  1.518702133958E+02,  0.4837
       370,       179,  1.518620549773E+02,  0.4838
       371,       180,  1.518618301092E+02,  0.4852
       372,       181,  1.518452639454E+02,  0.4866
       373,       182,  1.518078568526E+02,  0.4879
       374,       183,  1.517476969356E+02,  0.4893
       377,       184,  1.517200192100E+02,  0.4881
       378,       185,  1.516693526873E+02,  0.4894
       380,       186,  1.515738954094E+02,  0.4895
       381,       187,  1.515705791456E+02,  0.4908
       384,       188,  1.515703683222E+02,  0.4896
       385,       189,  1.515509099054E+02,  0.4909
       388,       190,  1.515436079157E+02,  0.4897
       389,       191,  1.515273024811E+02,  0.4910
       390,       192,  1.515190947360E+02,  0.4923
       392,       193,  1.515004733940E+02,  0.4923
       398,       194,  1.514949194312E+02,  0.4874
       399,       195,  1.514781420634E+02,  0.4887
       402,       196,  1.511574667834E+02,  0.4876
       403,       197,  1.510803302860E+02,  0.4888
       408,       198,  1.510500485135E+02,  0.4853
       411,       199,  1.510344323270E+02,  0.4842
       413,       200,  1.510208032301E+02,  0.4843
       414,       201,  1.509706855228E+02,  0.4855
       416,       202,  1.509654420472E+02,  0.4856
       417,       203,  1.509172800719E+02,  0.4868
       421,       204,  1.509119907696E+02,  0.4846
       423,       205,  1.509030791758E+02,  0.4846
       425,       206,  1.508811488661E+02,  0.4847
       427,       207,  1.508679133523E+02,  0.4848
       429,       208,  1.508532282025E+02,  0.4848
       433,       209,  1.507847619048E+02,  0.4827
       436,       210,  1.506955697953E+02,  0.4817
       438,       211,  1.506923772215E+02,  0.4817
       444,       212,  1.506444357880E+02,  0.4775
       445,       213,  1.506039265164E+02,  0.4787
       446,       214,  1.505563439541E+02,  0.4798
       447,       215,  1.505489309467E+02,  0.4810
       450,       216,  1.504912570135E+02,  0.4800
       451,       217,  1.504191540783E+02,  0.4812
       468,       218,  1.503555161246E+02,  0.4658
       470,       219,  1.503255681820E+02,  0.4660
       476,       220,  1.503010093604E+02,  0.4622
       481,       221,  1.502183629167E+02,  0.4595
       482,       222,  1.501443092752E+02,  0.4606
       483,       223,  1.500819004583E+02,  0.4617
       486,       224,  1.500811099392E+02,  0.4609
       490,       225,  1.500750532397E+02,  0.4592
       491,       226,  1.499989865020E+02,  0.4603
       494,       227,  1.499868988356E+02,  0.4595
       498,       228,  1.499621434822E+02,  0.4578
       499,       229,  1.498848037392E+02,  0.4589
       501,       230,  1.498580854300E+02,  0.4591
       504,       231,  1.498339483916E+02,  0.4583
       505,       232,  1.498068090687E+02,  0.4594
       507,       233,  1.498044940661E+02,  0.4596
       511,       234,  1.497419073480E+02,  0.4579
       512,       235,  1.497378830695E+02,  0.4590
       513,       236,  1.496694072169E+02,  0.4600
       515,       237,  1.496358326087E+02,  0.4602
       516,       238,  1.495743237946E+02,  0.4612
       518,       239,  1.495665848348E+02,  0.4614
       519,       240,  1.494942138210E+02,  0.4624
       520,       241,  1.494699641675E+02,  0.4635
       523,       242,  1.494139897112E+02,  0.4627
       525,       243,  1.493382815479E+02,  0.4629
       526,       244,  1.493379334198E+02,  0.4639
       527,       245,  1.492951372954E+02,  0.4649
       529,       246,  1.492299858199E+02,  0.4650
       530,       247,  1.492126033635E+02,  0.4660
       533,       248,  1.491864224351E+02,  0.4653
       534,       249,  1.491615483482E+02,  0.4663
       535,       250,  1.491089347021E+02,  0.4673
       537,       251,  1.490803112303E+02,  0.4674
       539,       252,  1.490370414228E+02,  0.4675
       540,       253,  1.490154702640E+02,  0.4685
       542,       254,  1.489985589946E+02,  0.4686
       545,       255,  1.489141868982E+02,  0.4679
       548,       256,  1.489092121009E+02,  0.4672
       549,       257,  1.488463574736E+02,  0.4681
       550,       258,  1.488304167482E+02,  0.4691
       551,       259,  1.487741711239E+02,  0.4701
       559,       260,  1.487470124775E+02,  0.4651
       561,       261,  1.487353410592E+02,  0.4652
       569,       262,  1.487326925489E+02,  0.4605
       572,       263,  1.487198760569E+02,  0.4598
       578,       264,  1.486964916917E+02,  0.4567
       584,       265,  1.486807202020E+02,  0.4538
       585,       266,  1.486536896146E+02,  0.4547
       591,       267,  1.486423143282E+02,  0.4518
       594,       268,  1.486202974766E+02,  0.4512
       598,       269,  1.486148187862E+02,  0.4498
       600,       270,  1.485502005035E+02,  0.4500
       601,       271,  1.485268950636E+02,  0.4509
       602,       272,  1.484704091204E+02,  0.4518
       603,       273,  1.484439143662E+02,  0.4527
       607,       274,  1.483055909279E+02,  0.4514
       611,       275,  1.483055490487E+02,  0.4501
       618,       276,  1.483021151604E+02,  0.4466
       619,       277,  1.482329353053E+02,  0.4475
       623,       278,  1.481307139979E+02,  0.4462
       625,       279,  1.481150811811E+02,  0.4464
       626,       280,  1.480304982745E+02,  0.4473
       628,       281,  1.478721651965E+02,  0.4475
       629,       282,  1.478258908460E+02,  0.4483
       630,       283,  1.478128373878E+02,  0.4492
       632,       284,  1.477425946089E+02,  0.4494
       633,       285,  1.477236089161E+02,  0.4502
       637,       286,  1.476955727666E+02,  0.4490
       638,       287,  1.476777556729E+02,  0.4498
       640,       288,  1.476155220907E+02,  0.4500
       641,       289,  1.475844843302E+02,  0.4509
       642,       290,  1.475720875924E+02,  0.4517
       644,       291,  1.475617603407E+02,  0.4519
       646,       292,  1.475164260446E+02,  0.4520
       648,       293,  1.474951185498E+02,  0.4522
       651,       294,  1.474031609205E+02,  0.4516
       654,       295,  1.473072725909E+02,  0.4511
       661,       296,  1.473057447818E+02,  0.4478
       665,       297,  1.472908116879E+02,  0.4466
       666,       298,  1.472863140778E+02,  0.4474
       667,       299,  1.472862405380E+02,  0.4483
       669,       300,  1.472751416638E+02,  0.4484
       672,       301,  1.472378271258E+02,  0.4479
       674,       302,  1.472251074753E+02,  0.4481
       677,       303,  1.472144081972E+02,  0.4476
       682,       304,  1.470322658909E+02,  0.4457
       683,       305,  1.470105281264E+02,  0.4466
       685,       306,  1.469808121546E+02,  0.4467
       686,       307,  1.469545175133E+02,  0.4475
       687,       308,  1.468505010352E+02,  0.4483
       690,       309,  1.467511691593E+02,  0.4478
       692,       310,  1.466998473795E+02,  0.4480
       693,       311,  1.466567104937E+02,  0.4488
       695,       312,  1.466185557216E+02,  0.4489
       697,       313,  1.465298686687E+02,  0.4491
       699,       314,  1.464367824448E+02,  0.4492
       701,       315,  1.464323513958E+02,  0.4494
       702,       316,  1.463848505502E+02,  0.4501
       703,       317,  1.463765998616E+02,  0.4509
       704,       318,  1.463419343574E+02,  0.4517
       707,       319,  1.463324494116E+02,  0.4512
       709,       320,  1.463081351567E+02,  0.4513
       710,       321,  1.462878905133E+02,  0.4521
       711,       322,  1.461403299331E+02,  0.4529
       712,       323,  1.461013551580E+02,  0.4537
       719,       324,  1.460606143028E+02,  0.4506
       720,       325,  1.460598122871E+02,  0.4514
       723,       326,  1.460019561233E+02,  0.4509
       724,       327,  1.459721757856E+02,  0.4517
       726,       328,  1.459309510802E+02,  0.4518
       727,       329,  1.459222975450E+02,  0.4525
       730,       330,  1.459068741353E+02,  0.4521
       732,       331,  1.458863316674E+02,  0.4522
       736,       332,  1.458013498122E+02,  0.4511
       737,       333,  1.457729340362E+02,  0.4518
       742,       334,  1.457315441707E+02,  0.4501
       745,       335,  1.457166920564E+02,  0.4497
       746,       336,  1.457153246242E+02,  0.4504
       747,       337,  1.457074540176E+02,  0.4511
       750,       338,  1.456983978637E+02,  0.4507
       751,       339,  1.456777194049E+02,  0.4514
       752,       340,  1.456335458050E+02,  0.4521
       757,       341,  1.455923657714E+02,  0.4505
       760,       342,  1.455816776992E+02,  0.4500
       761,       343,  1.454520665581E+02,  0.4507
       762,       344,  1.454335272564E+02,  0.4514
       765,       345,  1.453594072513E+02,  0.4510
       766,       346,  1.453011542691E+02,  0.4517
       767,       347,  1.452972498530E+02,  0.4524
       768,       348,  1.452770534159E+02,  0.4531
       769,       349,  1.452768526340E+02,  0.4538
       770,       350,  1.452604571747E+02,  0.4545
       775,       351,  1.452271903936E+02,  0.4529
       779,       352,  1.451815861989E+02,  0.4519
       781,       353,  1.450864233470E+02,  0.4520
       783,       354,  1.449858487706E+02,  0.4521
       785,       355,  1.449709287664E+02,  0.4522
       786,       356,  1.449081368268E+02,  0.4529
       790,       357,  1.449061239699E+02,  0.4519
       792,       358,  1.448949074481E+02,  0.4520
       801,       359,  1.448713405527E+02,  0.4482
       802,       360,  1.447733698897E+02,  0.4489
       804,       361,  1.447389523802E+02,  0.4490
       806,       362,  1.446453975196E+02,  0.4491
       809,       363,  1.445571229955E+02,  0.4487
       811,       364,  1.445451258103E+02,  0.4488
       817,       365,  1.445319608869E+02,  0.4468
       821,       366,  1.445207954056E+02,  0.4458
       822,       367,  1.444475759857E+02,  0.4465
       827,       368,  1.444359572543E+02,  0.4450
       828,       369,  1.444334213963E+02,  0.4457
       829,       370,  1.444169580529E+02,  0.4463
       836,       371,  1.443270525684E+02,  0.4438
       837,       372,  1.443270157579E+02,  0.4444
       838,       373,  1.442533787332E+02,  0.4451
       839,       374,  1.441916804007E+02,  0.4458
       845,       375,  1.441732536638E+02,  0.4438
       847,       376,  1.441601141619E+02,  0.4439
       851,       377,  1.440981909120E+02,  0.4430
       853,       378,  1.440242984653E+02,  0.4431
       854,       379,  1.439254137148E+02,  0.4438
       859,       380,  1.439058311720E+02,  0.4424
       864,       381,  1.437856247861E+02,  0.4410
       865,       382,  1.437120764629E+02,  0.4416
       867,       383,  1.436860632578E+02,  0.4418
       872,       384,  1.436857822478E+02,  0.4404
       874,       385,  1.435991401484E+02,  0.4405
       875,       386,  1.435604332705E+02,  0.4411
       878,       387,  1.434989311535E+02,  0.4408
       880,       388,  1.434912064283E+02,  0.4409
       881,       389,  1.434788607167E+02,  0.4415
       884,       390,  1.433939363889E+02,  0.4412
       885,       391,  1.433758053362E+02,  0.4418
       888,       392,  1.433695514413E+02,  0.4414
       890,       393,  1.433643380212E+02,  0.4416
       892,       394,  1.433538874517E+02,  0.4417
       895,       395,  1.433063011253E+02,  0.4413
       896,       396,  1.432871320390E+02,  0.4420
       898,       397,  1.432583466963E+02,  0.4421
       904,       398,  1.431664575784E+02,  0.4403
       907,       399,  1.431413422636E+02,  0.4399
       908,       400,  1.430768179275E+02,  0.4405
       909,       401,  1.430052222758E+02,  0.4411
       912,       402,  1.429742691460E+02,  0.4408
       915,       403,  1.429509626412E+02,  0.4404
       917,       404,  1.428779952303E+02,  0.4406
       919,       405,  1.428676440434E+02,  0.4407
       920,       406,  1.428452471071E+02,  0.4413
       925,       407,  1.428412723663E+02,  0.4400
       939,       408,  1.427988184689E+02,  0.4345
       940,       409,  1.427703510406E+02,  0.4351
       941,       410,  1.426427068806E+02,  0.4357
       942,       411,  1.426405783229E+02,  0.4363
       943,       412,  1.426219780786E+02,  0.4369
       944,       413,  1.426199972034E+02,  0.4375
       951,       414,  1.425628839952E+02,  0.4353
       952,       415,  1.425206603119E+02,  0.4359
       954,       416,  1.424381669166E+02,  0.4361
       958,       417,  1.423964742263E+02,  0.4353
       961,       418,  1.423939656840E+02,  0.4350
       967,       419,  1.423808398256E+02,  0.4333
       968,       420,  1.423329657196E+02,  0.4339
       969,       421,  1.423124223329E+02,  0.4345
       970,       422,  1.423085125691E+02,  0.4351
       971,       423,  1.422602822868E+02,  0.4356
       972,       424,  1.422330478703E+02,  0.4362
       973,       425,  1.421364146099E+02,  0.4368
       974,       426,  1.420976552300E+02,  0.4374
       975,       427,  1.420893133302E+02,  0.4379
       978,       428,  1.419880410295E+02,  0.4376
       981,       429,  1.419844376152E+02,  0.4373
       983,       430,  1.419073216304E+02,  0.4374
       988,       431,  1.419014299441E+02,  0.4362
       990,       432,  1.418794846524E+02,  0.4364
       993,       433,  1.418467793968E+02,  0.4361
       994,       434,  1.418130426068E+02,  0.4366
       995,       435,  1.418033401692E+02,  0.4372
       996,       436,  1.418026969712E+02,  0.4378
       998,       437,  1.417942090042E+02,  0.4379
       999,       438,  1.417923005924E+02,  0.4384
      1000,       439,  1.417901066080E+02,  0.4390
      1003,       440,  1.417866008475E+02,  0.4387
      1006,       441,  1.417818729815E+02,  0.4384
      1010,       442,  1.417803015896E+02,  0.4376
      1011,       443,  1.417798307443E+02,  0.4382
      1012,       444,  1.417531969847E+02,  0.4387
      1013,       445,  1.417441782731E+02,  0.4393
      1017,       446,  1.417304981604E+02,  0.4385
      1018,       447,  1.416567208695E+02,  0.4391
      1020,       448,  1.416189933700E+02,  0.4392
      1027,       449,  1.416126759528E+02,  0.4372
      1030,       450,  1.415773241622E+02,  0.4369
      1032,       451,  1.415139690787E+02,  0.4370
      1037,       452,  1.414399277840E+02,  0.4359
      1040,       453,  1.414261622419E+02,  0.4356
      1041,       454,  1.414181362171E+02,  0.4361
      1042,       455,  1.413994202659E+02,  0.4367
      1044,       456,  1.413933608257E+02,  0.4368
      1045,       457,  1.413444649970E+02,  0.4373
      1048,       458,  1.413016783367E+02,  0.4370
      1050,       459,  1.412565723007E+02,  0.4371
      1051,       460,  1.412509982625E+02,  0.4377
      1052,       461,  1.412343547037E+02,  0.4382
      1053,       462,  1.412339577333E+02,  0.4387
      1057,       463,  1.411728361151E+02,  0.4380
      1059,       464,  1.411679445403E+02,  0.4381
      1063,       465,  1.411644210679E+02,  0.4374
      1066,       466,  1.411287786505E+02,  0.4371
      1070,       467,  1.410687090891E+02,  0.4364
      1075,       468,  1.410390992997E+02,  0.4353
      1077,       469,  1.410290301082E+02,  0.4355
      1078,       470,  1.410074818959E+02,  0.4360
      1080,       471,  1.409918436774E+02,  0.4361
      1086,       472,  1.409242935008E+02,  0.4346
      1090,       473,  1.409089262595E+02,  0.4339
      1093,       474,  1.408777875665E+02,  0.4337
      1094,       475,  1.408344739431E+02,  0.4342
      1096,       476,  1.408304913290E+02,  0.4343
      1098,       477,  1.407617700344E+02,  0.4344
      1108,       478,  1.407189756162E+02,  0.4314
      1111,       479,  1.406716778796E+02,  0.4311
      1113,       480,  1.406204729365E+02,  0.4313
      1127,       481,  1.405251751203E+02,  0.4268
      1128,       482,  1.404853360018E+02,  0.4273
      1130,       483,  1.404317540645E+02,  0.4274
      1132,       484,  1.403673676279E+02,  0.4276
      1133,       485,  1.403638628041E+02,  0.4281
      1137,       486,  1.403385467636E+02,  0.4274
      1140,       487,  1.403339887634E+02,  0.4272
      1143,       488,  1.403289745617E+02,  0.4269
      1145,       489,  1.402434231898E+02,  0.4271
      1148,       490,  1.402405918827E+02,  0.4268
      1155,       491,  1.401945310604E+02,  0.4251
      1162,       492,  1.401423589031E+02,  0.4234
      1163,       493,  1.400804385410E+02,  0.4239
      1164,       494,  1.400762989677E+02,  0.4244
      1165,       495,  1.400649885689E+02,  0.4249
      1166,       496,  1.400550850557E+02,  0.4254
      1173,       497,  1.399662064861E+02,  0.4237
      1176,       498,  1.399660543925E+02,  0.4235
      1187,       499,  1.399353722836E+02,  0.4204
      1188,       500,  1.399250545743E+02,  0.4209
      1191,       501,  1.399173788625E+02,  0.4207
      1194,       502,  1.398966735040E+02,  0.4204
      1198,       503,  1.398930956939E+02,  0.4199
      1203,       504,  1.397920490869E+02,  0.4190
      1204,       505,  1.397889550406E+02,  0.4194
      1205,       506,  1.397853842354E+02,  0.4199
      1206,       507,  1.397450585335E+02,  0.4204
      1207,       508,  1.397334472147E+02,  0.4209
      1210,       509,  1.397140067355E+02,  0.4207
      1214,       510,  1.396676500578E+02,  0.4201
      1226,       511,  1.396073185689E+02,  0.4168
      1227,       512,  1.395955789305E+02,  0.4173
      1228,       513,  1.395737568593E+02,  0.4178
      1232,       514,  1.395619816421E+02,  0.4172
      1233,       515,  1.395517535366E+02,  0.4177
      1235,       516,  1.395346791979E+02,  0.4178
      1237,       517,  1.394852131673E+02,  0.4179
      1241,       518,  1.394734430188E+02,  0.4174
      1242,       519,  1.394278978395E+02,  0.4179
      1255,       520,  1.394266346762E+02,  0.4143
      1257,       521,  1.393445693343E+02,  0.4145
      1258,       522,  1.393110718429E+02,  0.4149
      1264,       523,  1.393067329594E+02,  0.4138
      1265,       524,  1.392731534501E+02,  0.4142
      1267,       525,  1.392119167457E+02,  0.4144
      1268,       526,  1.391982716111E+02,  0.4148
      1277,       527,  1.391979878973E+02,  0.4127
      1281,       528,  1.391796167550E+02,  0.4122
      1283,       529,  1.391259988773E+02,  0.4123
      1285,       530,  1.391224699425E+02,  0.4125
      1289,       531,  1.391042794078E+02,  0.4119
      1296,       532,  1.390598342954E+02,  0.4105
      1299,       533,  1.389944671343E+02,  0.4103
      1301,       534,  1.389925370490E+02,  0.4105
      1304,       535,  1.389918096420E+02,  0.4103
      1305,       536,  1.389431281268E+02,  0.4107
      1308,       537,  1.389310719347E+02,  0.4106
      1311,       538,  1.389114857786E+02,  0.4104
      1312,       539,  1.388955914705E+02,  0.4108
      1313,       540,  1.388474560451E+02,  0.4113
      1315,       541,  1.388349918373E+02,  0.4114
      1317,       542,  1.387984634393E+02,  0.4115
      1318,       543,  1.387939953204E+02,  0.4120
      1320,       544,  1.386703349906E+02,  0.4121
      1323,       545,  1.386657967427E+02,  0.4119
      1324,       546,  1.386082088584E+02,  0.4124
      1327,       547,  1.386037238572E+02,  0.4122
      1328,       548,  1.386012922936E+02,  0.4127
      1331,       549,  1.385496449050E+02,  0.4125
      1332,       550,  1.384730026051E+02,  0.4129
      1338,       551,  1.384346359260E+02,  0.4118
      1340,       552,  1.384234673822E+02,  0.4119
      1343,       553,  1.383455016059E+02,  0.4118
      1347,       554,  1.383443537965E+02,  0.4113
      1353,       555,  1.383312691102E+02,  0.4102
      1356,       556,  1.383115251771E+02,  0.4100
      1358,       557,  1.382704690807E+02,  0.4102
      1364,       558,  1.382182909460E+02,  0.4091
      1365,       559,  1.382105274076E+02,  0.4095
      1370,       560,  1.382042517418E+02,  0.4088
      1371,       561,  1.381989206243E+02,  0.4092
      1373,       562,  1.381971517608E+02,  0.4093
      1377,       563,  1.381713617885E+02,  0.4089
      1381,       564,  1.381575180804E+02,  0.4084
      1382,       565,  1.381238717229E+02,  0.4088
      1383,       566,  1.380958893042E+02,  0.4093
      1385,       567,  1.380753653823E+02,  0.4094
      1387,       568,  1.380478079090E+02,  0.4095
      1389,       569,  1.380443254188E+02,  0.4096
      1390,       570,  1.380395525410E+02,  0.4101
      1391,       571,  1.380188023009E+02,  0.4105
      1394,       572,  1.380095710753E+02,  0.4103
      1397,       573,  1.379964771863E+02,  0.4102
      1402,       574,  1.379945235842E+02,  0.4094
      1404,       575,  1.379717903696E+02,  0.4095
      1411,       576,  1.379564692889E+02,  0.4082
      1412,       577,  1.379423625271E+02,  0.4086
      1414,       578,  1.379080889269E+02,  0.4088
      1418,       579,  1.379067632965E+02,  0.4083
      1419,       580,  1.378051483695E+02,  0.4087
      1421,       581,  1.377500039618E+02,  0.4089
      1422,       582,  1.377457362303E+02,  0.4093
      1425,       583,  1.377226995247E+02,  0.4091
      1426,       584,  1.375973402169E+02,  0.4095
      1429,       585,  1.375399867976E+02,  0.4094
      1433,       586,  1.375264988669E+02,  0.4089
      1434,       587,  1.374310170888E+02,  0.4093
      1435,       588,  1.374048098705E+02,  0.4098
      1436,       589,  1.374010889032E+02,  0.4102
      1437,       590,  1.373880931442E+02,  0.4106
      1438,       591,  1.373717140493E+02,  0.4110
      1440,       592,  1.373595243861E+02,  0.4111
      1441,       593,  1.372855434378E+02,  0.4115
      1442,       594,  1.372848534370E+02,  0.4119
      1443,       595,  1.372798352780E+02,  0.4123
      1445,       596,  1.372476959825E+02,  0.4125
      1447,       597,  1.371672336228E+02,  0.4126
      1448,       598,  1.371638375805E+02,  0.4130
      1449,       599,  1.371630524568E+02,  0.4134
      1452,       600,  1.371527520566E+02,  0.4132
      1453,       601,  1.371415899587E+02,  0.4136
      1455,       602,  1.371194981535E+02,  0.4137
      1457,       603,  1.371081156851E+02,  0.4139
      1464,       604,  1.370371054499E+02,  0.4126
      1470,       605,  1.370088185151E+02,  0.4116
      1476,       606,  1.369942681992E+02,  0.4106
      1481,       607,  1.369920793700E+02,  0.4099
      1486,       608,  1.369896351065E+02,  0.4092
      1487,       609,  1.369844597058E+02,  0.4095
      1490,       610,  1.369771338650E+02,  0.4094
      1493,       611,  1.369407773054E+02,  0.4092
      1495,       612,  1.368643818671E+02,  0.4094
      1498,       613,  1.368061463276E+02,  0.4092
      1499,       614,  1.368058653434E+02,  0.4096
      1507,       615,  1.367466840675E+02,  0.4081
      1508,       616,  1.366828590551E+02,  0.4085
      1513,       617,  1.366796134030E+02,  0.4078
      1514,       618,  1.366662072036E+02,  0.4082
      1523,       619,  1.366363209208E+02,  0.4064
      1527,       620,  1.366190673146E+02,  0.4060
      1532,       621,  1.366082586868E+02,  0.4054
      1538,       622,  1.365749171909E+02,  0.4044
      1539,       623,  1.365675731467E+02,  0.4048
      1541,       624,  1.365274097015E+02,  0.4049
      1545,       625,  1.364591017796E+02,  0.4045
      1546,       626,  1.364462761450E+02,  0.4049
      1547,       627,  1.364440896291E+02,  0.4053
      1550,       628,  1.364436092050E+02,  0.4052
      1552,       629,  1.364387016013E+02,  0.4053
      1562,       630,  1.364315325200E+02,  0.4033
      1566,       631,  1.364206064213E+02,  0.4029
      1568,       632,  1.364125844696E+02,  0.4031
      1573,       633,  1.364050534428E+02,  0.4024
      1574,       634,  1.363904988049E+02,  0.4028
      1576,       635,  1.363889372998E+02,  0.4029
      1578,       636,  1.363701973827E+02,  0.4030
      1580,       637,  1.363665643240E+02,  0.4032
      1584,       638,  1.363659972533E+02,  0.4028
      1587,       639,  1.363562065392E+02,  0.4026
      1591,       640,  1.362986835284E+02,  0.4023
      1592,       641,  1.362816442017E+02,  0.4026
      1596,       642,  1.362800642671E+02,  0.4023
      1599,       643,  1.362707970318E+02,  0.4021
      1601,       644,  1.362657047042E+02,  0.4022
      1602,       645,  1.362639729377E+02,  0.4026
      1605,       646,  1.362634852122E+02,  0.4025
      1606,       647,  1.362626930909E+02,  0.4029
      1608,       648,  1.362558888709E+02,  0.4030
      1614,       649,  1.362466213548E+02,  0.4021
      1621,       650,  1.362464126232E+02,  0.4010
      1622,       651,  1.362358511733E+02,  0.4014
      1627,       652,  1.361350345830E+02,  0.4007
      1630,       653,  1.361049153039E+02,  0.4006
      1635,       654,  1.359835924587E+02,  0.4000
      1639,       655,  1.359118829429E+02,  0.3996
      1645,       656,  1.358979287724E+02,  0.3988
      1647,       657,  1.358510336697E+02,  0.3989
      1648,       658,  1.358388425350E+02,  0.3993
      1650,       659,  1.357902552603E+02,  0.3994
      1654,       660,  1.357799045383E+02,  0.3990
      1656,       661,  1.357466024493E+02,  0.3992
      1657,       662,  1.357131160189E+02,  0.3995
      1665,       663,  1.356639277112E+02,  0.3982
      1666,       664,  1.356589467449E+02,  0.3986
      1668,       665,  1.356552432858E+02,  0.3987
      1674,       666,  1.356461797282E+02,  0.3978
      1676,       667,  1.356308297087E+02,  0.3980
      1680,       668,  1.356256775635E+02,  0.3976
      1681,       669,  1.356191373701E+02,  0.3980
      1686,       670,  1.355705101425E+02,  0.3974
      1689,       671,  1.355565750362E+02,  0.3973
      1690,       672,  1.355529557182E+02,  0.3976
      1694,       673,  1.355487864986E+02,  0.3973
      1696,       674,  1.355267386569E+02,  0.3974
      1697,       675,  1.355227214872E+02,  0.3978
      1698,       676,  1.355218122967E+02,  0.3981
      1699,       677,  1.355201760436E+02,  0.3985
      1700,       678,  1.355039890003E+02,  0.3988
      1705,       679,  1.354506516677E+02,  0.3982
      1709,       680,  1.354504201338E+02,  0.3979
      1712,       681,  1.354496844764E+02,  0.3978
      1713,       682,  1.354452969503E+02,  0.3981
      1714,       683,  1.354411640768E+02,  0.3985
      1715,       684,  1.354060514884E+02,  0.3988
      1717,       685,  1.353633547408E+02,  0.3990
      1720,       686,  1.353599818765E+02,  0.3988
      1725,       687,  1.353592510266E+02,  0.3983
      1726,       688,  1.353332374106E+02,  0.3986
      1729,       689,  1.353069121089E+02,  0.3985
      1731,       690,  1.352816130992E+02,  0.3986
      1743,       691,  1.352344018265E+02,  0.3964
      1747,       692,  1.352081363537E+02,  0.3961
      1755,       693,  1.351750419692E+02,  0.3949
      1756,       694,  1.351674354245E+02,  0.3952
      1757,       695,  1.351593224745E+02,  0.3956
      1758,       696,  1.351206257875E+02,  0.3959
      1760,       697,  1.351123071379E+02,  0.3960
      1768,       698,  1.350750120056E+02,  0.3948
      1769,       699,  1.350681420324E+02,  0.3951
      1774,       700,  1.349880307435E+02,  0.3946
      1776,       701,  1.349663724441E+02,  0.3947
      1780,       702,  1.349656405261E+02,  0.3944
      1783,       703,  1.349481629134E+02,  0.3943
      1784,       704,  1.349410222575E+02,  0.3946
      1786,       705,  1.349364868894E+02,  0.3947
      1792,       706,  1.349050655021E+02,  0.3940
      1797,       707,  1.348263267159E+02,  0.3934
      1799,       708,  1.347802435049E+02,  0.3936
      1802,       709,  1.347716227971E+02,  0.3935
      1804,       710,  1.347556478555E+02,  0.3936
      1807,       711,  1.347545898918E+02,  0.3935
      1808,       712,  1.347041715025E+02,  0.3938
      1813,       713,  1.346959774770E+02,  0.3933
      1814,       714,  1.346936803166E+02,  0.3936
      1819,       715,  1.346922308865E+02,  0.3931
      1820,       716,  1.346571416613E+02,  0.3934
      1822,       717,  1.346563445754E+02,  0.3935
      1829,       718,  1.346253133002E+02,  0.3926
      1833,       719,  1.345791580604E+02,  0.3923
      1836,       720,  1.345671112765E+02,  0.3922
      1839,       721,  1.345663182222E+02,  0.3921
      1852,       722,  1.345571864132E+02,  0.3898
      1858,       723,  1.345456486663E+02,  0.3891
      1864,       724,  1.344752067118E+02,  0.3884
      1869,       725,  1.344747428590E+02,  0.3879
      1874,       726,  1.344500860875E+02,  0.3874
      1885,       727,  1.344463442347E+02,  0.3857
      1888,       728,  1.344454667563E+02,  0.3856
      1889,       729,  1.344428666769E+02,  0.3859
      1892,       730,  1.344419863575E+02,  0.3858
      1894,       731,  1.344390908346E+02,  0.3860
      1896,       732,  1.344337255397E+02,  0.3861
      1897,       733,  1.343865324856E+02,  0.3864
      1906,       734,  1.343741712844E+02,  0.3851
      1908,       735,  1.343737500151E+02,  0.3852
      1909,       736,  1.343737495018E+02,  0.3855
      1912,       737,  1.343688090772E+02,  0.3855
      1913,       738,  1.343245552066E+02,  0.3858
      1919,       739,  1.343189405438E+02,  0.3851
      1921,       740,  1.342853193139E+02,  0.3852
      1926,       741,  1.342178299990E+02,  0.3847
      1929,       742,  1.342165568918E+02,  0.3847
      1931,       743,  1.342084708827E+02,  0.3848
      1932,       744,  1.342028670145E+02,  0.3851
      1935,       745,  1.342027552073E+02,  0.3850
      1936,       746,  1.341984114542E+02,  0.3853
      1941,       747,  1.341229683116E+02,  0.3849
      1946,       748,  1.341201260625E+02,  0.3844
      1949,       749,  1.340240734386E+02,  0.3843
      1961,       750,  1.339742429869E+02,  0.3825
      1962,       751,  1.339738329515E+02,  0.3828
      1963,       752,  1.339675318696E+02,  0.3831
      1964,       753,  1.339509232361E+02,  0.3834
      1966,       754,  1.339507480659E+02,  0.3835
      1970,       755,  1.338636479421E+02,  0.3832
      1971,       756,  1.338365035574E+02,  0.3836
      1975,       757,  1.338164687527E+02,  0.3833
      1978,       758,  1.338125129841E+02,  0.3832
      1984,       759,  1.337663925057E+02,  0.3826
      1985,       760,  1.337502990134E+02,  0.3829
      1988,       761,  1.337487471140E+02,  0.3828
      1989,       762,  1.337481350207E+02,  0.3831
      1990,       763,  1.337240676446E+02,  0.3834
      1992,       764,  1.337176891981E+02,  0.3835
      1993,       765,  1.337157261151E+02,  0.3838
      1995,       766,  1.337105254407E+02,  0.3840
      1999,       767,  1.337054088200E+02,  0.3837
      2010,       768,  1.336746771096E+02,  0.3821
      2013,       769,  1.336693741564E+02,  0.3820
      2019,       770,  1.336637395526E+02,  0.3814
      2022,       771,  1.336627003305E+02,  0.3813
      2028,       772,  1.336340349436E+02,  0.3807
      2029,       773,  1.336310255332E+02,  0.3810
      2031,       774,  1.335977482648E+02,  0.3811
      2037,       775,  1.335949636616E+02,  0.3805
      2042,       776,  1.335461392862E+02,  0.3800
      2058,       777,  1.335243816280E+02,  0.3776
      2060,       778,  1.333999156295E+02,  0.3777
      2062,       779,  1.333928379553E+02,  0.3778
      2064,       780,  1.333755760423E+02,  0.3779
      2065,       781,  1.333503854780E+02,  0.3782
      2068,       782,  1.333469827673E+02,  0.3781
      2070,       783,  1.333388767582E+02,  0.3783
      2072,       784,  1.333157596082E+02,  0.3784
      2074,       785,  1.333131412612E+02,  0.3785
      2078,       786,  1.333093783562E+02,  0.3782
      2083,       787,  1.332089252974E+02,  0.3778
      2088,       788,  1.331494822265E+02,  0.3774
      2090,       789,  1.331490153316E+02,  0.3775
      2091,       790,  1.331488746656E+02,  0.3778
      2098,       791,  1.331487813464E+02,  0.3770
      2099,       792,  1.331209026242E+02,  0.3773
      2104,       793,  1.331102496733E+02,  0.3769
      2107,       794,  1.330564836909E+02,  0.3768
      2111,       795,  1.330378394252E+02,  0.3766
      2113,       796,  1.330223940484E+02,  0.3767
      2116,       797,  1.329727355323E+02,  0.3767
      2118,       798,  1.329727141579E+02,  0.3768
      2119,       799,  1.329723260018E+02,  0.3771
      2126,       800,  1.329238169359E+02,  0.3763
      2133,       801,  1.328570184190E+02,  0.3755
      2135,       802,  1.328561929469E+02,  0.3756
      2138,       803,  1.327994235094E+02,  0.3756
      2139,       804,  1.327859488608E+02,  0.3759
      2140,       805,  1.327849404616E+02,  0.3762
      2145,       806,  1.327829645253E+02,  0.3758
      2146,       807,  1.327428578028E+02,  0.3760
      2147,       808,  1.327319469654E+02,  0.3763
      2150,       809,  1.327300920339E+02,  0.3763
      2154,       810,  1.326990981870E+02,  0.3760
      2161,       811,  1.326513155396E+02,  0.3753
      2167,       812,  1.326475919468E+02,  0.3747
      2168,       813,  1.326374770577E+02,  0.3750
      2180,       814,  1.326294181754E+02,  0.3734
      2186,       815,  1.326047923829E+02,  0.3728
      2187,       816,  1.325979081130E+02,  0.3731
      2188,       817,  1.325961733073E+02,  0.3734
      2195,       818,  1.325762714250E+02,  0.3727
      2197,       819,  1.325684422526E+02,  0.3728
      2198,       820,  1.325680381531E+02,  0.3731
      2199,       821,  1.325414295513E+02,  0.3734
      2200,       822,  1.324946748068E+02,  0.3736
      2201,       823,  1.324916451211E+02,  0.3739
      2205,       824,  1.324128016703E+02,  0.3737
      2206,       825,  1.324091939140E+02,  0.3740
      2209,       826,  1.323250573373E+02,  0.3739
      2210,       827,  1.323241956602E+02,  0.3742
      2215,       828,  1.322799752371E+02,  0.3738
      2218,       829,  1.322467786524E+02,  0.3738
      2219,       830,  1.322413768456E+02,  0.3740
      2220,       831,  1.322263387696E+02,  0.3743
      2225,       832,  1.322261547404E+02,  0.3739
      2238,       833,  1.321780357439E+02,  0.3722
      2239,       834,  1.321731257796E+02,  0.3725
      2251,       835,  1.321710009395E+02,  0.3709
      2252,       836,  1.321694929533E+02,  0.3712
      2258,       837,  1.321498637512E+02,  0.3707
      2265,       838,  1.321428303638E+02,  0.3700
      2271,       839,  1.321415368847E+02,  0.3694
      2273,       840,  1.321256852444E+02,  0.3696
      2274,       841,  1.321182153995E+02,  0.3698
      2285,       842,  1.321170034087E+02,  0.3685
      2290,       843,  1.321168481580E+02,  0.3681
      2294,       844,  1.321095049567E+02,  0.3679
      2295,       845,  1.320747860827E+02,  0.3682
      2297,       846,  1.320725664807E+02,  0.3683
      2299,       847,  1.320297351161E+02,  0.3684
      2302,       848,  1.320211258050E+02,  0.3684
      2305,       849,  1.320032539265E+02,  0.3683
      2314,       850,  1.319968726869E+02,  0.3673
      2319,       851,  1.319921879804E+02,  0.3670
      2321,       852,  1.319706207463E+02,  0.3671
      2324,       853,  1.319684735652E+02,  0.3670
      2332,       854,  1.319349701526E+02,  0.3662
      2333,       855,  1.319275351095E+02,  0.3665
      2335,       856,  1.319114594147E+02,  0.3666
      2338,       857,  1.318985484247E+02,  0.3666
      2340,       858,  1.318821222162E+02,  0.3667
      2358,       859,  1.318699671089E+02,  0.3643
      2361,       860,  1.318434316429E+02,  0.3643
      2367,       861,  1.318044571935E+02,  0.3638
      2371,       862,  1.318038622733E+02,  0.3636
      2382,       863,  1.317370317519E+02,  0.3623
      2394,       864,  1.317336515926E+02,  0.3609
      2396,       865,  1.317040613854E+02,  0.3610
      2397,       866,  1.316595478099E+02,  0.3613
      2399,       867,  1.316564997628E+02,  0.3614
      2401,       868,  1.316550539543E+02,  0.3615
      2404,       869,  1.315882467667E+02,  0.3615
      2406,       870,  1.315855634534E+02,  0.3616
      2408,       871,  1.315572531622E+02,  0.3617
      2422,       872,  1.315405349882E+02,  0.3600
      2424,       873,  1.315319934799E+02,  0.3601
      2426,       874,  1.315300996125E+02,  0.3603
      2432,       875,  1.314644485666E+02,  0.3598
      2441,       876,  1.314475556521E+02,  0.3589
      2446,       877,  1.314474238736E+02,  0.3585
      2454,       878,  1.313886343301E+02,  0.3578
      2462,       879,  1.313879910625E+02,  0.3570
      2466,       880,  1.313871923400E+02,  0.3569
      2469,       881,  1.313757786845E+02,  0.3568
      2473,       882,  1.313732437647E+02,  0.3567
      2476,       883,  1.313707863661E+02,  0.3566
      2477,       884,  1.313705734479E+02,  0.3569
      2489,       885,  1.313695100051E+02,  0.3556
      2497,       886,  1.313675444663E+02,  0.3548
      2502,       887,  1.313671920469E+02,  0.3545
      2503,       888,  1.313604792429E+02,  0.3548
      2506,       889,  1.313460963640E+02,  0.3547
      2508,       890,  1.313427365738E+02,  0.3549
      2510,       891,  1.313413682147E+02,  0.3550
      2519,       892,  1.313338506384E+02,  0.3541
      2521,       893,  1.313197748396E+02,  0.3542
      2525,       894,  1.313190942552E+02,  0.3541
      2526,       895,  1.313158012538E+02,  0.3543
      2534,       896,  1.312680982875E+02,  0.3536
      2535,       897,  1.312680391371E+02,  0.3538
      2536,       898,  1.312673638603E+02,  0.3541
      2542,       899,  1.312473198621E+02,  0.3537
      2543,       900,  1.312472891652E+02,  0.3539
      2548,       901,  1.311973631360E+02,  0.3536
      2550,       902,  1.311972924597E+02,  0.3537
      2558,       903,  1.311955007139E+02,  0.3530
      2561,       904,  1.311889537686E+02,  0.3530
      2563,       905,  1.311833413568E+02,  0.3531
      2565,       906,  1.311624382832E+02,  0.3532
      2570,       907,  1.311512817238E+02,  0.3529
      2571,       908,  1.311493400677E+02,  0.3532
      2573,       909,  1.311485552700E+02,  0.3533
      2576,       910,  1.311448584616E+02,  0.3533
      2584,       911,  1.310788690635E+02,  0.3526
      2590,       912,  1.310713353167E+02,  0.3521
      2597,       913,  1.310297990224E+02,  0.3516
      2601,       914,  1.310110148869E+02,  0.3514
      2604,       915,  1.310092965704E+02,  0.3514
      2611,       916,  1.310052921353E+02,  0.3508
      2614,       917,  1.309212010332E+02,  0.3508
      2618,       918,  1.309198854534E+02,  0.3506
      2621,       919,  1.308803110499E+02,  0.3506
      2629,       920,  1.308212486962E+02,  0.3499
      2633,       921,  1.308193965771E+02,  0.3498
      2634,       922,  1.308149510322E+02,  0.3500
      2639,       923,  1.308149427571E+02,  0.3498
      2642,       924,  1.307443365706E+02,  0.3497
      2643,       925,  1.307369795989E+02,  0.3500
      2644,       926,  1.307369477272E+02,  0.3502
      2653,       927,  1.306959627271E+02,  0.3494
      2656,       928,  1.306947379365E+02,  0.3494
      2666,       929,  1.306660332498E+02,  0.3485
      2670,       930,  1.306545470935E+02,  0.3483
      2673,       931,  1.306433144012E+02,  0.3483
      2677,       932,  1.306293915813E+02,  0.3482
      2686,       933,  1.306290536785E+02,  0.3474
      2691,       934,  1.305734056459E+02,  0.3471
      2692,       935,  1.305706802288E+02,  0.3473
      2693,       936,  1.305618051624E+02,  0.3476
      2708,       937,  1.305534855032E+02,  0.3460
      2711,       938,  1.305528802447E+02,  0.3460
      2716,       939,  1.305528222879E+02,  0.3457
      2717,       940,  1.305453084989E+02,  0.3460
      2725,       941,  1.305450992260E+02,  0.3453
      2728,       942,  1.305379684785E+02,  0.3453
      2740,       943,  1.305370720773E+02,  0.3442
      2743,       944,  1.305147587151E+02,  0.3441
      2767,       945,  1.304726869597E+02,  0.3415
      2768,       946,  1.304593141973E+02,  0.3418
      2769,       947,  1.304585642863E+02,  0.3420
      2787,       948,  1.304501983711E+02,  0.3402
      2791,       949,  1.304456102474E+02,  0.3400
      2793,       950,  1.304281038141E+02,  0.3401
      2799,       951,  1.304192626772E+02,  0.3398
      2800,       952,  1.304048758514E+02,  0.3400
      2805,       953,  1.304043116022E+02,  0.3398
      2811,       954,  1.303958631576E+02,  0.3394
      2817,       955,  1.303622072309E+02,  0.3390
      2823,       956,  1.303363793305E+02,  0.3386
      2828,       957,  1.303335813189E+02,  0.3384
      2829,       958,  1.303322618471E+02,  0.3386
      2830,       959,  1.303300154695E+02,  0.3389
      2834,       960,  1.303159745457E+02,  0.3387
      2837,       961,  1.303152933575E+02,  0.3387
      2839,       962,  1.303144132742E+02,  0.3389
      2840,       963,  1.303107386907E+02,  0.3391
      2847,       964,  1.303020154486E+02,  0.3386
      2851,       965,  1.303018417366E+02,  0.3385
      2852,       966,  1.302794486979E+02,  0.3387
      2865,       967,  1.302786217702E+02,  0.3375
      2880,       968,  1.302785665480E+02,  0.3361
      2885,       969,  1.302666325345E+02,  0.3359
      2892,       970,  1.302610196222E+02,  0.3354
      2904,       971,  1.302560936454E+02,  0.3344
      2905,       972,  1.302420494335E+02,  0.3346
      2907,       973,  1.302376143724E+02,  0.3347
      2911,       974,  1.301849962680E+02,  0.3346
      2913,       975,  1.301812277481E+02,  0.3347
      2917,       976,  1.301800961920E+02,  0.3346
      2920,       977,  1.301199925963E+02,  0.3346
      2926,       978,  1.301091957453E+02,  0.3342
      2929,       979,  1.301089690093E+02,  0.3342
      2931,       980,  1.300885017918E+02,  0.3344
      2941,       981,  1.300792574543E+02,  0.3336
      2943,       982,  1.300741318450E+02,  0.3337
      2958,       983,  1.299866841309E+02,  0.3323
      2959,       984,  1.299576015706E+02,  0.3325
      2963,       985,  1.299424953541E+02,  0.3324
      2968,       986,  1.299302209431E+02,  0.3322
      2975,       987,  1.299301577156E+02,  0.3318
      2979,       988,  1.299106976601E+02,  0.3317
      2980,       989,  1.299031901858E+02,  0.3319
      2993,       990,  1.299028256810E+02,  0.3308
      2995,       991,  1.299003196709E+02,  0.3309
      2996,       992,  1.298981660049E+02,  0.3311
      2999,       993,  1.298859172267E+02,  0.3311
      3006,       994,  1.298833869740E+02,  0.3307
      3007,       995,  1.298182299116E+02,  0.3309
      3014,       996,  1.298134884727E+02,  0.3305
      3017,       997,  1.298122011491E+02,  0.3305
      3027,       998,  1.298108114561E+02,  0.3297
      3031,       999,  1.298104495600E+02,  0.3296
      3046,      1000,  1.298102384890E+02,  0.3283
      3052,      1001,  1.298070752810E+02,  0.3280
      3054,      1002,  1.298064601474E+02,  0.3281
      3057,      1003,  1.298003778357E+02,  0.3281
      3064,      1004,  1.297948751148E+02,  0.3277
      3066,      1005,  1.297919591773E+02,  0.3278
      3068,      1006,  1.297911249152E+02,  0.3279
      3069,      1007,  1.297792836196E+02,  0.3281
      3072,      1008,  1.297776838772E+02,  0.3281
      3073,      1009,  1.297716998053E+02,  0.3283
      3074,      1010,  1.297691454664E+02,  0.3286
      3077,      1011,  1.297689185803E+02,  0.3286
      3084,      1012,  1.297651923844E+02,  0.3281
      3087,      1013,  1.297529039957E+02,  0.3282
      3088,      1014,  1.297500379674E+02,  0.3284
      3090,      1015,  1.297483713405E+02,  0.3285
      3096,      1016,  1.297468877708E+02,  0.3282
      3097,      1017,  1.297392214724E+02,  0.3284
      3098,      1018,  1.297367231055E+02,  0.3286
      3109,      1019,  1.297365685059E+02,  0.3278
      3117,      1020,  1.297361796720E+02,  0.3272
      3121,      1021,  1.297239084309E+02,  0.3271
      3124,      1022,  1.297205876731E+02,  0.3271
      3134,      1023,  1.296867744804E+02,  0.3264
      3135,      1024,  1.296786576207E+02,  0.3266
      3143,      1025,  1.296397005946E+02,  0.3261
      3144,      1026,  1.296338959950E+02,  0.3263
      3147,      1027,  1.296336398837E+02,  0.3263
      3151,      1028,  1.296334860247E+02,  0.3262
      3164,      1029,  1.296188154395E+02,  0.3252
      3165,      1030,  1.296176745794E+02,  0.3254
      3168,      1031,  1.296176285403E+02,  0.3254
      3172,      1032,  1.296171391490E+02,  0.3253
      3175,      1033,  1.296064276151E+02,  0.3254
      3177,      1034,  1.296027006530E+02,  0.3255
      3178,      1035,  1.295832202848E+02,  0.3257
      3188,      1036,  1.295825545637E+02,  0.3250
      3192,      1037,  1.295814988178E+02,  0.3249
      3195,      1038,  1.295389374455E+02,  0.3249
      3201,      1039,  1.295082884987E+02,  0.3246
      3202,      1040,  1.295009043417E+02,  0.3248
      3209,      1041,  1.295007734997E+02,  0.3244
      3213,      1042,  1.294657576931E+02,  0.3243
      3216,      1043,  1.294519152923E+02,  0.3243
      3218,      1044,  1.294474991451E+02,  0.3244
      3221,      1045,  1.294468169018E+02,  0.3244
      3224,      1046,  1.294467548143E+02,  0.3244
      3232,      1047,  1.294443594411E+02,  0.3239
      3233,      1048,  1.294389268939E+02,  0.3242
      3240,      1049,  1.293861688986E+02,  0.3238
      3246,      1050,  1.293671432400E+02,  0.3235
      3249,      1051,  1.293612900882E+02,  0.3235
      3254,      1052,  1.293533892470E+02,  0.3233
      3255,      1053,  1.293411458785E+02,  0.3235
      3259,      1054,  1.292994306630E+02,  0.3234
      3266,      1055,  1.292944510558E+02,  0.3230
      3276,      1056,  1.292942071301E+02,  0.3223
      3283,      1057,  1.292914674499E+02,  0.3220
      3288,      1058,  1.292904634870E+02,  0.3218
      3291,      1059,  1.292642412911E+02,  0.3218
      3299,      1060,  1.292639267125E+02,  0.3213
      3302,      1061,  1.292629608782E+02,  0.3213
      3303,      1062,  1.292319606804E+02,  0.3215
      3305,      1063,  1.292319050341E+02,  0.3216
      3307,      1064,  1.292151065088E+02,  0.3217
      3314,      1065,  1.292131468814E+02,  0.3214
      3329,      1066,  1.292056998598E+02,  0.3202
      3347,      1067,  1.291812495531E+02,  0.3188
      3355,      1068,  1.291811929436E+02,  0.3183
      3356,      1069,  1.291797253127E+02,  0.3185
      3360,      1070,  1.291794193655E+02,  0.3185
      3362,      1071,  1.291790614892E+02,  0.3186
      3364,      1072,  1.291656557078E+02,  0.3187
      3365,      1073,  1.291604212531E+02,  0.3189
      3386,      1074,  1.291274456197E+02,  0.3172
      3388,      1075,  1.291269062407E+02,  0.3173
      3394,      1076,  1.291048888543E+02,  0.3170
      3396,      1077,  1.290689101095E+02,  0.3171
      3397,      1078,  1.290350976285E+02,  0.3173
      3399,      1079,  1.290347096849E+02,  0.3174
      3403,      1080,  1.290346715797E+02,  0.3174
      3418,      1081,  1.290107412289E+02,  0.3163
      3422,      1082,  1.290096971233E+02,  0.3162
      3425,      1083,  1.290058948763E+02,  0.3162
      3426,      1084,  1.289922688890E+02,  0.3164
      3467,      1085,  1.289898011633E+02,  0.3130
      3472,      1086,  1.289881271547E+02,  0.3128
      3474,      1087,  1.289426084217E+02,  0.3129
      3476,      1088,  1.289425189849E+02,  0.3130
      3507,      1089,  1.288076737500E+02,  0.3105
      3508,      1090,  1.287982116337E+02,  0.3107
      3517,      1091,  1.287918844179E+02,  0.3102
      3519,      1092,  1.287738180863E+02,  0.3103
      3520,      1093,  1.287597428685E+02,  0.3105
      3523,      1094,  1.287197731314E+02,  0.3105
      3525,      1095,  1.287155594286E+02,  0.3106
      3528,      1096,  1.287151371470E+02,  0.3107
      3532,      1097,  1.287145860445E+02,  0.3106
      3537,      1098,  1.287136414012E+02,  0.3104
      3540,      1099,  1.287107997227E+02,  0.3105
      3541,      1100,  1.286936830650E+02,  0.3106
      3552,      1101,  1.286935247342E+02,  0.3100
      3558,      1102,  1.286530738216E+02,  0.3097
      3559,      1103,  1.286517088998E+02,  0.3099
      3566,      1104,  1.286370463589E+02,  0.3096
      3567,      1105,  1.286360747083E+02,  0.3098
      3583,      1106,  1.286301506310E+02,  0.3087
      3594,      1107,  1.286296509665E+02,  0.3080
      3606,      1108,  1.284960455634E+02,  0.3073
      3613,      1109,  1.284895763357E+02,  0.3069
      3618,      1110,  1.284609847464E+02,  0.3068
      3635,      1111,  1.284608481870E+02,  0.3056
      3645,      1112,  1.284570181600E+02,  0.3051
      3651,      1113,  1.284537932612E+02,  0.3048
      3652,      1114,  1.284502949419E+02,  0.3050
      3653,      1115,  1.284497871140E+02,  0.3052
      3667,      1116,  1.284412093601E+02,  0.3043
      3677,      1117,  1.284409946332E+02,  0.3038
      3678,      1118,  1.284396938158E+02,  0.3040
      3687,      1119,  1.284371030076E+02,  0.3035
      3688,      1120,  1.284362494724E+02,  0.3037
      3710,      1121,  1.284358403359E+02,  0.3022
      3714,      1122,  1.284345340580E+02,  0.3021
      3718,      1123,  1.284305428031E+02,  0.3020
      3726,      1124,  1.283684358003E+02,  0.3017
      3729,      1125,  1.283581455094E+02,  0.3017
      3741,      1126,  1.283209810495E+02,  0.3010
      3750,      1127,  1.283204677396E+02,  0.3005
      3760,      1128,  1.283193886971E+02,  0.3000
      3762,      1129,  1.283018703969E+02,  0.3001
      3765,      1130,  1.282835355379E+02,  0.3001
      3775,      1131,  1.282423675046E+02,  0.2996
      3782,      1132,  1.282416915356E+02,  0.2993
      3783,      1133,  1.282175832191E+02,  0.2995
      3791,      1134,  1.282004394419E+02,  0.2991
      3795,      1135,  1.282003728170E+02,  0.2991
      3800,      1136,  1.281992957402E+02,  0.2989
      3823,      1137,  1.281968576381E+02,  0.2974
      3825,      1138,  1.281953670159E+02,  0.2975
      3826,      1139,  1.281951394292E+02,  0.2977
      3832,      1140,  1.281314717333E+02,  0.2975
      3836,      1141,  1.281310696445E+02,  0.2974
      3842,      1142,  1.281310692589E+02,  0.2972
      3860,      1143,  1.281132077653E+02,  0.2961
      3874,      1144,  1.281090701358E+02,  0.2953
      3875,      1145,  1.280998738472E+02,  0.2955
      3881,      1146,  1.280981787546E+02,  0.2953
      3904,      1147,  1.280979932070E+02,  0.2938
      3905,      1148,  1.280938696439E+02,  0.2940
      3908,      1149,  1.280900676109E+02,  0.2940
      3914,      1150,  1.280748766961E+02,  0.2938
      3917,      1151,  1.280546669898E+02,  0.2938
      3920,      1152,  1.280542025775E+02,  0.2939
      3923,      1153,  1.280529658661E+02,  0.2939
      3930,      1154,  1.280524972745E+02,  0.2936
      3932,      1155,  1.280522407014E+02,  0.2937
      3933,      1156,  1.279920712594E+02,  0.2939
      3935,      1157,  1.279894283288E+02,  0.2940
      3938,      1158,  1.279893620653E+02,  0.2941
      3942,      1159,  1.279818324948E+02,  0.2940
      3951,      1160,  1.279812212717E+02,  0.2936
      3953,      1161,  1.279806490445E+02,  0.2937
      3959,      1162,  1.279788161793E+02,  0.2935
      3962,      1163,  1.279782227045E+02,  0.2935
      3994,      1164,  1.279704945876E+02,  0.2914
      4028,      1165,  1.279643840636E+02,  0.2892
      4034,      1166,  1.279643371633E+02,  0.2890
      4044,      1167,  1.279625751119E+02,  0.2886
      4045,      1168,  1.279544063314E+02,  0.2888
      4051,      1169,  1.279528297268E+02,  0.2886
      4069,      1170,  1.279518122289E+02,  0.2875
      4071,      1171,  1.279416174612E+02,  0.2876
      4073,      1172,  1.279383469695E+02,  0.2877
      4077,      1173,  1.279376388841E+02,  0.2877
      4078,      1174,  1.278100937072E+02,  0.2879
      4081,      1175,  1.278095873892E+02,  0.2879
      4088,      1176,  1.278085216718E+02,  0.2877
      4098,      1177,  1.278064083702E+02,  0.2872
      4103,      1178,  1.277640922322E+02,  0.2871
      4107,      1179,  1.277559153585E+02,  0.2871
      4110,      1180,  1.277542753440E+02,  0.2871
      4124,      1181,  1.277541261364E+02,  0.2864
      4146,      1182,  1.276679889622E+02,  0.2851
      4157,      1183,  1.276644188719E+02,  0.2846
      4158,      1184,  1.276567108413E+02,  0.2848
      4168,      1185,  1.276527368424E+02,  0.2843
      4173,      1186,  1.276527211833E+02,  0.2842
      4181,      1187,  1.276518304082E+02,  0.2839
      4182,      1188,  1.276284046787E+02,  0.2841
      4183,      1189,  1.276262950440E+02,  0.2842
      4184,      1190,  1.275114752221E+02,  0.2844
      4188,      1191,  1.275112522315E+02,  0.2844
      4190,      1192,  1.275102178454E+02,  0.2845
      4195,      1193,  1.274497383116E+02,  0.2844
      4196,      1194,  1.274421787615E+02,  0.2846
      4205,      1195,  1.274418183935E+02,  0.2842
      4207,      1196,  1.273875858453E+02,  0.2843
      4217,      1197,  1.273862228623E+02,  0.2839
      4221,      1198,  1.273781020670E+02,  0.2838
      4227,      1199,  1.273617725825E+02,  0.2837
      4232,      1200,  1.273617569696E+02,  0.2836
      4243,      1201,  1.273609747767E+02,  0.2831
      4245,      1202,  1.273474914367E+02,  0.2832
      4246,      1203,  1.273474850803E+02,  0.2833
      4247,      1204,  1.273436193262E+02,  0.2835
      4250,      1205,  1.273358367450E+02,  0.2835
      4264,      1206,  1.273331368938E+02,  0.2828
      4268,      1207,  1.271905771334E+02,  0.2828
      4276,      1208,  1.271896462204E+02,  0.2825
      4291,      1209,  1.271869385757E+02,  0.2818
      4299,      1210,  1.271770325672E+02,  0.2815
      4300,      1211,  1.271770323671E+02,  0.2816
      4305,      1212,  1.271750907696E+02,  0.2815
      4314,      1213,  1.271742251286E+02,  0.2812
      4329,      1214,  1.271525956012E+02,  0.2804
      4333,      1215,  1.271506190732E+02,  0.2804
      4337,      1216,  1.271496672859E+02,  0.2804
      4352,      1217,  1.271490159287E+02,  0.2796
      4369,      1218,  1.271482375676E+02,  0.2788
      4370,      1219,  1.271474069835E+02,  0.2789
      4383,      1220,  1.271467803505E+02,  0.2783
      4388,      1221,  1.271459955284E+02,  0.2783
      4389,      1222,  1.271453591425E+02,  0.2784
      4406,      1223,  1.271449615861E+02,  0.2776
      4410,      1224,  1.271370963663E+02,  0.2776
      4413,      1225,  1.271370529638E+02,  0.2776
      4420,      1226,  1.271151933441E+02,  0.2774
      4436,      1227,  1.270759717789E+02,  0.2766
      4440,      1228,  1.270757790486E+02,  0.2766
      4450,      1229,  1.270753884329E+02,  0.2762
      4451,      1230,  1.270693943609E+02,  0.2763
      4455,      1231,  1.270681645615E+02,  0.2763
      4470,      1232,  1.270668130585E+02,  0.2756
      4476,      1233,  1.270667754472E+02,  0.2755
      4477,      1234,  1.270664305667E+02,  0.2756
      4490,      1235,  1.270605771757E+02,  0.2751
      4508,      1236,  1.270601798778E+02,  0.2742
      4513,      1237,  1.270439799914E+02,  0.2741
      4521,      1238,  1.270439751849E+02,  0.2738
      4522,      1239,  1.270231802455E+02,  0.2740
      4528,      1240,  1.270164682145E+02,  0.2739
      4530,      1241,  1.270007251005E+02,  0.2740
      4554,      1242,  1.269287369086E+02,  0.2727
      4556,      1243,  1.269286593569E+02,  0.2728
      4557,      1244,  1.269285460232E+02,  0.2730
      4559,      1245,  1.269271704114E+02,  0.2731
      4562,      1246,  1.269270638228E+02,  0.2731
      4563,      1247,  1.269063067885E+02,  0.2733
      4565,      1248,  1.269054938892E+02,  0.2734
      4572,      1249,  1.269054485893E+02,  0.2732
      4579,      1250,  1.268821680355E+02,  0.2730
      4592,      1251,  1.268820220081E+02,  0.2724
      4601,      1252,  1.268809833849E+02,  0.2721
      4618,      1253,  1.268796877121E+02,  0.2713
      4621,      1254,  1.268444150063E+02,  0.2714
      4627,      1255,  1.268404599023E+02,  0.2712
      4637,      1256,  1.268361848063E+02,  0.2709
      4638,      1257,  1.268332141045E+02,  0.2710
      4640,      1258,  1.268325528015E+02,  0.2711
      4657,      1259,  1.268323012488E+02,  0.2703
      4670,      1260,  1.268318604754E+02,  0.2698
      4671,      1261,  1.268312218807E+02,  0.2700
      4675,      1262,  1.268300956143E+02,  0.2699
      4680,      1263,  1.268299840941E+02,  0.2699
      4690,      1264,  1.268261987985E+02,  0.2695
      4697,      1265,  1.268194156866E+02,  0.2693
      4716,      1266,  1.268186109669E+02,  0.2684
      4726,      1267,  1.267604277362E+02,  0.2681
      4745,      1268,  1.267602169904E+02,  0.2672
      4753,      1269,  1.267259786568E+02,  0.2670
      4758,      1270,  1.267258761339E+02,  0.2669
      4767,      1271,  1.266773264215E+02,  0.2666
      4772,      1272,  1.266763419920E+02,  0.2666
      4783,      1273,  1.266726556480E+02,  0.2662
      4784,      1274,  1.266719325299E+02,  0.2663
      4795,      1275,  1.266713432279E+02,  0.2659
      4797,      1276,  1.266635581578E+02,  0.2660
      4804,      1277,  1.266623359476E+02,  0.2658
      4816,      1278,  1.266623171458E+02,  0.2654
      4822,      1279,  1.266571992406E+02,  0.2652
      4825,      1280,  1.266567309320E+02,  0.2653
      4828,      1281,  1.266564566825E+02,  0.2653
      4834,      1282,  1.266528032457E+02,  0.2652
      4841,      1283,  1.266514775214E+02,  0.2650
      4847,      1284,  1.266495546503E+02,  0.2649
      4857,      1285,  1.266487701031E+02,  0.2646
      4877,      1286,  1.266262940705E+02,  0.2637
      4878,      1287,  1.266253082038E+02,  0.2638
      4890,      1288,  1.266243530994E+02,  0.2634
      4891,      1289,  1.266243349070E+02,  0.2635
      4896,      1290,  1.266239810888E+02,  0.2635
      4899,      1291,  1.266239328337E+02,  0.2635
      4905,      1292,  1.266239293512E+02,  0.2634
      4919,      1293,  1.266236891668E+02,  0.2629
      4944,      1294,  1.266220694123E+02,  0.2617
      4981,      1295,  1.266213765973E+02,  0.2600
      4984,      1296,  1.266207064059E+02,  0.2600
      4985,      1297,  1.266201939749E+02,  0.2602
      5001,      1298,  1.266199032129E+02,  0.2595
      5002,      1299,  1.266188052982E+02,  0.2597
      5009,      1300,  1.266177317656E+02,  0.2595
      5011,      1301,  1.266173855243E+02,  0.2596
      5014,      1302,  1.266172911000E+02,  0.2597
      5018,      1303,  1.266132254898E+02,  0.2597
      5028,      1304,  1.266003134292E+02,  0.2593
      5032,      1305,  1.265928830517E+02,  0.2593
      5058,      1306,  1.265916253767E+02,  0.2582
      5068,      1307,  1.265915050312E+02,  0.2579
      5072,      1308,  1.265864317007E+02,  0.2579
      5076,      1309,  1.265862636349E+02,  0.2579
      5090,      1310,  1.265850676819E+02,  0.2574
      5104,      1311,  1.265832129290E+02,  0.2569
      5120,      1312,  1.265820580426E+02,  0.2562
      5126,      1313,  1.265818457942E+02,  0.2561
      5133,      1314,  1.265776906449E+02,  0.2560
      5135,      1315,  1.265730076511E+02,  0.2561
      5158,      1316,  1.265719225348E+02,  0.2551
      5173,      1317,  1.265718541043E+02,  0.2546
      5180,      1318,  1.265616907801E+02,  0.2544
      5197,      1319,  1.265614676000E+02,  0.2538
      5198,      1320,  1.265603215178E+02,  0.2539
      5204,      1321,  1.265567422995E+02,  0.2538
      5215,      1322,  1.265560587651E+02,  0.2535
      5232,      1323,  1.265486837457E+02,  0.2529
      5235,      1324,  1.265477321213E+02,  0.2529
      5236,      1325,  1.265416062469E+02,  0.2531
      5243,      1326,  1.265396191308E+02,  0.2529
      5250,      1327,  1.265368890678E+02,  0.2528
      5257,      1328,  1.265327568254E+02,  0.2526
      5258,      1329,  1.265327267289E+02,  0.2528
      5265,      1330,  1.265303238504E+02,  0.2526
      5298,      1331,  1.265281461687E+02,  0.2512
      5299,      1332,  1.265264787115E+02,  0.2514
      5302,      1333,  1.265258113052E+02,  0.2514
      5305,      1334,  1.265254249821E+02,  0.2515
      5307,      1335,  1.265252435021E+02,  0.2516
      5316,      1336,  1.265247286080E+02,  0.2513
      5317,      1337,  1.265216613871E+02,  0.2515
      5319,      1338,  1.265178831487E+02,  0.2516
      5323,      1339,  1.265178798516E+02,  0.2515
      5328,      1340,  1.265005384309E+02,  0.2515
      5331,      1341,  1.265001785478E+02,  0.2515
      5337,      1342,  1.264996816028E+02,  0.2515
      5349,      1343,  1.264993324842E+02,  0.2511
      5350,      1344,  1.264991425118E+02,  0.2512
      5367,      1345,  1.264949921466E+02,  0.2506
      5370,      1346,  1.264937794897E+02,  0.2507
      5378,      1347,  1.264931554553E+02,  0.2505
      5388,      1348,  1.264883438863E+02,  0.2502
      5399,      1349,  1.264880971138E+02,  0.2499
      5401,      1350,  1.264863439653E+02,  0.2500
      5402,      1351,  1.264852943512E+02,  0.2501
      5413,      1352,  1.264720635666E+02,  0.2498
      5422,      1353,  1.264516595422E+02,  0.2495
      5438,      1354,  1.264438521780E+02,  0.2490
      5446,      1355,  1.263888108499E+02,  0.2488
      5456,      1356,  1.263882004149E+02,  0.2485
      5492,      1357,  1.263876263931E+02,  0.2471
      5518,      1358,  1.263865746614E+02,  0.2461
      5544,      1359,  1.263357269961E+02,  0.2451
      5557,      1360,  1.263353614437E+02,  0.2447
      5567,      1361,  1.263281532163E+02,  0.2445
      5571,      1362,  1.263279302402E+02,  0.2445
      5576,      1363,  1.263271329865E+02,  0.2444
      5630,      1364,  1.263263185778E+02,  0.2423
      5699,      1365,  1.263240323099E+02,  0.2395
      5708,      1366,  1.263238883004E+02,  0.2393
      5717,      1367,  1.263232521241E+02,  0.2391
      5757,      1368,  1.263231356449E+02,  0.2376
      5818,      1369,  1.263223109274E+02,  0.2353
      5871,      1370,  1.263158794567E+02,  0.2334
      5884,      1371,  1.263069922360E+02,  0.2330
      5886,      1372,  1.263069334359E+02,  0.2331
      5889,      1373,  1.263065151311E+02,  0.2331
      5949,      1374,  1.263049656827E+02,  0.2310
      5958,      1375,  1.263046393266E+02,  0.2308
      5982,      1376,  1.262946292257E+02,  0.2300
      6027,      1377,  1.262945665840E+02,  0.2285
      6040,      1378,  1.262936941775E+02,  0.2281
      6042,      1379,  1.262934530968E+02,  0.2282
      6050,      1380,  1.262927901753E+02,  0.2281
      6132,      1381,  1.262927589612E+02,  0.2252
      6135,      1382,  1.262927034382E+02,  0.2253
      6138,      1383,  1.262926053823E+02,  0.2253
      6145,      1384,  1.262924548104E+02,  0.2252
      6146,      1385,  1.262923913530E+02,  0.2253
      6154,      1386,  1.262913739320E+02,  0.2252
      6160,      1387,  1.262912040401E+02,  0.2252
      6176,      1388,  1.262910801221E+02,  0.2247
      6184,      1389,  1.262894874335E+02,  0.2246
      6205,      1390,  1.262884050635E+02,  0.2240
      6225,      1391,  1.262737010786E+02,  0.2235
      6249,      1392,  1.262736874515E+02,  0.2228
      6293,      1393,  1.262729669687E+02,  0.2214
      6294,      1394,  1.262606709245E+02,  0.2215
      6307,      1395,  1.262592149033E+02,  0.2212
      6308,      1396,  1.262583415148E+02,  0.2213
      6342,      1397,  1.262572270783E+02,  0.2203
      6363,      1398,  1.262566141440E+02,  0.2197
      6365,      1399,  1.262561874521E+02,  0.2198
      6366,      1400,  1.262556230583E+02,  0.2199
      6382,      1401,  1.262510379482E+02,  0.2195
      6388,      1402,  1.262507363917E+02,  0.2195
      6393,      1403,  1.262452700729E+02,  0.2195
      6407,      1404,  1.262450272447E+02,  0.2191
      6436,      1405,  1.262449719134E+02,  0.2183
      6441,      1406,  1.262448937099E+02,  0.2183
      6456,      1407,  1.262372633952E+02,  0.2179
      6463,      1408,  1.262330227685E+02,  0.2179
      6468,      1409,  1.262166456526E+02,  0.2178
      6503,      1410,  1.262033240594E+02,  0.2168
      6523,      1411,  1.262024059163E+02,  0.2163
      6532,      1412,  1.262023643706E+02,  0.2162
      6535,      1413,  1.262022610080E+02,  0.2162
      6538,      1414,  1.262022274927E+02,  0.2163
      6559,      1415,  1.261308596725E+02,  0.2157
      6628,      1416,  1.261306816810E+02,  0.2136
      6631,      1417,  1.261300552822E+02,  0.2137
      6632,      1418,  1.261201878455E+02,  0.2138
      6645,      1419,  1.261150619194E+02,  0.2135
      6667,      1420,  1.261117043489E+02,  0.2130
      6668,      1421,  1.261008388777E+02,  0.2131
      6672,      1422,  1.260986141509E+02,  0.2131
      6694,      1423,  1.260985845814E+02,  0.2126
      6734,      1424,  1.260971561752E+02,  0.2115
      6749,      1425,  1.260971317568E+02,  0.2111
      6775,      1426,  1.260954311876E+02,  0.2105
      6780,      1427,  1.260951396073E+02,  0.2105
      6807,      1428,  1.260950553341E+02,  0.2098
      6830,      1429,  1.260902206896E+02,  0.2092
      6833,      1430,  1.260901957258E+02,  0.2093
      6847,      1431,  1.260901700360E+02,  0.2090
      6875,      1432,  1.260815259044E+02,  0.2083
      6887,      1433,  1.260813065325E+02,  0.2081
      6904,      1434,  1.260807321358E+02,  0.2077
      6909,      1435,  1.260805036689E+02,  0.2077
      6916,      1436,  1.260804465972E+02,  0.2076
      6918,      1437,  1.260804075131E+02,  0.2077
      6921,      1438,  1.260798348324E+02,  0.2078
      6931,      1439,  1.260563626117E+02,  0.2076
      6954,      1440,  1.260559381671E+02,  0.2071
      6968,      1441,  1.260490810060E+02,  0.2068
      7005,      1442,  1.260489992646E+02,  0.2059
      7014,      1443,  1.260488160579E+02,  0.2057
      7043,      1444,  1.260485636071E+02,  0.2050
      7044,      1445,  1.259960002111E+02,  0.2051
      7049,      1446,  1.259808437827E+02,  0.2051
      7074,      1447,  1.259637182180E+02,  0.2046
      7077,      1448,  1.259633352562E+02,  0.2046
      7084,      1449,  1.259627427840E+02,  0.2045
      7113,      1450,  1.259523770097E+02,  0.2039
      7118,      1451,  1.259518672628E+02,  0.2038
      7121,      1452,  1.259510378702E+02,  0.2039
      7125,      1453,  1.259506057610E+02,  0.2039
      7161,      1454,  1.259497568286E+02,  0.2030
      7171,      1455,  1.259495585126E+02,  0.2029
      7179,      1456,  1.259473740426E+02,  0.2028
      7190,      1457,  1.259463434461E+02,  0.2026
      7206,      1458,  1.259460883290E+02,  0.2023
      7215,      1459,  1.259460034941E+02,  0.2022
      7226,      1460,  1.259458581230E+02,  0.2020
      7243,      1461,  1.259457303664E+02,  0.2017
      7246,      1462,  1.259456433265E+02,  0.2018
      7255,      1463,  1.259099899399E+02,  0.2017
      7257,      1464,  1.259074186746E+02,  0.2017
      7271,      1465,  1.259035601636E+02,  0.2015
      7273,      1466,  1.259022311769E+02,  0.2016
      7287,      1467,  1.259007922332E+02,  0.2013
      7317,      1468,  1.258992517225E+02,  0.2006
      7324,      1469,  1.258992405235E+02,  0.2006
      7362,      1470,  1.258987929576E+02,  0.1997
      7365,      1471,  1.258979791472E+02,  0.1997
      7373,      1472,  1.258978135633E+02,  0.1996
      7395,      1473,  1.258977797697E+02,  0.1992
      7418,      1474,  1.258966749296E+02,  0.1987
      7446,      1475,  1.258965082843E+02,  0.1981
      7454,      1476,  1.258962541532E+02,  0.1980
      7459,      1477,  1.258961241295E+02,  0.1980
      7479,      1478,  1.258939604568E+02,  0.1976
      7514,      1479,  1.258939350332E+02,  0.1968
      7524,      1480,  1.258937833726E+02,  0.1967
      7653,      1481,  1.258937254937E+02,  0.1935
      7677,      1482,  1.258936480385E+02,  0.1930
      7690,      1483,  1.258936222871E+02,  0.1928
      7699,      1484,  1.258932675469E+02,  0.1928
      7701,      1485,  1.258914823968E+02,  0.1928
      7738,      1486,  1.258910627593E+02,  0.1920
      7739,      1487,  1.258909442812E+02,  0.1921
      7818,      1488,  1.258886941361E+02,  0.1903
      7848,      1489,  1.258879888031E+02,  0.1897
      7870,      1490,  1.258879444987E+02,  0.1893
      7885,      1491,  1.258878390148E+02,  0.1891
      7918,      1492,  1.258868520983E+02,  0.1884
      7953,      1493,  1.258868382211E+02,  0.1877
      7955,      1494,  1.258867416944E+02,  0.1878
      7959,      1495,  1.258771280475E+02,  0.1878
      7965,      1496,  1.258770567974E+02,  0.1878
      7990,      1497,  1.258769731898E+02,  0.1874
      7997,      1498,  1.258769703063E+02,  0.1873
      8004,      1499,  1.258767793810E+02,  0.1873
      8011,      1500,  1.258716128191E+02,  0.1872
      8021,      1501,  1.258712942587E+02,  0.1871
      8032,      1502,  1.258711064160E+02,  0.1870
      8071,      1503,  1.258708497560E+02,  0.1862
      8072,      1504,  1.258553941002E+02,  0.1863
      8173,      1505,  1.258477267855E+02,  0.1841
      8178,      1506,  1.258476261007E+02,  0.1842
      8215,      1507,  1.258034969300E+02,  0.1834
      8233,      1508,  1.258034052036E+02,  0.1832
      8269,      1509,  1.258032827093E+02,  0.1825
      8308,      1510,  1.258030817086E+02,  0.1818
      8375,      1511,  1.257999509739E+02,  0.1804
      8392,      1512,  1.257951468070E+02,  0.1802
      8401,      1513,  1.257950823838E+02,  0.1801
      8443,      1514,  1.257949221396E+02,  0.1793
      8469,      1515,  1.257885734053E+02,  0.1789
      8482,      1516,  1.257884818968E+02,  0.1787
      8545,      1517,  1.257884232323E+02,  0.1775
      8567,      1518,  1.257876926212E+02,  0.1772
      8581,      1519,  1.257760281710E+02,  0.1770
      8596,      1520,  1.257737013653E+02,  0.1768
      8618,      1521,  1.257736075125E+02,  0.1765
      8620,      1522,  1.257735791898E+02,  0.1766
      8691,      1523,  1.257720682270E+02,  0.1752
      8694,      1524,  1.257717083191E+02,  0.1753
      8778,      1525,  1.257708740106E+02,  0.1737
      8788,      1526,  1.257697283467E+02,  0.1736
      8859,      1527,  1.257695536924E+02,  0.1724
      8880,      1528,  1.257694113927E+02,  0.1721
      8895,      1529,  1.257685212000E+02,  0.1719
      8924,      1530,  1.257684838368E+02,  0.1714
      8925,      1531,  1.257675116730E+02,  0.1715
      8961,      1532,  1.257674863023E+02,  0.1710
      8970,      1533,  1.257674338339E+02,  0.1709
      8984,      1534,  1.257674303664E+02,  0.1707
      9004,      1535,  1.257509102115E+02,  0.1705
      9019,      1536,  1.257508246511E+02,  0.1703
      9028,      1537,  1.257507553005E+02,  0.1702
      9059,      1538,  1.257507156970E+02,  0.1698
      9065,      1539,  1.257446303551E+02,  0.1698
      9075,      1540,  1.257436551293E+02,  0.1697
      9191,      1541,  1.257403576457E+02,  0.1677
      9199,      1542,  1.257400074921E+02,  0.1676
      9215,      1543,  1.257380166187E+02,  0.1674
      9223,      1544,  1.257372113254E+02,  0.1674
      9245,      1545,  1.257358568972E+02,  0.1671
      9286,      1546,  1.257356112022E+02,  0.1665
      9288,      1547,  1.257353535726E+02,  0.1666
      9293,      1548,  1.257352055825E+02,  0.1666
      9305,      1549,  1.257350293477E+02,  0.1665
      9318,      1550,  1.257346074680E+02,  0.1663
      9370,      1551,  1.257342251898E+02,  0.1655
      9412,      1552,  1.257340794054E+02,  0.1649
      9475,      1553,  1.257339729091E+02,  0.1639
      9503,      1554,  1.257328975874E+02,  0.1635
      9524,      1555,  1.257328535666E+02,  0.1633
      9531,      1556,  1.257327000983E+02,  0.1633
      9583,      1557,  1.257323436036E+02,  0.1625
      9595,      1558,  1.257312946910E+02,  0.1624
      9626,      1559,  1.257312381126E+02,  0.1620
      9629,      1560,  1.257310907369E+02,  0.1620
      9638,      1561,  1.257308886292E+02,  0.1620
      9733,      1562,  1.257306614763E+02,  0.1605
      9751,      1563,  1.257297298695E+02,  0.1603
      9757,      1564,  1.257296994762E+02,  0.1603
      9776,      1565,  1.257289846275E+02,  0.1601
      9794,      1566,  1.257289800873E+02,  0.1599
      9936,      1567,  1.257288502967E+02,  0.1577
      9947,      1568,  1.257211318135E+02,  0.1576
     10040,      1569,  1.257210525879E+02,  0.1563
     10075,      1570,  1.257208495168E+02,  0.1558
     10133,      1571,  1.257208122594E+02,  0.1550
     10187,      1572,  1.257205313523E+02,  0.1543
     10211,      1573,  1.257017399337E+02,  0.1540
     10222,      1574,  1.257016531407E+02,  0.1540
     10295,      1575,  1.257016469465E+02,  0.1530
     10326,      1576,  1.257016307343E+02,  0.1526
     10356,      1577,  1.256911841408E+02,  0.1523
     10440,      1578,  1.256909049566E+02,  0.1511
     10494,      1579,  1.256908779566E+02,  0.1505
     10515,      1580,  1.256908075830E+02,  0.1503
     10527,      1581,  1.256907303493E+02,  0.1502
     10551,      1582,  1.256892932293E+02,  0.1499
     10567,      1583,  1.256881234625E+02,  0.1498
     10669,      1584,  1.256881109726E+02,  0.1485
     10748,      1585,  1.256878860383E+02,  0.1475
     10788,      1586,  1.256834562396E+02,  0.1470
     10791,      1587,  1.256830377257E+02,  0.1471
     10851,      1588,  1.256823209406E+02,  0.1463
     10930,      1589,  1.256815578296E+02,  0.1454
     11019,      1590,  1.256815321646E+02,  0.1443
     11182,      1591,  1.256795801691E+02,  0.1423
     11188,      1592,  1.256790435074E+02,  0.1423
     11238,      1593,  1.256742026895E+02,  0.1418
     11247,      1594,  1.256741760622E+02,  0.1417
     11309,      1595,  1.256740589132E+02,  0.1410
     11332,      1596,  1.256734944224E+02,  0.1408
     11378,      1597,  1.256733310648E+02,  0.1404
     11438,      1598,  1.256723847358E+02,  0.1397
     11478,      1599,  1.256715654759E+02,  0.1393
     11576,      1600,  1.256715333613E+02,  0.1382
     11597,      1601,  1.256714460694E+02,  0.1381
     11610,      1602,  1.256714145288E+02,  0.1380
     11697,      1603,  1.256712755905E+02,  0.1370
     11803,      1604,  1.256712581889E+02,  0.1359
     11829,      1605,  1.256710681126E+02,  0.1357
     11882,      1606,  1.256707526790E+02,  0.1352
     11943,      1607,  1.256706894850E+02,  0.1346
     11984,      1608,  1.256706768551E+02,  0.1342
     12077,      1609,  1.256706310546E+02,  0.1332
     12122,      1610,  1.256705816894E+02,  0.1328
     12192,      1611,  1.256682784438E+02,  0.1321
     12225,      1612,  1.256682604043E+02,  0.1319
     12317,      1613,  1.256631028542E+02,  0.1310
     12359,      1614,  1.256630896016E+02,  0.1306
     12405,      1615,  1.256630656333E+02,  0.1302
     12561,      1616,  1.256630486381E+02,  0.1287
     12569,      1617,  1.256543389756E+02,  0.1286
     12886,      1618,  1.256543042344E+02,  0.1256
     13113,      1619,  1.256542213294E+02,  0.1235
     13209,      1620,  1.256528488448E+02,  0.1226
     13299,      1621,  1.256527947512E+02,  0.1219
     13374,      1622,  1.256527253608E+02,  0.1213
     13378,      1623,  1.256508103052E+02,  0.1213
     13416,      1624,  1.256507074241E+02,  0.1210
     13538,      1625,  1.256392999961E+02,  0.1200
     13679,      1626,  1.256382382321E+02,  0.1189
     13727,      1627,  1.256318517373E+02,  0.1185
     14023,      1628,  1.256294013443E+02,  0.1161
     14206,      1629,  1.256293815558E+02,  0.1147
     14232,      1630,  1.256262757135E+02,  0.1145
     14258,      1631,  1.256209438422E+02,  0.1144
     14331,      1632,  1.256194971011E+02,  0.1139
     14518,      1633,  1.256194594004E+02,  0.1125
     14541,      1634,  1.256194276455E+02,  0.1124
     14657,      1635,  1.256193194880E+02,  0.1116
     14762,      1636,  1.256191726400E+02,  0.1108
     14802,      1637,  1.256184775952E+02,  0.1106
     14917,      1638,  1.256149431860E+02,  0.1098
     15073,      1639,  1.256139472160E+02,  0.1087
     15180,      1640,  1.256136302619E+02,  0.1080
     15287,      1641,  1.256135821612E+02,  0.1073
     15368,      1642,  1.256135789688E+02,  0.1068
     15383,      1643,  1.256134664172E+02,  0.1068
     15436,      1644,  1.256134241482E+02,  0.1065
     15540,      1645,  1.256130634885E+02,  0.1059
     15591,      1646,  1.256128500578E+02,  0.1056
     15630,      1647,  1.256126468925E+02,  0.1054
     15643,      1648,  1.256077146823E+02,  0.1054
     15761,      1649,  1.256076637487E+02,  0.1046
     15807,      1650,  1.256076409772E+02,  0.1044
     15899,      1651,  1.256076046124E+02,  0.1038
     15905,      1652,  1.256075826825E+02,  0.1039
     15912,      1653,  1.256075162063E+02,  0.1039
     16023,      1654,  1.256045840326E+02,  0.1032
     16085,      1655,  1.256038897925E+02,  0.1029
     16114,      1656,  1.256037910355E+02,  0.1028
     16160,      1657,  1.256036642446E+02,  0.1025
     16205,      1658,  1.256035378798E+02,  0.1023
     16366,      1659,  1.256035093568E+02,  0.1014
     16478,      1660,  1.256035001619E+02,  0.1007
     16563,      1661,  1.256034608296E+02,  0.1003
     16673,      1662,  1.256003240327E+02,  0.0997
     16687,      1663,  1.256002716038E+02,  0.0997
     16732,      1664,  1.255998109422E+02,  0.0995
     16782,      1665,  1.255997315535E+02,  0.0992
     16840,      1666,  1.255993837897E+02,  0.0989
     16899,      1667,  1.255993530629E+02,  0.0986
     17047,      1668,  1.255989765254E+02,  0.0978
     17054,      1669,  1.255987239986E+02,  0.0979
     17109,      1670,  1.255982893196E+02,  0.0976
     17110,      1671,  1.255961461474E+02,  0.0977
     17157,      1672,  1.255960738734E+02,  0.0975
     17281,      1673,  1.255933994148E+02,  0.0968
     17326,      1674,  1.255930422125E+02,  0.0966
     17334,      1675,  1.255920510286E+02,  0.0966
     17447,      1676,  1.255914632419E+02,  0.0961
     17474,      1677,  1.255912327595E+02,  0.0960
     17517,      1678,  1.255910814130E+02,  0.0958
     17581,      1679,  1.255910754808E+02,  0.0955
     17614,      1680,  1.255910479898E+02,  0.0954
     17684,      1681,  1.255910000771E+02,  0.0951
     17740,      1682,  1.255908898347E+02,  0.0948
     17746,      1683,  1.255908287400E+02,  0.0948
     17804,      1684,  1.255897625324E+02,  0.0946
     17829,      1685,  1.255897134665E+02,  0.0945
     17898,      1686,  1.255896189221E+02,  0.0942
     17922,      1687,  1.255896018981E+02,  0.0941
     17995,      1688,  1.255892931330E+02,  0.0938
     18054,      1689,  1.255870706129E+02,  0.0936
     18062,      1690,  1.255844598151E+02,  0.0936
     18093,      1691,  1.255824484964E+02,  0.0935
     18157,      1692,  1.255822534851E+02,  0.0932
     18200,      1693,  1.255821710584E+02,  0.0930
     18220,      1694,  1.255814291453E+02,  0.0930
     18333,      1695,  1.255812848915E+02,  0.0925
     18514,      1696,  1.255812719423E+02,  0.0916
     18601,      1697,  1.255810844556E+02,  0.0912
     18614,      1698,  1.255810753788E+02,  0.0912
     18776,      1699,  1.255802863352E+02,  0.0905
     18790,      1700,  1.255800490017E+02,  0.0905
     18822,      1701,  1.255792154905E+02,  0.0904
     18857,      1702,  1.255669995900E+02,  0.0903
     18929,      1703,  1.255669405612E+02,  0.0900
     19034,      1704,  1.255668878770E+02,  0.0895
     19147,      1705,  1.255668555745E+02,  0.0890
     19252,      1706,  1.255666625971E+02,  0.0886
     19255,      1707,  1.255654862693E+02,  0.0887
     19256,      1708,  1.255654718617E+02,  0.0887
     19296,      1709,  1.255654518381E+02,  0.0886
     19316,      1710,  1.255637451522E+02,  0.0885
     19419,      1711,  1.255636703226E+02,  0.0881
     19436,      1712,  1.255635992958E+02,  0.0881
     19452,      1713,  1.255598387486E+02,  0.0881
     19499,      1714,  1.255576765196E+02,  0.0879
     19564,      1715,  1.255569235061E+02,  0.0877
     19576,      1716,  1.255568339451E+02,  0.0877
     19710,      1717,  1.255561807207E+02,  0.0871
     19720,      1718,  1.255560765760E+02,  0.0871
     19721,      1719,  1.255539124159E+02,  0.0872
     19727,      1720,  1.255528779107E+02,  0.0872
     19742,      1721,  1.255510905555E+02,  0.0872
     19743,      1722,  1.255476771874E+02,  0.0872
     19783,      1723,  1.255473161132E+02,  0.0871
     19807,      1724,  1.255413429867E+02,  0.0870
     19808,      1725,  1.255412140565E+02,  0.0871
     19883,      1726,  1.255361219872E+02,  0.0868
     19890,      1727,  1.255360944798E+02,  0.0868
     19915,      1728,  1.255353479490E+02,  0.0868
     19920,      1729,  1.255338984583E+02,  0.0868
     19945,      1730,  1.255338697096E+02,  0.0867
     19980,      1731,  1.255257610647E+02,  0.0866
     19985,      1732,  1.255253237918E+02,  0.0867
     20054,      1733,  1.255251187772E+02,  0.0864
     20078,      1734,  1.255232730403E+02,  0.0864
     20138,      1735,  1.255147099007E+02,  0.0862
     20162,      1736,  1.255134434312E+02,  0.0861
     20181,      1737,  1.255054030428E+02,  0.0861
     20182,      1738,  1.255053439800E+02,  0.0861
     20250,      1739,  1.255052481167E+02,  0.0859
     20355,      1740,  1.255025071164E+02,  0.0855
     20356,      1741,  1.255024858042E+02,  0.0855
     20400,      1742,  1.254982997736E+02,  0.0854
     20431,      1743,  1.254954388413E+02,  0.0853
     20442,      1744,  1.254953969849E+02,  0.0853
     20450,      1745,  1.254726295472E+02,  0.0853
     20451,      1746,  1.254724889095E+02,  0.0854
     20462,      1747,  1.254722919999E+02,  0.0854
     20481,      1748,  1.254703901130E+02,  0.0853
     20483,      1749,  1.254702891535E+02,  0.0854
     20509,      1750,  1.254701186436E+02,  0.0853
     20511,      1751,  1.254697825727E+02,  0.0854
     20515,      1752,  1.254694816408E+02,  0.0854
     20536,      1753,  1.254679961449E+02,  0.0854
     20607,      1754,  1.254671939090E+02,  0.0851
     20635,      1755,  1.254670973589E+02,  0.0850
     20643,      1756,  1.254667189854E+02,  0.0851
     20655,      1757,  1.254412854371E+02,  0.0851
     20665,      1758,  1.254412411426E+02,  0.0851
     20668,      1759,  1.254405242499E+02,  0.0851
     20721,      1760,  1.254008212159E+02,  0.0849
     20735,      1761,  1.254005601447E+02,  0.0849
     20779,      1762,  1.253675459850E+02,  0.0848
     20784,      1763,  1.253672460746E+02,  0.0848
     20826,      1764,  1.253672070584E+02,  0.0847
     20828,      1765,  1.253671528187E+02,  0.0847
     20858,      1766,  1.253650094045E+02,  0.0847
     20887,      1767,  1.253648800486E+02,  0.0846
     20907,      1768,  1.253562510234E+02,  0.0846
     20908,      1769,  1.253536045831E+02,  0.0846
     20926,      1770,  1.253446668430E+02,  0.0846
     20932,      1771,  1.253446508386E+02,  0.0846
     20962,      1772,  1.253446201497E+02,  0.0845
     20966,      1773,  1.253443035246E+02,  0.0846
     20986,      1774,  1.253438981584E+02,  0.0845
     20994,      1775,  1.253438039195E+02,  0.0845
     21027,      1776,  1.253435383643E+02,  0.0845
     21101,      1777,  1.253434111942E+02,  0.0842
     21108,      1778,  1.253434000470E+02,  0.0842
     21133,      1779,  1.253425302571E+02,  0.0842
     21175,      1780,  1.253424959774E+02,  0.0841
     21265,      1781,  1.253400095165E+02,  0.0838
     21297,      1782,  1.253397666287E+02,  0.0837
     21329,      1783,  1.253395067729E+02,  0.0836
     21342,      1784,  1.253384884482E+02,  0.0836
     21397,      1785,  1.253379317104E+02,  0.0834
     21418,      1786,  1.253379172045E+02,  0.0834
     21477,      1787,  1.253378148554E+02,  0.0832
     21509,      1788,  1.253348318638E+02,  0.0831
     21535,      1789,  1.253348061905E+02,  0.0831
     21539,      1790,  1.253347045356E+02,  0.0831
     21550,      1791,  1.253345785799E+02,  0.0831
     21602,      1792,  1.253345274264E+02,  0.0830
     21630,      1793,  1.253342731273E+02,  0.0829
     21653,      1794,  1.253342248726E+02,  0.0829
     21740,      1795,  1.253341912927E+02,  0.0826
     21746,      1796,  1.253338899760E+02,  0.0826
     21831,      1797,  1.253337218825E+02,  0.0823
     21931,      1798,  1.253336353338E+02,  0.0820
     21935,      1799,  1.253335628974E+02,  0.0820
     22009,      1800,  1.253307931976E+02,  0.0818
     22030,      1801,  1.253274023667E+02,  0.0818
     22089,      1802,  1.253271817374E+02,  0.0816
     22189,      1803,  1.253271524683E+02,  0.0813
     22197,      1804,  1.253205168989E+02,  0.0813
     22228,      1805,  1.253203520682E+02,  0.0812
     22322,      1806,  1.253201024052E+02,  0.0809
     22561,      1807,  1.253200599812E+02,  0.0801
     22568,      1808,  1.253199659132E+02,  0.0801
     22576,      1809,  1.253146163779E+02,  0.0801
     22740,      1810,  1.253145584857E+02,  0.0796
     22878,      1811,  1.253145312420E+02,  0.0792
     22923,      1812,  1.253144175314E+02,  0.0790
     23094,      1813,  1.253139368536E+02,  0.0785
     23097,      1814,  1.253139087552E+02,  0.0785
     23160,      1815,  1.253119349200E+02,  0.0784
     23280,      1816,  1.253118190204E+02,  0.0780
     23289,      1817,  1.253112107311E+02,  0.0780
     23294,      1818,  1.253112102732E+02,  0.0780
     23329,      1819,  1.253111674581E+02,  0.0780
     23495,      1820,  1.253110073924E+02,  0.0775
     23756,      1821,  1.253082150485E+02,  0.0767
     23995,      1822,  1.253081815342E+02,  0.0759
     24017,      1823,  1.253081114270E+02,  0.0759
     24031,      1824,  1.253072483432E+02,  0.0759
     24059,      1825,  1.253071988116E+02,  0.0759
     24096,      1826,  1.253061402941E+02,  0.0758
     24164,      1827,  1.253061290006E+02,  0.0756
     24254,      1828,  1.253059355527E+02,  0.0754
     24361,      1829,  1.253055297495E+02,  0.0751
     24384,      1830,  1.253055059401E+02,  0.0750
     24446,      1831,  1.253052603037E+02,  0.0749
     24503,      1832,  1.253051765991E+02,  0.0748
     24546,      1833,  1.253051761863E+02,  0.0747
     24594,      1834,  1.253051434871E+02,  0.0746
     24664,      1835,  1.253049537046E+02,  0.0744
     24721,      1836,  1.253044055479E+02,  0.0743
     24740,      1837,  1.253043993414E+02,  0.0743
     24746,      1838,  1.253043977628E+02,  0.0743
     24872,      1839,  1.253039483357E+02,  0.0739
     24900,      1840,  1.253038741179E+02,  0.0739
     24946,      1841,  1.253030248050E+02,  0.0738
     25026,      1842,  1.253016440207E+02,  0.0736
     25202,      1843,  1.253015019196E+02,  0.0731
     25299,      1844,  1.253014915345E+02,  0.0729
     25393,      1845,  1.253013945656E+02,  0.0727
     25523,      1846,  1.253013680235E+02,  0.0723
     25833,      1847,  1.253013161828E+02,  0.0715
     25838,      1848,  1.252996032671E+02,  0.0715
     25922,      1849,  1.252959594007E+02,  0.0713
     25940,      1850,  1.252870019457E+02,  0.0713
     26359,      1851,  1.252866922452E+02,  0.0702
     26398,      1852,  1.252866124587E+02,  0.0702
     26538,      1853,  1.252816833785E+02,  0.0698
     26605,      1854,  1.252816685959E+02,  0.0697
     26663,      1855,  1.252816152555E+02,  0.0696
     26760,      1856,  1.252816085531E+02,  0.0694
     26847,      1857,  1.252813615099E+02,  0.0692
     26893,      1858,  1.252813182594E+02,  0.0691
     26905,      1859,  1.252811487861E+02,  0.0691
     26972,      1860,  1.252810601815E+02,  0.0690
     26994,      1861,  1.252807345723E+02,  0.0689
     27111,      1862,  1.252806954272E+02,  0.0687
     27222,      1863,  1.252806055858E+02,  0.0684
     27486,      1864,  1.252806038695E+02,  0.0678
     27561,      1865,  1.252776076972E+02,  0.0677
     27638,      1866,  1.252715772346E+02,  0.0675
     27920,      1867,  1.252714969460E+02,  0.0669
     27958,      1868,  1.252714695601E+02,  0.0668
     28039,      1869,  1.252713249410E+02,  0.0667
     28053,      1870,  1.252711241687E+02,  0.0667
     28085,      1871,  1.252684376727E+02,  0.0666
     28100,      1872,  1.252668659879E+02,  0.0666
     28123,      1873,  1.252668455179E+02,  0.0666
     28200,      1874,  1.252653903902E+02,  0.0665
     28229,      1875,  1.252653152395E+02,  0.0664
     28298,      1876,  1.252648082950E+02,  0.0663
     28423,      1877,  1.252646955555E+02,  0.0660
     28488,      1878,  1.252645982309E+02,  0.0659
     28593,      1879,  1.252645658768E+02,  0.0657
     28665,      1880,  1.252645467645E+02,  0.0656
     28779,      1881,  1.252644932801E+02,  0.0654
     28802,      1882,  1.252644161943E+02,  0.0653
     28823,      1883,  1.252643328697E+02,  0.0653
     28955,      1884,  1.252629081479E+02,  0.0651
     29025,      1885,  1.252628315617E+02,  0.0649
     29054,      1886,  1.252627982501E+02,  0.0649
     29123,      1887,  1.252627520277E+02,  0.0648
     29138,      1888,  1.252626326921E+02,  0.0648
     29155,      1889,  1.252625691142E+02,  0.0648
     29384,      1890,  1.252625296822E+02,  0.0643
     29389,      1891,  1.252625182221E+02,  0.0643
     29515,      1892,  1.252481927096E+02,  0.0641
     29560,      1893,  1.252441898642E+02,  0.0640
     29684,      1894,  1.252441097536E+02,  0.0638
     29753,      1895,  1.252427313498E+02,  0.0637
     29766,      1896,  1.252402153781E+02,  0.0637
     29781,      1897,  1.252393023825E+02,  0.0637
     29980,      1898,  1.252392847795E+02,  0.0633
     30117,      1899,  1.252392517413E+02,  0.0631
     30141,      1900,  1.252392213387E+02,  0.0630
     30382,      1901,  1.252391916425E+02,  0.0626
     30479,      1902,  1.252391205444E+02,  0.0624
     30490,      1903,  1.252390421319E+02,  0.0624
     30852,      1904,  1.252390032747E+02,  0.0617
     30855,      1905,  1.252363433664E+02,  0.0617
     31003,      1906,  1.252348265188E+02,  0.0615
     31029,      1907,  1.252346480014E+02,  0.0615
     31217,      1908,  1.252346275996E+02,  0.0611
     31240,      1909,  1.252345978659E+02,  0.0611
     31250,      1910,  1.252345468705E+02,  0.0611
     31251,      1911,  1.252343577131E+02,  0.0612
     31446,      1912,  1.252342918193E+02,  0.0608
     31465,      1913,  1.252342536453E+02,  0.0608
     31533,      1914,  1.252342311583E+02,  0.0607
     31629,      1915,  1.252330299107E+02,  0.0605
     31774,      1916,  1.252327503545E+02,  0.0603
     31827,      1917,  1.252327110324E+02,  0.0602
     32221,      1918,  1.252325350931E+02,  0.0595
     32282,      1919,  1.252324660410E+02,  0.0594
     32341,      1920,  1.252323553034E+02,  0.0594
     32749,      1921,  1.252323489483E+02,  0.0587
     32767,      1922,  1.252319706585E+02,  0.0587
     32894,      1923,  1.252282069232E+02,  0.0585
     32932,      1924,  1.252281089586E+02,  0.0584
     33000,      1925,  1.252260400939E+02,  0.0583
     33001,      1926,  1.252259816840E+02,  0.0584
     33008,      1927,  1.252259774106E+02,  0.0584
     33109,      1928,  1.252259656921E+02,  0.0582
     33150,      1929,  1.252256436766E+02,  0.0582
     33180,      1930,  1.252249074028E+02,  0.0582
     33497,      1931,  1.252248934953E+02,  0.0576
     33532,      1932,  1.252247885209E+02,  0.0576
     33775,      1933,  1.252247431903E+02,  0.0572
     34170,      1934,  1.252247081681E+02,  0.0566
     34256,      1935,  1.252241385501E+02,  0.0565
     34408,      1936,  1.252241068290E+02,  0.0563
     34634,      1937,  1.252240986302E+02,  0.0559
     34805,      1938,  1.252240848300E+02,  0.0557
     34924,      1939,  1.252216464497E+02,  0.0555
     35100,      1940,  1.252210380790E+02,  0.0553
     35106,      1941,  1.252207608562E+02,  0.0553
     35768,      1942,  1.252191884611E+02,  0.0543
     35883,      1943,  1.252191753503E+02,  0.0541
     36767,      1944,  1.252191498657E+02,  0.0529
     36907,      1945,  1.252191485649E+02,  0.0527
     36958,      1946,  1.252191425035E+02,  0.0527
     37269,      1947,  1.252190996882E+02,  0.0522
     37345,      1948,  1.252190978939E+02,  0.0522
     37486,      1949,  1.252189107450E+02,  0.0520
     37666,      1950,  1.252166122239E+02,  0.0518
     37744,      1951,  1.252165707084E+02,  0.0517
     37775,      1952,  1.252165340429E+02,  0.0517
     37812,      1953,  1.252165194802E+02,  0.0517
     37848,      1954,  1.252109326647E+02,  0.0516
     38303,      1955,  1.252107264695E+02,  0.0510
     38326,      1956,  1.252105613843E+02,  0.0510
     38389,      1957,  1.252105562996E+02,  0.0510
     39457,      1958,  1.252105431221E+02,  0.0496
     39564,      1959,  1.252105340992E+02,  0.0495
     39650,      1960,  1.252105237527E+02,  0.0494
     39768,      1961,  1.252102874071E+02,  0.0493
     39821,      1962,  1.252102702063E+02,  0.0493
     39829,      1963,  1.252101736011E+02,  0.0493
     40283,      1964,  1.252101532171E+02,  0.0488
     40322,      1965,  1.252100731282E+02,  0.0487
     40475,      1966,  1.252097397078E+02,  0.0486
     41405,      1967,  1.252097393154E+02,  0.0475
     41745,      1968,  1.252096826672E+02,  0.0471
     41911,      1969,  1.252060217362E+02,  0.0470
     41982,      1970,  1.252059021092E+02,  0.0469
     42181,      1971,  1.252058998231E+02,  0.0467
     42269,      1972,  1.252058477093E+02,  0.0467
     42293,      1973,  1.252053478642E+02,  0.0467
     42368,      1974,  1.252053434718E+02,  0.0466
     42508,      1975,  1.252050491660E+02,  0.0465
     43741,      1976,  1.252050481602E+02,  0.0452
     43999,      1977,  1.252050476116E+02,  0.0449
     44478,      1978,  1.252050458497E+02,  0.0445
     44537,      1979,  1.252035951466E+02,  0.0444
     44939,      1980,  1.252035829653E+02,  0.0441
     45099,      1981,  1.252035557843E+02,  0.0439
     45166,      1982,  1.252035396631E+02,  0.0439
     45220,      1983,  1.252017970394E+02,  0.0439
     45342,      1984,  1.252015951976E+02,  0.0438
     45688,      1985,  1.252014551988E+02,  0.0434
     45945,      1986,  1.252014264284E+02,  0.0432
     45982,      1987,  1.252013333656E+02,  0.0432
     46520,      1988,  1.252006206923E+02,  0.0427
     47301,      1989,  1.252006087468E+02,  0.0420
     47359,      1990,  1.252005554884E+02,  0.0420
     47748,      1991,  1.252005328552E+02,  0.0417
     47937,      1992,  1.252005108220E+02,  0.0416
     47991,      1993,  1.252004669542E+02,  0.0415
     48099,      1994,  1.251961015808E+02,  0.0415
     48765,      1995,  1.251960749297E+02,  0.0409
     49809,      1996,  1.251955437634E+02,  0.0401
     49913,      1997,  1.251954191643E+02,  0.0400
     50051,      1998,  1.251931948659E+02,  0.0399
     50185,      1999,  1.251931692496E+02,  0.0398
     50412,      2000,  1.251931620554E+02,  0.0397
     50494,      2001,  1.251931607803E+02,  0.0396
     50496,      2002,  1.251930594493E+02,  0.0396
     50995,      2003,  1.251921919703E+02,  0.0393
     51951,      2004,  1.251921846757E+02,  0.0386
     51999,      2005,  1.251921147417E+02,  0.0386
     52049,      2006,  1.251920812845E+02,  0.0385
     52054,      2007,  1.251920639316E+02,  0.0386
     52682,      2008,  1.251920270293E+02,  0.0381
     52722,      2009,  1.251920134581E+02,  0.0381
     53059,      2010,  1.251919852302E+02,  0.0379
     53227,      2011,  1.251918373691E+02,  0.0378
     53408,      2012,  1.251907783177E+02,  0.0377
     54005,      2013,  1.251907469194E+02,  0.0373
     54180,      2014,  1.251907091651E+02,  0.0372
     54603,      2015,  1.251906722051E+02,  0.0369
     54620,      2016,  1.251903652235E+02,  0.0369
     54857,      2017,  1.251903016460E+02,  0.0368
     54864,      2018,  1.251902864401E+02,  0.0368
     55094,      2019,  1.251902851344E+02,  0.0366
     55617,      2020,  1.251902423368E+02,  0.0363
     55959,      2021,  1.251901687050E+02,  0.0361
     56186,      2022,  1.251901228263E+02,  0.0360
     56544,      2023,  1.251901142532E+02,  0.0358
     56753,      2024,  1.251901126703E+02,  0.0357
     57832,      2025,  1.251901054587E+02,  0.0350
     58161,      2026,  1.251900515610E+02,  0.0348
     59337,      2027,  1.251900449616E+02,  0.0342
     60013,      2028,  1.251895978874E+02,  0.0338
     60242,      2029,  1.251895669111E+02,  0.0337
     60324,      2030,  1.251895528127E+02,  0.0337
     60509,      2031,  1.251895386194E+02,  0.0336
     60895,      2032,  1.251895332967E+02,  0.0334
     61066,      2033,  1.251895268383E+02,  0.0333
     61539,      2034,  1.251888277590E+02,  0.0331
     61631,      2035,  1.251888010859E+02,  0.0330
     61726,      2036,  1.251887833810E+02,  0.0330
     61904,      2037,  1.251887433541E+02,  0.0329
     62189,      2038,  1.251886679305E+02,  0.0328
     62248,      2039,  1.251885992632E+02,  0.0328
     62341,      2040,  1.251884173570E+02,  0.0327
     62416,      2041,  1.251883762320E+02,  0.0327
     62721,      2042,  1.251883244859E+02,  0.0326
     63312,      2043,  1.251882966358E+02,  0.0323
     63549,      2044,  1.251882925075E+02,  0.0322
     63917,      2045,  1.251882434745E+02,  0.0320
     64235,      2046,  1.251882430554E+02,  0.0319
     64246,      2047,  1.251880639014E+02,  0.0319
     64304,      2048,  1.251880427035E+02,  0.0318
     64901,      2049,  1.251880353084E+02,  0.0316
     66428,      2050,  1.251880152916E+02,  0.0309
     66504,      2051,  1.251880040617E+02,  0.0308
     67134,      2052,  1.251879853514E+02,  0.0306
     67137,      2053,  1.251879744663E+02,  0.0306
     67308,      2054,  1.251877901282E+02,  0.0305
     67674,      2055,  1.251877815317E+02,  0.0304
     69247,      2056,  1.251875212556E+02,  0.0297
     69269,      2057,  1.251874909177E+02,  0.0297
     69431,      2058,  1.251874893974E+02,  0.0296
     69553,      2059,  1.251873308862E+02,  0.0296
     69998,      2060,  1.251872167660E+02,  0.0294
     70667,      2061,  1.251863003261E+02,  0.0292
     70763,      2062,  1.251862961900E+02,  0.0291
     71189,      2063,  1.251862920626E+02,  0.0290
     71589,      2064,  1.251861380553E+02,  0.0288
     72006,      2065,  1.251861201922E+02,  0.0287
     72367,      2066,  1.251854865690E+02,  0.0285
     72549,      2067,  1.251854838717E+02,  0.0285
     72641,      2068,  1.251841955179E+02,  0.0285
     72951,      2069,  1.251841152231E+02,  0.0284
     73000,      2070,  1.251808259926E+02,  0.0284
     73057,      2071,  1.251808007080E+02,  0.0283
     73313,      2072,  1.251807655314E+02,  0.0283
     73441,      2073,  1.251806896715E+02,  0.0282
     73776,      2074,  1.251794553125E+02,  0.0281
     74297,      2075,  1.251793852451E+02,  0.0279
     74484,      2076,  1.251793841777E+02,  0.0279
     74567,      2077,  1.251793768884E+02,  0.0279
     75102,      2078,  1.251793167759E+02,  0.0277
     75193,      2079,  1.251792999821E+02,  0.0276
     75257,      2080,  1.251792988236E+02,  0.0276
     75329,      2081,  1.251792742437E+02,  0.0276
     75357,      2082,  1.251792571520E+02,  0.0276
     75533,      2083,  1.251792347321E+02,  0.0276
     75752,      2084,  1.251792327501E+02,  0.0275
     75785,      2085,  1.251792128626E+02,  0.0275
     75956,      2086,  1.251790914828E+02,  0.0275
     75968,      2087,  1.251790759421E+02,  0.0275
     76292,      2088,  1.251790656568E+02,  0.0274
     76433,      2089,  1.251790493770E+02,  0.0273
     77120,      2090,  1.251778278078E+02,  0.0271
     77419,      2091,  1.251777246300E+02,  0.0270
     77717,      2092,  1.251777091891E+02,  0.0269
     78099,      2093,  1.251776778508E+02,  0.0268
     78776,      2094,  1.251776551522E+02,  0.0266
     79776,      2095,  1.251776502370E+02,  0.0263
     79894,      2096,  1.251776063500E+02,  0.0262
     81657,      2097,  1.251776053924E+02,  0.0257
     81932,      2098,  1.251775890651E+02,  0.0256
     82143,      2099,  1.251775849754E+02,  0.0256
     82419,      2100,  1.251773515808E+02,  0.0255
     82855,      2101,  1.251773463875E+02,  0.0254
     82927,      2102,  1.251770672443E+02,  0.0253
     83290,      2103,  1.251770496261E+02,  0.0252
     83474,      2104,  1.251770426720E+02,  0.0252
     83503,      2105,  1.251759557957E+02,  0.0252
     84304,      2106,  1.251759337837E+02,  0.0250
     84749,      2107,  1.251759327459E+02,  0.0249
     85071,      2108,  1.251758745235E+02,  0.0248
     85543,      2109,  1.251742545596E+02,  0.0247
     85660,      2110,  1.251742087737E+02,  0.0246
     88712,      2111,  1.251739223441E+02,  0.0238
     89210,      2112,  1.251736389950E+02,  0.0237
     89267,      2113,  1.251736354461E+02,  0.0237
     90252,      2114,  1.251735942864E+02,  0.0234
     90319,      2115,  1.251735895316E+02,  0.0234
     90396,      2116,  1.251724163860E+02,  0.0234
     90637,      2117,  1.251724099333E+02,  0.0234
     90748,      2118,  1.251720996910E+02,  0.0233
     91114,      2119,  1.251720984620E+02,  0.0233
     91527,      2120,  1.251720979758E+02,  0.0232
     92117,      2121,  1.251718345172E+02,  0.0230
     92730,      2122,  1.251718316538E+02,  0.0229
     92914,      2123,  1.251709879033E+02,  0.0228
     93048,      2124,  1.251709780375E+02,  0.0228
     93226,      2125,  1.251709747899E+02,  0.0228
     93328,      2126,  1.251709734323E+02,  0.0228
     93354,      2127,  1.251709457152E+02,  0.0228
     93962,      2128,  1.251676966791E+02,  0.0226
     95060,      2129,  1.251676965070E+02,  0.0224
     95102,      2130,  1.251676848333E+02,  0.0224
     95161,      2131,  1.251676817014E+02,  0.0224
     95226,      2132,  1.251676766367E+02,  0.0224
     96132,      2133,  1.251676662227E+02,  0.0222
     97127,      2134,  1.251676639822E+02,  0.0220
     97357,      2135,  1.251676529499E+02,  0.0219
     97688,      2136,  1.251676527286E+02,  0.0219
     98310,      2137,  1.251676400342E+02,  0.0217
     98463,      2138,  1.251676290056E+02,  0.0217
     98901,      2139,  1.251676218921E+02,  0.0216
     99153,      2140,  1.251676028235E+02,  0.0216
     99695,      2141,  1.251675934156E+02,  0.0215
    101102,      2142,  1.251673937371E+02,  0.0212
    101382,      2143,  1.251660134396E+02,  0.0211
    101551,      2144,  1.251660062522E+02,  0.0211
    103028,      2145,  1.251660041319E+02,  0.0208
    103044,      2146,  1.251659889397E+02,  0.0208
    105920,      2147,  1.251651771514E+02,  0.0203
    106180,      2148,  1.251651665488E+02,  0.0202
    106289,      2149,  1.251641611604E+02,  0.0202
    107140,      2150,  1.251641310317E+02,  0.0201
    107414,      2151,  1.251639608186E+02,  0.0200
    107646,      2152,  1.251635102884E+02,  0.0200
    108232,      2153,  1.251635083584E+02,  0.0199
    108952,      2154,  1.251634952580E+02,  0.0198
    111068,      2155,  1.251587708053E+02,  0.0194
    113217,      2156,  1.251583045412E+02,  0.0190
    114198,      2157,  1.251582814504E+02,  0.0189
    114356,      2158,  1.251582761759E+02,  0.0189
    114362,      2159,  1.251582607552E+02,  0.0189
    116212,      2160,  1.251582529756E+02,  0.0186
    120099,      2161,  1.251582491461E+02,  0.0180
    121324,      2162,  1.251582329746E+02,  0.0178
    121901,      2163,  1.251573185912E+02,  0.0177
    122339,      2164,  1.251570060767E+02,  0.0177
    122724,      2165,  1.251569272616E+02,  0.0176
    123911,      2166,  1.251569264353E+02,  0.0175
    125074,      2167,  1.251569223765E+02,  0.0173
    125205,      2168,  1.251569221236E+02,  0.0173
    125282,      2169,  1.251451324181E+02,  0.0173
    126851,      2170,  1.251440285234E+02,  0.0171
    128339,      2171,  1.251435427791E+02,  0.0169
    128748,      2172,  1.251433781994E+02,  0.0169
    128897,      2173,  1.251432286325E+02,  0.0169
    129344,      2174,  1.251428584407E+02,  0.0168
    129597,      2175,  1.251428386152E+02,  0.0168
    131035,      2176,  1.251428122291E+02,  0.0166
    132011,      2177,  1.251426497447E+02,  0.0165
    132313,      2178,  1.251426231422E+02,  0.0165
    132789,      2179,  1.251426187872E+02,  0.0164
    132910,      2180,  1.251425907705E+02,  0.0164
    133669,      2181,  1.251425890371E+02,  0.0163
    134166,      2182,  1.251425811400E+02,  0.0163
    136019,      2183,  1.251425715682E+02,  0.0160
    136345,      2184,  1.251417333632E+02,  0.0160
    136884,      2185,  1.251417303736E+02,  0.0160
    137167,      2186,  1.251417276878E+02,  0.0159
    137871,      2187,  1.251414324510E+02,  0.0159
    138381,      2188,  1.251414219907E+02,  0.0158
    140064,      2189,  1.251414159517E+02,  0.0156
    140202,      2190,  1.251413787495E+02,  0.0156
    140468,      2191,  1.251413778674E+02,  0.0156
    140752,      2192,  1.251413695350E+02,  0.0156
    141585,      2193,  1.251413503432E+02,  0.0155
    142495,      2194,  1.251413443832E+02,  0.0154
    142790,      2195,  1.251408786482E+02,  0.0154
    143448,      2196,  1.251408577258E+02,  0.0153
    145253,      2197,  1.251407092865E+02,  0.0151
    147500,      2198,  1.251407092001E+02,  0.0149
    149745,      2199,  1.251407057288E+02,  0.0147
    149856,      2200,  1.251407034002E+02,  0.0147
    151027,      2201,  1.251407000021E+02,  0.0146
    151542,      2202,  1.251406567717E+02,  0.0145
    153257,      2203,  1.251404577735E+02,  0.0144
    153883,      2204,  1.251404572885E+02,  0.0143
    155026,      2205,  1.251404557997E+02,  0.0142
    155381,      2206,  1.251404550624E+02,  0.0142
    157545,      2207,  1.251404529778E+02,  0.0140
    157747,      2208,  1.251403430621E+02,  0.0140
    158852,      2209,  1.251395902746E+02,  0.0139
    158968,      2210,  1.251395704124E+02,  0.0139
    159543,      2211,  1.251395529981E+02,  0.0139
    159573,      2212,  1.251395524876E+02,  0.0139
    161872,      2213,  1.251395511176E+02,  0.0137
    165878,      2214,  1.251391499282E+02,  0.0133
    166669,      2215,  1.251391311950E+02,  0.0133
    166685,      2216,  1.251391301471E+02,  0.0133
    167659,      2217,  1.251391281915E+02,  0.0132
    167747,      2218,  1.251391250814E+02,  0.0132
    167826,      2219,  1.251390819513E+02,  0.0132
    168000,      2220,  1.251390663703E+02,  0.0132
    169239,      2221,  1.251390579341E+02,  0.0131
    169659,      2222,  1.251390572074E+02,  0.0131
    170044,      2223,  1.251390551109E+02,  0.0131
    171040,      2224,  1.251389839132E+02,  0.0130
    171613,      2225,  1.251389752647E+02,  0.0130
    171623,      2226,  1.251389711080E+02,  0.0130
    172003,      2227,  1.251385457778E+02,  0.0129
    172962,      2228,  1.251385329295E+02,  0.0129
    173283,      2229,  1.251385240524E+02,  0.0129
    175315,      2230,  1.251385237252E+02,  0.0127
    175330,      2231,  1.251385203757E+02,  0.0127
    176344,      2232,  1.251385162707E+02,  0.0127
    176455,      2233,  1.251384978696E+02,  0.0127
    176616,      2234,  1.251384920796E+02,  0.0126
    176893,      2235,  1.251384844645E+02,  0.0126
    177093,      2236,  1.251384837228E+02,  0.0126
    177249,      2237,  1.251384767347E+02,  0.0126
    177679,      2238,  1.251371703484E+02,  0.0126
    177899,      2239,  1.251371679344E+02,  0.0126
    178364,      2240,  1.251371667516E+02,  0.0126
    178822,      2241,  1.251367346164E+02,  0.0125
    178887,      2242,  1.251367221680E+02,  0.0125
    180263,      2243,  1.251367109384E+02,  0.0124
    181052,      2244,  1.251366924406E+02,  0.0124
    181548,      2245,  1.251366917729E+02,  0.0124
    182673,      2246,  1.251366900138E+02,  0.0123
    183141,      2247,  1.251366727025E+02,  0.0123
    186326,      2248,  1.251366642002E+02,  0.0121
    186375,      2249,  1.251366641516E+02,  0.0121
    187441,      2250,  1.251366578352E+02,  0.0120
    188004,      2251,  1.251362586723E+02,  0.0120
    188432,      2252,  1.251360847345E+02,  0.0120
    188486,      2253,  1.251360282517E+02,  0.0120
    188695,      2254,  1.251359897819E+02,  0.0119
    188758,      2255,  1.251359832985E+02,  0.0119
    188809,      2256,  1.251359801970E+02,  0.0119
    189324,      2257,  1.251359716825E+02,  0.0119
    189359,      2258,  1.251359694998E+02,  0.0119
    190525,      2259,  1.251359657359E+02,  0.0119
    190785,      2260,  1.251359366101E+02,  0.0118
    191518,      2261,  1.251359362475E+02,  0.0118
    191654,      2262,  1.251359007385E+02,  0.0118
    192803,      2263,  1.251358137859E+02,  0.0117
    192928,      2264,  1.251352026567E+02,  0.0117
    193490,      2265,  1.251351723086E+02,  0.0117
    193915,      2266,  1.251351712293E+02,  0.0117
    194017,      2267,  1.251351257431E+02,  0.0117
    194032,      2268,  1.251351245384E+02,  0.0117
    194367,      2269,  1.251350576103E+02,  0.0117
    196727,      2270,  1.251350517115E+02,  0.0115
    197387,      2271,  1.251349730075E+02,  0.0115
    198391,      2272,  1.251323421163E+02,  0.0115
    199619,      2273,  1.251323190114E+02,  0.0114
    199974,      2274,  1.251318699379E+02,  0.0114
    201171,      2275,  1.251315462840E+02,  0.0113
    201299,      2276,  1.251315462338E+02,  0.0113
    204401,      2277,  1.251315126391E+02,  0.0111
    205552,      2278,  1.251315106131E+02,  0.0111
    206415,      2279,  1.251315086328E+02,  0.0110
    207283,      2280,  1.251314552242E+02,  0.0110
    207559,      2281,  1.251314452460E+02,  0.0110
    207563,      2282,  1.251311963786E+02,  0.0110
    207886,      2283,  1.251311929027E+02,  0.0110
    208391,      2284,  1.251311820474E+02,  0.0110
    210035,      2285,  1.251311810196E+02,  0.0109
    211351,      2286,  1.251311795675E+02,  0.0108
    212168,      2287,  1.251311609086E+02,  0.0108
    213717,      2288,  1.251311549244E+02,  0.0107
    214147,      2289,  1.251311508356E+02,  0.0107
    214581,      2290,  1.251311482213E+02,  0.0107
    214839,      2291,  1.251311464117E+02,  0.0107
    214880,      2292,  1.251311430243E+02,  0.0107
    215637,      2293,  1.251311400532E+02,  0.0106
    217962,      2294,  1.251311280693E+02,  0.0105
    218604,      2295,  1.251311241378E+02,  0.0105
    219176,      2296,  1.251311122278E+02,  0.0105
    222083,      2297,  1.251310702948E+02,  0.0103
    223075,      2298,  1.251310622210E+02,  0.0103
    223435,      2299,  1.251308990043E+02,  0.0103
    223542,      2300,  1.251308977477E+02,  0.0103
    224027,      2301,  1.251308960144E+02,  0.0103
    225959,      2302,  1.251308886189E+02,  0.0102
    227956,      2303,  1.251308730582E+02,  0.0101
    230603,      2304,  1.251308301231E+02,  0.0100
    232048,      2305,  1.251308197986E+02,  0.0099
    232432,      2306,  1.251308178282E+02,  0.0099
    233118,      2307,  1.251306575389E+02,  0.0099
    237020,      2308,  1.251306554822E+02,  0.0097
    239094,      2309,  1.251300749406E+02,  0.0097
    241852,      2310,  1.251300627904E+02,  0.0096
    241910,      2311,  1.251300571899E+02,  0.0096
    242057,      2312,  1.251300543052E+02,  0.0096
    243627,      2313,  1.251300093163E+02,  0.0095
    243835,      2314,  1.251300083752E+02,  0.0095
    245291,      2315,  1.251300046559E+02,  0.0094
    245984,      2316,  1.251296912821E+02,  0.0094
    247032,      2317,  1.251296877795E+02,  0.0094
    247320,      2318,  1.251296856164E+02,  0.0094
    248004,      2319,  1.251296825112E+02,  0.0094
    249948,      2320,  1.251296678313E+02,  0.0093
    251659,      2321,  1.251296665264E+02,  0.0092
    255170,      2322,  1.251294634018E+02,  0.0091
    255957,      2323,  1.251294578214E+02,  0.0091
    256550,      2324,  1.251294483346E+02,  0.0091
    257132,      2325,  1.251294440475E+02,  0.0090
    257862,      2326,  1.251294319881E+02,  0.0090
    258274,      2327,  1.251292916581E+02,  0.0090
    259737,      2328,  1.251290920180E+02,  0.0090
    260101,      2329,  1.251290903687E+02,  0.0090
    267234,      2330,  1.251290886028E+02,  0.0087
    271254,      2331,  1.251290808741E+02,  0.0086
    276108,      2332,  1.251290752735E+02,  0.0084
    279683,      2333,  1.251290735930E+02,  0.0083
    279700,      2334,  1.251290722350E+02,  0.0083
    283599,      2335,  1.251290460393E+02,  0.0082
    283813,      2336,  1.251289927051E+02,  0.0082
    284072,      2337,  1.251289875838E+02,  0.0082
    285491,      2338,  1.251287056262E+02,  0.0082
    289579,      2339,  1.251287032916E+02,  0.0081
    291493,      2340,  1.251287030691E+02,  0.0080
    292140,      2341,  1.251287023378E+02,  0.0080
    292366,      2342,  1.251286866681E+02,  0.0080
    304069,      2343,  1.251286863369E+02,  0.0077
    304326,      2344,  1.251275950042E+02,  0.0077
    307379,      2345,  1.251275005334E+02,  0.0076
    308614,      2346,  1.251274756382E+02,  0.0076
    308825,      2347,  1.251274459043E+02,  0.0076
    309170,      2348,  1.251273884232E+02,  0.0076
    309523,      2349,  1.251273833908E+02,  0.0076
    309921,      2350,  1.251273814753E+02,  0.0076
    309976,      2351,  1.251273798083E+02,  0.0076
    313211,      2352,  1.251273700459E+02,  0.0075
    314888,      2353,  1.251273661868E+02,  0.0075
    316192,      2354,  1.251273612578E+02,  0.0074
    316782,      2355,  1.251270240901E+02,  0.0074
    317405,      2356,  1.251268929570E+02,  0.0074
    318674,      2357,  1.251268840385E+02,  0.0074
    322070,      2358,  1.251266978550E+02,  0.0073
    325247,      2359,  1.251265715041E+02,  0.0073
    325794,      2360,  1.251265706043E+02,  0.0072
    326320,      2361,  1.251265630415E+02,  0.0072
    326331,      2362,  1.251263015693E+02,  0.0072
    326785,      2363,  1.251262979664E+02,  0.0072
    327549,      2364,  1.251262963792E+02,  0.0072
    327575,      2365,  1.251262959923E+02,  0.0072
    328134,      2366,  1.251262936686E+02,  0.0072
    329468,      2367,  1.251262933713E+02,  0.0072
    338941,      2368,  1.251262924648E+02,  0.0070
    339061,      2369,  1.251260831964E+02,  0.0070
    345781,      2370,  1.251260793054E+02,  0.0069
    346301,      2371,  1.251260690712E+02,  0.0068
    351707,      2372,  1.251260643392E+02,  0.0067
    354335,      2373,  1.251259619585E+02,  0.0067
    355247,      2374,  1.251259209168E+02,  0.0067
    356514,      2375,  1.251259153980E+02,  0.0067
    356680,      2376,  1.251259149728E+02,  0.0067
    358207,      2377,  1.251258681570E+02,  0.0066
    358434,      2378,  1.251258657867E+02,  0.0066
    358465,      2379,  1.251258623827E+02,  0.0066
    359946,      2380,  1.251258583151E+02,  0.0066
    360598,      2381,  1.251258582660E+02,  0.0066
    360666,      2382,  1.251258571988E+02,  0.0066
    363307,      2383,  1.251257938349E+02,  0.0066
    364587,      2384,  1.251254039958E+02,  0.0065
    365278,      2385,  1.251251365952E+02,  0.0065
    367096,      2386,  1.251251330949E+02,  0.0065
    367955,      2387,  1.251251295474E+02,  0.0065
    368537,      2388,  1.251238008433E+02,  0.0065
    369754,      2389,  1.251237931164E+02,  0.0065
    371329,      2390,  1.251237842976E+02,  0.0064
    371920,      2391,  1.251237795393E+02,  0.0064
    372657,      2392,  1.251237777024E+02,  0.0064
    375365,      2393,  1.251237731576E+02,  0.0064
    375640,      2394,  1.251237687490E+02,  0.0064
    375903,      2395,  1.251237665295E+02,  0.0064
    380741,      2396,  1.251237649096E+02,  0.0063
    382519,      2397,  1.251237639109E+02,  0.0063
    384084,      2398,  1.251237618778E+02,  0.0062
    388291,      2399,  1.251237598910E+02,  0.0062
    389376,      2400,  1.251237531817E+02,  0.0062
    392133,      2401,  1.251236835420E+02,  0.0061
    393595,      2402,  1.251236825849E+02,  0.0061
    398107,      2403,  1.251236820264E+02,  0.0060
    399283,      2404,  1.251236802084E+02,  0.0060
    406920,      2405,  1.251236799641E+02,  0.0059
    408194,      2406,  1.251236795380E+02,  0.0059
    408868,      2407,  1.251236758168E+02,  0.0059
    412175,      2408,  1.251236751101E+02,  0.0058
    414449,      2409,  1.251235411528E+02,  0.0058
    415186,      2410,  1.251233452226E+02,  0.0058
    417106,      2411,  1.251233300647E+02,  0.0058
    420231,      2412,  1.251233255401E+02,  0.0057
    420629,      2413,  1.251233246241E+02,  0.0057
    422079,      2414,  1.251233242159E+02,  0.0057
    422994,      2415,  1.251233074714E+02,  0.0057
    424021,      2416,  1.251233061560E+02,  0.0057
    426264,      2417,  1.251232961456E+02,  0.0057
    427901,      2418,  1.251232943906E+02,  0.0057
    429811,      2419,  1.251232936654E+02,  0.0056
    432672,      2420,  1.251232690866E+02,  0.0056
    432724,      2421,  1.251232685425E+02,  0.0056
    433091,      2422,  1.251232680784E+02,  0.0056
    434468,      2423,  1.251232674832E+02,  0.0056
    437558,      2424,  1.251231279564E+02,  0.0055
    443709,      2425,  1.251231258765E+02,  0.0055
    443878,      2426,  1.251231171292E+02,  0.0055
    443974,      2427,  1.251231161061E+02,  0.0055
    447528,      2428,  1.251231094049E+02,  0.0054
    449460,      2429,  1.251230908705E+02,  0.0054
    451682,      2430,  1.251230893752E+02,  0.0054
    455981,      2431,  1.251230882237E+02,  0.0053
    456674,      2432,  1.251230869138E+02,  0.0053
    458270,      2433,  1.251230849297E+02,  0.0053
    459755,      2434,  1.251230590827E+02,  0.0053
    460547,      2435,  1.251230582045E+02,  0.0053
    463434,      2436,  1.251230562020E+02,  0.0053
    463842,      2437,  1.251230547698E+02,  0.0053
    466485,      2438,  1.251230524006E+02,  0.0052
    468853,      2439,  1.251230476889E+02,  0.0052
    473112,      2440,  1.251229054623E+02,  0.0052
    473663,      2441,  1.251229045311E+02,  0.0052
    474473,      2442,  1.251227202847E+02,  0.0051
    476005,      2443,  1.251227186954E+02,  0.0051
    476177,      2444,  1.251226819166E+02,  0.0051
    476489,      2445,  1.251226777272E+02,  0.0051
    478606,      2446,  1.251226328616E+02,  0.0051
    478950,      2447,  1.251226314827E+02,  0.0051
    479379,      2448,  1.251226301087E+02,  0.0051
    482150,      2449,  1.251226296758E+02,  0.0051
    483660,      2450,  1.251224996240E+02,  0.0051
    486825,      2451,  1.251224928604E+02,  0.0050
    487067,      2452,  1.251224927934E+02,  0.0050
    487088,      2453,  1.251224710306E+02,  0.0050
    487269,      2454,  1.251224626885E+02,  0.0050
    487950,      2455,  1.251223754463E+02,  0.0050
    489078,      2456,  1.251220834458E+02,  0.0050
    489267,      2457,  1.251220808057E+02,  0.0050
    490147,      2458,  1.251220797774E+02,  0.0050
    491743,      2459,  1.251220779571E+02,  0.0050
    492116,      2460,  1.251220748190E+02,  0.0050
    492619,      2461,  1.251219170551E+02,  0.0050
    492775,      2462,  1.251219158303E+02,  0.0050
    492903,      2463,  1.251219148864E+02,  0.0050
    493275,      2464,  1.251213740423E+02,  0.0050
    493419,      2465,  1.251213718571E+02,  0.0050
    497227,      2466,  1.251213699205E+02,  0.0050
    497752,      2467,  1.251213679587E+02,  0.0050
    499138,      2468,  1.251213669624E+02,  0.0049
    499860,      2469,  1.251213662222E+02,  0.0049
