iteration,accepted_count,energy,acceptance_rate
         0,         0,  2.833714215866E+02,  0.0000
         2,         1,  2.832228684105E+02,  0.5000
         4,         2,  2.831509182699E+02,  0.5000
         8,         3,  2.831163990689E+02,  0.3750
        12,         4,  2.830203769386E+02,  0.3333
        13,         5,  2.829368746249E+02,  0.3846
        14,         6,  2.828999832413E+02,  0.4286
        16,         7,  2.828437200387E+02,  0.4375
        17,         8,  1.878453805579E+02,  0.4706
        19,         9,  1.870137005144E+02,  0.4737
        21,        10,  1.865815461629E+02,  0.4762
        22,        11,  1.865228395063E+02,  0.5000
        26,        12,  1.863964692963E+02,  0.4615
        28,        13,  1.863894072703E+02,  0.4643
        29,        14,  1.863149343913E+02,  0.4828
        31,        15,  1.862792540252E+02,  0.4839
        32,        16,  1.861212442038E+02,  0.5000
        33,        17,  1.860715231137E+02,  0.5152
        34,        18,  1.859798818837E+02,  0.5294
        37,        19,  1.859524965805E+02,  0.5135
        39,        20,  1.855692407968E+02,  0.5128
        40,        21,  1.854510574728E+02,  0.5250
        41,        22,  1.854477818816E+02,  0.5366
        42,        23,  1.850608968566E+02,  0.5476
        43,        24,  1.850310996685E+02,  0.5581
        45,        25,  1.850096112822E+02,  0.5556
        47,        26,  1.822778434359E+02,  0.5532
        48,        27,  1.822600589145E+02,  0.5625
        49,        28,  1.822375760383E+02,  0.5714
        51,        29,  1.821179218131E+02,  0.5686
        52,        30,  1.820255212318E+02,  0.5769
        59,        31,  1.819511557162E+02,  0.5254
        61,        32,  1.819157218730E+02,  0.5246
        62,        33,  1.818914390500E+02,  0.5323
        65,        34,  1.816950810947E+02,  0.5231
        69,        35,  1.815713574256E+02,  0.5072
        71,        36,  1.815398790514E+02,  0.5070
        72,        37,  1.814928810703E+02,  0.5139
        73,        38,  1.814813587535E+02,  0.5205
        76,        39,  1.814450060714E+02,  0.5132
        77,        40,  1.814439030253E+02,  0.5195
        79,        41,  1.814343533350E+02,  0.5190
        81,        42,  1.813710334031E+02,  0.5185
        82,        43,  1.813400670390E+02,  0.5244
        83,        44,  1.813250025355E+02,  0.5301
        87,        45,  1.813039958794E+02,  0.5172
        88,        46,  1.812829064634E+02,  0.5227
        94,        47,  1.812036028533E+02,  0.5000
        96,        48,  1.810393109285E+02,  0.5000
        98,        49,  1.809567446643E+02,  0.5000
       101,        50,  1.808209936378E+02,  0.4950
       103,        51,  1.808109284238E+02,  0.4951
       105,        52,  1.807902768443E+02,  0.4952
       106,        53,  1.807647341312E+02,  0.5000
       111,        54,  1.807293322037E+02,  0.4865
       114,        55,  1.806128208339E+02,  0.4825
       115,        56,  1.805714924522E+02,  0.4870
       118,        57,  1.805480734028E+02,  0.4831
       119,        58,  1.805152015261E+02,  0.4874
       120,        59,  1.804166697936E+02,  0.4917
       123,        60,  1.803068710762E+02,  0.4878
       124,        61,  1.802894208698E+02,  0.4919
       125,        62,  1.799916452733E+02,  0.4960
       126,        63,  1.798953220428E+02,  0.5000
       127,        64,  1.797438899250E+02,  0.5039
       133,        65,  1.797321274832E+02,  0.4887
       135,        66,  1.796805870804E+02,  0.4889
       138,        67,  1.795497064262E+02,  0.4855
       140,        68,  1.795057449097E+02,  0.4857
       141,        69,  1.795024183629E+02,  0.4894
       143,        70,  1.791514485968E+02,  0.4895
       144,        71,  1.791278961499E+02,  0.4931
       145,        72,  1.790484399719E+02,  0.4966
       154,        73,  1.789939575882E+02,  0.4740
       155,        74,  1.789890869940E+02,  0.4774
       156,        75,  1.789775896625E+02,  0.4808
       162,        76,  1.786500687050E+02,  0.4691
       163,        77,  1.786170078168E+02,  0.4724
       167,        78,  1.785863130898E+02,  0.4671
       174,        79,  1.785655209568E+02,  0.4540
       175,        80,  1.785021769758E+02,  0.4571
       181,        81,  1.784267199753E+02,  0.4475
       182,        82,  1.783953586243E+02,  0.4505
       183,        83,  1.783694071973E+02,  0.4536
       184,        84,  1.783436687169E+02,  0.4565
       185,        85,  1.783230159005E+02,  0.4595
       186,        86,  1.782175188875E+02,  0.4624
       188,        87,  1.780897206180E+02,  0.4628
       189,        88,  1.780318940379E+02,  0.4656
       191,        89,  1.780309126198E+02,  0.4660
       193,        90,  1.780119927713E+02,  0.4663
       194,        91,  1.780047056784E+02,  0.4691
       195,        92,  1.778667688958E+02,  0.4718
       198,        93,  1.777570421203E+02,  0.4697
       202,        94,  1.777248194493E+02,  0.4653
       204,        95,  1.776889691899E+02,  0.4657
       212,        96,  1.776771952950E+02,  0.4528
       217,        97,  1.775600994426E+02,  0.4470
       219,        98,  1.774908138990E+02,  0.4475
       220,        99,  1.774742504598E+02,  0.4500
       230,       100,  1.773582894622E+02,  0.4348
       232,       101,  1.773506170425E+02,  0.4353
       233,       102,  1.772783817334E+02,  0.4378
       235,       103,  1.772462382050E+02,  0.4383
       236,       104,  1.769139231578E+02,  0.4407
       237,       105,  1.769092187542E+02,  0.4430
       240,       106,  1.768637073169E+02,  0.4417
       242,       107,  1.767703975550E+02,  0.4421
       243,       108,  1.766261073242E+02,  0.4444
       245,       109,  1.764422498272E+02,  0.4449
       248,       110,  1.763493425404E+02,  0.4435
       250,       111,  1.762800646719E+02,  0.4440
       253,       112,  1.762604589921E+02,  0.4427
       254,       113,  1.762060546156E+02,  0.4449
       255,       114,  1.760877293237E+02,  0.4471
       258,       115,  1.760044344890E+02,  0.4457
       259,       116,  1.759986684055E+02,  0.4479
       260,       117,  1.759737256567E+02,  0.4500
       263,       118,  1.759575877891E+02,  0.4487
       266,       119,  1.759265827346E+02,  0.4474
       268,       120,  1.758861671485E+02,  0.4478
       271,       121,  1.758087246257E+02,  0.4465
       276,       122,  1.757628647578E+02,  0.4420
       277,       123,  1.756516026258E+02,  0.4440
       278,       124,  1.756362862247E+02,  0.4460
       280,       125,  1.753782721161E+02,  0.4464
       281,       126,  1.753359502872E+02,  0.4484
       282,       127,  1.752137638199E+02,  0.4504
       283,       128,  1.751037033101E+02,  0.4523
       285,       129,  1.749621095185E+02,  0.4526
       289,       130,  1.749456521362E+02,  0.4498
       290,       131,  1.748546066608E+02,  0.4517
       292,       132,  1.747758756425E+02,  0.4521
       293,       133,  1.747451652861E+02,  0.4539
       297,       134,  1.747278610355E+02,  0.4512
       298,       135,  1.746909056634E+02,  0.4530
       300,       136,  1.745865388798E+02,  0.4533
       301,       137,  1.744078507653E+02,  0.4551
       304,       138,  1.743010291408E+02,  0.4539
       306,       139,  1.742781849207E+02,  0.4542
       308,       140,  1.741273087847E+02,  0.4545
       309,       141,  1.740955785499E+02,  0.4563
       310,       142,  1.740206623939E+02,  0.4581
       311,       143,  1.739403452524E+02,  0.4598
       314,       144,  1.739161204299E+02,  0.4586
       316,       145,  1.738967923372E+02,  0.4589
       317,       146,  1.738721844724E+02,  0.4606
       318,       147,  1.736856152580E+02,  0.4623
       319,       148,  1.734325369881E+02,  0.4639
       322,       149,  1.734087027274E+02,  0.4627
       323,       150,  1.733375037066E+02,  0.4644
       324,       151,  1.733193575929E+02,  0.4660
       326,       152,  1.732812122720E+02,  0.4663
       327,       153,  1.731664561202E+02,  0.4679
       331,       154,  1.731137796382E+02,  0.4653
       334,       155,  1.731066531640E+02,  0.4641
       335,       156,  1.730542144050E+02,  0.4657
       337,       157,  1.729804513861E+02,  0.4659
       338,       158,  1.729647214629E+02,  0.4675
       343,       159,  1.729423184051E+02,  0.4636
       344,       160,  1.728753810671E+02,  0.4651
       345,       161,  1.727466544172E+02,  0.4667
       346,       162,  1.727394870726E+02,  0.4682
       349,       163,  1.726447399503E+02,  0.4670
       350,       164,  1.726380852942E+02,  0.4686
       351,       165,  1.725301043416E+02,  0.4701
       353,       166,  1.724952272615E+02,  0.4703
       357,       167,  1.723502162920E+02,  0.4678
       359,       168,  1.723372301088E+02,  0.4680
       360,       169,  1.722953037612E+02,  0.4694
       361,       170,  1.722681648164E+02,  0.4709
       362,       171,  1.721089134492E+02,  0.4724
       364,       172,  1.720387000592E+02,  0.4725
       368,       173,  1.715921996319E+02,  0.4701
       369,       174,  1.715894555903E+02,  0.4715
       371,       175,  1.715623046145E+02,  0.4717
       372,       176,  1.714144969311E+02,  0.4731
       373,       177,  1.713074303502E+02,  0.4745
       375,       178,  1.712896969498E+02,  0.4747
       380,       179,  1.712579371265E+02,  0.4711
       383,       180,  1.710838241812E+02,  0.4700
       384,       181,  1.709246131346E+02,  0.4714
       386,       182,  1.707898717834E+02,  0.4715
       387,       183,  1.706824416465E+02,  0.4729
       393,       184,  1.706589477905E+02,  0.4682
       400,       185,  1.705677786972E+02,  0.4625
       405,       186,  1.705330601197E+02,  0.4593
       406,       187,  1.702501758544E+02,  0.4606
       408,       188,  1.702275799460E+02,  0.4608
       409,       189,  1.700709211566E+02,  0.4621
       414,       190,  1.700139142649E+02,  0.4589
       415,       191,  1.698941087774E+02,  0.4602
       422,       192,  1.697653768622E+02,  0.4550
       425,       193,  1.697393420751E+02,  0.4541
       430,       194,  1.696878418695E+02,  0.4512
       432,       195,  1.695809099466E+02,  0.4514
       433,       196,  1.695253254770E+02,  0.4527
       434,       197,  1.694010026553E+02,  0.4539
       435,       198,  1.693652449628E+02,  0.4552
       437,       199,  1.693554358296E+02,  0.4554
       438,       200,  1.692660925284E+02,  0.4566
       440,       201,  1.690284932652E+02,  0.4568
       443,       202,  1.688977701849E+02,  0.4560
       444,       203,  1.686342853724E+02,  0.4572
       445,       204,  1.686205935005E+02,  0.4584
       448,       205,  1.686092160225E+02,  0.4576
       453,       206,  1.685564110197E+02,  0.4547
       458,       207,  1.685520454524E+02,  0.4520
       459,       208,  1.685484507093E+02,  0.4532
       460,       209,  1.685288775552E+02,  0.4543
       461,       210,  1.684993941250E+02,  0.4555
       462,       211,  1.684737305510E+02,  0.4567
       463,       212,  1.683838851284E+02,  0.4579
       465,       213,  1.683492627603E+02,  0.4581
       466,       214,  1.681729624847E+02,  0.4592
       470,       215,  1.681443900246E+02,  0.4574
       471,       216,  1.680374508046E+02,  0.4586
       477,       217,  1.679086884391E+02,  0.4549
       478,       218,  1.678497883317E+02,  0.4561
       481,       219,  1.678455555314E+02,  0.4553
       483,       220,  1.678094948006E+02,  0.4555
       484,       221,  1.677408808969E+02,  0.4566
       485,       222,  1.676731890864E+02,  0.4577
       486,       223,  1.674329374231E+02,  0.4588
       487,       224,  1.673933133966E+02,  0.4600
       488,       225,  1.673654638678E+02,  0.4611
       493,       226,  1.673542465325E+02,  0.4584
       494,       227,  1.672989519565E+02,  0.4595
       498,       228,  1.671092521897E+02,  0.4578
       499,       229,  1.670111383088E+02,  0.4589
       504,       230,  1.670044689399E+02,  0.4563
       505,       231,  1.669920881806E+02,  0.4574
       506,       232,  1.669395858222E+02,  0.4585
       508,       233,  1.669097845784E+02,  0.4587
       509,       234,  1.668954460143E+02,  0.4597
       510,       235,  1.668712180661E+02,  0.4608
       511,       236,  1.668480070835E+02,  0.4618
       514,       237,  1.667998993573E+02,  0.4611
       516,       238,  1.667347567914E+02,  0.4612
       519,       239,  1.666910394275E+02,  0.4605
       525,       240,  1.665772375085E+02,  0.4571
       526,       241,  1.665669296895E+02,  0.4582
       527,       242,  1.665421729461E+02,  0.4592
       529,       243,  1.665324956940E+02,  0.4594
       531,       244,  1.664837712184E+02,  0.4595
       532,       245,  1.663719548689E+02,  0.4605
       536,       246,  1.663286529946E+02,  0.4590
       537,       247,  1.662795044496E+02,  0.4600
       538,       248,  1.662536700041E+02,  0.4610
       539,       249,  1.661843860432E+02,  0.4620
       540,       250,  1.660899843147E+02,  0.4630
       541,       251,  1.660588269488E+02,  0.4640
       548,       252,  1.660232633163E+02,  0.4599
       549,       253,  1.659165978678E+02,  0.4608
       550,       254,  1.658341383527E+02,  0.4618
       551,       255,  1.658117980995E+02,  0.4628
       552,       256,  1.657434079780E+02,  0.4638
       553,       257,  1.657241900122E+02,  0.4647
       556,       258,  1.655776320345E+02,  0.4640
       560,       259,  1.655566708837E+02,  0.4625
       561,       260,  1.654602244860E+02,  0.4635
       563,       261,  1.654162482984E+02,  0.4636
       565,       262,  1.653776904662E+02,  0.4637
       568,       263,  1.653747088653E+02,  0.4630
       572,       264,  1.652556397143E+02,  0.4615
       575,       265,  1.652055827870E+02,  0.4609
       578,       266,  1.651920343190E+02,  0.4602
       586,       267,  1.651687498951E+02,  0.4556
       590,       268,  1.651655535928E+02,  0.4542
       591,       269,  1.651019143373E+02,  0.4552
       600,       270,  1.649580257772E+02,  0.4500
       601,       271,  1.649578792367E+02,  0.4509
       602,       272,  1.649236573453E+02,  0.4518
       603,       273,  1.648753203561E+02,  0.4527
       604,       274,  1.647520559937E+02,  0.4536
       609,       275,  1.647045254114E+02,  0.4516
       611,       276,  1.646695765542E+02,  0.4517
       612,       277,  1.644787250789E+02,  0.4526
       613,       278,  1.644139274871E+02,  0.4535
       617,       279,  1.643935073969E+02,  0.4522
       619,       280,  1.643350898806E+02,  0.4523
       620,       281,  1.642859289298E+02,  0.4532
       622,       282,  1.642763577666E+02,  0.4534
       626,       283,  1.642654030931E+02,  0.4521
       627,       284,  1.642582375069E+02,  0.4530
       628,       285,  1.642069102171E+02,  0.4538
       629,       286,  1.641590508472E+02,  0.4547
       633,       287,  1.641474694549E+02,  0.4534
       638,       288,  1.640949375295E+02,  0.4514
       641,       289,  1.640882411464E+02,  0.4509
       642,       290,  1.640146390221E+02,  0.4517
       643,       291,  1.639705284915E+02,  0.4526
       647,       292,  1.639328592200E+02,  0.4513
       650,       293,  1.639281422347E+02,  0.4508
       651,       294,  1.638778479515E+02,  0.4516
       661,       295,  1.638416840624E+02,  0.4463
       663,       296,  1.638197266008E+02,  0.4465
       665,       297,  1.637194558948E+02,  0.4466
       673,       298,  1.637111073258E+02,  0.4428
       674,       299,  1.636850134912E+02,  0.4436
       675,       300,  1.634603125130E+02,  0.4444
       677,       301,  1.634238070426E+02,  0.4446
       685,       302,  1.632489835597E+02,  0.4409
       686,       303,  1.631212554072E+02,  0.4417
       687,       304,  1.631202508058E+02,  0.4425
       690,       305,  1.630783080186E+02,  0.4420
       695,       306,  1.630706375527E+02,  0.4403
       698,       307,  1.630645673644E+02,  0.4398
       703,       308,  1.630539690847E+02,  0.4381
       706,       309,  1.630425270566E+02,  0.4377
       708,       310,  1.630177391551E+02,  0.4379
       709,       311,  1.629000550289E+02,  0.4386
       710,       312,  1.628525022257E+02,  0.4394
       711,       313,  1.628510836848E+02,  0.4402
       716,       314,  1.628242446687E+02,  0.4385
       717,       315,  1.628002178783E+02,  0.4393
       718,       316,  1.627917644866E+02,  0.4401
       722,       317,  1.627677321248E+02,  0.4391
       723,       318,  1.627607702977E+02,  0.4398
       726,       319,  1.627045363528E+02,  0.4394
       730,       320,  1.625293175399E+02,  0.4384
       731,       321,  1.624984459435E+02,  0.4391
       735,       322,  1.624528774123E+02,  0.4381
       737,       323,  1.624326341716E+02,  0.4383
       742,       324,  1.624126195426E+02,  0.4367
       743,       325,  1.623809665724E+02,  0.4374
       745,       326,  1.623737052699E+02,  0.4376
       746,       327,  1.622659398180E+02,  0.4383
       747,       328,  1.622136530086E+02,  0.4391
       749,       329,  1.622021610892E+02,  0.4393
       752,       330,  1.621466826010E+02,  0.4388
       754,       331,  1.620980361137E+02,  0.4390
       756,       332,  1.620261972546E+02,  0.4392
       757,       333,  1.620182050745E+02,  0.4399
       760,       334,  1.619754359535E+02,  0.4395
       764,       335,  1.619405784177E+02,  0.4385
       765,       336,  1.619372114283E+02,  0.4392
       767,       337,  1.618709981515E+02,  0.4394
       768,       338,  1.618707232370E+02,  0.4401
       769,       339,  1.618624856121E+02,  0.4408
       773,       340,  1.618622586541E+02,  0.4398
       776,       341,  1.616970752313E+02,  0.4394
       778,       342,  1.616967780230E+02,  0.4396
       779,       343,  1.616413537753E+02,  0.4403
       780,       344,  1.615925929405E+02,  0.4410
       783,       345,  1.615878078044E+02,  0.4406
       788,       346,  1.615752802288E+02,  0.4391
       789,       347,  1.615682834720E+02,  0.4398
       794,       348,  1.615504647533E+02,  0.4383
       795,       349,  1.614673201682E+02,  0.4390
       796,       350,  1.614663334572E+02,  0.4397
       797,       351,  1.613747161226E+02,  0.4404
       800,       352,  1.613326780421E+02,  0.4400
       801,       353,  1.613198288197E+02,  0.4407
       803,       354,  1.613028027741E+02,  0.4408
       804,       355,  1.612136095963E+02,  0.4415
       808,       356,  1.610987996623E+02,  0.4406
       810,       357,  1.610805802465E+02,  0.4407
       812,       358,  1.609204315220E+02,  0.4409
       813,       359,  1.608289488846E+02,  0.4416
       815,       360,  1.608288583315E+02,  0.4417
       817,       361,  1.607363928217E+02,  0.4419
       818,       362,  1.606290858999E+02,  0.4425
       821,       363,  1.606132046186E+02,  0.4421
       827,       364,  1.605537215394E+02,  0.4401
       829,       365,  1.603915484130E+02,  0.4403
       831,       366,  1.603829887941E+02,  0.4404
       838,       367,  1.603729177423E+02,  0.4379
       840,       368,  1.603526225055E+02,  0.4381
       842,       369,  1.602879185495E+02,  0.4382
       843,       370,  1.602733675802E+02,  0.4389
       844,       371,  1.602338597972E+02,  0.4396
       845,       372,  1.601333418109E+02,  0.4402
       849,       373,  1.600822371820E+02,  0.4393
       850,       374,  1.600777796137E+02,  0.4400
       851,       375,  1.600675517047E+02,  0.4407
       854,       376,  1.600531944767E+02,  0.4403
       858,       377,  1.599992561646E+02,  0.4394
       860,       378,  1.599625247348E+02,  0.4395
       861,       379,  1.598837819716E+02,  0.4402
       862,       380,  1.598755127257E+02,  0.4408
       863,       381,  1.598126574252E+02,  0.4415
       864,       382,  1.597390030735E+02,  0.4421
       865,       383,  1.597153161065E+02,  0.4428
       870,       384,  1.595536242886E+02,  0.4414
       873,       385,  1.595464691567E+02,  0.4410
       876,       386,  1.594994345348E+02,  0.4406
       877,       387,  1.593236620284E+02,  0.4413
       881,       388,  1.592316899395E+02,  0.4404
       885,       389,  1.591938434959E+02,  0.4395
       886,       390,  1.591388176541E+02,  0.4402
       888,       391,  1.591246584242E+02,  0.4403
       889,       392,  1.591171303810E+02,  0.4409
       890,       393,  1.590461057329E+02,  0.4416
       893,       394,  1.590177546114E+02,  0.4412
       894,       395,  1.590158186451E+02,  0.4418
       897,       396,  1.588840343186E+02,  0.4415
       898,       397,  1.588544059791E+02,  0.4421
       899,       398,  1.588375269312E+02,  0.4427
       902,       399,  1.588242536267E+02,  0.4424
       903,       400,  1.588218686240E+02,  0.4430
       904,       401,  1.587910451844E+02,  0.4436
       906,       402,  1.587533530194E+02,  0.4437
       911,       403,  1.586347560812E+02,  0.4424
       916,       404,  1.585385882419E+02,  0.4410
       918,       405,  1.585290869206E+02,  0.4412
       923,       406,  1.584509684338E+02,  0.4399
       925,       407,  1.584250300986E+02,  0.4400
       926,       408,  1.584223239950E+02,  0.4406
       929,       409,  1.583425206304E+02,  0.4403
       932,       410,  1.583391910765E+02,  0.4399
       933,       411,  1.582889713045E+02,  0.4405
       934,       412,  1.582422499789E+02,  0.4411
       940,       413,  1.582255902535E+02,  0.4394
       945,       414,  1.582213046577E+02,  0.4381
       947,       415,  1.581705819371E+02,  0.4382
       948,       416,  1.580954195665E+02,  0.4388
       951,       417,  1.580655780351E+02,  0.4385
       952,       418,  1.580617821083E+02,  0.4391
       953,       419,  1.580401729508E+02,  0.4397
       954,       420,  1.580251143498E+02,  0.4403
       955,       421,  1.580115219372E+02,  0.4408
       956,       422,  1.580084987494E+02,  0.4414
       957,       423,  1.579257684287E+02,  0.4420
       958,       424,  1.579101822061E+02,  0.4426
       959,       425,  1.579041755441E+02,  0.4432
       960,       426,  1.578659319740E+02,  0.4437
       961,       427,  1.578390197871E+02,  0.4443
       962,       428,  1.577738126433E+02,  0.4449
       966,       429,  1.577536391943E+02,  0.4441
       967,       430,  1.577418078507E+02,  0.4447
       968,       431,  1.577242333873E+02,  0.4452
       969,       432,  1.576892960686E+02,  0.4458
       970,       433,  1.576299161636E+02,  0.4464
       971,       434,  1.576251417536E+02,  0.4470
       972,       435,  1.576203620586E+02,  0.4475
       974,       436,  1.574559613632E+02,  0.4476
       979,       437,  1.574544545379E+02,  0.4464
       980,       438,  1.574267326732E+02,  0.4469
       981,       439,  1.573672153601E+02,  0.4475
       982,       440,  1.573453791983E+02,  0.4481
       988,       441,  1.573140513965E+02,  0.4464
       992,       442,  1.572980912993E+02,  0.4456
       995,       443,  1.572723144961E+02,  0.4452
       997,       444,  1.572376503638E+02,  0.4453
       998,       445,  1.572030143029E+02,  0.4459
       999,       446,  1.571541678074E+02,  0.4464
      1001,       447,  1.571424221698E+02,  0.4466
      1005,       448,  1.571241858055E+02,  0.4458
      1011,       449,  1.570446045591E+02,  0.4441
      1016,       450,  1.569664714648E+02,  0.4429
      1018,       451,  1.568558159354E+02,  0.4430
      1020,       452,  1.568500926601E+02,  0.4431
      1021,       453,  1.568498940353E+02,  0.4437
      1023,       454,  1.568350679995E+02,  0.4438
      1025,       455,  1.567880093820E+02,  0.4439
      1026,       456,  1.567683871962E+02,  0.4444
      1029,       457,  1.567677104865E+02,  0.4441
      1030,       458,  1.566564734780E+02,  0.4447
      1031,       459,  1.565063775691E+02,  0.4452
      1034,       460,  1.564800816735E+02,  0.4449
      1037,       461,  1.564761092640E+02,  0.4446
      1041,       462,  1.564596069773E+02,  0.4438
      1045,       463,  1.563976955333E+02,  0.4431
      1046,       464,  1.563967760308E+02,  0.4436
      1048,       465,  1.563347097448E+02,  0.4437
      1049,       466,  1.563182257175E+02,  0.4442
      1050,       467,  1.563101041257E+02,  0.4448
      1051,       468,  1.562011356797E+02,  0.4453
      1060,       469,  1.561655853398E+02,  0.4425
      1061,       470,  1.560687399601E+02,  0.4430
      1062,       471,  1.560356670884E+02,  0.4435
      1065,       472,  1.559718061162E+02,  0.4432
      1066,       473,  1.559423545137E+02,  0.4437
      1069,       474,  1.559392479883E+02,  0.4434
      1070,       475,  1.558871830817E+02,  0.4439
      1071,       476,  1.558512745557E+02,  0.4444
      1074,       477,  1.557650428274E+02,  0.4441
      1077,       478,  1.557621966606E+02,  0.4438
      1078,       479,  1.557464055953E+02,  0.4443
      1079,       480,  1.557166915697E+02,  0.4449
      1082,       481,  1.556506083117E+02,  0.4445
      1083,       482,  1.556198082294E+02,  0.4451
      1084,       483,  1.555429818886E+02,  0.4456
      1085,       484,  1.554539189318E+02,  0.4461
      1086,       485,  1.554387161753E+02,  0.4466
      1087,       486,  1.553851301219E+02,  0.4471
      1089,       487,  1.553378588053E+02,  0.4472
      1092,       488,  1.552788519888E+02,  0.4469
      1094,       489,  1.551664976653E+02,  0.4470
      1099,       490,  1.551641440113E+02,  0.4459
      1100,       491,  1.551236790045E+02,  0.4464
      1101,       492,  1.551005839397E+02,  0.4469
      1102,       493,  1.550979746691E+02,  0.4474
      1104,       494,  1.550898044473E+02,  0.4475
      1105,       495,  1.550748767858E+02,  0.4480
      1106,       496,  1.550560733587E+02,  0.4485
      1107,       497,  1.549810141474E+02,  0.4490
      1108,       498,  1.549772858874E+02,  0.4495
      1109,       499,  1.549121544369E+02,  0.4500
      1110,       500,  1.548817014281E+02,  0.4505
      1111,       501,  1.548714668886E+02,  0.4509
      1113,       502,  1.548463000108E+02,  0.4510
      1114,       503,  1.548355568060E+02,  0.4515
      1115,       504,  1.548128167233E+02,  0.4520
      1116,       505,  1.548090858205E+02,  0.4525
      1118,       506,  1.547541941260E+02,  0.4526
      1120,       507,  1.547529865656E+02,  0.4527
      1121,       508,  1.546229399525E+02,  0.4532
      1122,       509,  1.545798699954E+02,  0.4537
      1123,       510,  1.545721236328E+02,  0.4541
      1125,       511,  1.545083923680E+02,  0.4542
      1126,       512,  1.545043409522E+02,  0.4547
      1127,       513,  1.544868974897E+02,  0.4552
      1128,       514,  1.544682017182E+02,  0.4557
      1129,       515,  1.544650731980E+02,  0.4562
      1130,       516,  1.544554747947E+02,  0.4566
      1138,       517,  1.544428707152E+02,  0.4543
      1139,       518,  1.544178977918E+02,  0.4548
      1143,       519,  1.543727540363E+02,  0.4541
      1144,       520,  1.542313854948E+02,  0.4545
      1145,       521,  1.542277300152E+02,  0.4550
      1149,       522,  1.541675551827E+02,  0.4543
      1150,       523,  1.541476802330E+02,  0.4548
      1151,       524,  1.541327655708E+02,  0.4553
      1155,       525,  1.541262381798E+02,  0.4545
      1156,       526,  1.540873697748E+02,  0.4550
      1157,       527,  1.540647833827E+02,  0.4555
      1160,       528,  1.540327969660E+02,  0.4552
      1162,       529,  1.539916782747E+02,  0.4552
      1165,       530,  1.539253223856E+02,  0.4549
      1172,       531,  1.539229755614E+02,  0.4531
      1173,       532,  1.538184587961E+02,  0.4535
      1175,       533,  1.536949675407E+02,  0.4536
      1176,       534,  1.536779746939E+02,  0.4541
      1178,       535,  1.536371227673E+02,  0.4542
      1180,       536,  1.535898347593E+02,  0.4542
      1182,       537,  1.535583818599E+02,  0.4543
      1185,       538,  1.535509940796E+02,  0.4540
      1186,       539,  1.535427917280E+02,  0.4545
      1198,       540,  1.534921525030E+02,  0.4508
      1204,       541,  1.534901366680E+02,  0.4493
      1206,       542,  1.534475832332E+02,  0.4494
      1209,       543,  1.534352256302E+02,  0.4491
      1210,       544,  1.533307311472E+02,  0.4496
      1212,       545,  1.533191835951E+02,  0.4497
      1215,       546,  1.532629409099E+02,  0.4494
      1219,       547,  1.531909780786E+02,  0.4487
      1220,       548,  1.531764861406E+02,  0.4492
      1221,       549,  1.531050991974E+02,  0.4496
      1225,       550,  1.530912040236E+02,  0.4490
      1228,       551,  1.530481281810E+02,  0.4487
      1230,       552,  1.529799832426E+02,  0.4488
      1232,       553,  1.529458843844E+02,  0.4489
      1236,       554,  1.528337289030E+02,  0.4482
      1238,       555,  1.528058890396E+02,  0.4483
      1241,       556,  1.527613914546E+02,  0.4480
      1248,       557,  1.527083968839E+02,  0.4463
      1250,       558,  1.527062496554E+02,  0.4464
      1251,       559,  1.526710398992E+02,  0.4468
      1254,       560,  1.526702874222E+02,  0.4466
      1255,       561,  1.526270349733E+02,  0.4470
      1258,       562,  1.525853652331E+02,  0.4467
      1260,       563,  1.525550407537E+02,  0.4468
      1261,       564,  1.525075748387E+02,  0.4473
      1263,       565,  1.524088805582E+02,  0.4473
      1268,       566,  1.524068809308E+02,  0.4464
      1269,       567,  1.523848884794E+02,  0.4468
      1273,       568,  1.523769477870E+02,  0.4462
      1275,       569,  1.522702613590E+02,  0.4463
      1276,       570,  1.522367005148E+02,  0.4467
      1277,       571,  1.522047465851E+02,  0.4471
      1280,       572,  1.521274209952E+02,  0.4469
      1283,       573,  1.521239393024E+02,  0.4466
      1284,       574,  1.520007866714E+02,  0.4470
      1285,       575,  1.519200080469E+02,  0.4475
      1286,       576,  1.519022160614E+02,  0.4479
      1287,       577,  1.518785294516E+02,  0.4483
      1288,       578,  1.518782550291E+02,  0.4488
      1291,       579,  1.518220734216E+02,  0.4485
      1295,       580,  1.518106464161E+02,  0.4479
      1299,       581,  1.517378509209E+02,  0.4473
      1303,       582,  1.516363331383E+02,  0.4467
      1305,       583,  1.515645223369E+02,  0.4467
      1306,       584,  1.515083769682E+02,  0.4472
      1307,       585,  1.514907851738E+02,  0.4476
      1309,       586,  1.514606572698E+02,  0.4477
      1310,       587,  1.513890675477E+02,  0.4481
      1311,       588,  1.513589338430E+02,  0.4485
      1313,       589,  1.513452902528E+02,  0.4486
      1314,       590,  1.513435642929E+02,  0.4490
      1315,       591,  1.513429813194E+02,  0.4494
      1318,       592,  1.513330733992E+02,  0.4492
      1322,       593,  1.512813045789E+02,  0.4486
      1333,       594,  1.512327933118E+02,  0.4456
      1336,       595,  1.512213606645E+02,  0.4454
      1339,       596,  1.511333268420E+02,  0.4451
      1341,       597,  1.510276137878E+02,  0.4452
      1342,       598,  1.510269126426E+02,  0.4456
      1344,       599,  1.510182351074E+02,  0.4457
      1350,       600,  1.510172665479E+02,  0.4444
      1356,       601,  1.509831949328E+02,  0.4432
      1359,       602,  1.509556622109E+02,  0.4430
      1360,       603,  1.509332734061E+02,  0.4434
      1361,       604,  1.509141123894E+02,  0.4438
      1363,       605,  1.508938978062E+02,  0.4439
      1365,       606,  1.508807644299E+02,  0.4440
      1367,       607,  1.508730135059E+02,  0.4440
      1371,       608,  1.508370215085E+02,  0.4435
      1372,       609,  1.508329121167E+02,  0.4439
      1374,       610,  1.508210466145E+02,  0.4440
      1375,       611,  1.508167920914E+02,  0.4444
      1377,       612,  1.507514284294E+02,  0.4444
      1383,       613,  1.506948812217E+02,  0.4432
      1384,       614,  1.506603195143E+02,  0.4436
      1386,       615,  1.506530445632E+02,  0.4437
      1387,       616,  1.506488610164E+02,  0.4441
      1388,       617,  1.506424282234E+02,  0.4445
      1392,       618,  1.506302051933E+02,  0.4440
      1396,       619,  1.506009777084E+02,  0.4434
      1397,       620,  1.505911490571E+02,  0.4438
      1398,       621,  1.505835584008E+02,  0.4442
      1401,       622,  1.505461988091E+02,  0.4440
      1402,       623,  1.505364876741E+02,  0.4444
      1406,       624,  1.505123799202E+02,  0.4438
      1409,       625,  1.505041562858E+02,  0.4436
      1410,       626,  1.504475605824E+02,  0.4440
      1411,       627,  1.503732785999E+02,  0.4444
      1413,       628,  1.503501926573E+02,  0.4444
      1414,       629,  1.503481222428E+02,  0.4448
      1416,       630,  1.503475836113E+02,  0.4449
      1418,       631,  1.502268192798E+02,  0.4450
      1419,       632,  1.502227412819E+02,  0.4454
      1421,       633,  1.501961509031E+02,  0.4455
      1422,       634,  1.501739859793E+02,  0.4459
      1424,       635,  1.500726922402E+02,  0.4459
      1425,       636,  1.500682198554E+02,  0.4463
      1430,       637,  1.500202664380E+02,  0.4455
      1431,       638,  1.500155794746E+02,  0.4458
      1437,       639,  1.500067878826E+02,  0.4447
      1439,       640,  1.499527751165E+02,  0.4448
      1440,       641,  1.498178905071E+02,  0.4451
      1442,       642,  1.497444124010E+02,  0.4452
      1445,       643,  1.497073740692E+02,  0.4450
      1447,       644,  1.496971245182E+02,  0.4451
      1448,       645,  1.496737230308E+02,  0.4454
      1457,       646,  1.494920091074E+02,  0.4434
      1459,       647,  1.494579897490E+02,  0.4435
      1461,       648,  1.494569209387E+02,  0.4435
      1462,       649,  1.494422000250E+02,  0.4439
      1464,       650,  1.494348247988E+02,  0.4440
      1465,       651,  1.494335697896E+02,  0.4444
      1469,       652,  1.493975062234E+02,  0.4438
      1470,       653,  1.493911475790E+02,  0.4442
      1473,       654,  1.493777308412E+02,  0.4440
      1475,       655,  1.493547324076E+02,  0.4441
      1478,       656,  1.493256925080E+02,  0.4438
      1479,       657,  1.493218840559E+02,  0.4442
      1481,       658,  1.493167390151E+02,  0.4443
      1483,       659,  1.493103890726E+02,  0.4444
      1484,       660,  1.493074503221E+02,  0.4447
      1497,       661,  1.491841340442E+02,  0.4415
      1499,       662,  1.491158032684E+02,  0.4416
      1501,       663,  1.491156159905E+02,  0.4417
      1508,       664,  1.490200567904E+02,  0.4403
      1510,       665,  1.489758121153E+02,  0.4404
      1512,       666,  1.489685155472E+02,  0.4405
      1513,       667,  1.489571521679E+02,  0.4408
      1515,       668,  1.487979790119E+02,  0.4409
      1525,       669,  1.487505891053E+02,  0.4387
      1528,       670,  1.486633699110E+02,  0.4385
      1529,       671,  1.486422384160E+02,  0.4388
      1530,       672,  1.485541234116E+02,  0.4392
      1535,       673,  1.485504728436E+02,  0.4384
      1538,       674,  1.485285500909E+02,  0.4382
      1539,       675,  1.485052075778E+02,  0.4386
      1541,       676,  1.485022025799E+02,  0.4387
      1542,       677,  1.484613900114E+02,  0.4390
      1549,       678,  1.484316155729E+02,  0.4377
      1551,       679,  1.483990123908E+02,  0.4378
      1560,       680,  1.483698585252E+02,  0.4359
      1565,       681,  1.483543838850E+02,  0.4351
      1567,       682,  1.483414557549E+02,  0.4352
      1574,       683,  1.482797290819E+02,  0.4339
      1576,       684,  1.482568060002E+02,  0.4340
      1577,       685,  1.482392900243E+02,  0.4344
      1578,       686,  1.482139331853E+02,  0.4347
      1579,       687,  1.480671934701E+02,  0.4351
      1580,       688,  1.480336684806E+02,  0.4354
      1581,       689,  1.480134857596E+02,  0.4358
      1583,       690,  1.479699649838E+02,  0.4359
      1585,       691,  1.479590778012E+02,  0.4360
      1586,       692,  1.479294270323E+02,  0.4363
      1588,       693,  1.478918118922E+02,  0.4364
      1590,       694,  1.478572510922E+02,  0.4365
      1591,       695,  1.478437712180E+02,  0.4368
      1593,       696,  1.477988919829E+02,  0.4369
      1594,       697,  1.477168167402E+02,  0.4373
      1595,       698,  1.477137719611E+02,  0.4376
      1598,       699,  1.476970460403E+02,  0.4374
      1599,       700,  1.476663004499E+02,  0.4378
      1600,       701,  1.475844454802E+02,  0.4381
      1602,       702,  1.475352998502E+02,  0.4382
      1603,       703,  1.473753102478E+02,  0.4386
      1605,       704,  1.473725165097E+02,  0.4386
      1607,       705,  1.473672033083E+02,  0.4387
      1608,       706,  1.473508755152E+02,  0.4391
      1610,       707,  1.473358707104E+02,  0.4391
      1613,       708,  1.472943443800E+02,  0.4389
      1614,       709,  1.472712446658E+02,  0.4393
      1616,       710,  1.472702216360E+02,  0.4394
      1617,       711,  1.472673240747E+02,  0.4397
      1625,       712,  1.472413004073E+02,  0.4382
      1626,       713,  1.472031702987E+02,  0.4385
      1628,       714,  1.471688226903E+02,  0.4386
      1630,       715,  1.470977309418E+02,  0.4387
      1631,       716,  1.470627263481E+02,  0.4390
      1633,       717,  1.470459127037E+02,  0.4391
      1634,       718,  1.470060422052E+02,  0.4394
      1638,       719,  1.470056468260E+02,  0.4389
      1640,       720,  1.469974244204E+02,  0.4390
      1641,       721,  1.469600376596E+02,  0.4394
      1651,       722,  1.469568290990E+02,  0.4373
      1653,       723,  1.469299846619E+02,  0.4374
      1655,       724,  1.469090259034E+02,  0.4375
      1657,       725,  1.468180923615E+02,  0.4375
      1662,       726,  1.467876776227E+02,  0.4368
      1663,       727,  1.467661144785E+02,  0.4372
      1664,       728,  1.466912436954E+02,  0.4375
      1665,       729,  1.465901212103E+02,  0.4378
      1666,       730,  1.465786345313E+02,  0.4382
      1667,       731,  1.465672645912E+02,  0.4385
      1669,       732,  1.465410342351E+02,  0.4386
      1670,       733,  1.465278722320E+02,  0.4389
      1673,       734,  1.464914989660E+02,  0.4387
      1674,       735,  1.464771251799E+02,  0.4391
      1679,       736,  1.464503063643E+02,  0.4384
      1682,       737,  1.464472673095E+02,  0.4382
      1683,       738,  1.464413581948E+02,  0.4385
      1687,       739,  1.463755391930E+02,  0.4381
      1692,       740,  1.463715751220E+02,  0.4374
      1694,       741,  1.463663897906E+02,  0.4374
      1695,       742,  1.463306915850E+02,  0.4378
      1696,       743,  1.463303624102E+02,  0.4381
      1699,       744,  1.463133900885E+02,  0.4379
      1700,       745,  1.462671270439E+02,  0.4382
      1701,       746,  1.461237268919E+02,  0.4386
      1704,       747,  1.460677969027E+02,  0.4384
      1705,       748,  1.460293573134E+02,  0.4387
      1706,       749,  1.460260308720E+02,  0.4390
      1707,       750,  1.459958764215E+02,  0.4394
      1708,       751,  1.459729294875E+02,  0.4397
      1709,       752,  1.459617192384E+02,  0.4400
      1711,       753,  1.459218482216E+02,  0.4401
      1712,       754,  1.458725488741E+02,  0.4404
      1716,       755,  1.458600982172E+02,  0.4400
      1718,       756,  1.458516236519E+02,  0.4400
      1719,       757,  1.458360234928E+02,  0.4404
      1720,       758,  1.458303303969E+02,  0.4407
      1723,       759,  1.458097347887E+02,  0.4405
      1724,       760,  1.458093637764E+02,  0.4408
      1728,       761,  1.457044169578E+02,  0.4404
      1730,       762,  1.456289469773E+02,  0.4405
      1734,       763,  1.456199319008E+02,  0.4400
      1735,       764,  1.456178650904E+02,  0.4403
      1737,       765,  1.455946637082E+02,  0.4404
      1739,       766,  1.455825704943E+02,  0.4405
      1741,       767,  1.455795931263E+02,  0.4406
      1743,       768,  1.455781857543E+02,  0.4406
      1744,       769,  1.455345143537E+02,  0.4409
      1745,       770,  1.454966097049E+02,  0.4413
      1747,       771,  1.454612607763E+02,  0.4413
      1754,       772,  1.454165690322E+02,  0.4401
      1755,       773,  1.453235118369E+02,  0.4405
      1757,       774,  1.453172945028E+02,  0.4405
      1763,       775,  1.453014993356E+02,  0.4396
      1766,       776,  1.452966361814E+02,  0.4394
      1767,       777,  1.452599442643E+02,  0.4397
      1771,       778,  1.452405956043E+02,  0.4393
      1778,       779,  1.452382346128E+02,  0.4381
      1781,       780,  1.451746690774E+02,  0.4380
      1783,       781,  1.451173840853E+02,  0.4380
      1786,       782,  1.450910435263E+02,  0.4378
      1790,       783,  1.450785840029E+02,  0.4374
      1792,       784,  1.450747221123E+02,  0.4375
      1795,       785,  1.449785478749E+02,  0.4373
      1796,       786,  1.449680621264E+02,  0.4376
      1798,       787,  1.449529556680E+02,  0.4377
      1799,       788,  1.449404906042E+02,  0.4380
      1804,       789,  1.449354854781E+02,  0.4374
      1806,       790,  1.449237090385E+02,  0.4374
      1808,       791,  1.449201084206E+02,  0.4375
      1810,       792,  1.449170554931E+02,  0.4376
      1811,       793,  1.448214064356E+02,  0.4379
      1814,       794,  1.447464076363E+02,  0.4377
      1815,       795,  1.447148407901E+02,  0.4380
      1816,       796,  1.447116173061E+02,  0.4383
      1824,       797,  1.446178931096E+02,  0.4370
      1825,       798,  1.446065073866E+02,  0.4373
      1829,       799,  1.446007020939E+02,  0.4369
      1830,       800,  1.444953210046E+02,  0.4372
      1831,       801,  1.444944212691E+02,  0.4375
      1832,       802,  1.444717363511E+02,  0.4378
      1836,       803,  1.443803756457E+02,  0.4374
      1837,       804,  1.443473494883E+02,  0.4377
      1838,       805,  1.442640595254E+02,  0.4380
      1839,       806,  1.440926026294E+02,  0.4383
      1842,       807,  1.440900012642E+02,  0.4381
      1845,       808,  1.440876999535E+02,  0.4379
      1850,       809,  1.440520529061E+02,  0.4373
      1851,       810,  1.440162796267E+02,  0.4376
      1852,       811,  1.439951728080E+02,  0.4379
      1855,       812,  1.439840325539E+02,  0.4377
      1859,       813,  1.439760886765E+02,  0.4373
      1860,       814,  1.439724038180E+02,  0.4376
      1861,       815,  1.438544351950E+02,  0.4379
      1865,       816,  1.438398804777E+02,  0.4375
      1875,       817,  1.438097917344E+02,  0.4357
      1880,       818,  1.438082810276E+02,  0.4351
      1881,       819,  1.437846300094E+02,  0.4354
      1884,       820,  1.437300614718E+02,  0.4352
      1887,       821,  1.436884065175E+02,  0.4351
      1890,       822,  1.436794535221E+02,  0.4349
      1893,       823,  1.436748349484E+02,  0.4348
      1894,       824,  1.436105320865E+02,  0.4351
      1896,       825,  1.436101523299E+02,  0.4351
      1897,       826,  1.435478621331E+02,  0.4354
      1898,       827,  1.434848793951E+02,  0.4357
      1899,       828,  1.434829602526E+02,  0.4360
      1902,       829,  1.433936332904E+02,  0.4359
      1905,       830,  1.433726562363E+02,  0.4357
      1909,       831,  1.433601006220E+02,  0.4353
      1910,       832,  1.433078241400E+02,  0.4356
      1911,       833,  1.431891805559E+02,  0.4359
      1912,       834,  1.431741158948E+02,  0.4362
      1913,       835,  1.431460810487E+02,  0.4365
      1915,       836,  1.431453558346E+02,  0.4366
      1920,       837,  1.431014538581E+02,  0.4359
      1921,       838,  1.430667649365E+02,  0.4362
      1926,       839,  1.430651440981E+02,  0.4356
      1927,       840,  1.429711992348E+02,  0.4359
      1928,       841,  1.429620292483E+02,  0.4362
      1930,       842,  1.429495123857E+02,  0.4363
      1931,       843,  1.429006769909E+02,  0.4366
      1934,       844,  1.428267154437E+02,  0.4364
      1935,       845,  1.428203553359E+02,  0.4367
      1943,       846,  1.428136234897E+02,  0.4354
      1944,       847,  1.427803987443E+02,  0.4357
      1953,       848,  1.427577964363E+02,  0.4342
      1954,       849,  1.427507110445E+02,  0.4345
      1955,       850,  1.427469025992E+02,  0.4348
      1957,       851,  1.427355508100E+02,  0.4348
      1964,       852,  1.426896869159E+02,  0.4338
      1969,       853,  1.426889114596E+02,  0.4332
      1975,       854,  1.426766400307E+02,  0.4324
      1978,       855,  1.426585920172E+02,  0.4323
      1983,       856,  1.426427061141E+02,  0.4317
      1987,       857,  1.426309152654E+02,  0.4313
      1988,       858,  1.426160679159E+02,  0.4316
      1989,       859,  1.425835208847E+02,  0.4319
      1994,       860,  1.425542751448E+02,  0.4313
      1995,       861,  1.425486807053E+02,  0.4316
      1996,       862,  1.425470283562E+02,  0.4319
      1997,       863,  1.425295608462E+02,  0.4321
      2003,       864,  1.425277243863E+02,  0.4314
      2004,       865,  1.425184829824E+02,  0.4316
      2006,       866,  1.425148369665E+02,  0.4317
      2009,       867,  1.425127485599E+02,  0.4316
      2010,       868,  1.424915231522E+02,  0.4318
      2014,       869,  1.424901248591E+02,  0.4315
      2018,       870,  1.424723676232E+02,  0.4311
      2020,       871,  1.424697636543E+02,  0.4312
      2028,       872,  1.424293175056E+02,  0.4300
      2034,       873,  1.424224448013E+02,  0.4292
      2036,       874,  1.424010612571E+02,  0.4293
      2038,       875,  1.423972877803E+02,  0.4293
      2041,       876,  1.423229634567E+02,  0.4292
      2043,       877,  1.423057024763E+02,  0.4293
      2047,       878,  1.423048864213E+02,  0.4289
      2051,       879,  1.422424250914E+02,  0.4286
      2054,       880,  1.422143603084E+02,  0.4284
      2055,       881,  1.421890663699E+02,  0.4287
      2058,       882,  1.421742469541E+02,  0.4286
      2060,       883,  1.421717420003E+02,  0.4286
      2065,       884,  1.421668649085E+02,  0.4281
      2066,       885,  1.421030214494E+02,  0.4284
      2068,       886,  1.420961501798E+02,  0.4284
      2070,       887,  1.420823297848E+02,  0.4285
      2072,       888,  1.420800504450E+02,  0.4286
      2075,       889,  1.420640697094E+02,  0.4284
      2078,       890,  1.420626970481E+02,  0.4283
      2080,       891,  1.420603862677E+02,  0.4284
      2081,       892,  1.420466581880E+02,  0.4286
      2082,       893,  1.420393438700E+02,  0.4289
      2083,       894,  1.419036654515E+02,  0.4292
      2084,       895,  1.417954879106E+02,  0.4295
      2085,       896,  1.417828398924E+02,  0.4297
      2087,       897,  1.417824912157E+02,  0.4298
      2092,       898,  1.417768124850E+02,  0.4293
      2095,       899,  1.417765921864E+02,  0.4291
      2097,       900,  1.417156266292E+02,  0.4292
      2102,       901,  1.417099792888E+02,  0.4286
      2109,       902,  1.417067584938E+02,  0.4277
      2115,       903,  1.416454563912E+02,  0.4270
      2117,       904,  1.415933711051E+02,  0.4270
      2120,       905,  1.415875527242E+02,  0.4269
      2121,       906,  1.415760203370E+02,  0.4272
      2123,       907,  1.415559737477E+02,  0.4272
      2126,       908,  1.415445229617E+02,  0.4271
      2130,       909,  1.415417443051E+02,  0.4268
      2132,       910,  1.415371376339E+02,  0.4268
      2133,       911,  1.415201283868E+02,  0.4271
      2136,       912,  1.414089578478E+02,  0.4270
      2146,       913,  1.414037626869E+02,  0.4254
      2150,       914,  1.413501830763E+02,  0.4251
      2152,       915,  1.413466308839E+02,  0.4252
      2157,       916,  1.413069144554E+02,  0.4247
      2162,       917,  1.412959394221E+02,  0.4241
      2167,       918,  1.412914953384E+02,  0.4236
      2170,       919,  1.412350385087E+02,  0.4235
      2173,       920,  1.412289355821E+02,  0.4234
      2174,       921,  1.411981285286E+02,  0.4236
      2175,       922,  1.411246318475E+02,  0.4239
      2176,       923,  1.411067438064E+02,  0.4242
      2177,       924,  1.410840672829E+02,  0.4244
      2178,       925,  1.410808782024E+02,  0.4247
      2181,       926,  1.410584212691E+02,  0.4246
      2186,       927,  1.410508184925E+02,  0.4241
      2195,       928,  1.410369672071E+02,  0.4228
      2198,       929,  1.410179314919E+02,  0.4227
      2201,       930,  1.409817088160E+02,  0.4225
      2203,       931,  1.409655238858E+02,  0.4226
      2205,       932,  1.409623014190E+02,  0.4227
      2209,       933,  1.409601543768E+02,  0.4224
      2212,       934,  1.408575102131E+02,  0.4222
      2215,       935,  1.408351503076E+02,  0.4221
      2216,       936,  1.408344990569E+02,  0.4224
      2217,       937,  1.408226346547E+02,  0.4226
      2218,       938,  1.408078586802E+02,  0.4229
      2220,       939,  1.408023881810E+02,  0.4230
      2225,       940,  1.407038076930E+02,  0.4225
      2226,       941,  1.406661861018E+02,  0.4227
      2227,       942,  1.406582954933E+02,  0.4230
      2232,       943,  1.406459909414E+02,  0.4225
      2234,       944,  1.406453129384E+02,  0.4226
      2236,       945,  1.406247011246E+02,  0.4226
      2237,       946,  1.406176187968E+02,  0.4229
      2241,       947,  1.405954299894E+02,  0.4226
      2244,       948,  1.405796179949E+02,  0.4225
      2249,       949,  1.405588692424E+02,  0.4220
      2257,       950,  1.405588223183E+02,  0.4209
      2258,       951,  1.405547108492E+02,  0.4212
      2262,       952,  1.405348649317E+02,  0.4209
      2268,       953,  1.405246803907E+02,  0.4202
      2272,       954,  1.405164535470E+02,  0.4199
      2279,       955,  1.405161407130E+02,  0.4190
      2281,       956,  1.404985952833E+02,  0.4191
      2283,       957,  1.404542327562E+02,  0.4192
      2296,       958,  1.404493125719E+02,  0.4172
      2303,       959,  1.403823351268E+02,  0.4164
      2314,       960,  1.403684628691E+02,  0.4149
      2315,       961,  1.403515837767E+02,  0.4151
      2326,       962,  1.403073013323E+02,  0.4136
      2327,       963,  1.402675529230E+02,  0.4138
      2330,       964,  1.402429416968E+02,  0.4137
      2344,       965,  1.402371974658E+02,  0.4117
      2350,       966,  1.402191162858E+02,  0.4111
      2352,       967,  1.401981472483E+02,  0.4111
      2356,       968,  1.401853202047E+02,  0.4109
      2357,       969,  1.401770214374E+02,  0.4111
      2360,       970,  1.401494368391E+02,  0.4110
      2369,       971,  1.401474376809E+02,  0.4099
      2370,       972,  1.401465506889E+02,  0.4101
      2385,       973,  1.401460155214E+02,  0.4080
      2403,       974,  1.401325194384E+02,  0.4053
      2411,       975,  1.401317713486E+02,  0.4044
      2414,       976,  1.401296299719E+02,  0.4043
      2417,       977,  1.400720937239E+02,  0.4042
      2419,       978,  1.399902320454E+02,  0.4043
      2425,       979,  1.398728839883E+02,  0.4037
      2426,       980,  1.398558398210E+02,  0.4040
      2429,       981,  1.398547138031E+02,  0.4039
      2432,       982,  1.398524973151E+02,  0.4038
      2433,       983,  1.398509760422E+02,  0.4040
      2440,       984,  1.398028250965E+02,  0.4033
      2441,       985,  1.397966931568E+02,  0.4035
      2442,       986,  1.397963092945E+02,  0.4038
      2444,       987,  1.397056966982E+02,  0.4038
      2449,       988,  1.396181247800E+02,  0.4034
      2455,       989,  1.396178547839E+02,  0.4029
      2470,       990,  1.396000729649E+02,  0.4008
      2471,       991,  1.394888260044E+02,  0.4011
      2475,       992,  1.394555171471E+02,  0.4008
      2476,       993,  1.394548722269E+02,  0.4011
      2482,       994,  1.394487638537E+02,  0.4005
      2485,       995,  1.394271846634E+02,  0.4004
      2487,       996,  1.394150875187E+02,  0.4005
      2489,       997,  1.394011634019E+02,  0.4006
      2500,       998,  1.393880072212E+02,  0.3992
      2503,       999,  1.393525226968E+02,  0.3991
      2504,      1000,  1.393201281049E+02,  0.3994
      2507,      1001,  1.393078847023E+02,  0.3993
      2509,      1002,  1.392966649067E+02,  0.3994
      2510,      1003,  1.392931001531E+02,  0.3996
      2513,      1004,  1.392690973465E+02,  0.3995
      2514,      1005,  1.392603626898E+02,  0.3998
      2515,      1006,  1.392575941063E+02,  0.4000
      2521,      1007,  1.391280825573E+02,  0.3994
      2523,      1008,  1.391108355018E+02,  0.3995
      2531,      1009,  1.390843408123E+02,  0.3987
      2533,      1010,  1.390535981606E+02,  0.3987
      2534,      1011,  1.390377429222E+02,  0.3990
      2548,      1012,  1.389831679727E+02,  0.3972
      2549,      1013,  1.389830751178E+02,  0.3974
      2550,      1014,  1.389731379860E+02,  0.3976
      2556,      1015,  1.389521970811E+02,  0.3971
      2564,      1016,  1.389487339632E+02,  0.3963
      2566,      1017,  1.389313168459E+02,  0.3963
      2573,      1018,  1.389258300089E+02,  0.3956
      2578,      1019,  1.389252834519E+02,  0.3953
      2579,      1020,  1.389238004649E+02,  0.3955
      2585,      1021,  1.389165738254E+02,  0.3950
      2586,      1022,  1.389091047369E+02,  0.3952
      2590,      1023,  1.388472459308E+02,  0.3950
      2596,      1024,  1.388432292555E+02,  0.3945
      2599,      1025,  1.388225416602E+02,  0.3944
      2600,      1026,  1.388127866003E+02,  0.3946
      2604,      1027,  1.388068546363E+02,  0.3944
      2605,      1028,  1.387909253385E+02,  0.3946
      2613,      1029,  1.387873900960E+02,  0.3938
      2615,      1030,  1.387741231576E+02,  0.3939
      2617,      1031,  1.387720027177E+02,  0.3940
      2619,      1032,  1.387711804213E+02,  0.3940
      2623,      1033,  1.387636043327E+02,  0.3938
      2627,      1034,  1.386919760737E+02,  0.3936
      2632,      1035,  1.386434245444E+02,  0.3932
      2636,      1036,  1.386014059852E+02,  0.3930
      2639,      1037,  1.385914824353E+02,  0.3930
      2641,      1038,  1.385151169190E+02,  0.3930
      2643,      1039,  1.384692551047E+02,  0.3931
      2648,      1040,  1.384570288339E+02,  0.3927
      2665,      1041,  1.384533976186E+02,  0.3906
      2669,      1042,  1.384373787491E+02,  0.3904
      2672,      1043,  1.383532299882E+02,  0.3903
      2678,      1044,  1.383502892802E+02,  0.3898
      2684,      1045,  1.383372211368E+02,  0.3893
      2688,      1046,  1.383314792375E+02,  0.3891
      2690,      1047,  1.383302534690E+02,  0.3892
      2692,      1048,  1.383164812319E+02,  0.3893
      2696,      1049,  1.383030014175E+02,  0.3891
      2697,      1050,  1.382990747771E+02,  0.3893
      2709,      1051,  1.382955272015E+02,  0.3880
      2713,      1052,  1.382953299924E+02,  0.3878
      2715,      1053,  1.382947890088E+02,  0.3878
      2718,      1054,  1.382632233688E+02,  0.3878
      2720,      1055,  1.382120551304E+02,  0.3879
      2725,      1056,  1.381925674496E+02,  0.3875
      2727,      1057,  1.381899320656E+02,  0.3876
      2728,      1058,  1.381800073904E+02,  0.3878
      2735,      1059,  1.381782654671E+02,  0.3872
      2737,      1060,  1.381197288217E+02,  0.3873
      2742,      1061,  1.381111304838E+02,  0.3869
      2746,      1062,  1.380818118151E+02,  0.3867
      2748,      1063,  1.380797956028E+02,  0.3868
      2749,      1064,  1.380796924927E+02,  0.3870
      2755,      1065,  1.380576460240E+02,  0.3866
      2758,      1066,  1.380446206643E+02,  0.3865
      2775,      1067,  1.380357680861E+02,  0.3845
      2777,      1068,  1.380073243605E+02,  0.3846
      2784,      1069,  1.380011706883E+02,  0.3840
      2789,      1070,  1.379768797784E+02,  0.3837
      2792,      1071,  1.379552601883E+02,  0.3836
      2797,      1072,  1.379087227195E+02,  0.3833
      2798,      1073,  1.379046739078E+02,  0.3835
      2801,      1074,  1.379013819866E+02,  0.3834
      2804,      1075,  1.378957191239E+02,  0.3834
      2806,      1076,  1.378889611315E+02,  0.3835
      2811,      1077,  1.378872993780E+02,  0.3831
      2812,      1078,  1.378846357539E+02,  0.3834
      2813,      1079,  1.378425929512E+02,  0.3836
      2817,      1080,  1.378176574600E+02,  0.3834
      2824,      1081,  1.377506130863E+02,  0.3828
      2825,      1082,  1.377239566864E+02,  0.3830
      2827,      1083,  1.377229899370E+02,  0.3831
      2828,      1084,  1.377056324639E+02,  0.3833
      2829,      1085,  1.377049768461E+02,  0.3835
      2835,      1086,  1.376823911568E+02,  0.3831
      2839,      1087,  1.376371355631E+02,  0.3829
      2846,      1088,  1.376190500560E+02,  0.3823
      2851,      1089,  1.376179550166E+02,  0.3820
      2855,      1090,  1.376157228634E+02,  0.3818
      2860,      1091,  1.375808308493E+02,  0.3815
      2862,      1092,  1.375767203707E+02,  0.3816
      2863,      1093,  1.375541262054E+02,  0.3818
      2866,      1094,  1.375509250328E+02,  0.3817
      2868,      1095,  1.375011934928E+02,  0.3818
      2871,      1096,  1.374912291346E+02,  0.3817
      2873,      1097,  1.374865219034E+02,  0.3818
      2880,      1098,  1.374755294637E+02,  0.3812
      2883,      1099,  1.374123121675E+02,  0.3812
      2892,      1100,  1.374113662184E+02,  0.3804
      2899,      1101,  1.374101651649E+02,  0.3798
      2901,      1102,  1.374032057140E+02,  0.3799
      2914,      1103,  1.374030871228E+02,  0.3785
      2917,      1104,  1.373729633143E+02,  0.3785
      2918,      1105,  1.373718116228E+02,  0.3787
      2919,      1106,  1.373660629531E+02,  0.3789
      2920,      1107,  1.373660096903E+02,  0.3791
      2922,      1108,  1.373576289337E+02,  0.3792
      2925,      1109,  1.373572831556E+02,  0.3791
      2929,      1110,  1.373492858610E+02,  0.3790
      2930,      1111,  1.373204453523E+02,  0.3792
      2932,      1112,  1.373117302824E+02,  0.3793
      2933,      1113,  1.372628685759E+02,  0.3795
      2935,      1114,  1.372623015876E+02,  0.3796
      2936,      1115,  1.372553593324E+02,  0.3798
      2938,      1116,  1.372005312422E+02,  0.3799
      2940,      1117,  1.371996313605E+02,  0.3799
      2942,      1118,  1.371776709746E+02,  0.3800
      2948,      1119,  1.371683689232E+02,  0.3796
      2949,      1120,  1.371678945738E+02,  0.3798
      2950,      1121,  1.371631821910E+02,  0.3800
      2952,      1122,  1.371512062554E+02,  0.3801
      2955,      1123,  1.371294288584E+02,  0.3800
      2959,      1124,  1.371104320175E+02,  0.3799
      2975,      1125,  1.370920827793E+02,  0.3782
      2978,      1126,  1.370825861187E+02,  0.3781
      2985,      1127,  1.370546913772E+02,  0.3776
      2986,      1128,  1.370454331529E+02,  0.3778
      2987,      1129,  1.370354190224E+02,  0.3780
      2993,      1130,  1.370259224153E+02,  0.3775
      2995,      1131,  1.370183323694E+02,  0.3776
      3001,      1132,  1.369954838394E+02,  0.3772
      3007,      1133,  1.369583407448E+02,  0.3768
      3014,      1134,  1.369316438704E+02,  0.3762
      3018,      1135,  1.369301113977E+02,  0.3761
      3019,      1136,  1.369203732285E+02,  0.3763
      3022,      1137,  1.369147783358E+02,  0.3762
      3026,      1138,  1.368613579185E+02,  0.3761
      3027,      1139,  1.368435588979E+02,  0.3763
      3029,      1140,  1.368140180002E+02,  0.3764
      3030,      1141,  1.368065705507E+02,  0.3766
      3033,      1142,  1.367728911865E+02,  0.3765
      3036,      1143,  1.367372431915E+02,  0.3765
      3041,      1144,  1.367370630893E+02,  0.3762
      3042,      1145,  1.367112048963E+02,  0.3764
      3053,      1146,  1.366774498766E+02,  0.3754
      3057,      1147,  1.366768606456E+02,  0.3752
      3059,      1148,  1.366762195152E+02,  0.3753
      3060,      1149,  1.366020048244E+02,  0.3755
      3064,      1150,  1.365842731867E+02,  0.3753
      3067,      1151,  1.365480778113E+02,  0.3753
      3072,      1152,  1.365466991288E+02,  0.3750
      3077,      1153,  1.365383915926E+02,  0.3747
      3078,      1154,  1.365372296950E+02,  0.3749
      3079,      1155,  1.365291040947E+02,  0.3751
      3083,      1156,  1.365234632559E+02,  0.3750
      3084,      1157,  1.364949032532E+02,  0.3752
      3086,      1158,  1.364798993731E+02,  0.3752
      3087,      1159,  1.364675281610E+02,  0.3754
      3089,      1160,  1.364490107974E+02,  0.3755
      3095,      1161,  1.364205774409E+02,  0.3751
      3102,      1162,  1.363741212147E+02,  0.3746
      3109,      1163,  1.363712668735E+02,  0.3741
      3112,      1164,  1.363697727000E+02,  0.3740
      3117,      1165,  1.363194136985E+02,  0.3738
      3122,      1166,  1.363179512469E+02,  0.3735
      3124,      1167,  1.363161690897E+02,  0.3736
      3127,      1168,  1.363153169941E+02,  0.3735
      3129,      1169,  1.362563348674E+02,  0.3736
      3130,      1170,  1.362551446531E+02,  0.3738
      3132,      1171,  1.362548169101E+02,  0.3739
      3133,      1172,  1.362526304521E+02,  0.3741
      3135,      1173,  1.362454012621E+02,  0.3742
      3142,      1174,  1.362443909582E+02,  0.3736
      3144,      1175,  1.362347066200E+02,  0.3737
      3147,      1176,  1.361828529819E+02,  0.3737
      3154,      1177,  1.361811039804E+02,  0.3732
      3155,      1178,  1.361749205241E+02,  0.3734
      3158,      1179,  1.361735554489E+02,  0.3733
      3159,      1180,  1.361386304870E+02,  0.3735
      3160,      1181,  1.361330219697E+02,  0.3737
      3169,      1182,  1.360990201747E+02,  0.3730
      3170,      1183,  1.360935879817E+02,  0.3732
      3173,      1184,  1.360634852901E+02,  0.3731
      3178,      1185,  1.360613528048E+02,  0.3729
      3183,      1186,  1.360222605800E+02,  0.3726
      3184,      1187,  1.360057370010E+02,  0.3728
      3186,      1188,  1.359840714872E+02,  0.3729
      3190,      1189,  1.359490367440E+02,  0.3727
      3201,      1190,  1.358780175051E+02,  0.3718
      3202,      1191,  1.358720818356E+02,  0.3720
      3209,      1192,  1.358453882576E+02,  0.3715
      3223,      1193,  1.358383413996E+02,  0.3702
      3226,      1194,  1.358360812597E+02,  0.3701
      3228,      1195,  1.358312239120E+02,  0.3702
      3243,      1196,  1.358123568524E+02,  0.3688
      3244,      1197,  1.358080518242E+02,  0.3690
      3246,      1198,  1.358064560245E+02,  0.3691
      3248,      1199,  1.358044921628E+02,  0.3692
      3252,      1200,  1.358024945124E+02,  0.3690
      3253,      1201,  1.357893958041E+02,  0.3692
      3255,      1202,  1.357890596665E+02,  0.3693
      3261,      1203,  1.357786607166E+02,  0.3689
      3262,      1204,  1.357677910854E+02,  0.3691
      3263,      1205,  1.357340180584E+02,  0.3693
      3264,      1206,  1.357311253778E+02,  0.3695
      3265,      1207,  1.357208700739E+02,  0.3697
      3266,      1208,  1.357035487128E+02,  0.3699
      3269,      1209,  1.356554710336E+02,  0.3698
      3270,      1210,  1.356483161803E+02,  0.3700
      3271,      1211,  1.356448211265E+02,  0.3702
      3272,      1212,  1.356429061916E+02,  0.3704
      3273,      1213,  1.356159435343E+02,  0.3706
      3289,      1214,  1.356097758352E+02,  0.3691
      3296,      1215,  1.356000332524E+02,  0.3686
      3301,      1216,  1.355572943131E+02,  0.3684
      3304,      1217,  1.355246789087E+02,  0.3683
      3310,      1218,  1.355216301456E+02,  0.3680
      3314,      1219,  1.355098825409E+02,  0.3678
      3316,      1220,  1.355045057913E+02,  0.3679
      3318,      1221,  1.354769083266E+02,  0.3680
      3321,      1222,  1.354739242193E+02,  0.3680
      3332,      1223,  1.354689197081E+02,  0.3670
      3336,      1224,  1.354652802887E+02,  0.3669
      3338,      1225,  1.354516405895E+02,  0.3670
      3353,      1226,  1.354403732952E+02,  0.3656
      3354,      1227,  1.353831158826E+02,  0.3658
      3356,      1228,  1.353470177609E+02,  0.3659
      3363,      1229,  1.353460734522E+02,  0.3654
      3370,      1230,  1.353460711679E+02,  0.3650
      3377,      1231,  1.353406275317E+02,  0.3645
      3386,      1232,  1.353296593978E+02,  0.3639
      3388,      1233,  1.353188819612E+02,  0.3639
      3394,      1234,  1.352869415549E+02,  0.3636
      3395,      1235,  1.352802883944E+02,  0.3638
      3398,      1236,  1.352545668103E+02,  0.3637
      3402,      1237,  1.352260461323E+02,  0.3636
      3406,      1238,  1.351991353699E+02,  0.3635
      3417,      1239,  1.351985336232E+02,  0.3626
      3418,      1240,  1.351981923496E+02,  0.3628
      3425,      1241,  1.351564796643E+02,  0.3623
      3442,      1242,  1.351530955331E+02,  0.3608
      3444,      1243,  1.351478436526E+02,  0.3609
      3452,      1244,  1.351444338488E+02,  0.3604
      3453,      1245,  1.351250738112E+02,  0.3606
      3465,      1246,  1.351208099952E+02,  0.3596
      3466,      1247,  1.351193777635E+02,  0.3598
      3468,      1248,  1.351044255816E+02,  0.3599
      3470,      1249,  1.351037469155E+02,  0.3599
      3472,      1250,  1.350936399626E+02,  0.3600
      3483,      1251,  1.350091979210E+02,  0.3592
      3485,      1252,  1.349749308988E+02,  0.3593
      3487,      1253,  1.349731267338E+02,  0.3593
      3496,      1254,  1.349056491437E+02,  0.3587
      3497,      1255,  1.349018779961E+02,  0.3589
      3507,      1256,  1.348981231152E+02,  0.3581
      3516,      1257,  1.348720095155E+02,  0.3575
      3522,      1258,  1.348702381824E+02,  0.3572
      3523,      1259,  1.348144725465E+02,  0.3574
      3529,      1260,  1.348067252266E+02,  0.3570
      3530,      1261,  1.348059100478E+02,  0.3572
      3533,      1262,  1.348030538923E+02,  0.3572
      3535,      1263,  1.348019103317E+02,  0.3573
      3536,      1264,  1.347905983279E+02,  0.3575
      3538,      1265,  1.347894556005E+02,  0.3575
      3539,      1266,  1.347863580319E+02,  0.3577
      3543,      1267,  1.347822980048E+02,  0.3576
      3546,      1268,  1.347692214015E+02,  0.3576
      3548,      1269,  1.347346050247E+02,  0.3577
      3549,      1270,  1.347127539081E+02,  0.3578
      3553,      1271,  1.346478273195E+02,  0.3577
      3556,      1272,  1.346381122517E+02,  0.3577
      3558,      1273,  1.346347827264E+02,  0.3578
      3559,      1274,  1.346337256763E+02,  0.3580
      3560,      1275,  1.345993447049E+02,  0.3581
      3571,      1276,  1.345983097325E+02,  0.3573
      3575,      1277,  1.345972195379E+02,  0.3572
      3576,      1278,  1.345962240524E+02,  0.3574
      3578,      1279,  1.345558222220E+02,  0.3575
      3581,      1280,  1.344892108183E+02,  0.3574
      3592,      1281,  1.343839449182E+02,  0.3566
      3593,      1282,  1.343388377527E+02,  0.3568
      3606,      1283,  1.343386082894E+02,  0.3558
      3612,      1284,  1.343235770355E+02,  0.3555
      3613,      1285,  1.343179473813E+02,  0.3557
      3618,      1286,  1.343092399022E+02,  0.3554
      3619,      1287,  1.343038491839E+02,  0.3556
      3620,      1288,  1.342978474605E+02,  0.3558
      3625,      1289,  1.342976715229E+02,  0.3556
      3633,      1290,  1.342955163924E+02,  0.3551
      3637,      1291,  1.342858215230E+02,  0.3550
      3638,      1292,  1.342851930700E+02,  0.3551
      3644,      1293,  1.342848050305E+02,  0.3548
      3646,      1294,  1.342483952814E+02,  0.3549
      3647,      1295,  1.342466863641E+02,  0.3551
      3649,      1296,  1.342443445449E+02,  0.3552
      3654,      1297,  1.342362900923E+02,  0.3550
      3657,      1298,  1.342264763028E+02,  0.3549
      3662,      1299,  1.341527744417E+02,  0.3547
      3663,      1300,  1.341487340866E+02,  0.3549
      3667,      1301,  1.341360648339E+02,  0.3548
      3670,      1302,  1.341149949742E+02,  0.3548
      3673,      1303,  1.341089385125E+02,  0.3548
      3679,      1304,  1.340740823747E+02,  0.3544
      3683,      1305,  1.339900428469E+02,  0.3543
      3685,      1306,  1.339786874964E+02,  0.3544
      3690,      1307,  1.339771147628E+02,  0.3542
      3691,      1308,  1.339766986400E+02,  0.3544
      3696,      1309,  1.339766830440E+02,  0.3542
      3701,      1310,  1.339548394849E+02,  0.3540
      3709,      1311,  1.339542585145E+02,  0.3535
      3710,      1312,  1.339029234821E+02,  0.3536
      3730,      1313,  1.339003277927E+02,  0.3520
      3731,      1314,  1.338922862063E+02,  0.3522
      3734,      1315,  1.338046979011E+02,  0.3522
      3737,      1316,  1.338039331728E+02,  0.3522
      3743,      1317,  1.338037031862E+02,  0.3519
      3744,      1318,  1.337874317979E+02,  0.3520
      3748,      1319,  1.337734415980E+02,  0.3519
      3750,      1320,  1.337520459376E+02,  0.3520
      3756,      1321,  1.337278495102E+02,  0.3517
      3761,      1322,  1.337236906768E+02,  0.3515
      3762,      1323,  1.337146364816E+02,  0.3517
      3769,      1324,  1.336858687788E+02,  0.3513
      3772,      1325,  1.336834358900E+02,  0.3513
      3776,      1326,  1.336630939192E+02,  0.3512
      3777,      1327,  1.335850733115E+02,  0.3513
      3785,      1328,  1.335624972496E+02,  0.3509
      3793,      1329,  1.335161244316E+02,  0.3504
      3794,      1330,  1.335155142912E+02,  0.3506
      3795,      1331,  1.335082208504E+02,  0.3507
      3799,      1332,  1.335076551817E+02,  0.3506
      3800,      1333,  1.334977377003E+02,  0.3508
      3806,      1334,  1.334498812067E+02,  0.3505
      3807,      1335,  1.334497298232E+02,  0.3507
      3808,      1336,  1.334404782891E+02,  0.3508
      3809,      1337,  1.334370994946E+02,  0.3510
      3810,      1338,  1.334344797042E+02,  0.3512
      3811,      1339,  1.334102850749E+02,  0.3514
      3818,      1340,  1.333959842781E+02,  0.3510
      3820,      1341,  1.333939488380E+02,  0.3510
      3832,      1342,  1.333824422938E+02,  0.3502
      3837,      1343,  1.333811815630E+02,  0.3500
      3840,      1344,  1.333766181972E+02,  0.3500
      3842,      1345,  1.333649624880E+02,  0.3501
      3847,      1346,  1.333649138914E+02,  0.3499
      3848,      1347,  1.333543406125E+02,  0.3501
      3860,      1348,  1.332963096271E+02,  0.3492
      3862,      1349,  1.332769803821E+02,  0.3493
      3863,      1350,  1.332761693132E+02,  0.3495
      3864,      1351,  1.332512164316E+02,  0.3496
      3870,      1352,  1.332498141478E+02,  0.3494
      3871,      1353,  1.332497490250E+02,  0.3495
      3873,      1354,  1.332334143154E+02,  0.3496
      3874,      1355,  1.332330249242E+02,  0.3498
      3877,      1356,  1.332305310347E+02,  0.3498
      3891,      1357,  1.331835884964E+02,  0.3488
      3893,      1358,  1.331822107516E+02,  0.3488
      3897,      1359,  1.331760284986E+02,  0.3487
      3899,      1360,  1.331664214792E+02,  0.3488
      3900,      1361,  1.331511363259E+02,  0.3490
      3903,      1362,  1.331069808165E+02,  0.3490
      3906,      1363,  1.330576608528E+02,  0.3490
      3914,      1364,  1.330567955371E+02,  0.3485
      3924,      1365,  1.330540548084E+02,  0.3479
      3926,      1366,  1.330497370839E+02,  0.3479
      3953,      1367,  1.329906500720E+02,  0.3458
      3955,      1368,  1.329788211682E+02,  0.3459
      3958,      1369,  1.329785475394E+02,  0.3459
      3960,      1370,  1.329744158768E+02,  0.3460
      3961,      1371,  1.329739123964E+02,  0.3461
      3975,      1372,  1.329571776316E+02,  0.3452
      3989,      1373,  1.329211885675E+02,  0.3442
      3992,      1374,  1.329123760183E+02,  0.3442
      3998,      1375,  1.328954240315E+02,  0.3439
      4001,      1376,  1.328929482930E+02,  0.3439
      4005,      1377,  1.328909682842E+02,  0.3438
      4007,      1378,  1.328465565536E+02,  0.3439
      4008,      1379,  1.327724617606E+02,  0.3441
      4011,      1380,  1.327678175726E+02,  0.3441
      4012,      1381,  1.327508494679E+02,  0.3442
      4014,      1382,  1.327249893882E+02,  0.3443
      4016,      1383,  1.327242548397E+02,  0.3444
      4043,      1384,  1.327219612239E+02,  0.3423
      4052,      1385,  1.327172858633E+02,  0.3418
      4053,      1386,  1.327096502798E+02,  0.3420
      4054,      1387,  1.327064504406E+02,  0.3421
      4063,      1388,  1.326913062668E+02,  0.3416
      4065,      1389,  1.326827953454E+02,  0.3417
      4069,      1390,  1.326749460256E+02,  0.3416
      4074,      1391,  1.326748344284E+02,  0.3414
      4077,      1392,  1.326746741728E+02,  0.3414
      4084,      1393,  1.326695057997E+02,  0.3411
      4085,      1394,  1.326646456262E+02,  0.3412
      4093,      1395,  1.326603206745E+02,  0.3408
      4094,      1396,  1.326582495531E+02,  0.3410
      4125,      1397,  1.326508385981E+02,  0.3387
      4131,      1398,  1.326485449768E+02,  0.3384
      4132,      1399,  1.326473457838E+02,  0.3386
      4133,      1400,  1.326415750043E+02,  0.3387
      4135,      1401,  1.326220466595E+02,  0.3388
      4136,      1402,  1.326031724121E+02,  0.3390
      4138,      1403,  1.325952775940E+02,  0.3391
      4142,      1404,  1.325777489911E+02,  0.3390
      4146,      1405,  1.325750879438E+02,  0.3389
      4151,      1406,  1.325693001977E+02,  0.3387
      4154,      1407,  1.325516625639E+02,  0.3387
      4159,      1408,  1.325487511022E+02,  0.3385
      4163,      1409,  1.325445894954E+02,  0.3385
      4167,      1410,  1.325277158795E+02,  0.3384
      4171,      1411,  1.324951345701E+02,  0.3383
      4173,      1412,  1.324920370111E+02,  0.3384
      4180,      1413,  1.324898508497E+02,  0.3380
      4182,      1414,  1.324882024301E+02,  0.3381
      4184,      1415,  1.324854175680E+02,  0.3382
      4192,      1416,  1.324853626538E+02,  0.3378
      4193,      1417,  1.324810804257E+02,  0.3379
      4197,      1418,  1.324787857426E+02,  0.3379
      4200,      1419,  1.324765951905E+02,  0.3379
      4201,      1420,  1.324664078170E+02,  0.3380
      4202,      1421,  1.324001355118E+02,  0.3382
      4203,      1422,  1.323999442983E+02,  0.3383
      4210,      1423,  1.323555421787E+02,  0.3380
      4215,      1424,  1.323543955435E+02,  0.3378
      4222,      1425,  1.323513689968E+02,  0.3375
      4226,      1426,  1.323100408702E+02,  0.3374
      4229,      1427,  1.322804135461E+02,  0.3374
      4248,      1428,  1.322702300666E+02,  0.3362
      4250,      1429,  1.322609578692E+02,  0.3362
      4260,      1430,  1.322396561240E+02,  0.3357
      4267,      1431,  1.322177575664E+02,  0.3354
      4273,      1432,  1.322054439343E+02,  0.3351
      4276,      1433,  1.322016996174E+02,  0.3351
      4279,      1434,  1.321287968377E+02,  0.3351
      4280,      1435,  1.320973936228E+02,  0.3353
      4282,      1436,  1.320967013685E+02,  0.3354
      4296,      1437,  1.320679866659E+02,  0.3345
      4299,      1438,  1.320676229270E+02,  0.3345
      4305,      1439,  1.320441904584E+02,  0.3343
      4307,      1440,  1.320380684878E+02,  0.3343
      4316,      1441,  1.320376025253E+02,  0.3339
      4319,      1442,  1.320346851926E+02,  0.3339
      4321,      1443,  1.320325416343E+02,  0.3340
      4327,      1444,  1.320098195681E+02,  0.3337
      4330,      1445,  1.320094785198E+02,  0.3337
      4352,      1446,  1.320077911009E+02,  0.3323
      4356,      1447,  1.320054361848E+02,  0.3322
      4361,      1448,  1.319879828988E+02,  0.3320
      4363,      1449,  1.319798754883E+02,  0.3321
      4366,      1450,  1.319768428999E+02,  0.3321
      4368,      1451,  1.319693335212E+02,  0.3322
      4373,      1452,  1.319616835489E+02,  0.3320
      4375,      1453,  1.319452871360E+02,  0.3321
      4382,      1454,  1.319452380797E+02,  0.3318
      4402,      1455,  1.319440344038E+02,  0.3305
      4412,      1456,  1.319438455445E+02,  0.3300
      4416,      1457,  1.319287239915E+02,  0.3299
      4417,      1458,  1.319279902294E+02,  0.3301
      4420,      1459,  1.319004868240E+02,  0.3301
      4425,      1460,  1.318747531986E+02,  0.3299
      4426,      1461,  1.318737779168E+02,  0.3301
      4427,      1462,  1.318722378098E+02,  0.3302
      4431,      1463,  1.318582985879E+02,  0.3302
      4436,      1464,  1.318488428185E+02,  0.3300
      4444,      1465,  1.318484770587E+02,  0.3297
      4447,      1466,  1.318384751910E+02,  0.3297
      4454,      1467,  1.318376840758E+02,  0.3294
      4455,      1468,  1.318367504784E+02,  0.3295
      4456,      1469,  1.318206629527E+02,  0.3297
      4481,      1470,  1.318074743164E+02,  0.3281
      4484,      1471,  1.318033276124E+02,  0.3281
      4490,      1472,  1.317347406562E+02,  0.3278
      4492,      1473,  1.317347327699E+02,  0.3279
      4496,      1474,  1.317324980353E+02,  0.3278
      4499,      1475,  1.317091893873E+02,  0.3279
      4503,      1476,  1.317081003723E+02,  0.3278
      4510,      1477,  1.316473285192E+02,  0.3275
      4517,      1478,  1.316318934578E+02,  0.3272
      4520,      1479,  1.316309215430E+02,  0.3272
      4526,      1480,  1.316303373615E+02,  0.3270
      4527,      1481,  1.316296330825E+02,  0.3271
      4530,      1482,  1.315767649261E+02,  0.3272
      4537,      1483,  1.315753316607E+02,  0.3269
      4550,      1484,  1.314923320849E+02,  0.3262
      4558,      1485,  1.314861596212E+02,  0.3258
      4561,      1486,  1.314713375335E+02,  0.3258
      4563,      1487,  1.314708879654E+02,  0.3259
      4564,      1488,  1.314705739732E+02,  0.3260
      4566,      1489,  1.314633793235E+02,  0.3261
      4572,      1490,  1.314631817116E+02,  0.3259
      4577,      1491,  1.314631280128E+02,  0.3258
      4592,      1492,  1.314486672588E+02,  0.3249
      4593,      1493,  1.314485332921E+02,  0.3251
      4595,      1494,  1.314472717783E+02,  0.3251
      4603,      1495,  1.314447159668E+02,  0.3248
      4604,      1496,  1.313833819304E+02,  0.3249
      4615,      1497,  1.313726200355E+02,  0.3244
      4625,      1498,  1.313674777668E+02,  0.3239
      4632,      1499,  1.313652432751E+02,  0.3236
      4636,      1500,  1.313624199796E+02,  0.3236
      4649,      1501,  1.313607523582E+02,  0.3229
      4652,      1502,  1.313567489436E+02,  0.3229
      4655,      1503,  1.313521508199E+02,  0.3229
      4660,      1504,  1.313121526353E+02,  0.3227
      4666,      1505,  1.313106391865E+02,  0.3225
      4669,      1506,  1.313104191244E+02,  0.3226
      4675,      1507,  1.313102358497E+02,  0.3224
      4680,      1508,  1.313077542147E+02,  0.3222
      4684,      1509,  1.313073083541E+02,  0.3222
      4686,      1510,  1.312865134526E+02,  0.3222
      4687,      1511,  1.312498298001E+02,  0.3224
      4699,      1512,  1.312185574212E+02,  0.3218
      4701,      1513,  1.312008094670E+02,  0.3218
      4705,      1514,  1.311999379898E+02,  0.3218
      4710,      1515,  1.311972758723E+02,  0.3217
      4714,      1516,  1.311938779171E+02,  0.3216
      4717,      1517,  1.311867224115E+02,  0.3216
      4720,      1518,  1.311857108211E+02,  0.3216
      4728,      1519,  1.311674722765E+02,  0.3213
      4729,      1520,  1.311670130148E+02,  0.3214
      4734,      1521,  1.311611114930E+02,  0.3213
      4739,      1522,  1.311592381718E+02,  0.3212
      4741,      1523,  1.311588758340E+02,  0.3212
      4747,      1524,  1.311587477800E+02,  0.3210
      4748,      1525,  1.311507468330E+02,  0.3212
      4752,      1526,  1.311501510371E+02,  0.3211
      4759,      1527,  1.311410584474E+02,  0.3209
      4765,      1528,  1.311379585441E+02,  0.3207
      4768,      1529,  1.311372813474E+02,  0.3207
      4774,      1530,  1.311352493801E+02,  0.3205
      4779,      1531,  1.311203877089E+02,  0.3204
      4785,      1532,  1.311141608474E+02,  0.3202
      4789,      1533,  1.311044680826E+02,  0.3201
      4800,      1534,  1.311019623334E+02,  0.3196
      4803,      1535,  1.310981859938E+02,  0.3196
      4804,      1536,  1.310389695653E+02,  0.3197
      4808,      1537,  1.310357375926E+02,  0.3197
      4816,      1538,  1.309258010443E+02,  0.3194
      4817,      1539,  1.309079289796E+02,  0.3195
      4819,      1540,  1.308688629128E+02,  0.3196
      4822,      1541,  1.308683684300E+02,  0.3196
      4834,      1542,  1.308623615686E+02,  0.3190
      4842,      1543,  1.308611208008E+02,  0.3187
      4843,      1544,  1.308529849116E+02,  0.3188
      4848,      1545,  1.308496299479E+02,  0.3187
      4861,      1546,  1.307882295303E+02,  0.3180
      4869,      1547,  1.307870225278E+02,  0.3177
      4870,      1548,  1.307854378505E+02,  0.3179
      4877,      1549,  1.307791966534E+02,  0.3176
      4879,      1550,  1.307541981451E+02,  0.3177
      4884,      1551,  1.307510840569E+02,  0.3176
      4886,      1552,  1.307474134589E+02,  0.3176
      4898,      1553,  1.307473751010E+02,  0.3171
      4899,      1554,  1.307329039335E+02,  0.3172
      4909,      1555,  1.307325977538E+02,  0.3168
      4911,      1556,  1.307307368553E+02,  0.3168
      4932,      1557,  1.305910399653E+02,  0.3157
      4933,      1558,  1.305890555898E+02,  0.3158
      4934,      1559,  1.305883538109E+02,  0.3160
      4938,      1560,  1.305856155830E+02,  0.3159
      4939,      1561,  1.305854677946E+02,  0.3161
      4943,      1562,  1.305168544467E+02,  0.3160
      4946,      1563,  1.305167573082E+02,  0.3160
      4951,      1564,  1.305159079927E+02,  0.3159
      4962,      1565,  1.305142665006E+02,  0.3154
      4966,      1566,  1.305015696601E+02,  0.3153
      4972,      1567,  1.304984164625E+02,  0.3152
      4979,      1568,  1.304975819997E+02,  0.3149
      4997,      1569,  1.304674647212E+02,  0.3140
      5004,      1570,  1.303950800879E+02,  0.3137
      5009,      1571,  1.303924703267E+02,  0.3136
      5011,      1572,  1.303891080183E+02,  0.3137
      5016,      1573,  1.303874695516E+02,  0.3136
      5017,      1574,  1.303820717098E+02,  0.3137
      5021,      1575,  1.303811565569E+02,  0.3137
      5033,      1576,  1.303802965058E+02,  0.3131
      5034,      1577,  1.303794648236E+02,  0.3133
      5048,      1578,  1.302384227649E+02,  0.3126
      5049,      1579,  1.301925344326E+02,  0.3127
      5051,      1580,  1.301900333186E+02,  0.3128
      5052,      1581,  1.301846573310E+02,  0.3129
      5054,      1582,  1.301842027738E+02,  0.3130
      5057,      1583,  1.301826235605E+02,  0.3130
      5062,      1584,  1.301594155664E+02,  0.3129
      5063,      1585,  1.300667500467E+02,  0.3131
      5064,      1586,  1.300517247490E+02,  0.3132
      5074,      1587,  1.300165957542E+02,  0.3128
      5084,      1588,  1.300161440451E+02,  0.3124
      5088,      1589,  1.299998844622E+02,  0.3123
      5090,      1590,  1.299362140255E+02,  0.3124
      5091,      1591,  1.299349739459E+02,  0.3125
      5097,      1592,  1.299333459042E+02,  0.3123
      5101,      1593,  1.299178088052E+02,  0.3123
      5103,      1594,  1.299157759820E+02,  0.3124
      5105,      1595,  1.299112978109E+02,  0.3124
      5107,      1596,  1.299062436743E+02,  0.3125
      5108,      1597,  1.299056050609E+02,  0.3126
      5128,      1598,  1.298791058256E+02,  0.3116
      5134,      1599,  1.298786805996E+02,  0.3115
      5138,      1600,  1.298769719325E+02,  0.3114
      5142,      1601,  1.298683935944E+02,  0.3114
      5143,      1602,  1.298593861605E+02,  0.3115
      5155,      1603,  1.298578351604E+02,  0.3110
      5158,      1604,  1.298512641452E+02,  0.3110
      5159,      1605,  1.298267031276E+02,  0.3111
      5160,      1606,  1.298257341434E+02,  0.3112
      5163,      1607,  1.297955912931E+02,  0.3113
      5167,      1608,  1.297946509681E+02,  0.3112
      5168,      1609,  1.297944315750E+02,  0.3113
      5174,      1610,  1.297941907150E+02,  0.3112
      5179,      1611,  1.297927463566E+02,  0.3111
      5180,      1612,  1.297284824965E+02,  0.3112
      5191,      1613,  1.296902262789E+02,  0.3107
      5198,      1614,  1.296886752053E+02,  0.3105
      5200,      1615,  1.296823313289E+02,  0.3106
      5218,      1616,  1.296821881590E+02,  0.3097
      5219,      1617,  1.296663605082E+02,  0.3098
      5220,      1618,  1.296656633613E+02,  0.3100
      5232,      1619,  1.296635605107E+02,  0.3094
      5235,      1620,  1.296211705732E+02,  0.3095
      5247,      1621,  1.295513993178E+02,  0.3089
      5250,      1622,  1.295365890791E+02,  0.3090
      5251,      1623,  1.295295912082E+02,  0.3091
      5255,      1624,  1.294791375753E+02,  0.3090
      5256,      1625,  1.294543927060E+02,  0.3092
      5273,      1626,  1.294361381792E+02,  0.3084
      5279,      1627,  1.294358084566E+02,  0.3082
      5285,      1628,  1.294312068447E+02,  0.3080
      5287,      1629,  1.294309732270E+02,  0.3081
      5302,      1630,  1.294308593167E+02,  0.3074
      5324,      1631,  1.294066504279E+02,  0.3063
      5333,      1632,  1.294064453939E+02,  0.3060
      5339,      1633,  1.294042385208E+02,  0.3059
      5343,      1634,  1.293962321983E+02,  0.3058
      5351,      1635,  1.293938998466E+02,  0.3056
      5352,      1636,  1.293937737198E+02,  0.3057
      5356,      1637,  1.293573503770E+02,  0.3056
      5364,      1638,  1.293557269205E+02,  0.3054
      5365,      1639,  1.293551116723E+02,  0.3055
      5366,      1640,  1.293549027342E+02,  0.3056
      5376,      1641,  1.293547397144E+02,  0.3052
      5379,      1642,  1.293516662749E+02,  0.3053
      5380,      1643,  1.293514209563E+02,  0.3054
      5386,      1644,  1.293204444711E+02,  0.3052
      5393,      1645,  1.293156852439E+02,  0.3050
      5394,      1646,  1.293129572228E+02,  0.3052
      5395,      1647,  1.292802693405E+02,  0.3053
      5400,      1648,  1.292797286883E+02,  0.3052
      5403,      1649,  1.292780458562E+02,  0.3052
      5411,      1650,  1.292398363531E+02,  0.3049
      5439,      1651,  1.292375068776E+02,  0.3035
      5441,      1652,  1.292327017059E+02,  0.3036
      5443,      1653,  1.292123474533E+02,  0.3037
      5451,      1654,  1.292112760186E+02,  0.3034
      5454,      1655,  1.291968849514E+02,  0.3034
      5464,      1656,  1.291967775243E+02,  0.3031
      5466,      1657,  1.291943867557E+02,  0.3031
      5470,      1658,  1.291938691356E+02,  0.3031
      5478,      1659,  1.291934916930E+02,  0.3028
      5487,      1660,  1.291926278913E+02,  0.3025
      5492,      1661,  1.291908353702E+02,  0.3024
      5511,      1662,  1.291690146651E+02,  0.3016
      5519,      1663,  1.291689170858E+02,  0.3013
      5524,      1664,  1.291660064981E+02,  0.3012
      5526,      1665,  1.291566294869E+02,  0.3013
      5530,      1666,  1.291562199795E+02,  0.3013
      5547,      1667,  1.291560880457E+02,  0.3005
      5558,      1668,  1.291531062121E+02,  0.3001
      5559,      1669,  1.291523874247E+02,  0.3002
      5562,      1670,  1.291519307798E+02,  0.3003
      5579,      1671,  1.291495443407E+02,  0.2995
      5588,      1672,  1.290226206827E+02,  0.2992
      5592,      1673,  1.290222475110E+02,  0.2992
      5604,      1674,  1.290212576106E+02,  0.2987
      5616,      1675,  1.290118799137E+02,  0.2983
      5621,      1676,  1.290069134687E+02,  0.2982
      5622,      1677,  1.290065704171E+02,  0.2983
      5623,      1678,  1.290052994979E+02,  0.2984
      5631,      1679,  1.289721505178E+02,  0.2982
      5639,      1680,  1.289364211524E+02,  0.2979
      5641,      1681,  1.289358431504E+02,  0.2980
      5643,      1682,  1.289108981560E+02,  0.2981
      5644,      1683,  1.288185487265E+02,  0.2982
      5653,      1684,  1.288175195101E+02,  0.2979
      5668,      1685,  1.288156150815E+02,  0.2973
      5670,      1686,  1.287809501725E+02,  0.2974
      5672,      1687,  1.287758062439E+02,  0.2974
      5679,      1688,  1.287737775435E+02,  0.2972
      5684,      1689,  1.287736651673E+02,  0.2971
      5691,      1690,  1.287626606367E+02,  0.2970
      5692,      1691,  1.287565988847E+02,  0.2971
      5697,      1692,  1.287072030693E+02,  0.2970
      5702,      1693,  1.287071302764E+02,  0.2969
      5707,      1694,  1.287069918764E+02,  0.2968
      5713,      1695,  1.286191121896E+02,  0.2967
      5720,      1696,  1.286188596280E+02,  0.2965
      5725,      1697,  1.286184491369E+02,  0.2964
      5730,      1698,  1.286178548031E+02,  0.2963
      5735,      1699,  1.286178384287E+02,  0.2963
      5754,      1700,  1.286170934425E+02,  0.2954
      5757,      1701,  1.286089771010E+02,  0.2955
      5763,      1702,  1.286042907781E+02,  0.2953
      5773,      1703,  1.285972510721E+02,  0.2950
      5775,      1704,  1.285850932543E+02,  0.2951
      5778,      1705,  1.285758420453E+02,  0.2951
      5785,      1706,  1.285146565900E+02,  0.2949
      5791,      1707,  1.284769035132E+02,  0.2948
      5793,      1708,  1.284456340295E+02,  0.2948
      5796,      1709,  1.284124191010E+02,  0.2949
      5801,      1710,  1.284105114870E+02,  0.2948
      5803,      1711,  1.284072311908E+02,  0.2948
      5805,      1712,  1.284050873425E+02,  0.2949
      5808,      1713,  1.284025783466E+02,  0.2949
      5819,      1714,  1.284022110927E+02,  0.2946
      5822,      1715,  1.284010460351E+02,  0.2946
      5832,      1716,  1.284010067988E+02,  0.2942
      5835,      1717,  1.284006314339E+02,  0.2943
      5842,      1718,  1.283986243534E+02,  0.2941
      5845,      1719,  1.283972403242E+02,  0.2941
      5847,      1720,  1.283635594254E+02,  0.2942
      5850,      1721,  1.283633599953E+02,  0.2942
      5851,      1722,  1.283626973399E+02,  0.2943
      5852,      1723,  1.283624345211E+02,  0.2944
      5853,      1724,  1.283619915431E+02,  0.2945
      5866,      1725,  1.283598312988E+02,  0.2941
      5869,      1726,  1.283573907612E+02,  0.2941
      5870,      1727,  1.283562506533E+02,  0.2942
      5876,      1728,  1.283559680837E+02,  0.2941
      5880,      1729,  1.283546922858E+02,  0.2940
      5899,      1730,  1.283301436687E+02,  0.2933
      5903,      1731,  1.283300809903E+02,  0.2932
      5909,      1732,  1.283280788976E+02,  0.2931
      5929,      1733,  1.282515464419E+02,  0.2923
      5937,      1734,  1.282449094881E+02,  0.2921
      5959,      1735,  1.282447440173E+02,  0.2912
      5964,      1736,  1.281972323788E+02,  0.2911
      5969,      1737,  1.281970277394E+02,  0.2910
      5971,      1738,  1.281968180656E+02,  0.2911
      5976,      1739,  1.281956435234E+02,  0.2910
      5987,      1740,  1.281836351595E+02,  0.2906
      5995,      1741,  1.281835260385E+02,  0.2904
      5996,      1742,  1.281820662281E+02,  0.2905
      5997,      1743,  1.281789651480E+02,  0.2906
      6000,      1744,  1.281624105459E+02,  0.2907
      6013,      1745,  1.281603073264E+02,  0.2902
      6020,      1746,  1.281602179056E+02,  0.2900
      6035,      1747,  1.281450685359E+02,  0.2895
      6036,      1748,  1.281338539469E+02,  0.2896
      6044,      1749,  1.281315303821E+02,  0.2894
      6050,      1750,  1.281275445915E+02,  0.2893
      6051,      1751,  1.280993475265E+02,  0.2894
      6061,      1752,  1.280888608916E+02,  0.2891
      6065,      1753,  1.280220916758E+02,  0.2890
      6066,      1754,  1.280210600309E+02,  0.2892
      6071,      1755,  1.279826075823E+02,  0.2891
      6083,      1756,  1.279821381881E+02,  0.2887
      6088,      1757,  1.279815471897E+02,  0.2886
      6089,      1758,  1.279806132014E+02,  0.2887
      6098,      1759,  1.279802905628E+02,  0.2885
      6103,      1760,  1.279801189080E+02,  0.2884
      6109,      1761,  1.279763950277E+02,  0.2883
      6113,      1762,  1.279761037444E+02,  0.2882
      6119,      1763,  1.279729894667E+02,  0.2881
      6124,      1764,  1.279719091377E+02,  0.2880
      6138,      1765,  1.279706080061E+02,  0.2876
      6146,      1766,  1.279646822724E+02,  0.2873
      6156,      1767,  1.279646237816E+02,  0.2870
      6167,      1768,  1.279631016677E+02,  0.2867
      6176,      1769,  1.279615561568E+02,  0.2864
      6184,      1770,  1.279609312389E+02,  0.2862
      6190,      1771,  1.279590000962E+02,  0.2861
      6196,      1772,  1.279586036438E+02,  0.2860
      6252,      1773,  1.279548887918E+02,  0.2836
      6258,      1774,  1.279475272600E+02,  0.2835
      6263,      1775,  1.279464639702E+02,  0.2834
      6271,      1776,  1.279464351304E+02,  0.2832
      6289,      1777,  1.279257342791E+02,  0.2826
      6327,      1778,  1.279249955660E+02,  0.2810
      6332,      1779,  1.278817245661E+02,  0.2810
      6346,      1780,  1.278813681073E+02,  0.2805
      6357,      1781,  1.278806225394E+02,  0.2802
      6359,      1782,  1.278799038892E+02,  0.2802
      6366,      1783,  1.278768193545E+02,  0.2801
      6378,      1784,  1.278762718873E+02,  0.2797
      6390,      1785,  1.278700025371E+02,  0.2793
      6405,      1786,  1.278460152990E+02,  0.2788
      6407,      1787,  1.278457184617E+02,  0.2789
      6421,      1788,  1.278130084032E+02,  0.2785
      6426,      1789,  1.278126541660E+02,  0.2784
      6432,      1790,  1.277750696316E+02,  0.2783
      6440,      1791,  1.277742798986E+02,  0.2781
      6447,      1792,  1.277628900850E+02,  0.2780
      6448,      1793,  1.277615428548E+02,  0.2781
      6460,      1794,  1.277595230447E+02,  0.2777
      6461,      1795,  1.277578122434E+02,  0.2778
      6472,      1796,  1.277568222383E+02,  0.2775
      6496,      1797,  1.277567434802E+02,  0.2766
      6505,      1798,  1.277559435706E+02,  0.2764
      6518,      1799,  1.277250410129E+02,  0.2760
      6531,      1800,  1.277241236109E+02,  0.2756
      6551,      1801,  1.277182221827E+02,  0.2749
      6574,      1802,  1.277073830787E+02,  0.2741
      6581,      1803,  1.277026565628E+02,  0.2740
      6584,      1804,  1.276915819305E+02,  0.2740
      6585,      1805,  1.276913667694E+02,  0.2741
      6591,      1806,  1.276907844630E+02,  0.2740
      6593,      1807,  1.276901690468E+02,  0.2741
      6609,      1808,  1.276878768990E+02,  0.2736
      6614,      1809,  1.276865864034E+02,  0.2735
      6623,      1810,  1.276714601962E+02,  0.2733
      6624,      1811,  1.276408124956E+02,  0.2734
      6627,      1812,  1.276394028369E+02,  0.2734
      6631,      1813,  1.276374150644E+02,  0.2734
      6641,      1814,  1.276370447114E+02,  0.2732
      6651,      1815,  1.276352949811E+02,  0.2729
      6668,      1816,  1.276350979767E+02,  0.2723
      6669,      1817,  1.276281285310E+02,  0.2725
      6676,      1818,  1.275931235219E+02,  0.2723
      6679,      1819,  1.275843180514E+02,  0.2723
      6682,      1820,  1.275797715987E+02,  0.2724
      6683,      1821,  1.275775208146E+02,  0.2725
      6703,      1822,  1.275773023739E+02,  0.2718
      6725,      1823,  1.275748754984E+02,  0.2711
      6742,      1824,  1.275742287550E+02,  0.2705
      6769,      1825,  1.275716570679E+02,  0.2696
      6770,      1826,  1.275538150627E+02,  0.2697
      6785,      1827,  1.275481191522E+02,  0.2693
      6800,      1828,  1.275467299023E+02,  0.2688
      6820,      1829,  1.275465120756E+02,  0.2682
      6827,      1830,  1.274772430434E+02,  0.2681
      6830,      1831,  1.274769447966E+02,  0.2681
      6834,      1832,  1.274768355458E+02,  0.2681
      6837,      1833,  1.274749413356E+02,  0.2681
      6854,      1834,  1.274635356682E+02,  0.2676
      6866,      1835,  1.274632474115E+02,  0.2673
      6891,      1836,  1.274616965253E+02,  0.2664
      6921,      1837,  1.274616060665E+02,  0.2654
      6927,      1838,  1.274597647019E+02,  0.2653
      6932,      1839,  1.274592563285E+02,  0.2653
      6940,      1840,  1.274140820794E+02,  0.2651
      6943,      1841,  1.274139065044E+02,  0.2652
      6945,      1842,  1.273781970092E+02,  0.2652
      6948,      1843,  1.273781878823E+02,  0.2653
      6965,      1844,  1.273781527044E+02,  0.2648
      6979,      1845,  1.273774440630E+02,  0.2644
      6991,      1846,  1.273765458049E+02,  0.2641
      6996,      1847,  1.273761543946E+02,  0.2640
      7000,      1848,  1.273756956968E+02,  0.2640
      7021,      1849,  1.273755801978E+02,  0.2634
      7023,      1850,  1.273743699545E+02,  0.2634
      7027,      1851,  1.273718891441E+02,  0.2634
      7028,      1852,  1.273679691921E+02,  0.2635
      7057,      1853,  1.273652172317E+02,  0.2626
      7079,      1854,  1.273645870502E+02,  0.2619
      7091,      1855,  1.273612110486E+02,  0.2616
      7092,      1856,  1.273518749929E+02,  0.2617
      7094,      1857,  1.273105849349E+02,  0.2618
      7095,      1858,  1.273096746157E+02,  0.2619
      7102,      1859,  1.273095652068E+02,  0.2618
      7113,      1860,  1.273084554694E+02,  0.2615
      7120,      1861,  1.273016605299E+02,  0.2614
      7155,      1862,  1.272997687866E+02,  0.2602
      7157,      1863,  1.272995214887E+02,  0.2603
      7164,      1864,  1.272814046641E+02,  0.2602
      7166,      1865,  1.272805529512E+02,  0.2603
      7189,      1866,  1.272649310348E+02,  0.2596
      7197,      1867,  1.272631453942E+02,  0.2594
      7213,      1868,  1.272427717760E+02,  0.2590
      7215,      1869,  1.272423880479E+02,  0.2590
      7242,      1870,  1.272416753117E+02,  0.2582
      7246,      1871,  1.272409901512E+02,  0.2582
      7253,      1872,  1.272386708482E+02,  0.2581
      7356,      1873,  1.272383334984E+02,  0.2546
      7360,      1874,  1.272215771280E+02,  0.2546
      7373,      1875,  1.272167262096E+02,  0.2543
      7385,      1876,  1.272158230304E+02,  0.2540
      7386,      1877,  1.271968190450E+02,  0.2541
      7405,      1878,  1.271959708905E+02,  0.2536
      7416,      1879,  1.271958519144E+02,  0.2534
      7423,      1880,  1.271802072606E+02,  0.2533
      7451,      1881,  1.271801731406E+02,  0.2524
      7453,      1882,  1.271793483182E+02,  0.2525
      7467,      1883,  1.271791569789E+02,  0.2522
      7487,      1884,  1.271752266231E+02,  0.2516
      7502,      1885,  1.271557740771E+02,  0.2513
      7509,      1886,  1.271553583102E+02,  0.2512
      7521,      1887,  1.271471724964E+02,  0.2509
      7534,      1888,  1.271465884012E+02,  0.2506
      7552,      1889,  1.271398328645E+02,  0.2501
      7575,      1890,  1.271396718404E+02,  0.2495
      7610,      1891,  1.271134839852E+02,  0.2485
      7611,      1892,  1.271105882278E+02,  0.2486
      7613,      1893,  1.271034617768E+02,  0.2487
      7629,      1894,  1.271016658331E+02,  0.2483
      7648,      1895,  1.270903313846E+02,  0.2478
      7650,      1896,  1.270897157358E+02,  0.2478
      7661,      1897,  1.270780320258E+02,  0.2476
      7667,      1898,  1.270281076960E+02,  0.2476
      7684,      1899,  1.270271432150E+02,  0.2471
      7693,      1900,  1.270267091180E+02,  0.2470
      7695,      1901,  1.270206382519E+02,  0.2470
      7698,      1902,  1.270176516376E+02,  0.2471
      7706,      1903,  1.270173120589E+02,  0.2470
      7709,      1904,  1.270011660565E+02,  0.2470
      7756,      1905,  1.269679916199E+02,  0.2456
      7769,      1906,  1.269676361841E+02,  0.2453
      7787,      1907,  1.269612792593E+02,  0.2449
      7798,      1908,  1.269295037658E+02,  0.2447
      7821,      1909,  1.269295021996E+02,  0.2441
      7823,      1910,  1.269257353372E+02,  0.2442
      7828,      1911,  1.268830177537E+02,  0.2441
      7845,      1912,  1.268819030603E+02,  0.2437
      7856,      1913,  1.268817912175E+02,  0.2435
      7864,      1914,  1.268769084163E+02,  0.2434
      7878,      1915,  1.268626353070E+02,  0.2431
      7893,      1916,  1.268619876843E+02,  0.2427
      7916,      1917,  1.268565955369E+02,  0.2422
      7917,      1918,  1.268485991364E+02,  0.2423
      7918,      1919,  1.268477665865E+02,  0.2424
      7962,      1920,  1.268476297312E+02,  0.2411
      7969,      1921,  1.268464178624E+02,  0.2411
      8017,      1922,  1.268463660428E+02,  0.2397
      8030,      1923,  1.268460929272E+02,  0.2395
      8038,      1924,  1.268432684038E+02,  0.2394
      8052,      1925,  1.268386555650E+02,  0.2391
      8081,      1926,  1.268385762496E+02,  0.2383
      8088,      1927,  1.268378197069E+02,  0.2383
      8092,      1928,  1.268374732336E+02,  0.2383
      8115,      1929,  1.268363875513E+02,  0.2377
      8123,      1930,  1.268359969072E+02,  0.2376
      8125,      1931,  1.268359345309E+02,  0.2377
      8129,      1932,  1.268345630970E+02,  0.2377
      8134,      1933,  1.268323519588E+02,  0.2376
      8136,      1934,  1.268220679894E+02,  0.2377
      8151,      1935,  1.268175379133E+02,  0.2374
      8169,      1936,  1.268170429767E+02,  0.2370
      8175,      1937,  1.268113928298E+02,  0.2369
      8182,      1938,  1.268110277853E+02,  0.2369
      8192,      1939,  1.268108690646E+02,  0.2367
      8193,      1940,  1.268107583691E+02,  0.2368
      8203,      1941,  1.267585027834E+02,  0.2366
      8204,      1942,  1.267455016788E+02,  0.2367
      8205,      1943,  1.267433573281E+02,  0.2368
      8209,      1944,  1.267432059985E+02,  0.2368
      8218,      1945,  1.267398141172E+02,  0.2367
      8221,      1946,  1.267365902506E+02,  0.2367
      8225,      1947,  1.267363448539E+02,  0.2367
      8228,      1948,  1.267360274419E+02,  0.2368
      8235,      1949,  1.267233791650E+02,  0.2367
      8248,      1950,  1.267039737599E+02,  0.2364
      8256,      1951,  1.266925099097E+02,  0.2363
      8258,      1952,  1.266922259881E+02,  0.2364
      8265,      1953,  1.266918107488E+02,  0.2363
      8289,      1954,  1.266910605742E+02,  0.2357
      8302,      1955,  1.266829498076E+02,  0.2355
      8331,      1956,  1.266693221671E+02,  0.2348
      8339,      1957,  1.266550893192E+02,  0.2347
      8348,      1958,  1.266529925317E+02,  0.2345
      8349,      1959,  1.266523379505E+02,  0.2346
      8354,      1960,  1.266522821811E+02,  0.2346
      8367,      1961,  1.266416249392E+02,  0.2344
      8373,      1962,  1.265963712583E+02,  0.2343
      8375,      1963,  1.265869197957E+02,  0.2344
      8402,      1964,  1.265832770132E+02,  0.2338
      8423,      1965,  1.265736296806E+02,  0.2333
      8425,      1966,  1.265733093144E+02,  0.2334
      8440,      1967,  1.265728166151E+02,  0.2331
      8445,      1968,  1.265662634324E+02,  0.2330
      8483,      1969,  1.265661790952E+02,  0.2321
      8487,      1970,  1.265655833906E+02,  0.2321
      8495,      1971,  1.265557375796E+02,  0.2320
      8500,      1972,  1.265556461720E+02,  0.2320
      8530,      1973,  1.265555190173E+02,  0.2313
      8543,      1974,  1.265152698425E+02,  0.2311
      8554,      1975,  1.265145596455E+02,  0.2309
      8556,      1976,  1.265134669051E+02,  0.2309
      8560,      1977,  1.265130170031E+02,  0.2310
      8561,      1978,  1.265102796158E+02,  0.2310
      8579,      1979,  1.265102354597E+02,  0.2307
      8585,      1980,  1.264833161346E+02,  0.2306
      8597,      1981,  1.264830393231E+02,  0.2304
      8599,      1982,  1.264830206910E+02,  0.2305
      8602,      1983,  1.264825160109E+02,  0.2305
      8622,      1984,  1.264823728956E+02,  0.2301
      8645,      1985,  1.264812107127E+02,  0.2296
      8666,      1986,  1.264724077005E+02,  0.2292
      8668,      1987,  1.264723649029E+02,  0.2292
      8686,      1988,  1.264695466021E+02,  0.2289
      8687,      1989,  1.264684223920E+02,  0.2290
      8729,      1990,  1.264042310875E+02,  0.2280
      8738,      1991,  1.263651180487E+02,  0.2279
      8760,      1992,  1.263650181540E+02,  0.2274
      8765,      1993,  1.263648466462E+02,  0.2274
      8775,      1994,  1.263647838313E+02,  0.2272
      8782,      1995,  1.263619059655E+02,  0.2272
      8790,      1996,  1.263603771039E+02,  0.2271
      8792,      1997,  1.263506945951E+02,  0.2271
      8825,      1998,  1.263495921992E+02,  0.2264
      8834,      1999,  1.263485582942E+02,  0.2263
      8835,      2000,  1.263050817446E+02,  0.2264
      8843,      2001,  1.262992498919E+02,  0.2263
      8847,      2002,  1.262825932624E+02,  0.2263
      8848,      2003,  1.262754467580E+02,  0.2264
      8853,      2004,  1.262739829149E+02,  0.2264
      8862,      2005,  1.261970350677E+02,  0.2262
      8867,      2006,  1.261934630446E+02,  0.2262
      8869,      2007,  1.261476377484E+02,  0.2263
      8888,      2008,  1.261332244445E+02,  0.2259
      8899,      2009,  1.261329088752E+02,  0.2258
      8908,      2010,  1.261325979195E+02,  0.2256
      8910,      2011,  1.261325466460E+02,  0.2257
      8915,      2012,  1.261322144731E+02,  0.2257
      8943,      2013,  1.261320695605E+02,  0.2251
      8952,      2014,  1.261274274909E+02,  0.2250
      8957,      2015,  1.260821098754E+02,  0.2250
      8960,      2016,  1.260566149317E+02,  0.2250
      8973,      2017,  1.260564372007E+02,  0.2248
      8977,      2018,  1.260559051527E+02,  0.2248
      8990,      2019,  1.260556352019E+02,  0.2246
      9015,      2020,  1.260553056953E+02,  0.2241
      9017,      2021,  1.260304076772E+02,  0.2241
      9022,      2022,  1.260302416694E+02,  0.2241
      9031,      2023,  1.259986178308E+02,  0.2240
      9079,      2024,  1.259985323450E+02,  0.2229
      9088,      2025,  1.259984876292E+02,  0.2228
      9094,      2026,  1.259959423389E+02,  0.2228
      9139,      2027,  1.259785995884E+02,  0.2218
      9141,      2028,  1.259737060424E+02,  0.2219
      9164,      2029,  1.259732229103E+02,  0.2214
      9167,      2030,  1.259729144534E+02,  0.2214
      9182,      2031,  1.259716345280E+02,  0.2212
      9191,      2032,  1.259700906533E+02,  0.2211
      9196,      2033,  1.259586419654E+02,  0.2211
      9197,      2034,  1.259581025677E+02,  0.2212
      9209,      2035,  1.259553447878E+02,  0.2210
      9213,      2036,  1.258839050109E+02,  0.2210
      9220,      2037,  1.258810979540E+02,  0.2209
      9241,      2038,  1.258776222875E+02,  0.2205
      9252,      2039,  1.258771441805E+02,  0.2204
      9282,      2040,  1.258770289351E+02,  0.2198
      9310,      2041,  1.258695848241E+02,  0.2192
      9312,      2042,  1.258677455938E+02,  0.2193
      9326,      2043,  1.258652474211E+02,  0.2191
      9362,      2044,  1.258629700644E+02,  0.2183
      9368,      2045,  1.258534301740E+02,  0.2183
      9371,      2046,  1.258531461533E+02,  0.2183
      9392,      2047,  1.258528630421E+02,  0.2180
      9394,      2048,  1.258525317615E+02,  0.2180
      9396,      2049,  1.258517531154E+02,  0.2181
      9398,      2050,  1.258506843121E+02,  0.2181
      9440,      2051,  1.258388277021E+02,  0.2173
      9447,      2052,  1.258381183667E+02,  0.2172
      9454,      2053,  1.258211189907E+02,  0.2172
      9456,      2054,  1.258156047890E+02,  0.2172
      9465,      2055,  1.258151571306E+02,  0.2171
      9471,      2056,  1.258149279621E+02,  0.2171
      9490,      2057,  1.258145491960E+02,  0.2168
      9498,      2058,  1.257555419555E+02,  0.2167
      9508,      2059,  1.257547366767E+02,  0.2166
      9509,      2060,  1.257545620636E+02,  0.2166
      9510,      2061,  1.257491497024E+02,  0.2167
      9550,      2062,  1.257359447998E+02,  0.2159
      9554,      2063,  1.257332766048E+02,  0.2159
      9558,      2064,  1.257329709876E+02,  0.2159
      9563,      2065,  1.257321978909E+02,  0.2159
      9571,      2066,  1.257320250802E+02,  0.2159
      9573,      2067,  1.257311415212E+02,  0.2159
      9578,      2068,  1.257204211256E+02,  0.2159
      9597,      2069,  1.257189797800E+02,  0.2156
      9618,      2070,  1.257182547395E+02,  0.2152
      9631,      2071,  1.257181090311E+02,  0.2150
      9663,      2072,  1.257180700350E+02,  0.2144
      9673,      2073,  1.257119511063E+02,  0.2143
      9683,      2074,  1.257085739821E+02,  0.2142
      9685,      2075,  1.257079299021E+02,  0.2142
      9716,      2076,  1.257078568480E+02,  0.2137
      9724,      2077,  1.257069554840E+02,  0.2136
      9754,      2078,  1.257063953700E+02,  0.2130
      9773,      2079,  1.257063822967E+02,  0.2127
      9782,      2080,  1.257059888052E+02,  0.2126
      9794,      2081,  1.257025734128E+02,  0.2125
      9814,      2082,  1.257002182718E+02,  0.2121
      9825,      2083,  1.257001196811E+02,  0.2120
      9836,      2084,  1.256998895751E+02,  0.2119
      9860,      2085,  1.256997025628E+02,  0.2115
      9866,      2086,  1.256974618345E+02,  0.2114
      9871,      2087,  1.256967646469E+02,  0.2114
      9875,      2088,  1.256963668995E+02,  0.2114
      9880,      2089,  1.256954867487E+02,  0.2114
      9899,      2090,  1.256954145687E+02,  0.2111
      9948,      2091,  1.256947315725E+02,  0.2102
      9961,      2092,  1.256935140607E+02,  0.2100
      9969,      2093,  1.256915035727E+02,  0.2100
      9995,      2094,  1.256908398988E+02,  0.2095
      9998,      2095,  1.256906045058E+02,  0.2095
     10001,      2096,  1.256863005924E+02,  0.2096
     10016,      2097,  1.256861145312E+02,  0.2094
     10047,      2098,  1.256860977419E+02,  0.2088
     10048,      2099,  1.256859800785E+02,  0.2089
     10069,      2100,  1.256858930924E+02,  0.2086
     10089,      2101,  1.256855377539E+02,  0.2082
     10108,      2102,  1.256846427254E+02,  0.2080
     10122,      2103,  1.256845573406E+02,  0.2078
     10127,      2104,  1.256841027473E+02,  0.2078
     10163,      2105,  1.256837408388E+02,  0.2071
     10185,      2106,  1.256833964978E+02,  0.2068
     10223,      2107,  1.256822120138E+02,  0.2061
     10224,      2108,  1.256822046977E+02,  0.2062
     10350,      2109,  1.256807931086E+02,  0.2038
     10375,      2110,  1.256805219166E+02,  0.2034
     10376,      2111,  1.256803852032E+02,  0.2035
     10379,      2112,  1.256663494277E+02,  0.2035
     10412,      2113,  1.256661149685E+02,  0.2029
     10429,      2114,  1.256656366316E+02,  0.2027
     10475,      2115,  1.256654000123E+02,  0.2019
     10480,      2116,  1.256651924311E+02,  0.2019
     10482,      2117,  1.256650080159E+02,  0.2020
     10534,      2118,  1.256645817412E+02,  0.2011
     10556,      2119,  1.256573815257E+02,  0.2007
     10567,      2120,  1.256550264910E+02,  0.2006
     10592,      2121,  1.256547634726E+02,  0.2002
     10594,      2122,  1.256545992341E+02,  0.2003
     10646,      2123,  1.256482719308E+02,  0.1994
     10663,      2124,  1.256482223460E+02,  0.1992
     10665,      2125,  1.256480611283E+02,  0.1992
     10676,      2126,  1.256479789492E+02,  0.1991
     10725,      2127,  1.256450703659E+02,  0.1983
     10726,      2128,  1.256447402023E+02,  0.1984
     10755,      2129,  1.256441490750E+02,  0.1980
     10770,      2130,  1.256440386496E+02,  0.1978
     10779,      2131,  1.256440292096E+02,  0.1977
     10817,      2132,  1.256427917134E+02,  0.1971
     10855,      2133,  1.256426893160E+02,  0.1965
     10865,      2134,  1.256424056436E+02,  0.1964
     10871,      2135,  1.256419072242E+02,  0.1964
     10989,      2136,  1.256418558841E+02,  0.1944
     10990,      2137,  1.256414524421E+02,  0.1944
     11005,      2138,  1.256390358995E+02,  0.1943
     11039,      2139,  1.256386398008E+02,  0.1938
     11069,      2140,  1.256382416407E+02,  0.1933
     11085,      2141,  1.256380884563E+02,  0.1931
     11156,      2142,  1.256375913564E+02,  0.1920
     11175,      2143,  1.256374134757E+02,  0.1918
     11184,      2144,  1.256373937929E+02,  0.1917
     11190,      2145,  1.256366105197E+02,  0.1917
     11200,      2146,  1.256316141822E+02,  0.1916
     11228,      2147,  1.255478587898E+02,  0.1912
     11232,      2148,  1.255475902519E+02,  0.1912
     11236,      2149,  1.255475552335E+02,  0.1913
     11260,      2150,  1.255340385728E+02,  0.1909
     11265,      2151,  1.255340209069E+02,  0.1909
     11281,      2152,  1.255338784677E+02,  0.1908
     11320,      2153,  1.255335442647E+02,  0.1902
     11324,      2154,  1.255332097895E+02,  0.1902
     11329,      2155,  1.255330575974E+02,  0.1902
     11375,      2156,  1.255328340652E+02,  0.1895
     11389,      2157,  1.255327157401E+02,  0.1894
     11390,      2158,  1.255321701240E+02,  0.1895
     11451,      2159,  1.255321432819E+02,  0.1885
     11452,      2160,  1.255317867404E+02,  0.1886
     11465,      2161,  1.255317064378E+02,  0.1885
     11507,      2162,  1.255314126825E+02,  0.1879
     11577,      2163,  1.255194363820E+02,  0.1868
     11670,      2164,  1.255141498481E+02,  0.1854
     11677,      2165,  1.255125267436E+02,  0.1854
     11785,      2166,  1.255124962884E+02,  0.1838
     11817,      2167,  1.255119173023E+02,  0.1834
     11868,      2168,  1.255056594338E+02,  0.1827
     11870,      2169,  1.255055247460E+02,  0.1827
     11985,      2170,  1.255002789208E+02,  0.1811
     12011,      2171,  1.254891611798E+02,  0.1808
     12046,      2172,  1.254891140072E+02,  0.1803
     12153,      2173,  1.254890307987E+02,  0.1788
     12171,      2174,  1.254835099477E+02,  0.1786
     12172,      2175,  1.254835064243E+02,  0.1787
     12217,      2176,  1.254832946261E+02,  0.1781
     12219,      2177,  1.254831163236E+02,  0.1782
     12244,      2178,  1.254763566356E+02,  0.1779
     12257,      2179,  1.254757213684E+02,  0.1778
     12343,      2180,  1.254729903697E+02,  0.1766
     12358,      2181,  1.254729896341E+02,  0.1765
     12397,      2182,  1.254728661504E+02,  0.1760
     12423,      2183,  1.254727322037E+02,  0.1757
     12470,      2184,  1.254722093455E+02,  0.1751
     12493,      2185,  1.254721389620E+02,  0.1749
     12499,      2186,  1.254714849895E+02,  0.1749
     12511,      2187,  1.254711993265E+02,  0.1748
     12589,      2188,  1.254709924780E+02,  0.1738
     12624,      2189,  1.254709162866E+02,  0.1734
     12634,      2190,  1.254708123683E+02,  0.1733
     12643,      2191,  1.254674325047E+02,  0.1733
     12674,      2192,  1.254674315973E+02,  0.1730
     12681,      2193,  1.254672051647E+02,  0.1729
     12762,      2194,  1.254669717345E+02,  0.1719
     12765,      2195,  1.254666336262E+02,  0.1720
     12777,      2196,  1.254665371712E+02,  0.1719
     12783,      2197,  1.254585737830E+02,  0.1719
     12794,      2198,  1.254570237441E+02,  0.1718
     12804,      2199,  1.254562479177E+02,  0.1717
     12877,      2200,  1.254560119624E+02,  0.1708
     12908,      2201,  1.254464201287E+02,  0.1705
     12909,      2202,  1.254463796235E+02,  0.1706
     12936,      2203,  1.254457302039E+02,  0.1703
     12979,      2204,  1.254456964765E+02,  0.1698
     12990,      2205,  1.254456927310E+02,  0.1697
     13031,      2206,  1.254456357226E+02,  0.1693
     13040,      2207,  1.254418301254E+02,  0.1692
     13041,      2208,  1.254387892384E+02,  0.1693
     13068,      2209,  1.254381587313E+02,  0.1690
     13071,      2210,  1.254380394927E+02,  0.1691
     13096,      2211,  1.254378659970E+02,  0.1688
     13124,      2212,  1.254377122090E+02,  0.1685
     13154,      2213,  1.254376836876E+02,  0.1682
     13158,      2214,  1.254375298976E+02,  0.1683
     13220,      2215,  1.254374423906E+02,  0.1675
     13269,      2216,  1.254372065924E+02,  0.1670
     13277,      2217,  1.254368912603E+02,  0.1670
     13326,      2218,  1.254368657752E+02,  0.1664
     13442,      2219,  1.254325028893E+02,  0.1651
     13483,      2220,  1.254324503369E+02,  0.1647
     13536,      2221,  1.254323669440E+02,  0.1641
     13542,      2222,  1.254301240467E+02,  0.1641
     13549,      2223,  1.254297799431E+02,  0.1641
     13570,      2224,  1.254297749809E+02,  0.1639
     13633,      2225,  1.254295556340E+02,  0.1632
     13644,      2226,  1.254295121418E+02,  0.1631
     13715,      2227,  1.254291408318E+02,  0.1624
     13716,      2228,  1.254291102565E+02,  0.1624
     13736,      2229,  1.254290631185E+02,  0.1623
     13738,      2230,  1.254286145024E+02,  0.1623
     13813,      2231,  1.254285728117E+02,  0.1615
     13821,      2232,  1.254210404317E+02,  0.1615
     13848,      2233,  1.254125158320E+02,  0.1613
     13943,      2234,  1.254123778995E+02,  0.1602
     13995,      2235,  1.254123491605E+02,  0.1597
     14013,      2236,  1.254100680061E+02,  0.1596
     14047,      2237,  1.254099417275E+02,  0.1593
     14057,      2238,  1.254093956463E+02,  0.1592
     14124,      2239,  1.254091688379E+02,  0.1585
     14155,      2240,  1.254090226414E+02,  0.1582
     14159,      2241,  1.254033494647E+02,  0.1583
     14172,      2242,  1.254032500149E+02,  0.1582
     14299,      2243,  1.253963276048E+02,  0.1569
     14342,      2244,  1.253961641588E+02,  0.1565
     14355,      2245,  1.253961513732E+02,  0.1564
     14398,      2246,  1.253960685648E+02,  0.1560
     14401,      2247,  1.253960217094E+02,  0.1560
     14411,      2248,  1.253959183232E+02,  0.1560
     14473,      2249,  1.253958070356E+02,  0.1554
     14495,      2250,  1.253957926779E+02,  0.1552
     14520,      2251,  1.253955118082E+02,  0.1550
     14530,      2252,  1.253951118581E+02,  0.1550
     14551,      2253,  1.253914828206E+02,  0.1548
     14557,      2254,  1.253891368989E+02,  0.1548
     14633,      2255,  1.253891311669E+02,  0.1541
     14672,      2256,  1.253891277667E+02,  0.1538
     14680,      2257,  1.253890144179E+02,  0.1537
     14737,      2258,  1.253887765672E+02,  0.1532
     14843,      2259,  1.253833965387E+02,  0.1522
     14961,      2260,  1.253762374664E+02,  0.1511
     14968,      2261,  1.253755916609E+02,  0.1511
     15007,      2262,  1.253744136510E+02,  0.1507
     15053,      2263,  1.253740678071E+02,  0.1503
     15073,      2264,  1.253702258217E+02,  0.1502
     15106,      2265,  1.253700525202E+02,  0.1499
     15229,      2266,  1.253699517070E+02,  0.1488
     15258,      2267,  1.253698433904E+02,  0.1486
     15325,      2268,  1.253698226905E+02,  0.1480
     15341,      2269,  1.253697321667E+02,  0.1479
     15398,      2270,  1.253695306833E+02,  0.1474
     15418,      2271,  1.253686570899E+02,  0.1473
     15451,      2272,  1.253685069115E+02,  0.1470
     15470,      2273,  1.253684529977E+02,  0.1469
     15586,      2274,  1.253684179417E+02,  0.1459
     15619,      2275,  1.253668585426E+02,  0.1457
     15629,      2276,  1.253668575694E+02,  0.1456
     15650,      2277,  1.253668565121E+02,  0.1455
     15682,      2278,  1.253667270820E+02,  0.1453
     15723,      2279,  1.253666415127E+02,  0.1449
     15775,      2280,  1.253666412232E+02,  0.1445
     15812,      2281,  1.253657964989E+02,  0.1443
     16042,      2282,  1.253496352544E+02,  0.1423
     16060,      2283,  1.253451640634E+02,  0.1422
     16071,      2284,  1.253451535600E+02,  0.1421
     16175,      2285,  1.253451299079E+02,  0.1413
     16216,      2286,  1.253450688348E+02,  0.1410
     16320,      2287,  1.253450618905E+02,  0.1401
     16374,      2288,  1.253438180324E+02,  0.1397
     16379,      2289,  1.253437988468E+02,  0.1398
     16505,      2290,  1.253326738335E+02,  0.1387
     16509,      2291,  1.253316588970E+02,  0.1388
     16574,      2292,  1.253316149249E+02,  0.1383
     16603,      2293,  1.253315786187E+02,  0.1381
     16635,      2294,  1.253315128282E+02,  0.1379
     16645,      2295,  1.253286640054E+02,  0.1379
     16702,      2296,  1.253280641399E+02,  0.1375
     16800,      2297,  1.253280610254E+02,  0.1367
     16826,      2298,  1.253277259721E+02,  0.1366
     16872,      2299,  1.253277136881E+02,  0.1363
     16906,      2300,  1.253274539467E+02,  0.1360
     16916,      2301,  1.253273555901E+02,  0.1360
     16924,      2302,  1.253220188412E+02,  0.1360
     16925,      2303,  1.253219213129E+02,  0.1361
     17024,      2304,  1.253218768851E+02,  0.1353
     17090,      2305,  1.253217954939E+02,  0.1349
     17106,      2306,  1.253215898494E+02,  0.1348
     17139,      2307,  1.253215125030E+02,  0.1346
     17177,      2308,  1.253184264093E+02,  0.1344
     17208,      2309,  1.253183344108E+02,  0.1342
     17238,      2310,  1.253181750358E+02,  0.1340
     17252,      2311,  1.253167357112E+02,  0.1340
     17255,      2312,  1.253166700839E+02,  0.1340
     17283,      2313,  1.253166374671E+02,  0.1338
     17289,      2314,  1.253163713328E+02,  0.1338
     17330,      2315,  1.253162476510E+02,  0.1336
     17387,      2316,  1.253161535235E+02,  0.1332
     17396,      2317,  1.253161437695E+02,  0.1332
     17401,      2318,  1.253139626885E+02,  0.1332
     17439,      2319,  1.253139616530E+02,  0.1330
     17446,      2320,  1.253138005549E+02,  0.1330
     17459,      2321,  1.253137976256E+02,  0.1329
     17513,      2322,  1.253125482639E+02,  0.1326
     17559,      2323,  1.253125307319E+02,  0.1323
     17626,      2324,  1.253101286412E+02,  0.1319
     17637,      2325,  1.253100750307E+02,  0.1318
     17719,      2326,  1.253100702078E+02,  0.1313
     17795,      2327,  1.253099006856E+02,  0.1308
     17812,      2328,  1.253080997628E+02,  0.1307
     17900,      2329,  1.253019029793E+02,  0.1301
     17968,      2330,  1.253017024136E+02,  0.1297
     18049,      2331,  1.253013718757E+02,  0.1291
     18100,      2332,  1.253006103487E+02,  0.1288
     18193,      2333,  1.253005695879E+02,  0.1282
     18195,      2334,  1.252960639195E+02,  0.1283
     18261,      2335,  1.252959289386E+02,  0.1279
     18300,      2336,  1.252959249733E+02,  0.1277
     18399,      2337,  1.252948091740E+02,  0.1270
     18560,      2338,  1.252948047906E+02,  0.1260
     18567,      2339,  1.252922467285E+02,  0.1260
     18628,      2340,  1.252922176674E+02,  0.1256
     18713,      2341,  1.252922152163E+02,  0.1251
     18759,      2342,  1.252921721573E+02,  0.1248
     18782,      2343,  1.252890592181E+02,  0.1247
     18805,      2344,  1.252888877222E+02,  0.1246
     18868,      2345,  1.252867033073E+02,  0.1243
     19103,      2346,  1.252867032049E+02,  0.1228
     19158,      2347,  1.252858587200E+02,  0.1225
     19246,      2348,  1.252856617279E+02,  0.1220
     19306,      2349,  1.252856182985E+02,  0.1217
     19341,      2350,  1.252832682982E+02,  0.1215
     19347,      2351,  1.252828632511E+02,  0.1215
     19430,      2352,  1.252827714162E+02,  0.1210
     19431,      2353,  1.252827618001E+02,  0.1211
     19439,      2354,  1.252825914045E+02,  0.1211
     19449,      2355,  1.252809575060E+02,  0.1211
     19491,      2356,  1.252809432494E+02,  0.1209
     19588,      2357,  1.252757875575E+02,  0.1203
     19603,      2358,  1.252757201051E+02,  0.1203
     19641,      2359,  1.252756650795E+02,  0.1201
     19669,      2360,  1.252756326461E+02,  0.1200
     19710,      2361,  1.252754972712E+02,  0.1198
     19738,      2362,  1.252726132560E+02,  0.1197
     19793,      2363,  1.252725966029E+02,  0.1194
     19813,      2364,  1.252718208102E+02,  0.1193
     19848,      2365,  1.252716102548E+02,  0.1192
     20001,      2366,  1.252715046624E+02,  0.1183
     20184,      2367,  1.252688044633E+02,  0.1173
     20243,      2368,  1.252686620355E+02,  0.1170
     20387,      2369,  1.252686457635E+02,  0.1162
     20422,      2370,  1.252686232814E+02,  0.1161
     20435,      2371,  1.252682560208E+02,  0.1160
     20481,      2372,  1.252680036292E+02,  0.1158
     20531,      2373,  1.252668904614E+02,  0.1156
     20636,      2374,  1.252638296607E+02,  0.1150
     20740,      2375,  1.252638287736E+02,  0.1145
     21109,      2376,  1.252637952140E+02,  0.1126
     21118,      2377,  1.252616959374E+02,  0.1126
     21140,      2378,  1.252616420002E+02,  0.1125
     21251,      2379,  1.252615632609E+02,  0.1119
     21416,      2380,  1.252614851549E+02,  0.1111
     21627,      2381,  1.252612996365E+02,  0.1101
     21660,      2382,  1.252611663431E+02,  0.1100
     21708,      2383,  1.252609571299E+02,  0.1098
     21730,      2384,  1.252572659059E+02,  0.1097
     21814,      2385,  1.252571212780E+02,  0.1093
     21829,      2386,  1.252571056935E+02,  0.1093
     21841,      2387,  1.252570241112E+02,  0.1093
     21862,      2388,  1.252521112293E+02,  0.1092
     21945,      2389,  1.252519192771E+02,  0.1089
     21972,      2390,  1.252518935277E+02,  0.1088
     22126,      2391,  1.252518149654E+02,  0.1081
     22193,      2392,  1.252516623016E+02,  0.1078
     22461,      2393,  1.252509311846E+02,  0.1065
     22519,      2394,  1.252505990670E+02,  0.1063
     22678,      2395,  1.252505197364E+02,  0.1056
     22938,      2396,  1.252504888355E+02,  0.1045
     23023,      2397,  1.252502308175E+02,  0.1041
     23045,      2398,  1.252501946755E+02,  0.1041
     23208,      2399,  1.252451856237E+02,  0.1034
     23274,      2400,  1.252451776329E+02,  0.1031
     23524,      2401,  1.252441963056E+02,  0.1021
     23745,      2402,  1.252441192190E+02,  0.1012
     23862,      2403,  1.252421846440E+02,  0.1007
     24142,      2404,  1.252410371301E+02,  0.0996
     24403,      2405,  1.252405659552E+02,  0.0986
     24560,      2406,  1.252405646026E+02,  0.0980
     24883,      2407,  1.252404939239E+02,  0.0967
     24900,      2408,  1.252403492758E+02,  0.0967
     24932,      2409,  1.252403427208E+02,  0.0966
     24949,      2410,  1.252402818931E+02,  0.0966
     24999,      2411,  1.252400407031E+02,  0.0964
     25124,      2412,  1.252399086677E+02,  0.0960
     25341,      2413,  1.252399086660E+02,  0.0952
     25430,      2414,  1.252398990446E+02,  0.0949
     25589,      2415,  1.252398979723E+02,  0.0944
     25631,      2416,  1.252397660791E+02,  0.0943
     25928,      2417,  1.252397325205E+02,  0.0932
     26178,      2418,  1.252396404652E+02,  0.0924
     26220,      2419,  1.252394840710E+02,  0.0923
     26566,      2420,  1.252394775835E+02,  0.0911
     26590,      2421,  1.252373556211E+02,  0.0910
     26654,      2422,  1.252372916331E+02,  0.0909
     26686,      2423,  1.252372871577E+02,  0.0908
     26717,      2424,  1.252371591867E+02,  0.0907
     26745,      2425,  1.252348917176E+02,  0.0907
     26764,      2426,  1.252348438854E+02,  0.0906
     26890,      2427,  1.252348131315E+02,  0.0903
     26995,      2428,  1.252348070535E+02,  0.0899
     27050,      2429,  1.252347592296E+02,  0.0898
     27288,      2430,  1.252347195325E+02,  0.0891
     27493,      2431,  1.252346819632E+02,  0.0884
     27605,      2432,  1.252312107688E+02,  0.0881
     27645,      2433,  1.252311850802E+02,  0.0880
     27677,      2434,  1.252311734096E+02,  0.0879
     27696,      2435,  1.252306675069E+02,  0.0879
     27699,      2436,  1.252305873208E+02,  0.0879
     27724,      2437,  1.252305835680E+02,  0.0879
     27928,      2438,  1.252305764979E+02,  0.0873
     27941,      2439,  1.252305394934E+02,  0.0873
     28115,      2440,  1.252305072479E+02,  0.0868
     28302,      2441,  1.252296812378E+02,  0.0862
     28389,      2442,  1.252296769163E+02,  0.0860
     28403,      2443,  1.252296239014E+02,  0.0860
     28446,      2444,  1.252295330738E+02,  0.0859
     28514,      2445,  1.252295208783E+02,  0.0857
     28544,      2446,  1.252295147664E+02,  0.0857
     28639,      2447,  1.252294434568E+02,  0.0854
     28831,      2448,  1.252279794764E+02,  0.0849
     29351,      2449,  1.252279710646E+02,  0.0834
     29357,      2450,  1.252279544320E+02,  0.0835
     29605,      2451,  1.252279429029E+02,  0.0828
     29619,      2452,  1.252265820931E+02,  0.0828
     29628,      2453,  1.252265609598E+02,  0.0828
     29839,      2454,  1.252242308267E+02,  0.0822
     30321,      2455,  1.252242202554E+02,  0.0810
     30469,      2456,  1.252143439431E+02,  0.0806
     30561,      2457,  1.252142830765E+02,  0.0804
     30577,      2458,  1.252142499884E+02,  0.0804
     30630,      2459,  1.252141905173E+02,  0.0803
     30659,      2460,  1.252141813216E+02,  0.0802
     30672,      2461,  1.252141094128E+02,  0.0802
     30746,      2462,  1.252141056155E+02,  0.0801
     30892,      2463,  1.252140925769E+02,  0.0797
     30927,      2464,  1.252140749828E+02,  0.0797
     30931,      2465,  1.252140728306E+02,  0.0797
     31189,      2466,  1.252129513539E+02,  0.0791
     31772,      2467,  1.252118683109E+02,  0.0776
     31914,      2468,  1.252118625766E+02,  0.0773
     31998,      2469,  1.252118404965E+02,  0.0772
     32004,      2470,  1.252118045433E+02,  0.0772
     32025,      2471,  1.252117693505E+02,  0.0772
     32334,      2472,  1.252117523686E+02,  0.0765
     32412,      2473,  1.252117057500E+02,  0.0763
     32527,      2474,  1.252117014947E+02,  0.0761
     32688,      2475,  1.252116269493E+02,  0.0757
     32785,      2476,  1.252115994162E+02,  0.0755
     32920,      2477,  1.252115900983E+02,  0.0752
     33061,      2478,  1.252115799044E+02,  0.0750
     33091,      2479,  1.252115295588E+02,  0.0749
     33337,      2480,  1.252101381999E+02,  0.0744
     33388,      2481,  1.252101106923E+02,  0.0743
     33664,      2482,  1.252099699076E+02,  0.0737
     33673,      2483,  1.252085416391E+02,  0.0737
     33858,      2484,  1.252085400373E+02,  0.0734
     33991,      2485,  1.252085389078E+02,  0.0731
     34787,      2486,  1.252085304237E+02,  0.0715
     34970,      2487,  1.252085283358E+02,  0.0711
     35004,      2488,  1.252071323990E+02,  0.0711
     35119,      2489,  1.252071320054E+02,  0.0709
     35144,      2490,  1.252071228387E+02,  0.0709
     35356,      2491,  1.252069292638E+02,  0.0705
     35844,      2492,  1.252058785053E+02,  0.0695
     35879,      2493,  1.252058747111E+02,  0.0695
     36133,      2494,  1.252058710735E+02,  0.0690
     36402,      2495,  1.252058252703E+02,  0.0685
     36994,      2496,  1.252057228942E+02,  0.0675
     38400,      2497,  1.252037977942E+02,  0.0650
     38510,      2498,  1.252037875296E+02,  0.0649
     38718,      2499,  1.251981430645E+02,  0.0645
     38790,      2500,  1.251981176187E+02,  0.0644
     38854,      2501,  1.251981036452E+02,  0.0644
     39140,      2502,  1.251980904502E+02,  0.0639
     39160,      2503,  1.251980682562E+02,  0.0639
     39234,      2504,  1.251980558469E+02,  0.0638
     39257,      2505,  1.251980155058E+02,  0.0638
     39886,      2506,  1.251979831412E+02,  0.0628
     40078,      2507,  1.251979618117E+02,  0.0626
     40438,      2508,  1.251979213224E+02,  0.0620
     40460,      2509,  1.251978478605E+02,  0.0620
     40922,      2510,  1.251968320335E+02,  0.0613
     40946,      2511,  1.251968097954E+02,  0.0613
     41216,      2512,  1.251967792571E+02,  0.0609
     41273,      2513,  1.251952970405E+02,  0.0609
     41368,      2514,  1.251952734048E+02,  0.0608
     41467,      2515,  1.251952674214E+02,  0.0607
     42092,      2516,  1.251952624661E+02,  0.0598
     42228,      2517,  1.251952427476E+02,  0.0596
     42362,      2518,  1.251951813207E+02,  0.0594
     42469,      2519,  1.251951713406E+02,  0.0593
     42656,      2520,  1.251951549825E+02,  0.0591
     42699,      2521,  1.251951451692E+02,  0.0590
     42765,      2522,  1.251951414815E+02,  0.0590
     42842,      2523,  1.251951292460E+02,  0.0589
     43674,      2524,  1.251951205438E+02,  0.0578
     43676,      2525,  1.251951132070E+02,  0.0578
     44153,      2526,  1.251950923658E+02,  0.0572
     44326,      2527,  1.251950822434E+02,  0.0570
     44949,      2528,  1.251950756052E+02,  0.0562
     44957,      2529,  1.251950653623E+02,  0.0563
     45060,      2530,  1.251950528496E+02,  0.0561
     45583,      2531,  1.251947602139E+02,  0.0555
     45631,      2532,  1.251947214439E+02,  0.0555
     45731,      2533,  1.251947071344E+02,  0.0554
     45921,      2534,  1.251937816025E+02,  0.0552
     46093,      2535,  1.251931449365E+02,  0.0550
     46276,      2536,  1.251929595839E+02,  0.0548
     46478,      2537,  1.251921892924E+02,  0.0546
     47144,      2538,  1.251921845546E+02,  0.0538
     47347,      2539,  1.251921771572E+02,  0.0536
     47382,      2540,  1.251920827461E+02,  0.0536
     47527,      2541,  1.251909581272E+02,  0.0535
     47551,      2542,  1.251909306329E+02,  0.0535
     47567,      2543,  1.251909197507E+02,  0.0535
     47909,      2544,  1.251908772685E+02,  0.0531
     47948,      2545,  1.251908263431E+02,  0.0531
     48107,      2546,  1.251908051947E+02,  0.0529
     48135,      2547,  1.251907890384E+02,  0.0529
     48219,      2548,  1.251907804141E+02,  0.0528
     48233,      2549,  1.251894195640E+02,  0.0528
     48466,      2550,  1.251894041889E+02,  0.0526
     48874,      2551,  1.251894025815E+02,  0.0522
     48982,      2552,  1.251893913155E+02,  0.0521
     49110,      2553,  1.251893088247E+02,  0.0520
     49122,      2554,  1.251892036842E+02,  0.0520
     49135,      2555,  1.251891905541E+02,  0.0520
     49190,      2556,  1.251891576100E+02,  0.0520
     49490,      2557,  1.251891287592E+02,  0.0517
     49502,      2558,  1.251891255234E+02,  0.0517
     49521,      2559,  1.251890720663E+02,  0.0517
     50036,      2560,  1.251885087314E+02,  0.0512
     50256,      2561,  1.251871243149E+02,  0.0510
     50769,      2562,  1.251862551919E+02,  0.0505
     50983,      2563,  1.251733981089E+02,  0.0503
     51191,      2564,  1.251718256571E+02,  0.0501
     53242,      2565,  1.251716858894E+02,  0.0482
     53526,      2566,  1.251710316586E+02,  0.0479
     53950,      2567,  1.251710034174E+02,  0.0476
     54238,      2568,  1.251709996687E+02,  0.0473
     55099,      2569,  1.251709996588E+02,  0.0466
     55315,      2570,  1.251709985325E+02,  0.0465
     56008,      2571,  1.251709946354E+02,  0.0459
     56713,      2572,  1.251686142231E+02,  0.0454
     57081,      2573,  1.251682277575E+02,  0.0451
     57558,      2574,  1.251682251502E+02,  0.0447
     57972,      2575,  1.251682234947E+02,  0.0444
     58721,      2576,  1.251682003021E+02,  0.0439
     58875,      2577,  1.251681996895E+02,  0.0438
     58887,      2578,  1.251681993667E+02,  0.0438
     58936,      2579,  1.251677685062E+02,  0.0438
     59213,      2580,  1.251677449098E+02,  0.0436
     59286,      2581,  1.251674464969E+02,  0.0435
     60401,      2582,  1.251674203176E+02,  0.0427
     61613,      2583,  1.251674101319E+02,  0.0419
     61784,      2584,  1.251674008015E+02,  0.0418
     62311,      2585,  1.251674001869E+02,  0.0415
     63572,      2586,  1.251671155347E+02,  0.0407
     63882,      2587,  1.251671030699E+02,  0.0405
     65140,      2588,  1.251667790745E+02,  0.0397
     65602,      2589,  1.251667700208E+02,  0.0395
     65986,      2590,  1.251581978553E+02,  0.0393
     67582,      2591,  1.251581864299E+02,  0.0383
     68688,      2592,  1.251581831128E+02,  0.0377
     69634,      2593,  1.251566734863E+02,  0.0372
     71496,      2594,  1.251566419755E+02,  0.0363
     72340,      2595,  1.251566333186E+02,  0.0359
     72381,      2596,  1.251558679699E+02,  0.0359
     73103,      2597,  1.251558669718E+02,  0.0355
     73177,      2598,  1.251558628540E+02,  0.0355
     73967,      2599,  1.251556066748E+02,  0.0351
     74040,      2600,  1.251555838102E+02,  0.0351
     74617,      2601,  1.251555821253E+02,  0.0349
     77008,      2602,  1.251555604791E+02,  0.0338
     77043,      2603,  1.251555394957E+02,  0.0338
     77389,      2604,  1.251555255215E+02,  0.0336
     77610,      2605,  1.251554942596E+02,  0.0336
     77997,      2606,  1.251550020746E+02,  0.0334
     78097,      2607,  1.251543271846E+02,  0.0334
     78403,      2608,  1.251543258789E+02,  0.0333
     78697,      2609,  1.251543101682E+02,  0.0332
     78910,      2610,  1.251540536150E+02,  0.0331
     79553,      2611,  1.251540470142E+02,  0.0328
     79776,      2612,  1.251540414311E+02,  0.0327
     80042,      2613,  1.251530208941E+02,  0.0326
     80630,      2614,  1.251527853302E+02,  0.0324
     81291,      2615,  1.251515271185E+02,  0.0322
     81593,      2616,  1.251515167053E+02,  0.0321
     82124,      2617,  1.251512878531E+02,  0.0319
     84195,      2618,  1.251496533014E+02,  0.0311
     88665,      2619,  1.251496487311E+02,  0.0295
     88689,      2620,  1.251496462517E+02,  0.0295
     89056,      2621,  1.251496335873E+02,  0.0294
     89396,      2622,  1.251496186964E+02,  0.0293
     89947,      2623,  1.251493572438E+02,  0.0292
     90079,      2624,  1.251489323932E+02,  0.0291
     90125,      2625,  1.251489321688E+02,  0.0291
     90362,      2626,  1.251489301498E+02,  0.0291
     91278,      2627,  1.251489157263E+02,  0.0288
     92899,      2628,  1.251488945271E+02,  0.0283
     94446,      2629,  1.251479296458E+02,  0.0278
     95020,      2630,  1.251479227335E+02,  0.0277
     96491,      2631,  1.251479165219E+02,  0.0273
     96809,      2632,  1.251479154997E+02,  0.0272
     97073,      2633,  1.251474637068E+02,  0.0271
     97817,      2634,  1.251474631658E+02,  0.0269
     97909,      2635,  1.251474562551E+02,  0.0269
     98504,      2636,  1.251474547096E+02,  0.0268
     99805,      2637,  1.251474483442E+02,  0.0264
    100314,      2638,  1.251474452631E+02,  0.0263
    100801,      2639,  1.251474428692E+02,  0.0262
    101373,      2640,  1.251468241990E+02,  0.0260
    102172,      2641,  1.251468233890E+02,  0.0258
    103443,      2642,  1.251465773556E+02,  0.0255
    103527,      2643,  1.251465661458E+02,  0.0255
    104958,      2644,  1.251465656399E+02,  0.0252
    105432,      2645,  1.251465607855E+02,  0.0251
    105485,      2646,  1.251460721184E+02,  0.0251
    105517,      2647,  1.251460512084E+02,  0.0251
    106744,      2648,  1.251460488103E+02,  0.0248
    107487,      2649,  1.251460352076E+02,  0.0246
    107766,      2650,  1.251460095199E+02,  0.0246
    109169,      2651,  1.251460085852E+02,  0.0243
    109369,      2652,  1.251460028134E+02,  0.0242
    109975,      2653,  1.251459776388E+02,  0.0241
    110782,      2654,  1.251459687386E+02,  0.0240
    110954,      2655,  1.251455233355E+02,  0.0239
    110985,      2656,  1.251454872357E+02,  0.0239
    111072,      2657,  1.251453645297E+02,  0.0239
    111719,      2658,  1.251452132264E+02,  0.0238
    111870,      2659,  1.251452047106E+02,  0.0238
    113048,      2660,  1.251451931043E+02,  0.0235
    113324,      2661,  1.251451892878E+02,  0.0235
    113335,      2662,  1.251444419259E+02,  0.0235
    113676,      2663,  1.251444332057E+02,  0.0234
    113938,      2664,  1.251432388564E+02,  0.0234
    114157,      2665,  1.251432244199E+02,  0.0233
    114968,      2666,  1.251428602080E+02,  0.0232
    115157,      2667,  1.251425085898E+02,  0.0232
    115285,      2668,  1.251424956233E+02,  0.0231
    115348,      2669,  1.251424913650E+02,  0.0231
    115726,      2670,  1.251424828615E+02,  0.0231
    115800,      2671,  1.251424743041E+02,  0.0231
    116154,      2672,  1.251424389352E+02,  0.0230
    116800,      2673,  1.251423911975E+02,  0.0229
    116964,      2674,  1.251421922759E+02,  0.0229
    117017,      2675,  1.251421816128E+02,  0.0229
    117054,      2676,  1.251417595615E+02,  0.0229
    117648,      2677,  1.251417535560E+02,  0.0228
    118053,      2678,  1.251417410137E+02,  0.0227
    118343,      2679,  1.251417286767E+02,  0.0226
    118453,      2680,  1.251417043344E+02,  0.0226
    118640,      2681,  1.251416990938E+02,  0.0226
    119632,      2682,  1.251416901777E+02,  0.0224
    119856,      2683,  1.251416880103E+02,  0.0224
    120411,      2684,  1.251416673040E+02,  0.0223
    120926,      2685,  1.251414541406E+02,  0.0222
    121261,      2686,  1.251414193960E+02,  0.0222
    121584,      2687,  1.251414129969E+02,  0.0221
    121861,      2688,  1.251410179948E+02,  0.0221
    122614,      2689,  1.251409961679E+02,  0.0219
    123210,      2690,  1.251409950653E+02,  0.0218
    124012,      2691,  1.251408722870E+02,  0.0217
    124191,      2692,  1.251408698293E+02,  0.0217
    124236,      2693,  1.251408451090E+02,  0.0217
    124782,      2694,  1.251408277935E+02,  0.0216
    125794,      2695,  1.251408065909E+02,  0.0214
    125871,      2696,  1.251408052408E+02,  0.0214
    126052,      2697,  1.251408046103E+02,  0.0214
    126480,      2698,  1.251407970863E+02,  0.0213
    127671,      2699,  1.251407959888E+02,  0.0211
    128162,      2700,  1.251407791197E+02,  0.0211
    128722,      2701,  1.251404785045E+02,  0.0210
    129199,      2702,  1.251404757811E+02,  0.0209
    129801,      2703,  1.251404612143E+02,  0.0208
    129857,      2704,  1.251404423321E+02,  0.0208
    130053,      2705,  1.251404174096E+02,  0.0208
    130449,      2706,  1.251402754236E+02,  0.0207
    130545,      2707,  1.251402617777E+02,  0.0207
    131212,      2708,  1.251402609850E+02,  0.0206
    131868,      2709,  1.251391768894E+02,  0.0205
    133597,      2710,  1.251383191200E+02,  0.0203
    133830,      2711,  1.251383167006E+02,  0.0203
    134107,      2712,  1.251383014958E+02,  0.0202
    134592,      2713,  1.251382981467E+02,  0.0202
    136226,      2714,  1.251382847958E+02,  0.0199
    136489,      2715,  1.251382736086E+02,  0.0199
    136593,      2716,  1.251382708727E+02,  0.0199
    136968,      2717,  1.251382507401E+02,  0.0198
    137733,      2718,  1.251382310475E+02,  0.0197
    137738,      2719,  1.251382261843E+02,  0.0197
    139411,      2720,  1.251382120797E+02,  0.0195
    139595,      2721,  1.251382038804E+02,  0.0195
    141121,      2722,  1.251381957759E+02,  0.0193
    141291,      2723,  1.251381912859E+02,  0.0193
    141369,      2724,  1.251380350581E+02,  0.0193
    141577,      2725,  1.251380291285E+02,  0.0192
    142355,      2726,  1.251380069103E+02,  0.0191
    143134,      2727,  1.251380018139E+02,  0.0191
    143613,      2728,  1.251380007896E+02,  0.0190
    143947,      2729,  1.251379961071E+02,  0.0190
    144112,      2730,  1.251379933425E+02,  0.0189
    144965,      2731,  1.251375292356E+02,  0.0188
    145070,      2732,  1.251375149004E+02,  0.0188
    145540,      2733,  1.251375103980E+02,  0.0188
    146269,      2734,  1.251375017835E+02,  0.0187
    146315,      2735,  1.251374984194E+02,  0.0187
    146390,      2736,  1.251374944332E+02,  0.0187
    146904,      2737,  1.251374752177E+02,  0.0186
    146939,      2738,  1.251374695890E+02,  0.0186
    147413,      2739,  1.251374624865E+02,  0.0186
    147640,      2740,  1.251356612427E+02,  0.0186
    147730,      2741,  1.251356579497E+02,  0.0186
    147894,      2742,  1.251356426174E+02,  0.0185
    149962,      2743,  1.251356398508E+02,  0.0183
    150453,      2744,  1.251356388781E+02,  0.0182
    150517,      2745,  1.251356334700E+02,  0.0182
    150582,      2746,  1.251349354863E+02,  0.0182
    150971,      2747,  1.251349309908E+02,  0.0182
    151304,      2748,  1.251349281012E+02,  0.0182
    151870,      2749,  1.251349262878E+02,  0.0181
    153296,      2750,  1.251349201213E+02,  0.0179
    153725,      2751,  1.251349176879E+02,  0.0179
    153941,      2752,  1.251346723911E+02,  0.0179
    154126,      2753,  1.251346199810E+02,  0.0179
    155246,      2754,  1.251346188535E+02,  0.0177
    155393,      2755,  1.251345499325E+02,  0.0177
    155777,      2756,  1.251345285894E+02,  0.0177
    157212,      2757,  1.251345151607E+02,  0.0175
    158561,      2758,  1.251345126499E+02,  0.0174
    158656,      2759,  1.251345086397E+02,  0.0174
    159779,      2760,  1.251345017413E+02,  0.0173
    159890,      2761,  1.251343871831E+02,  0.0173
    160802,      2762,  1.251343763565E+02,  0.0172
    161615,      2763,  1.251342134205E+02,  0.0171
    162150,      2764,  1.251339896925E+02,  0.0170
    162347,      2765,  1.251339682799E+02,  0.0170
    162799,      2766,  1.251339359040E+02,  0.0170
    162954,      2767,  1.251339278356E+02,  0.0170
    162981,      2768,  1.251339251328E+02,  0.0170
    163506,      2769,  1.251339195507E+02,  0.0169
    164316,      2770,  1.251339155843E+02,  0.0169
    165467,      2771,  1.251338145948E+02,  0.0167
    166197,      2772,  1.251338021831E+02,  0.0167
    166318,      2773,  1.251337601272E+02,  0.0167
    167099,      2774,  1.251337265857E+02,  0.0166
    167296,      2775,  1.251336472379E+02,  0.0166
    167934,      2776,  1.251336468439E+02,  0.0165
    168492,      2777,  1.251336462268E+02,  0.0165
    169381,      2778,  1.251336274677E+02,  0.0164
    169882,      2779,  1.251336230836E+02,  0.0164
    170266,      2780,  1.251336212723E+02,  0.0163
    170782,      2781,  1.251334249662E+02,  0.0163
    170816,      2782,  1.251330107613E+02,  0.0163
    170930,      2783,  1.251321928611E+02,  0.0163
    171004,      2784,  1.251321925821E+02,  0.0163
    171044,      2785,  1.251321904289E+02,  0.0163
    171823,      2786,  1.251321891796E+02,  0.0162
    172483,      2787,  1.251321858991E+02,  0.0162
    175025,      2788,  1.251311883643E+02,  0.0159
    175732,      2789,  1.251311867680E+02,  0.0159
    175748,      2790,  1.251311773201E+02,  0.0159
    176202,      2791,  1.251307160992E+02,  0.0158
    176817,      2792,  1.251307037389E+02,  0.0158
    179536,      2793,  1.251306966880E+02,  0.0156
    180182,      2794,  1.251306948324E+02,  0.0155
    180859,      2795,  1.251299327612E+02,  0.0155
    183016,      2796,  1.251299197150E+02,  0.0153
    183351,      2797,  1.251299143611E+02,  0.0153
    183370,      2798,  1.251299039631E+02,  0.0153
    183976,      2799,  1.251298925247E+02,  0.0152
    184366,      2800,  1.251290727965E+02,  0.0152
    185554,      2801,  1.251290694767E+02,  0.0151
    186345,      2802,  1.251290694166E+02,  0.0150
    187437,      2803,  1.251290692936E+02,  0.0150
    189128,      2804,  1.251290665751E+02,  0.0148
    189451,      2805,  1.251288641035E+02,  0.0148
    190425,      2806,  1.251288232322E+02,  0.0147
    191381,      2807,  1.251288108893E+02,  0.0147
    191835,      2808,  1.251288044521E+02,  0.0146
    192660,      2809,  1.251287951681E+02,  0.0146
    193780,      2810,  1.251287592394E+02,  0.0145
    195798,      2811,  1.251287582339E+02,  0.0144
    196139,      2812,  1.251282944815E+02,  0.0143
    196168,      2813,  1.251279761647E+02,  0.0143
    196335,      2814,  1.251273943316E+02,  0.0143
    198001,      2815,  1.251273926854E+02,  0.0142
    200942,      2816,  1.251273910483E+02,  0.0140
    202770,      2817,  1.251273909446E+02,  0.0139
    204270,      2818,  1.251273877836E+02,  0.0138
    205966,      2819,  1.251273871534E+02,  0.0137
    206432,      2820,  1.251273831853E+02,  0.0137
    208720,      2821,  1.251272514110E+02,  0.0135
    212820,      2822,  1.251268890617E+02,  0.0133
    212965,      2823,  1.251268887756E+02,  0.0133
    214440,      2824,  1.251268848908E+02,  0.0132
    214463,      2825,  1.251268791069E+02,  0.0132
    216802,      2826,  1.251268695599E+02,  0.0130
    217520,      2827,  1.251265347573E+02,  0.0130
    219264,      2828,  1.251265341097E+02,  0.0129
    219627,      2829,  1.251265296752E+02,  0.0129
    221000,      2830,  1.251265169007E+02,  0.0128
    221423,      2831,  1.251265152008E+02,  0.0128
    221553,      2832,  1.251265147857E+02,  0.0128
    222514,      2833,  1.251265135522E+02,  0.0127
    228123,      2834,  1.251265123676E+02,  0.0124
    230442,      2835,  1.251252736625E+02,  0.0123
    234279,      2836,  1.251252720988E+02,  0.0121
    237325,      2837,  1.251252689416E+02,  0.0120
    240457,      2838,  1.251252669142E+02,  0.0118
    243349,      2839,  1.251252632181E+02,  0.0117
    244035,      2840,  1.251252625991E+02,  0.0116
    246689,      2841,  1.251251779403E+02,  0.0115
    247851,      2842,  1.251251767565E+02,  0.0115
    248333,      2843,  1.251251761637E+02,  0.0114
    248941,      2844,  1.251251755567E+02,  0.0114
    249612,      2845,  1.251251718182E+02,  0.0114
    251644,      2846,  1.251251513444E+02,  0.0113
    253764,      2847,  1.251251459351E+02,  0.0112
    253971,      2848,  1.251251303498E+02,  0.0112
    255686,      2849,  1.251246838460E+02,  0.0111
    255743,      2850,  1.251246838001E+02,  0.0111
    255775,      2851,  1.251246800817E+02,  0.0111
    255806,      2852,  1.251246793570E+02,  0.0111
    256236,      2853,  1.251246783100E+02,  0.0111
    256587,      2854,  1.251246247064E+02,  0.0111
    258432,      2855,  1.251246152693E+02,  0.0110
    259553,      2856,  1.251246123021E+02,  0.0110
    260676,      2857,  1.251245934552E+02,  0.0110
    260844,      2858,  1.251245925683E+02,  0.0110
    261113,      2859,  1.251228800702E+02,  0.0109
    262027,      2860,  1.251228770918E+02,  0.0109
    262728,      2861,  1.251224339778E+02,  0.0109
    262796,      2862,  1.251221737935E+02,  0.0109
    264149,      2863,  1.251221733843E+02,  0.0108
    264155,      2864,  1.251221722468E+02,  0.0108
    268333,      2865,  1.251221624343E+02,  0.0107
    269827,      2866,  1.251221598183E+02,  0.0106
    269829,      2867,  1.251221592647E+02,  0.0106
    271225,      2868,  1.251218996500E+02,  0.0106
    271561,      2869,  1.251218995157E+02,  0.0106
    272952,      2870,  1.251218982936E+02,  0.0105
    274223,      2871,  1.251217539196E+02,  0.0105
    274398,      2872,  1.251217527753E+02,  0.0105
    277362,      2873,  1.251215787512E+02,  0.0104
    280087,      2874,  1.251215780343E+02,  0.0103
    280150,      2875,  1.251215771723E+02,  0.0103
    280506,      2876,  1.251215725615E+02,  0.0103
    283216,      2877,  1.251215695851E+02,  0.0102
    285824,      2878,  1.251215420247E+02,  0.0101
    286015,      2879,  1.251215371342E+02,  0.0101
    293809,      2880,  1.251215328672E+02,  0.0098
    294526,      2881,  1.251215302689E+02,  0.0098
    296954,      2882,  1.251215219520E+02,  0.0097
    298425,      2883,  1.251215211045E+02,  0.0097
    299141,      2884,  1.251215029474E+02,  0.0096
    302647,      2885,  1.251215012536E+02,  0.0095
    303988,      2886,  1.251210907207E+02,  0.0095
    305031,      2887,  1.251210898530E+02,  0.0095
    309350,      2888,  1.251210821475E+02,  0.0093
    316671,      2889,  1.251143680878E+02,  0.0091
    320921,      2890,  1.251143098857E+02,  0.0090
    321237,      2891,  1.251143077920E+02,  0.0090
    321687,      2892,  1.251143052204E+02,  0.0090
    322480,      2893,  1.251143046499E+02,  0.0090
    329809,      2894,  1.251143030993E+02,  0.0088
    336334,      2895,  1.251137764724E+02,  0.0086
    336537,      2896,  1.251137732345E+02,  0.0086
    337858,      2897,  1.251137621334E+02,  0.0086
    338904,      2898,  1.251137581041E+02,  0.0086
    340441,      2899,  1.251070566650E+02,  0.0085
    343246,      2900,  1.251070559940E+02,  0.0084
    343882,      2901,  1.251066990780E+02,  0.0084
    346113,      2902,  1.251066986795E+02,  0.0084
    358327,      2903,  1.251066973580E+02,  0.0081
    366378,      2904,  1.251066965144E+02,  0.0079
    367138,      2905,  1.251066962137E+02,  0.0079
    369213,      2906,  1.251066960201E+02,  0.0079
    376648,      2907,  1.251066958980E+02,  0.0077
    378067,      2908,  1.251066926708E+02,  0.0077
    380795,      2909,  1.251066895168E+02,  0.0076
    389636,      2910,  1.251066893741E+02,  0.0075
    395132,      2911,  1.251066203644E+02,  0.0074
    396261,      2912,  1.251066191299E+02,  0.0073
    396758,      2913,  1.251062875380E+02,  0.0073
    399831,      2914,  1.251062867096E+02,  0.0073
    400498,      2915,  1.251062847754E+02,  0.0073
    406224,      2916,  1.251062816732E+02,  0.0072
    410528,      2917,  1.251062810905E+02,  0.0071
    412058,      2918,  1.251062724024E+02,  0.0071
    412280,      2919,  1.251062712105E+02,  0.0071
    413660,      2920,  1.251062690243E+02,  0.0071
    414827,      2921,  1.251056292970E+02,  0.0070
    416983,      2922,  1.251056287665E+02,  0.0070
    420139,      2923,  1.251056279709E+02,  0.0070
    421304,      2924,  1.251056274709E+02,  0.0069
    422407,      2925,  1.251056125107E+02,  0.0069
    423912,      2926,  1.251056043461E+02,  0.0069
    424511,      2927,  1.251056024858E+02,  0.0069
    425605,      2928,  1.251055972571E+02,  0.0069
    425670,      2929,  1.251055918363E+02,  0.0069
    436168,      2930,  1.251055905527E+02,  0.0067
    436724,      2931,  1.251055895592E+02,  0.0067
    437977,      2932,  1.251055892051E+02,  0.0067
    438608,      2933,  1.251055868398E+02,  0.0067
    438759,      2934,  1.251055854496E+02,  0.0067
    444787,      2935,  1.251053818393E+02,  0.0066
    444839,      2936,  1.251053738439E+02,  0.0066
    446477,      2937,  1.251053732203E+02,  0.0066
    447647,      2938,  1.251053678652E+02,  0.0066
    447845,      2939,  1.251053667560E+02,  0.0066
    448705,      2940,  1.251053662301E+02,  0.0066
    450265,      2941,  1.251053568808E+02,  0.0065
    450793,      2942,  1.251053557143E+02,  0.0065
    451838,      2943,  1.251053547438E+02,  0.0065
    454496,      2944,  1.251053530841E+02,  0.0065
    464005,      2945,  1.251051172422E+02,  0.0063
    464830,      2946,  1.251051161830E+02,  0.0063
    467467,      2947,  1.251051155161E+02,  0.0063
    471685,      2948,  1.251050944933E+02,  0.0062
    475399,      2949,  1.251050650759E+02,  0.0062
    475953,      2950,  1.251047947525E+02,  0.0062
    477093,      2951,  1.251047913447E+02,  0.0062
    477311,      2952,  1.251047807587E+02,  0.0062
    483254,      2953,  1.251047805983E+02,  0.0061
    486649,      2954,  1.251046209524E+02,  0.0061
    487790,      2955,  1.251046194742E+02,  0.0061
    495313,      2956,  1.251046174108E+02,  0.0060
    495419,      2957,  1.251044972609E+02,  0.0060
    495981,      2958,  1.251044955242E+02,  0.0060
    496767,      2959,  1.251044937578E+02,  0.0060
    497761,      2960,  1.251044870932E+02,  0.0059
