iteration,accepted_count,energy,acceptance_rate
         0,         0,  1.707226403120E+02,  0.0000
         1,         1,  1.706050206808E+02,  1.0000
         2,         2,  1.704790367257E+02,  1.0000
         4,         3,  1.702924459754E+02,  0.7500
         5,         4,  1.702142227148E+02,  0.8000
         6,         5,  1.701583645099E+02,  0.8333
         9,         6,  1.700486144890E+02,  0.6667
        14,         7,  1.699858248454E+02,  0.5000
        15,         8,  1.698838908689E+02,  0.5333
        20,         9,  1.698694318992E+02,  0.4500
        25,        10,  1.698381488993E+02,  0.4000
        26,        11,  1.697653643900E+02,  0.4231
        30,        12,  1.697110789154E+02,  0.4000
        33,        13,  1.696084495589E+02,  0.3939
        35,        14,  1.686933037375E+02,  0.4000
        37,        15,  1.686910837403E+02,  0.4054
        39,        16,  1.686788539363E+02,  0.4103
        41,        17,  1.686180261039E+02,  0.4146
        43,        18,  1.685191324273E+02,  0.4186
        47,        19,  1.684924213353E+02,  0.4043
        49,        20,  1.684884641911E+02,  0.4082
        51,        21,  1.684685225535E+02,  0.4118
        53,        22,  1.683734385939E+02,  0.4151
        55,        23,  1.682455897675E+02,  0.4182
        56,        24,  1.681436487669E+02,  0.4286
        59,        25,  1.681326961635E+02,  0.4237
        71,        26,  1.679332828062E+02,  0.3662
        73,        27,  1.679204199071E+02,  0.3699
        76,        28,  1.678479028912E+02,  0.3684
        79,        29,  1.677915021937E+02,  0.3671
        82,        30,  1.677099656808E+02,  0.3659
        83,        31,  1.676985783060E+02,  0.3735
        87,        32,  1.674713431001E+02,  0.3678
        91,        33,  1.674305785733E+02,  0.3626
        92,        34,  1.674014839279E+02,  0.3696
        93,        35,  1.673891384786E+02,  0.3763
        94,        36,  1.673545166676E+02,  0.3830
        97,        37,  1.672385076484E+02,  0.3814
       104,        38,  1.672294664702E+02,  0.3654
       108,        39,  1.672222918400E+02,  0.3611
       109,        40,  1.671854171866E+02,  0.3670
       110,        41,  1.670865411153E+02,  0.3727
       111,        42,  1.666935394286E+02,  0.3784
       112,        43,  1.666865688234E+02,  0.3839
       115,        44,  1.666195478642E+02,  0.3826
       119,        45,  1.665905373045E+02,  0.3782
       120,        46,  1.665159782192E+02,  0.3833
       121,        47,  1.664949343611E+02,  0.3884
       125,        48,  1.658568834925E+02,  0.3840
       126,        49,  1.651991274080E+02,  0.3889
       128,        50,  1.651444455273E+02,  0.3906
       129,        51,  1.650617481036E+02,  0.3953
       130,        52,  1.649407157245E+02,  0.4000
       131,        53,  1.649098795693E+02,  0.4046
       132,        54,  1.646887377913E+02,  0.4091
       133,        55,  1.646865091939E+02,  0.4135
       134,        56,  1.642993275400E+02,  0.4179
       135,        57,  1.642760899114E+02,  0.4222
       137,        58,  1.642262885600E+02,  0.4234
       139,        59,  1.641107555110E+02,  0.4245
       141,        60,  1.640810208733E+02,  0.4255
       142,        61,  1.640708487448E+02,  0.4296
       144,        62,  1.639994043517E+02,  0.4306
       145,        63,  1.639781868185E+02,  0.4345
       146,        64,  1.639682142221E+02,  0.4384
       149,        65,  1.639390544517E+02,  0.4362
       153,        66,  1.638939604232E+02,  0.4314
       155,        67,  1.638209846857E+02,  0.4323
       157,        68,  1.638173148201E+02,  0.4331
       158,        69,  1.637654775197E+02,  0.4367
       159,        70,  1.636392000433E+02,  0.4403
       161,        71,  1.634449049245E+02,  0.4410
       162,        72,  1.634043989962E+02,  0.4444
       163,        73,  1.633872020865E+02,  0.4479
       169,        74,  1.632739136753E+02,  0.4379
       170,        75,  1.632213438314E+02,  0.4412
       171,        76,  1.632069912987E+02,  0.4444
       174,        77,  1.631841636481E+02,  0.4425
       176,        78,  1.631719735995E+02,  0.4432
       177,        79,  1.630781969766E+02,  0.4463
       180,        80,  1.630279496155E+02,  0.4444
       183,        81,  1.630193067967E+02,  0.4426
       186,        82,  1.630122416431E+02,  0.4409
       188,        83,  1.629470199462E+02,  0.4415
       189,        84,  1.627773168779E+02,  0.4444
       191,        85,  1.627249508342E+02,  0.4450
       192,        86,  1.626653637620E+02,  0.4479
       194,        87,  1.624385002757E+02,  0.4485
       195,        88,  1.624064149523E+02,  0.4513
       198,        89,  1.616633906774E+02,  0.4495
       200,        90,  1.615820843631E+02,  0.4500
       205,        91,  1.614991182145E+02,  0.4439
       206,        92,  1.614691343422E+02,  0.4466
       208,        93,  1.614219647510E+02,  0.4471
       210,        94,  1.612839428549E+02,  0.4476
       211,        95,  1.611733780182E+02,  0.4502
       214,        96,  1.610461063597E+02,  0.4486
       215,        97,  1.610217428627E+02,  0.4512
       216,        98,  1.608707359838E+02,  0.4537
       217,        99,  1.607937728888E+02,  0.4562
       221,       100,  1.607820314240E+02,  0.4525
       222,       101,  1.607687857867E+02,  0.4550
       226,       102,  1.607399776245E+02,  0.4513
       230,       103,  1.605892871328E+02,  0.4478
       233,       104,  1.605861734926E+02,  0.4464
       236,       105,  1.603496829053E+02,  0.4449
       237,       106,  1.603444062853E+02,  0.4473
       238,       107,  1.603004039551E+02,  0.4496
       240,       108,  1.602953043320E+02,  0.4500
       241,       109,  1.600841455561E+02,  0.4523
       242,       110,  1.600742761589E+02,  0.4545
       244,       111,  1.600365009340E+02,  0.4549
       245,       112,  1.600087535306E+02,  0.4571
       247,       113,  1.600034977992E+02,  0.4575
       248,       114,  1.599377705347E+02,  0.4597
       249,       115,  1.599346620352E+02,  0.4618
       250,       116,  1.598873354941E+02,  0.4640
       251,       117,  1.593695436391E+02,  0.4661
       252,       118,  1.592923701512E+02,  0.4683
       260,       119,  1.592825971025E+02,  0.4577
       261,       120,  1.589248774105E+02,  0.4598
       262,       121,  1.589052105945E+02,  0.4618
       270,       122,  1.589007202392E+02,  0.4519
       271,       123,  1.588470823342E+02,  0.4539
       272,       124,  1.588408436642E+02,  0.4559
       273,       125,  1.588213589577E+02,  0.4579
       274,       126,  1.588185276094E+02,  0.4599
       275,       127,  1.587312996269E+02,  0.4618
       281,       128,  1.587267438567E+02,  0.4555
       282,       129,  1.585690959791E+02,  0.4574
       284,       130,  1.584726624474E+02,  0.4577
       286,       131,  1.582763576089E+02,  0.4580
       287,       132,  1.582465812661E+02,  0.4599
       290,       133,  1.582463091614E+02,  0.4586
       294,       134,  1.581580665968E+02,  0.4558
       296,       135,  1.581321820866E+02,  0.4561
       303,       136,  1.581174265214E+02,  0.4488
       304,       137,  1.579481146514E+02,  0.4507
       309,       138,  1.576887208388E+02,  0.4466
       311,       139,  1.576417185155E+02,  0.4469
       312,       140,  1.575815340685E+02,  0.4487
       313,       141,  1.574794669959E+02,  0.4505
       316,       142,  1.573459445457E+02,  0.4494
       317,       143,  1.573151033706E+02,  0.4511
       318,       144,  1.572802438318E+02,  0.4528
       319,       145,  1.572466821242E+02,  0.4545
       326,       146,  1.572363429942E+02,  0.4479
       328,       147,  1.570449746830E+02,  0.4482
       329,       148,  1.569915118103E+02,  0.4498
       332,       149,  1.567140627140E+02,  0.4488
       335,       150,  1.566401385253E+02,  0.4478
       336,       151,  1.566172779106E+02,  0.4494
       338,       152,  1.565903522881E+02,  0.4497
       342,       153,  1.565525024043E+02,  0.4474
       351,       154,  1.563692607959E+02,  0.4387
       352,       155,  1.563527910445E+02,  0.4403
       353,       156,  1.562972603089E+02,  0.4419
       360,       157,  1.562912349478E+02,  0.4361
       362,       158,  1.562446688836E+02,  0.4365
       370,       159,  1.562366397733E+02,  0.4297
       371,       160,  1.562237794654E+02,  0.4313
       372,       161,  1.560957994545E+02,  0.4328
       373,       162,  1.559589087955E+02,  0.4343
       374,       163,  1.559569160676E+02,  0.4358
       375,       164,  1.558597804757E+02,  0.4373
       376,       165,  1.558568119789E+02,  0.4388
       377,       166,  1.558295978191E+02,  0.4403
       378,       167,  1.557080976659E+02,  0.4418
       379,       168,  1.556391867422E+02,  0.4433
       380,       169,  1.556062841142E+02,  0.4447
       382,       170,  1.556058072834E+02,  0.4450
       383,       171,  1.555330137440E+02,  0.4465
       386,       172,  1.554475768919E+02,  0.4456
       388,       173,  1.554461841640E+02,  0.4459
       389,       174,  1.554268983028E+02,  0.4473
       390,       175,  1.554259328878E+02,  0.4487
       393,       176,  1.554092942201E+02,  0.4478
       398,       177,  1.554076306341E+02,  0.4447
       404,       178,  1.553382482328E+02,  0.4406
       406,       179,  1.553163895026E+02,  0.4409
       407,       180,  1.552934958426E+02,  0.4423
       408,       181,  1.552300414188E+02,  0.4436
       409,       182,  1.552298390584E+02,  0.4450
       410,       183,  1.551937742149E+02,  0.4463
       412,       184,  1.551892722758E+02,  0.4466
       415,       185,  1.551892597499E+02,  0.4458
       418,       186,  1.551378786663E+02,  0.4450
       419,       187,  1.550851836396E+02,  0.4463
       425,       188,  1.550753832580E+02,  0.4424
       426,       189,  1.548204839386E+02,  0.4437
       427,       190,  1.548139251591E+02,  0.4450
       428,       191,  1.547741161900E+02,  0.4463
       430,       192,  1.547693454501E+02,  0.4465
       432,       193,  1.547183325937E+02,  0.4468
       435,       194,  1.546877599598E+02,  0.4460
       436,       195,  1.546487294238E+02,  0.4472
       438,       196,  1.545770563963E+02,  0.4475
       442,       197,  1.545416303178E+02,  0.4457
       444,       198,  1.545377478992E+02,  0.4459
       445,       199,  1.545065097864E+02,  0.4472
       446,       200,  1.544748690587E+02,  0.4484
       447,       201,  1.544677697100E+02,  0.4497
       451,       202,  1.543898914491E+02,  0.4479
       454,       203,  1.543729049265E+02,  0.4471
       456,       204,  1.542846465575E+02,  0.4474
       457,       205,  1.542460172809E+02,  0.4486
       459,       206,  1.542419004525E+02,  0.4488
       461,       207,  1.542296490403E+02,  0.4490
       465,       208,  1.541096256042E+02,  0.4473
       466,       209,  1.541080535601E+02,  0.4485
       468,       210,  1.539622151915E+02,  0.4487
       469,       211,  1.539304570493E+02,  0.4499
       472,       212,  1.539303476408E+02,  0.4492
       473,       213,  1.538348916859E+02,  0.4503
       475,       214,  1.536558498718E+02,  0.4505
       479,       215,  1.536006894753E+02,  0.4489
       480,       216,  1.535863798276E+02,  0.4500
       482,       217,  1.535627853396E+02,  0.4502
       483,       218,  1.535066918716E+02,  0.4513
       485,       219,  1.534488974397E+02,  0.4515
       488,       220,  1.532814289585E+02,  0.4508
       491,       221,  1.532445308144E+02,  0.4501
       492,       222,  1.532230356104E+02,  0.4512
       494,       223,  1.532154093749E+02,  0.4514
       495,       224,  1.531637412309E+02,  0.4525
       498,       225,  1.531309563391E+02,  0.4518
       499,       226,  1.531148552207E+02,  0.4529
       500,       227,  1.530141842660E+02,  0.4540
       501,       228,  1.529754550167E+02,  0.4551
       502,       229,  1.529327157911E+02,  0.4562
       504,       230,  1.528082536409E+02,  0.4563
       505,       231,  1.527938033891E+02,  0.4574
       506,       232,  1.526605452824E+02,  0.4585
       510,       233,  1.526525076242E+02,  0.4569
       514,       234,  1.526465464665E+02,  0.4553
       515,       235,  1.526332126690E+02,  0.4563
       516,       236,  1.525229984620E+02,  0.4574
       519,       237,  1.525206444213E+02,  0.4566
       520,       238,  1.524212946653E+02,  0.4577
       521,       239,  1.523976008165E+02,  0.4587
       523,       240,  1.523392640987E+02,  0.4589
       524,       241,  1.522034545858E+02,  0.4599
       532,       242,  1.521894094897E+02,  0.4549
       535,       243,  1.521567886884E+02,  0.4542
       536,       244,  1.521441423805E+02,  0.4552
       537,       245,  1.521420031022E+02,  0.4562
       540,       246,  1.521071856249E+02,  0.4556
       541,       247,  1.521068028702E+02,  0.4566
       543,       248,  1.520848224144E+02,  0.4567
       549,       249,  1.520546726980E+02,  0.4536
       551,       250,  1.520366055278E+02,  0.4537
       553,       251,  1.520124021054E+02,  0.4539
       554,       252,  1.519848458575E+02,  0.4549
       557,       253,  1.519766708881E+02,  0.4542
       558,       254,  1.518790969285E+02,  0.4552
       560,       255,  1.518577679877E+02,  0.4554
       563,       256,  1.517169958812E+02,  0.4547
       565,       257,  1.515245579597E+02,  0.4549
       567,       258,  1.515150712910E+02,  0.4550
       568,       259,  1.515128212030E+02,  0.4560
       570,       260,  1.514922686639E+02,  0.4561
       574,       261,  1.514768320030E+02,  0.4547
       575,       262,  1.513871588473E+02,  0.4557
       576,       263,  1.513217136314E+02,  0.4566
       578,       264,  1.512411109258E+02,  0.4567
       581,       265,  1.512232417084E+02,  0.4561
       583,       266,  1.512061021833E+02,  0.4563
       594,       267,  1.512029966108E+02,  0.4495
       597,       268,  1.511806606343E+02,  0.4489
       598,       269,  1.511490544422E+02,  0.4498
       601,       270,  1.510748889484E+02,  0.4493
       605,       271,  1.510420037325E+02,  0.4479
       607,       272,  1.509732561218E+02,  0.4481
       608,       273,  1.509624518410E+02,  0.4490
       609,       274,  1.509614305715E+02,  0.4499
       613,       275,  1.509327857508E+02,  0.4486
       615,       276,  1.508126539649E+02,  0.4488
       617,       277,  1.506857323867E+02,  0.4489
       618,       278,  1.506330157597E+02,  0.4498
       620,       279,  1.506257860974E+02,  0.4500
       621,       280,  1.506168237140E+02,  0.4509
       626,       281,  1.505980406319E+02,  0.4489
       628,       282,  1.505538368709E+02,  0.4490
       629,       283,  1.504844193872E+02,  0.4499
       631,       284,  1.504715712912E+02,  0.4501
       634,       285,  1.504714577754E+02,  0.4495
       636,       286,  1.504031306228E+02,  0.4497
       638,       287,  1.503641063409E+02,  0.4498
       639,       288,  1.503632421158E+02,  0.4507
       643,       289,  1.502116822449E+02,  0.4495
       645,       290,  1.502057427344E+02,  0.4496
       649,       291,  1.501496619790E+02,  0.4484
       652,       292,  1.501431678183E+02,  0.4479
       654,       293,  1.501124413871E+02,  0.4480
       655,       294,  1.501073327303E+02,  0.4489
       661,       295,  1.500611631150E+02,  0.4463
       663,       296,  1.500042083158E+02,  0.4465
       664,       297,  1.498975361052E+02,  0.4473
       666,       298,  1.498448932181E+02,  0.4474
       670,       299,  1.497990125378E+02,  0.4463
       671,       300,  1.497093194686E+02,  0.4471
       673,       301,  1.497027286381E+02,  0.4473
       674,       302,  1.496433577168E+02,  0.4481
       675,       303,  1.495933549818E+02,  0.4489
       676,       304,  1.494830483342E+02,  0.4497
       677,       305,  1.494262473051E+02,  0.4505
       678,       306,  1.493867915115E+02,  0.4513
       680,       307,  1.493357483886E+02,  0.4515
       685,       308,  1.492765008247E+02,  0.4496
       686,       309,  1.492661412600E+02,  0.4504
       689,       310,  1.491900536169E+02,  0.4499
       692,       311,  1.491898652089E+02,  0.4494
       693,       312,  1.491235156711E+02,  0.4502
       694,       313,  1.490927657634E+02,  0.4510
       696,       314,  1.490515257978E+02,  0.4511
       701,       315,  1.490365524395E+02,  0.4494
       702,       316,  1.490239568877E+02,  0.4501
       703,       317,  1.489198865592E+02,  0.4509
       704,       318,  1.488962394657E+02,  0.4517
       705,       319,  1.488752990504E+02,  0.4525
       706,       320,  1.488486967830E+02,  0.4533
       708,       321,  1.488203491690E+02,  0.4534
       709,       322,  1.487204550079E+02,  0.4542
       710,       323,  1.486807005218E+02,  0.4549
       713,       324,  1.486775823653E+02,  0.4544
       715,       325,  1.486403933723E+02,  0.4545
       718,       326,  1.486268416314E+02,  0.4540
       719,       327,  1.486245658875E+02,  0.4548
       720,       328,  1.485992537345E+02,  0.4556
       721,       329,  1.485985111200E+02,  0.4563
       726,       330,  1.485962595789E+02,  0.4545
       728,       331,  1.485896173016E+02,  0.4547
       729,       332,  1.485874003132E+02,  0.4554
       730,       333,  1.485686633393E+02,  0.4562
       734,       334,  1.485661899570E+02,  0.4550
       735,       335,  1.484777012947E+02,  0.4558
       740,       336,  1.484655686218E+02,  0.4541
       743,       337,  1.484255082396E+02,  0.4536
       747,       338,  1.482908171155E+02,  0.4525
       751,       339,  1.481414005413E+02,  0.4514
       752,       340,  1.481379229399E+02,  0.4521
       753,       341,  1.481378757807E+02,  0.4529
       757,       342,  1.480824105359E+02,  0.4518
       763,       343,  1.479885141857E+02,  0.4495
       766,       344,  1.479060144416E+02,  0.4491
       768,       345,  1.478936261277E+02,  0.4492
       771,       346,  1.478932014448E+02,  0.4488
       775,       347,  1.478704329883E+02,  0.4477
       780,       348,  1.478619925364E+02,  0.4462
       782,       349,  1.477193785986E+02,  0.4463
       783,       350,  1.476487313035E+02,  0.4470
       784,       351,  1.475796507076E+02,  0.4477
       787,       352,  1.475648670590E+02,  0.4473
       788,       353,  1.474989128219E+02,  0.4480
       791,       354,  1.474920315428E+02,  0.4475
       795,       355,  1.473650088351E+02,  0.4465
       797,       356,  1.473367300377E+02,  0.4467
       799,       357,  1.473041061260E+02,  0.4468
       800,       358,  1.472955791738E+02,  0.4475
       804,       359,  1.472310081622E+02,  0.4465
       805,       360,  1.471755977881E+02,  0.4472
       806,       361,  1.471210266137E+02,  0.4479
       807,       362,  1.470523737964E+02,  0.4486
       811,       363,  1.470061962606E+02,  0.4476
       823,       364,  1.469884583425E+02,  0.4423
       825,       365,  1.469874879522E+02,  0.4424
       831,       366,  1.469774064500E+02,  0.4404
       832,       367,  1.469577010257E+02,  0.4411
       835,       368,  1.469449254342E+02,  0.4407
       837,       369,  1.469445810581E+02,  0.4409
       838,       370,  1.469176114326E+02,  0.4415
       839,       371,  1.468713229365E+02,  0.4422
       841,       372,  1.468012491878E+02,  0.4423
       842,       373,  1.467690215757E+02,  0.4430
       845,       374,  1.467390076389E+02,  0.4426
       847,       375,  1.466159727993E+02,  0.4427
       848,       376,  1.465307155984E+02,  0.4434
       853,       377,  1.465066415351E+02,  0.4420
       861,       378,  1.464928262014E+02,  0.4390
       870,       379,  1.464895835276E+02,  0.4356
       874,       380,  1.464765071589E+02,  0.4348
       877,       381,  1.464381863418E+02,  0.4344
       878,       382,  1.464231821566E+02,  0.4351
       881,       383,  1.464172418440E+02,  0.4347
       882,       384,  1.464161994746E+02,  0.4354
       888,       385,  1.462421059871E+02,  0.4336
       891,       386,  1.462051919735E+02,  0.4332
       894,       387,  1.461922666917E+02,  0.4329
       896,       388,  1.461278374042E+02,  0.4330
       898,       389,  1.460991404612E+02,  0.4332
       900,       390,  1.460956737651E+02,  0.4333
       901,       391,  1.460842462670E+02,  0.4340
       903,       392,  1.460832982255E+02,  0.4341
       904,       393,  1.459946152021E+02,  0.4347
       908,       394,  1.459940903255E+02,  0.4339
       909,       395,  1.459374420933E+02,  0.4345
       917,       396,  1.459266171236E+02,  0.4318
       931,       397,  1.459141485947E+02,  0.4264
       932,       398,  1.459119020058E+02,  0.4270
       935,       399,  1.459113384617E+02,  0.4267
       936,       400,  1.459062049800E+02,  0.4274
       937,       401,  1.458605439415E+02,  0.4280
       938,       402,  1.458204968712E+02,  0.4286
       939,       403,  1.458150889447E+02,  0.4292
       945,       404,  1.457494668792E+02,  0.4275
       947,       405,  1.457413586977E+02,  0.4277
       952,       406,  1.457171009137E+02,  0.4265
       953,       407,  1.457139559412E+02,  0.4271
       956,       408,  1.457038381839E+02,  0.4268
       959,       409,  1.456672263542E+02,  0.4265
       960,       410,  1.455899711832E+02,  0.4271
       962,       411,  1.454972738244E+02,  0.4272
       965,       412,  1.454566512704E+02,  0.4269
       966,       413,  1.454471992760E+02,  0.4275
       972,       414,  1.453905043099E+02,  0.4259
       977,       415,  1.453628902096E+02,  0.4248
       979,       416,  1.452867387490E+02,  0.4249
       982,       417,  1.452297907551E+02,  0.4246
       989,       418,  1.451954878161E+02,  0.4226
       994,       419,  1.450870196039E+02,  0.4215
       996,       420,  1.450656604428E+02,  0.4217
       998,       421,  1.450183574404E+02,  0.4218
      1000,       422,  1.449101727336E+02,  0.4220
      1001,       423,  1.449036024274E+02,  0.4226
      1005,       424,  1.448727258063E+02,  0.4219
      1006,       425,  1.447660890433E+02,  0.4225
      1007,       426,  1.447042701122E+02,  0.4230
      1008,       427,  1.446925222255E+02,  0.4236
      1009,       428,  1.446436700416E+02,  0.4242
      1012,       429,  1.445942358972E+02,  0.4239
      1013,       430,  1.445045061459E+02,  0.4245
      1021,       431,  1.445003013539E+02,  0.4221
      1023,       432,  1.443499752363E+02,  0.4223
      1024,       433,  1.442538349033E+02,  0.4229
      1031,       434,  1.442146681963E+02,  0.4210
      1035,       435,  1.442121815779E+02,  0.4203
      1036,       436,  1.441955719217E+02,  0.4208
      1047,       437,  1.441149761247E+02,  0.4174
      1054,       438,  1.440106234056E+02,  0.4156
      1056,       439,  1.439974372580E+02,  0.4157
      1061,       440,  1.439753490474E+02,  0.4147
      1062,       441,  1.439731860602E+02,  0.4153
      1068,       442,  1.438399199571E+02,  0.4139
      1070,       443,  1.438378986626E+02,  0.4140
      1074,       444,  1.437659263345E+02,  0.4134
      1075,       445,  1.437119582211E+02,  0.4140
      1076,       446,  1.436866685771E+02,  0.4145
      1080,       447,  1.436528437640E+02,  0.4139
      1082,       448,  1.436321219639E+02,  0.4140
      1083,       449,  1.436069459286E+02,  0.4146
      1084,       450,  1.435528965681E+02,  0.4151
      1092,       451,  1.435324814376E+02,  0.4130
      1094,       452,  1.434664114128E+02,  0.4132
      1097,       453,  1.434545672731E+02,  0.4129
      1100,       454,  1.434298981731E+02,  0.4127
      1104,       455,  1.433881469745E+02,  0.4121
      1105,       456,  1.433806675606E+02,  0.4127
      1107,       457,  1.432891925560E+02,  0.4128
      1109,       458,  1.431864805268E+02,  0.4130
      1110,       459,  1.431631507573E+02,  0.4135
      1112,       460,  1.431436480195E+02,  0.4137
      1115,       461,  1.431117148741E+02,  0.4135
      1116,       462,  1.431018440111E+02,  0.4140
      1118,       463,  1.430490818135E+02,  0.4141
      1123,       464,  1.430387501271E+02,  0.4132
      1124,       465,  1.429978190954E+02,  0.4137
      1125,       466,  1.429857853852E+02,  0.4142
      1128,       467,  1.429726409168E+02,  0.4140
      1129,       468,  1.429328433997E+02,  0.4145
      1130,       469,  1.428948535774E+02,  0.4150
      1137,       470,  1.428807929642E+02,  0.4134
      1138,       471,  1.428728380787E+02,  0.4139
      1141,       472,  1.428413012412E+02,  0.4137
      1143,       473,  1.428035874667E+02,  0.4138
      1145,       474,  1.427859721527E+02,  0.4140
      1149,       475,  1.427826359957E+02,  0.4134
      1153,       476,  1.427742250919E+02,  0.4128
      1155,       477,  1.427717587489E+02,  0.4130
      1162,       478,  1.427332012692E+02,  0.4114
      1164,       479,  1.427151355638E+02,  0.4115
      1165,       480,  1.426976307906E+02,  0.4120
      1168,       481,  1.426827845104E+02,  0.4118
      1169,       482,  1.426593555487E+02,  0.4123
      1170,       483,  1.426308340121E+02,  0.4128
      1172,       484,  1.426228141478E+02,  0.4130
      1176,       485,  1.426218646060E+02,  0.4124
      1178,       486,  1.425963148692E+02,  0.4126
      1179,       487,  1.425531031669E+02,  0.4131
      1180,       488,  1.425476207968E+02,  0.4136
      1183,       489,  1.424858612491E+02,  0.4134
      1185,       490,  1.423677368774E+02,  0.4135
      1188,       491,  1.423504860670E+02,  0.4133
      1191,       492,  1.423101540872E+02,  0.4131
      1195,       493,  1.422268522627E+02,  0.4126
      1199,       494,  1.422148332362E+02,  0.4120
      1204,       495,  1.422130351171E+02,  0.4111
      1206,       496,  1.421858996104E+02,  0.4113
      1210,       497,  1.421582248130E+02,  0.4107
      1212,       498,  1.421510598834E+02,  0.4109
      1213,       499,  1.421143159816E+02,  0.4114
      1216,       500,  1.420499668547E+02,  0.4112
      1221,       501,  1.419849085206E+02,  0.4103
      1223,       502,  1.418633568716E+02,  0.4105
      1229,       503,  1.418219632189E+02,  0.4093
      1230,       504,  1.417311906536E+02,  0.4098
      1231,       505,  1.417072196659E+02,  0.4102
      1240,       506,  1.416983085026E+02,  0.4081
      1241,       507,  1.416860283183E+02,  0.4085
      1245,       508,  1.416308827049E+02,  0.4080
      1247,       509,  1.416267519092E+02,  0.4082
      1248,       510,  1.415730308141E+02,  0.4087
      1250,       511,  1.415195389981E+02,  0.4088
      1253,       512,  1.414083961241E+02,  0.4086
      1254,       513,  1.414055565480E+02,  0.4091
      1256,       514,  1.413189756612E+02,  0.4092
      1261,       515,  1.412901496474E+02,  0.4084
      1262,       516,  1.412067932971E+02,  0.4089
      1265,       517,  1.412009704386E+02,  0.4087
      1266,       518,  1.411610486851E+02,  0.4092
      1270,       519,  1.411559073224E+02,  0.4087
      1272,       520,  1.411176539283E+02,  0.4088
      1276,       521,  1.410589074812E+02,  0.4083
      1277,       522,  1.410143866880E+02,  0.4088
      1278,       523,  1.410129430106E+02,  0.4092
      1280,       524,  1.409796182324E+02,  0.4094
      1282,       525,  1.409731193148E+02,  0.4095
      1287,       526,  1.409217887638E+02,  0.4087
      1289,       527,  1.408822192162E+02,  0.4088
      1290,       528,  1.408822044384E+02,  0.4093
      1294,       529,  1.408163320922E+02,  0.4088
      1296,       530,  1.407603858300E+02,  0.4090
      1298,       531,  1.407496171511E+02,  0.4091
      1299,       532,  1.406958664072E+02,  0.4095
      1301,       533,  1.406646424589E+02,  0.4097
      1309,       534,  1.406637894238E+02,  0.4079
      1313,       535,  1.406620338095E+02,  0.4075
      1316,       536,  1.405757957402E+02,  0.4073
      1320,       537,  1.405754468722E+02,  0.4068
      1321,       538,  1.404795197140E+02,  0.4073
      1330,       539,  1.404550163593E+02,  0.4053
      1333,       540,  1.404471126985E+02,  0.4051
      1337,       541,  1.404448923378E+02,  0.4046
      1338,       542,  1.404104388439E+02,  0.4051
      1339,       543,  1.404025069708E+02,  0.4055
      1340,       544,  1.403913673865E+02,  0.4060
      1341,       545,  1.403660248038E+02,  0.4064
      1343,       546,  1.402028373744E+02,  0.4066
      1344,       547,  1.401026753163E+02,  0.4070
      1349,       548,  1.401013880672E+02,  0.4062
      1350,       549,  1.400845101197E+02,  0.4067
      1351,       550,  1.400495641013E+02,  0.4071
      1352,       551,  1.400188487592E+02,  0.4075
      1353,       552,  1.400018011923E+02,  0.4080
      1355,       553,  1.399520102994E+02,  0.4081
      1357,       554,  1.399416009674E+02,  0.4083
      1358,       555,  1.398597915055E+02,  0.4087
      1360,       556,  1.398476174521E+02,  0.4088
      1361,       557,  1.397602737540E+02,  0.4093
      1362,       558,  1.397473626399E+02,  0.4097
      1364,       559,  1.397394320686E+02,  0.4098
      1366,       560,  1.397393622100E+02,  0.4100
      1367,       561,  1.397376706407E+02,  0.4104
      1371,       562,  1.397345048174E+02,  0.4099
      1373,       563,  1.395998122542E+02,  0.4101
      1374,       564,  1.395512135451E+02,  0.4105
      1375,       565,  1.395194481727E+02,  0.4109
      1377,       566,  1.394926908146E+02,  0.4110
      1380,       567,  1.394619855197E+02,  0.4109
      1382,       568,  1.394544656155E+02,  0.4110
      1383,       569,  1.394484988354E+02,  0.4114
      1389,       570,  1.394345187630E+02,  0.4104
      1390,       571,  1.394338226276E+02,  0.4108
      1393,       572,  1.394261757994E+02,  0.4106
      1394,       573,  1.393799638403E+02,  0.4110
      1396,       574,  1.392445778708E+02,  0.4112
      1397,       575,  1.392378464898E+02,  0.4116
      1403,       576,  1.392211204227E+02,  0.4105
      1408,       577,  1.391968984600E+02,  0.4098
      1414,       578,  1.391525565241E+02,  0.4088
      1415,       579,  1.391156448812E+02,  0.4092
      1416,       580,  1.391014860000E+02,  0.4096
      1420,       581,  1.390921421561E+02,  0.4092
      1423,       582,  1.390441064645E+02,  0.4090
      1424,       583,  1.390265607488E+02,  0.4094
      1428,       584,  1.390263205726E+02,  0.4090
      1436,       585,  1.389851301729E+02,  0.4074
      1445,       586,  1.389790017180E+02,  0.4055
      1448,       587,  1.389547001357E+02,  0.4054
      1450,       588,  1.389278393932E+02,  0.4055
      1451,       589,  1.389158813597E+02,  0.4059
      1454,       590,  1.389154178711E+02,  0.4058
      1455,       591,  1.388701530029E+02,  0.4062
      1457,       592,  1.388440292974E+02,  0.4063
      1458,       593,  1.387995667990E+02,  0.4067
      1459,       594,  1.387866611289E+02,  0.4071
      1461,       595,  1.387690610472E+02,  0.4073
      1465,       596,  1.387508995213E+02,  0.4068
      1467,       597,  1.386143220074E+02,  0.4070
      1468,       598,  1.386099030521E+02,  0.4074
      1469,       599,  1.385404627504E+02,  0.4078
      1472,       600,  1.384840206397E+02,  0.4076
      1475,       601,  1.383674836802E+02,  0.4075
      1481,       602,  1.383655844508E+02,  0.4065
      1487,       603,  1.383644041459E+02,  0.4055
      1490,       604,  1.383168802699E+02,  0.4054
      1492,       605,  1.383101841386E+02,  0.4055
      1497,       606,  1.382410913082E+02,  0.4048
      1500,       607,  1.381352568903E+02,  0.4047
      1501,       608,  1.381188113830E+02,  0.4051
      1503,       609,  1.381101815263E+02,  0.4052
      1506,       610,  1.381042140997E+02,  0.4050
      1507,       611,  1.379775615850E+02,  0.4054
      1512,       612,  1.379728303601E+02,  0.4048
      1513,       613,  1.379697299669E+02,  0.4052
      1516,       614,  1.379469537433E+02,  0.4050
      1522,       615,  1.379432523933E+02,  0.4041
      1527,       616,  1.379423876767E+02,  0.4034
      1536,       617,  1.379224178647E+02,  0.4017
      1539,       618,  1.379190918128E+02,  0.4016
      1540,       619,  1.379158368304E+02,  0.4019
      1544,       620,  1.378815671000E+02,  0.4016
      1545,       621,  1.378794386755E+02,  0.4019
      1547,       622,  1.378412722416E+02,  0.4021
      1548,       623,  1.378397075111E+02,  0.4025
      1551,       624,  1.378358027695E+02,  0.4023
      1552,       625,  1.378152957868E+02,  0.4027
      1555,       626,  1.377879493744E+02,  0.4026
      1556,       627,  1.377515985775E+02,  0.4030
      1559,       628,  1.377200172442E+02,  0.4028
      1560,       629,  1.376841719999E+02,  0.4032
      1561,       630,  1.376595914353E+02,  0.4036
      1562,       631,  1.376236488421E+02,  0.4040
      1565,       632,  1.376149655951E+02,  0.4038
      1566,       633,  1.376001169263E+02,  0.4042
      1576,       634,  1.375810003793E+02,  0.4023
      1577,       635,  1.375471356793E+02,  0.4027
      1578,       636,  1.375059906842E+02,  0.4030
      1582,       637,  1.374885216333E+02,  0.4027
      1584,       638,  1.374877317706E+02,  0.4028
      1587,       639,  1.374078994595E+02,  0.4026
      1588,       640,  1.373947257095E+02,  0.4030
      1590,       641,  1.373947100191E+02,  0.4031
      1592,       642,  1.373564656066E+02,  0.4033
      1594,       643,  1.373195628918E+02,  0.4034
      1600,       644,  1.373103339410E+02,  0.4025
      1603,       645,  1.372871997179E+02,  0.4024
      1605,       646,  1.372395221161E+02,  0.4025
      1606,       647,  1.372391008203E+02,  0.4029
      1610,       648,  1.372294355404E+02,  0.4025
      1612,       649,  1.372195900846E+02,  0.4026
      1613,       650,  1.371959798314E+02,  0.4030
      1627,       651,  1.371944866330E+02,  0.4001
      1632,       652,  1.371877496779E+02,  0.3995
      1635,       653,  1.371723108445E+02,  0.3994
      1636,       654,  1.371172151603E+02,  0.3998
      1637,       655,  1.371017755768E+02,  0.4001
      1639,       656,  1.371001238352E+02,  0.4002
      1643,       657,  1.370949741849E+02,  0.3999
      1651,       658,  1.370454016712E+02,  0.3985
      1653,       659,  1.370442733224E+02,  0.3987
      1655,       660,  1.370217181222E+02,  0.3988
      1657,       661,  1.370159199597E+02,  0.3989
      1662,       662,  1.370134397508E+02,  0.3983
      1665,       663,  1.370122722346E+02,  0.3982
      1669,       664,  1.370000736555E+02,  0.3978
      1670,       665,  1.369905991223E+02,  0.3982
      1676,       666,  1.369526522746E+02,  0.3974
      1679,       667,  1.369516389254E+02,  0.3973
      1681,       668,  1.369231046414E+02,  0.3974
      1682,       669,  1.369171902812E+02,  0.3977
      1694,       670,  1.368912522475E+02,  0.3955
      1700,       671,  1.368895129651E+02,  0.3947
      1703,       672,  1.367346533636E+02,  0.3946
      1712,       673,  1.367283917790E+02,  0.3931
      1713,       674,  1.367203161405E+02,  0.3935
      1716,       675,  1.367192930005E+02,  0.3934
      1717,       676,  1.366797955162E+02,  0.3937
      1718,       677,  1.366497271871E+02,  0.3941
      1722,       678,  1.366185293151E+02,  0.3937
      1727,       679,  1.365584426727E+02,  0.3932
      1730,       680,  1.365464522654E+02,  0.3931
      1732,       681,  1.365045945544E+02,  0.3932
      1733,       682,  1.365004473065E+02,  0.3935
      1739,       683,  1.364692299944E+02,  0.3928
      1741,       684,  1.364387764328E+02,  0.3929
      1743,       685,  1.364266011110E+02,  0.3930
      1747,       686,  1.364257147451E+02,  0.3927
      1748,       687,  1.364243761397E+02,  0.3930
      1752,       688,  1.364063499599E+02,  0.3927
      1755,       689,  1.364008108004E+02,  0.3926
      1763,       690,  1.364008035042E+02,  0.3914
      1766,       691,  1.363845115927E+02,  0.3913
      1767,       692,  1.363488708975E+02,  0.3916
      1772,       693,  1.363405388477E+02,  0.3911
      1777,       694,  1.363096631175E+02,  0.3905
      1786,       695,  1.363087848504E+02,  0.3891
      1787,       696,  1.362998214866E+02,  0.3895
      1795,       697,  1.362961029576E+02,  0.3883
      1799,       698,  1.362909283083E+02,  0.3880
      1801,       699,  1.362864102355E+02,  0.3881
      1803,       700,  1.362424385874E+02,  0.3882
      1809,       701,  1.362224994094E+02,  0.3875
      1812,       702,  1.362162671553E+02,  0.3874
      1813,       703,  1.362006466309E+02,  0.3878
      1817,       704,  1.361757071637E+02,  0.3875
      1821,       705,  1.361535099761E+02,  0.3871
      1822,       706,  1.361418719164E+02,  0.3875
      1825,       707,  1.361264675924E+02,  0.3874
      1828,       708,  1.361162482603E+02,  0.3873
      1833,       709,  1.361009947543E+02,  0.3868
      1835,       710,  1.360390938082E+02,  0.3869
      1838,       711,  1.358848442565E+02,  0.3868
      1840,       712,  1.358309424149E+02,  0.3870
      1841,       713,  1.358266221223E+02,  0.3873
      1844,       714,  1.357624570050E+02,  0.3872
      1845,       715,  1.357599342332E+02,  0.3875
      1849,       716,  1.357524845913E+02,  0.3872
      1850,       717,  1.357479365620E+02,  0.3876
      1861,       718,  1.357313138326E+02,  0.3858
      1863,       719,  1.357005261580E+02,  0.3859
      1866,       720,  1.356858521271E+02,  0.3859
      1870,       721,  1.356736258596E+02,  0.3856
      1871,       722,  1.356683037524E+02,  0.3859
      1873,       723,  1.356667077302E+02,  0.3860
      1877,       724,  1.356502376012E+02,  0.3857
      1882,       725,  1.356456945120E+02,  0.3852
      1886,       726,  1.355980536206E+02,  0.3849
      1888,       727,  1.355915315334E+02,  0.3851
      1889,       728,  1.355844673061E+02,  0.3854
      1894,       729,  1.355796295616E+02,  0.3849
      1902,       730,  1.355720339634E+02,  0.3838
      1903,       731,  1.355690813298E+02,  0.3841
      1904,       732,  1.355481538839E+02,  0.3845
      1907,       733,  1.355269970802E+02,  0.3844
      1918,       734,  1.355038042203E+02,  0.3827
      1923,       735,  1.354202598316E+02,  0.3822
      1925,       736,  1.353917750458E+02,  0.3823
      1929,       737,  1.353763858011E+02,  0.3821
      1931,       738,  1.353719004079E+02,  0.3822
      1932,       739,  1.353682233061E+02,  0.3825
      1941,       740,  1.353589899958E+02,  0.3812
      1942,       741,  1.352988997850E+02,  0.3816
      1943,       742,  1.352920441669E+02,  0.3819
      1949,       743,  1.352626181107E+02,  0.3812
      1957,       744,  1.352577824223E+02,  0.3802
      1959,       745,  1.352503936039E+02,  0.3803
      1960,       746,  1.352483804993E+02,  0.3806
      1967,       747,  1.352406542463E+02,  0.3798
      1972,       748,  1.351612430803E+02,  0.3793
      1975,       749,  1.351606427447E+02,  0.3792
      1976,       750,  1.351563571804E+02,  0.3796
      1979,       751,  1.351457533347E+02,  0.3795
      1980,       752,  1.351244826443E+02,  0.3798
      1985,       753,  1.350290645957E+02,  0.3793
      1991,       754,  1.349931497709E+02,  0.3787
      1993,       755,  1.349760899954E+02,  0.3788
      2003,       756,  1.349759087452E+02,  0.3774
      2005,       757,  1.349574975029E+02,  0.3776
      2011,       758,  1.349522044597E+02,  0.3769
      2012,       759,  1.349496613817E+02,  0.3772
      2013,       760,  1.349440066126E+02,  0.3775
      2015,       761,  1.349368849952E+02,  0.3777
      2021,       762,  1.349330996637E+02,  0.3770
      2024,       763,  1.348895846467E+02,  0.3770
      2033,       764,  1.348347475987E+02,  0.3758
      2035,       765,  1.347926269254E+02,  0.3759
      2039,       766,  1.347890577614E+02,  0.3757
      2040,       767,  1.347561426345E+02,  0.3760
      2045,       768,  1.347538219929E+02,  0.3756
      2050,       769,  1.346819311967E+02,  0.3751
      2051,       770,  1.346118705570E+02,  0.3754
      2055,       771,  1.346073146797E+02,  0.3752
      2058,       772,  1.346043501522E+02,  0.3751
      2060,       773,  1.345546391858E+02,  0.3752
      2062,       774,  1.344804290895E+02,  0.3754
      2064,       775,  1.344730990817E+02,  0.3755
      2073,       776,  1.344598540088E+02,  0.3743
      2075,       777,  1.344589748458E+02,  0.3745
      2076,       778,  1.344500077800E+02,  0.3748
      2085,       779,  1.344439014011E+02,  0.3736
      2086,       780,  1.344107848254E+02,  0.3739
      2101,       781,  1.344059003364E+02,  0.3717
      2103,       782,  1.344005041522E+02,  0.3718
      2111,       783,  1.343783786964E+02,  0.3709
      2114,       784,  1.343767670356E+02,  0.3709
      2118,       785,  1.343719271699E+02,  0.3706
      2120,       786,  1.343126462729E+02,  0.3708
      2128,       787,  1.342970962468E+02,  0.3698
      2130,       788,  1.342561105860E+02,  0.3700
      2131,       789,  1.342547744085E+02,  0.3702
      2135,       790,  1.342529504636E+02,  0.3700
      2140,       791,  1.342465725596E+02,  0.3696
      2146,       792,  1.342370339329E+02,  0.3691
      2151,       793,  1.341902919592E+02,  0.3687
      2152,       794,  1.341762683514E+02,  0.3690
      2158,       795,  1.341136593335E+02,  0.3684
      2163,       796,  1.341054205786E+02,  0.3680
      2165,       797,  1.340920573143E+02,  0.3681
      2168,       798,  1.340742527882E+02,  0.3681
      2173,       799,  1.340412358170E+02,  0.3677
      2174,       800,  1.340340514253E+02,  0.3680
      2178,       801,  1.339672302958E+02,  0.3678
      2181,       802,  1.339342281388E+02,  0.3677
      2185,       803,  1.339211837857E+02,  0.3675
      2188,       804,  1.339161678890E+02,  0.3675
      2196,       805,  1.339098069869E+02,  0.3666
      2197,       806,  1.338897667744E+02,  0.3669
      2211,       807,  1.338802714617E+02,  0.3650
      2215,       808,  1.338745592335E+02,  0.3648
      2217,       809,  1.338694998844E+02,  0.3649
      2218,       810,  1.338448639062E+02,  0.3652
      2219,       811,  1.338448272748E+02,  0.3655
      2221,       812,  1.338400127176E+02,  0.3656
      2228,       813,  1.337881218142E+02,  0.3649
      2229,       814,  1.337723657160E+02,  0.3652
      2233,       815,  1.337575008081E+02,  0.3650
      2243,       816,  1.337449745679E+02,  0.3638
      2244,       817,  1.337412951601E+02,  0.3641
      2246,       818,  1.337317968136E+02,  0.3642
      2250,       819,  1.337238924127E+02,  0.3640
      2254,       820,  1.336423736876E+02,  0.3638
      2262,       821,  1.336025078143E+02,  0.3630
      2264,       822,  1.335938384238E+02,  0.3631
      2266,       823,  1.335858859976E+02,  0.3632
      2271,       824,  1.335857108363E+02,  0.3628
      2272,       825,  1.335573821272E+02,  0.3631
      2273,       826,  1.335531118999E+02,  0.3634
      2278,       827,  1.335428473315E+02,  0.3630
      2279,       828,  1.335414279138E+02,  0.3633
      2284,       829,  1.335354171633E+02,  0.3630
      2288,       830,  1.335292017215E+02,  0.3628
      2290,       831,  1.334917360523E+02,  0.3629
      2291,       832,  1.334863895375E+02,  0.3632
      2292,       833,  1.334861914309E+02,  0.3634
      2293,       834,  1.334856582240E+02,  0.3637
      2294,       835,  1.334766292877E+02,  0.3640
      2295,       836,  1.334765835807E+02,  0.3643
      2296,       837,  1.334393240867E+02,  0.3645
      2297,       838,  1.333395239489E+02,  0.3648
      2298,       839,  1.333382220425E+02,  0.3651
      2309,       840,  1.333369249322E+02,  0.3638
      2310,       841,  1.331656209684E+02,  0.3641
      2311,       842,  1.331273797443E+02,  0.3643
      2313,       843,  1.330917653876E+02,  0.3645
      2316,       844,  1.330913316223E+02,  0.3644
      2318,       845,  1.330912916513E+02,  0.3645
      2320,       846,  1.330896086763E+02,  0.3647
      2328,       847,  1.330053213008E+02,  0.3638
      2334,       848,  1.330052794363E+02,  0.3633
      2339,       849,  1.330045749006E+02,  0.3630
      2342,       850,  1.329694001410E+02,  0.3629
      2343,       851,  1.329666138380E+02,  0.3632
      2346,       852,  1.329508852631E+02,  0.3632
      2351,       853,  1.329508386282E+02,  0.3628
      2354,       854,  1.329187494569E+02,  0.3628
      2356,       855,  1.329119544106E+02,  0.3629
      2360,       856,  1.329103361757E+02,  0.3627
      2366,       857,  1.328790982657E+02,  0.3622
      2369,       858,  1.328028701239E+02,  0.3622
      2373,       859,  1.327975075360E+02,  0.3620
      2374,       860,  1.327645828324E+02,  0.3623
      2375,       861,  1.327620034708E+02,  0.3625
      2384,       862,  1.327600735637E+02,  0.3616
      2386,       863,  1.327479366527E+02,  0.3617
      2387,       864,  1.327405635301E+02,  0.3620
      2391,       865,  1.327184203190E+02,  0.3618
      2393,       866,  1.326140394620E+02,  0.3619
      2401,       867,  1.326017926335E+02,  0.3611
      2402,       868,  1.326002750107E+02,  0.3614
      2405,       869,  1.325987551476E+02,  0.3613
      2406,       870,  1.325954111156E+02,  0.3616
      2410,       871,  1.325865137427E+02,  0.3614
      2412,       872,  1.325786351073E+02,  0.3615
      2413,       873,  1.325749641023E+02,  0.3618
      2418,       874,  1.325216643221E+02,  0.3615
      2419,       875,  1.325175850930E+02,  0.3617
      2426,       876,  1.325173031438E+02,  0.3611
      2430,       877,  1.324392249045E+02,  0.3609
      2431,       878,  1.324222066861E+02,  0.3612
      2437,       879,  1.323087406071E+02,  0.3607
      2442,       880,  1.322959884635E+02,  0.3604
      2444,       881,  1.322919734270E+02,  0.3605
      2445,       882,  1.322488483350E+02,  0.3607
      2448,       883,  1.322392010667E+02,  0.3607
      2449,       884,  1.321488223161E+02,  0.3610
      2451,       885,  1.321239546370E+02,  0.3611
      2458,       886,  1.320389185851E+02,  0.3605
      2459,       887,  1.320158793298E+02,  0.3607
      2474,       888,  1.319823348596E+02,  0.3589
      2481,       889,  1.319768076441E+02,  0.3583
      2493,       890,  1.319752790413E+02,  0.3570
      2501,       891,  1.319663388313E+02,  0.3563
      2505,       892,  1.319626429881E+02,  0.3561
      2506,       893,  1.319401171819E+02,  0.3563
      2508,       894,  1.318864558118E+02,  0.3565
      2509,       895,  1.318748421415E+02,  0.3567
      2513,       896,  1.318214528683E+02,  0.3565
      2514,       897,  1.317834727980E+02,  0.3568
      2515,       898,  1.317741584200E+02,  0.3571
      2517,       899,  1.317740400106E+02,  0.3572
      2521,       900,  1.317660535855E+02,  0.3570
      2531,       901,  1.317491510779E+02,  0.3560
      2532,       902,  1.317307815447E+02,  0.3562
      2534,       903,  1.317181940975E+02,  0.3564
      2535,       904,  1.316178885713E+02,  0.3566
      2537,       905,  1.316164115930E+02,  0.3567
      2538,       906,  1.316085322522E+02,  0.3570
      2543,       907,  1.315360950893E+02,  0.3567
      2550,       908,  1.315315256377E+02,  0.3561
      2556,       909,  1.315311859263E+02,  0.3556
      2562,       910,  1.315301282341E+02,  0.3552
      2563,       911,  1.315212052474E+02,  0.3554
      2564,       912,  1.315168834599E+02,  0.3557
      2565,       913,  1.314626389445E+02,  0.3559
      2573,       914,  1.314502939782E+02,  0.3552
      2577,       915,  1.314123609783E+02,  0.3551
      2581,       916,  1.314111070021E+02,  0.3549
      2583,       917,  1.314075831894E+02,  0.3550
      2584,       918,  1.314034534766E+02,  0.3553
      2585,       919,  1.313864790009E+02,  0.3555
      2586,       920,  1.313343901821E+02,  0.3558
      2594,       921,  1.313248448190E+02,  0.3551
      2599,       922,  1.313180896390E+02,  0.3548
      2602,       923,  1.313074073194E+02,  0.3547
      2608,       924,  1.313053825993E+02,  0.3543
      2610,       925,  1.313030205747E+02,  0.3544
      2611,       926,  1.312996942906E+02,  0.3547
      2615,       927,  1.312902455085E+02,  0.3545
      2616,       928,  1.312849086226E+02,  0.3547
      2619,       929,  1.312834540152E+02,  0.3547
      2621,       930,  1.312819165878E+02,  0.3548
      2623,       931,  1.312479965123E+02,  0.3549
      2626,       932,  1.312356071904E+02,  0.3549
      2629,       933,  1.311667089584E+02,  0.3549
      2630,       934,  1.311607825796E+02,  0.3551
      2631,       935,  1.311377972244E+02,  0.3554
      2635,       936,  1.311357659191E+02,  0.3552
      2641,       937,  1.311332423562E+02,  0.3548
      2642,       938,  1.311217443323E+02,  0.3550
      2646,       939,  1.311114936809E+02,  0.3549
      2652,       940,  1.311046389924E+02,  0.3544
      2653,       941,  1.311030163363E+02,  0.3547
      2654,       942,  1.310966286191E+02,  0.3549
      2655,       943,  1.310941567762E+02,  0.3552
      2658,       944,  1.310408586513E+02,  0.3552
      2659,       945,  1.310406624415E+02,  0.3554
      2661,       946,  1.310379328484E+02,  0.3555
      2662,       947,  1.310335671768E+02,  0.3557
      2666,       948,  1.310061770965E+02,  0.3556
      2671,       949,  1.309303775750E+02,  0.3553
      2679,       950,  1.308741319132E+02,  0.3546
      2686,       951,  1.308698554497E+02,  0.3541
      2693,       952,  1.308066421660E+02,  0.3535
      2697,       953,  1.307680609977E+02,  0.3534
      2703,       954,  1.307535900595E+02,  0.3529
      2707,       955,  1.307534049748E+02,  0.3528
      2712,       956,  1.307191036935E+02,  0.3525
      2715,       957,  1.306920065933E+02,  0.3525
      2717,       958,  1.306683591287E+02,  0.3526
      2718,       959,  1.306599366558E+02,  0.3528
      2726,       960,  1.306581940265E+02,  0.3522
      2730,       961,  1.306542112983E+02,  0.3520
      2731,       962,  1.306484607692E+02,  0.3523
      2735,       963,  1.306407487700E+02,  0.3521
      2737,       964,  1.306067769277E+02,  0.3522
      2743,       965,  1.306045612984E+02,  0.3518
      2748,       966,  1.306016044722E+02,  0.3515
      2750,       967,  1.306004914546E+02,  0.3516
      2779,       968,  1.305978440984E+02,  0.3483
      2781,       969,  1.305977831389E+02,  0.3484
      2784,       970,  1.305968478504E+02,  0.3484
      2786,       971,  1.305944693401E+02,  0.3485
      2791,       972,  1.305502808944E+02,  0.3483
      2795,       973,  1.305378021613E+02,  0.3481
      2796,       974,  1.305187977540E+02,  0.3484
      2803,       975,  1.305069472462E+02,  0.3478
      2804,       976,  1.305041121142E+02,  0.3481
      2807,       977,  1.305035646963E+02,  0.3481
      2811,       978,  1.304616201735E+02,  0.3479
      2812,       979,  1.304602381580E+02,  0.3482
      2824,       980,  1.304580337657E+02,  0.3470
      2830,       981,  1.304522409832E+02,  0.3466
      2834,       982,  1.304487460491E+02,  0.3465
      2836,       983,  1.304447650854E+02,  0.3466
      2840,       984,  1.304438257508E+02,  0.3465
      2843,       985,  1.304435088163E+02,  0.3465
      2852,       986,  1.304414990992E+02,  0.3457
      2856,       987,  1.304385647914E+02,  0.3456
      2860,       988,  1.304322721656E+02,  0.3455
      2861,       989,  1.304295271060E+02,  0.3457
      2862,       990,  1.304294586291E+02,  0.3459
      2864,       991,  1.304269728963E+02,  0.3460
      2865,       992,  1.304258534413E+02,  0.3462
      2871,       993,  1.304200736669E+02,  0.3459
      2877,       994,  1.304121597450E+02,  0.3455
      2880,       995,  1.304099894312E+02,  0.3455
      2886,       996,  1.303583930205E+02,  0.3451
      2892,       997,  1.303522852153E+02,  0.3447
      2896,       998,  1.303504687323E+02,  0.3446
      2905,       999,  1.303483631760E+02,  0.3439
      2908,      1000,  1.303067098872E+02,  0.3439
      2912,      1001,  1.302712343182E+02,  0.3438
      2921,      1002,  1.302708820250E+02,  0.3430
      2923,      1003,  1.302534453504E+02,  0.3431
      2927,      1004,  1.302390884952E+02,  0.3430
      2928,      1005,  1.302293977314E+02,  0.3432
      2930,      1006,  1.302166462027E+02,  0.3433
      2931,      1007,  1.302099365730E+02,  0.3436
      2938,      1008,  1.302090749119E+02,  0.3431
      2944,      1009,  1.302087788816E+02,  0.3427
      2957,      1010,  1.302012046464E+02,  0.3416
      2962,      1011,  1.301989646194E+02,  0.3413
      2976,      1012,  1.301853878278E+02,  0.3401
      2978,      1013,  1.301835989920E+02,  0.3402
      2979,      1014,  1.301716090193E+02,  0.3404
      2984,      1015,  1.301708269414E+02,  0.3401
      2985,      1016,  1.301660796394E+02,  0.3404
      2993,      1017,  1.301631587274E+02,  0.3398
      3004,      1018,  1.301628379973E+02,  0.3389
      3005,      1019,  1.301477721973E+02,  0.3391
      3008,      1020,  1.301476424721E+02,  0.3391
      3016,      1021,  1.301284328011E+02,  0.3385
      3021,      1022,  1.301266419392E+02,  0.3383
      3022,      1023,  1.301264214283E+02,  0.3385
      3027,      1024,  1.301235755516E+02,  0.3383
      3030,      1025,  1.301200885447E+02,  0.3383
      3032,      1026,  1.300896812218E+02,  0.3384
      3033,      1027,  1.300544199086E+02,  0.3386
      3034,      1028,  1.300519872388E+02,  0.3388
      3035,      1029,  1.300515115164E+02,  0.3390
      3036,      1030,  1.300511712447E+02,  0.3393
      3038,      1031,  1.300330776214E+02,  0.3394
      3043,      1032,  1.300284844822E+02,  0.3391
      3045,      1033,  1.300041524766E+02,  0.3392
      3048,      1034,  1.299944709582E+02,  0.3392
      3053,      1035,  1.299684938807E+02,  0.3390
      3058,      1036,  1.299534441524E+02,  0.3388
      3059,      1037,  1.299534273718E+02,  0.3390
      3061,      1038,  1.299318743352E+02,  0.3391
      3065,      1039,  1.299315979328E+02,  0.3390
      3066,      1040,  1.299298669968E+02,  0.3392
      3070,      1041,  1.299294253297E+02,  0.3391
      3074,      1042,  1.299248503069E+02,  0.3390
      3075,      1043,  1.299205606302E+02,  0.3392
      3076,      1044,  1.299198631691E+02,  0.3394
      3086,      1045,  1.299144511466E+02,  0.3386
      3091,      1046,  1.299000046889E+02,  0.3384
      3093,      1047,  1.298996043585E+02,  0.3385
      3103,      1048,  1.298991732658E+02,  0.3377
      3110,      1049,  1.298282523347E+02,  0.3373
      3120,      1050,  1.298266168291E+02,  0.3365
      3121,      1051,  1.298239636169E+02,  0.3368
      3122,      1052,  1.297721736964E+02,  0.3370
      3124,      1053,  1.297570425345E+02,  0.3371
      3125,      1054,  1.297566071311E+02,  0.3373
      3127,      1055,  1.297498328784E+02,  0.3374
      3129,      1056,  1.297489696647E+02,  0.3375
      3132,      1057,  1.297071565184E+02,  0.3375
      3142,      1058,  1.297067953377E+02,  0.3367
      3144,      1059,  1.297059814654E+02,  0.3368
      3146,      1060,  1.296945422784E+02,  0.3369
      3148,      1061,  1.296932921458E+02,  0.3370
      3149,      1062,  1.296916574572E+02,  0.3372
      3150,      1063,  1.296876234909E+02,  0.3375
      3155,      1064,  1.296864613835E+02,  0.3372
      3164,      1065,  1.296761421975E+02,  0.3366
      3172,      1066,  1.296682161271E+02,  0.3361
      3173,      1067,  1.296572127229E+02,  0.3363
      3175,      1068,  1.296526269846E+02,  0.3364
      3177,      1069,  1.296459169871E+02,  0.3365
      3183,      1070,  1.296455107014E+02,  0.3362
      3185,      1071,  1.296262231690E+02,  0.3363
      3191,      1072,  1.296256979062E+02,  0.3359
      3193,      1073,  1.296247986664E+02,  0.3360
      3198,      1074,  1.296058762079E+02,  0.3358
      3199,      1075,  1.295085046957E+02,  0.3360
      3212,      1076,  1.295084566399E+02,  0.3350
      3214,      1077,  1.294862710258E+02,  0.3351
      3221,      1078,  1.294858745133E+02,  0.3347
      3222,      1079,  1.294373911941E+02,  0.3349
      3235,      1080,  1.294275977744E+02,  0.3338
      3242,      1081,  1.294189650747E+02,  0.3334
      3252,      1082,  1.294051941688E+02,  0.3327
      3255,      1083,  1.293583850430E+02,  0.3327
      3256,      1084,  1.293572980120E+02,  0.3329
      3261,      1085,  1.293410786856E+02,  0.3327
      3271,      1086,  1.293399654694E+02,  0.3320
      3279,      1087,  1.293382659729E+02,  0.3315
      3280,      1088,  1.293380580348E+02,  0.3317
      3286,      1089,  1.293352130484E+02,  0.3314
      3289,      1090,  1.293330994993E+02,  0.3314
      3292,      1091,  1.292967422684E+02,  0.3314
      3294,      1092,  1.292798746789E+02,  0.3315
      3295,      1093,  1.292750757978E+02,  0.3317
      3303,      1094,  1.292746803405E+02,  0.3312
      3313,      1095,  1.292553737664E+02,  0.3305
      3323,      1096,  1.292478371232E+02,  0.3298
      3324,      1097,  1.292473654245E+02,  0.3300
      3329,      1098,  1.291527030411E+02,  0.3298
      3331,      1099,  1.290995023920E+02,  0.3299
      3339,      1100,  1.290477457329E+02,  0.3294
      3340,      1101,  1.290468772222E+02,  0.3296
      3367,      1102,  1.290398840105E+02,  0.3273
      3368,      1103,  1.290215653385E+02,  0.3275
      3372,      1104,  1.290204347730E+02,  0.3274
      3374,      1105,  1.290201515845E+02,  0.3275
      3376,      1106,  1.290187053769E+02,  0.3276
      3377,      1107,  1.290120859959E+02,  0.3278
      3383,      1108,  1.290113093220E+02,  0.3275
      3385,      1109,  1.290088586182E+02,  0.3276
      3387,      1110,  1.290024169953E+02,  0.3277
      3388,      1111,  1.289918832599E+02,  0.3279
      3393,      1112,  1.289913691163E+02,  0.3277
      3408,      1113,  1.289888296062E+02,  0.3266
      3416,      1114,  1.289809030198E+02,  0.3261
      3417,      1115,  1.288912987062E+02,  0.3263
      3419,      1116,  1.288892760164E+02,  0.3264
      3423,      1117,  1.288870291847E+02,  0.3263
      3430,      1118,  1.288786033031E+02,  0.3259
      3434,      1119,  1.288757211529E+02,  0.3259
      3437,      1120,  1.288539252716E+02,  0.3259
      3438,      1121,  1.288519904478E+02,  0.3261
      3439,      1122,  1.288493405625E+02,  0.3263
      3449,      1123,  1.288489133930E+02,  0.3256
      3453,      1124,  1.288484463665E+02,  0.3255
      3454,      1125,  1.288466703834E+02,  0.3257
      3455,      1126,  1.288453134051E+02,  0.3259
      3464,      1127,  1.288297110228E+02,  0.3253
      3470,      1128,  1.288081341123E+02,  0.3251
      3478,      1129,  1.287182240242E+02,  0.3246
      3484,      1130,  1.286492566520E+02,  0.3243
      3488,      1131,  1.286397379717E+02,  0.3243
      3491,      1132,  1.286392943937E+02,  0.3243
      3492,      1133,  1.286386680511E+02,  0.3245
      3494,      1134,  1.286358617050E+02,  0.3246
      3500,      1135,  1.286356518704E+02,  0.3243
      3527,      1136,  1.286296026250E+02,  0.3221
      3529,      1137,  1.285631048506E+02,  0.3222
      3530,      1138,  1.285612002738E+02,  0.3224
      3543,      1139,  1.285600228109E+02,  0.3215
      3549,      1140,  1.285377734729E+02,  0.3212
      3554,      1141,  1.285374574987E+02,  0.3210
      3559,      1142,  1.285052443922E+02,  0.3209
      3567,      1143,  1.285034150671E+02,  0.3204
      3576,      1144,  1.285030327645E+02,  0.3199
      3580,      1145,  1.285029488999E+02,  0.3198
      3604,      1146,  1.284996164029E+02,  0.3180
      3630,      1147,  1.284985801695E+02,  0.3160
      3631,      1148,  1.284974700857E+02,  0.3162
      3634,      1149,  1.284962586900E+02,  0.3162
      3638,      1150,  1.284603149335E+02,  0.3161
      3663,      1151,  1.284016929312E+02,  0.3142
      3667,      1152,  1.284015398770E+02,  0.3142
      3686,      1153,  1.283997061947E+02,  0.3128
      3701,      1154,  1.283983036036E+02,  0.3118
      3705,      1155,  1.283961687550E+02,  0.3117
      3709,      1156,  1.283786339910E+02,  0.3117
      3714,      1157,  1.283686612758E+02,  0.3115
      3723,      1158,  1.283681658680E+02,  0.3110
      3725,      1159,  1.283673560628E+02,  0.3111
      3736,      1160,  1.283670177297E+02,  0.3105
      3739,      1161,  1.283657786138E+02,  0.3105
      3747,      1162,  1.283651212446E+02,  0.3101
      3778,      1163,  1.283635889240E+02,  0.3078
      3783,      1164,  1.283567507638E+02,  0.3077
      3788,      1165,  1.283500271764E+02,  0.3076
      3791,      1166,  1.283461421071E+02,  0.3076
      3793,      1167,  1.283442010908E+02,  0.3077
      3808,      1168,  1.283399537325E+02,  0.3067
      3810,      1169,  1.283166143103E+02,  0.3068
      3833,      1170,  1.283061393272E+02,  0.3052
      3845,      1171,  1.283057150379E+02,  0.3046
      3846,      1172,  1.283040238197E+02,  0.3047
      3857,      1173,  1.282990814964E+02,  0.3041
      3859,      1174,  1.282969420424E+02,  0.3042
      3860,      1175,  1.282948659970E+02,  0.3044
      3882,      1176,  1.282944675937E+02,  0.3029
      3883,      1177,  1.282921377147E+02,  0.3031
      3910,      1178,  1.282914301063E+02,  0.3013
      3911,      1179,  1.282003451736E+02,  0.3015
      3924,      1180,  1.282001184978E+02,  0.3007
      3927,      1181,  1.281781586259E+02,  0.3007
      3928,      1182,  1.281700081908E+02,  0.3009
      3933,      1183,  1.281690262982E+02,  0.3008
      3945,      1184,  1.281689970312E+02,  0.3001
      3950,      1185,  1.281624342070E+02,  0.3000
      3954,      1186,  1.281612153870E+02,  0.2999
      3959,      1187,  1.281540225041E+02,  0.2998
      3964,      1188,  1.281532194156E+02,  0.2997
      3968,      1189,  1.281438447029E+02,  0.2996
      3975,      1190,  1.281309947339E+02,  0.2994
      3976,      1191,  1.281291395777E+02,  0.2995
      3982,      1192,  1.281181043589E+02,  0.2993
      4008,      1193,  1.281175083038E+02,  0.2977
      4019,      1194,  1.281108217722E+02,  0.2971
      4023,      1195,  1.280602324805E+02,  0.2970
      4024,      1196,  1.280602296521E+02,  0.2972
      4033,      1197,  1.280596465295E+02,  0.2968
      4042,      1198,  1.280524915297E+02,  0.2964
      4054,      1199,  1.280521954561E+02,  0.2958
      4059,      1200,  1.280520799681E+02,  0.2956
      4062,      1201,  1.280519528644E+02,  0.2957
      4066,      1202,  1.280518107007E+02,  0.2956
      4084,      1203,  1.280517626847E+02,  0.2946
      4091,      1204,  1.280506504192E+02,  0.2943
      4093,      1205,  1.280476780280E+02,  0.2944
      4121,      1206,  1.280448888948E+02,  0.2926
      4129,      1207,  1.280442650006E+02,  0.2923
      4130,      1208,  1.280424256089E+02,  0.2925
      4136,      1209,  1.280413981919E+02,  0.2923
      4142,      1210,  1.280356376667E+02,  0.2921
      4145,      1211,  1.280351476131E+02,  0.2922
      4157,      1212,  1.280342094585E+02,  0.2916
      4161,      1213,  1.279646404990E+02,  0.2915
      4164,      1214,  1.279526114958E+02,  0.2915
      4173,      1215,  1.279525333537E+02,  0.2912
      4175,      1216,  1.279454986750E+02,  0.2913
      4188,      1217,  1.279444110846E+02,  0.2906
      4191,      1218,  1.279399773901E+02,  0.2906
      4193,      1219,  1.279398123006E+02,  0.2907
      4201,      1220,  1.279398063018E+02,  0.2904
      4211,      1221,  1.279392835000E+02,  0.2900
      4213,      1222,  1.279384691440E+02,  0.2901
      4220,      1223,  1.279383920562E+02,  0.2898
      4221,      1224,  1.279313489729E+02,  0.2900
      4229,      1225,  1.279303528010E+02,  0.2897
      4249,      1226,  1.279278768112E+02,  0.2885
      4262,      1227,  1.279270755113E+02,  0.2879
      4265,      1228,  1.279262154952E+02,  0.2879
      4270,      1229,  1.279251763997E+02,  0.2878
      4272,      1230,  1.279230417485E+02,  0.2879
      4281,      1231,  1.279206292804E+02,  0.2875
      4289,      1232,  1.279204296376E+02,  0.2872
      4309,      1233,  1.279133924244E+02,  0.2861
      4333,      1234,  1.279029915079E+02,  0.2848
      4339,      1235,  1.279029124099E+02,  0.2846
      4340,      1236,  1.279015568122E+02,  0.2848
      4343,      1237,  1.279007201414E+02,  0.2848
      4347,      1238,  1.278857143074E+02,  0.2848
      4352,      1239,  1.278808609862E+02,  0.2847
      4361,      1240,  1.278788517490E+02,  0.2843
      4368,      1241,  1.278784831413E+02,  0.2841
      4376,      1242,  1.278782106298E+02,  0.2838
      4380,      1243,  1.278146867417E+02,  0.2838
      4383,      1244,  1.278126374774E+02,  0.2838
      4385,      1245,  1.278109627652E+02,  0.2839
      4387,      1246,  1.277917551978E+02,  0.2840
      4409,      1247,  1.277740428730E+02,  0.2828
      4419,      1248,  1.277675049858E+02,  0.2824
      4438,      1249,  1.277659258609E+02,  0.2814
      4443,      1250,  1.277659059801E+02,  0.2813
      4461,      1251,  1.277647955145E+02,  0.2804
      4465,      1252,  1.277599120141E+02,  0.2804
      4467,      1253,  1.277597563616E+02,  0.2805
      4468,      1254,  1.277582478249E+02,  0.2807
      4473,      1255,  1.277567698113E+02,  0.2806
      4474,      1256,  1.277564278602E+02,  0.2807
      4478,      1257,  1.277556058920E+02,  0.2807
      4480,      1258,  1.277548645604E+02,  0.2808
      4482,      1259,  1.277540104285E+02,  0.2809
      4487,      1260,  1.277534203796E+02,  0.2808
      4498,      1261,  1.277522345591E+02,  0.2803
      4517,      1262,  1.277400563331E+02,  0.2794
      4537,      1263,  1.277399834874E+02,  0.2784
      4540,      1264,  1.277395308032E+02,  0.2784
      4544,      1265,  1.277393511721E+02,  0.2784
      4547,      1266,  1.277375739403E+02,  0.2784
      4554,      1267,  1.277297318566E+02,  0.2782
      4556,      1268,  1.277144485224E+02,  0.2783
      4573,      1269,  1.277128503097E+02,  0.2775
      4578,      1270,  1.277127202568E+02,  0.2774
      4579,      1271,  1.277085065683E+02,  0.2776
      4585,      1272,  1.277068247746E+02,  0.2774
      4587,      1273,  1.277066937406E+02,  0.2775
      4607,      1274,  1.277066037709E+02,  0.2765
      4616,      1275,  1.276917700301E+02,  0.2762
      4632,      1276,  1.276905043756E+02,  0.2755
      4643,      1277,  1.276894612440E+02,  0.2750
      4646,      1278,  1.276872385883E+02,  0.2751
      4650,      1279,  1.276866150486E+02,  0.2751
      4658,      1280,  1.276863106752E+02,  0.2748
      4689,      1281,  1.276858078696E+02,  0.2732
      4690,      1282,  1.276853890820E+02,  0.2733
      4696,      1283,  1.276853256393E+02,  0.2732
      4699,      1284,  1.276661653245E+02,  0.2732
      4706,      1285,  1.276650864817E+02,  0.2731
      4741,      1286,  1.276648730584E+02,  0.2713
      4751,      1287,  1.276621620386E+02,  0.2709
      4758,      1288,  1.276616772115E+02,  0.2707
      4788,      1289,  1.276611109008E+02,  0.2692
      4790,      1290,  1.276606132529E+02,  0.2693
      4805,      1291,  1.276595718922E+02,  0.2687
      4807,      1292,  1.276542277271E+02,  0.2688
      4820,      1293,  1.276250839121E+02,  0.2683
      4846,      1294,  1.276247810984E+02,  0.2670
      4847,      1295,  1.276234802656E+02,  0.2672
      4857,      1296,  1.276163097368E+02,  0.2668
      4859,      1297,  1.275177059718E+02,  0.2669
      4860,      1298,  1.275158220609E+02,  0.2671
      4894,      1299,  1.275139923018E+02,  0.2654
      4908,      1300,  1.274901076868E+02,  0.2649
      4918,      1301,  1.274899794530E+02,  0.2645
      4920,      1302,  1.274891426717E+02,  0.2646
      4929,      1303,  1.274890305541E+02,  0.2644
      4949,      1304,  1.274888723734E+02,  0.2635
      4950,      1305,  1.274888633036E+02,  0.2636
      4951,      1306,  1.274887152611E+02,  0.2638
      4954,      1307,  1.274867055251E+02,  0.2638
      4961,      1308,  1.274848771942E+02,  0.2637
      4967,      1309,  1.274847182816E+02,  0.2635
      4968,      1310,  1.274736705019E+02,  0.2637
      4978,      1311,  1.274732497751E+02,  0.2634
      4992,      1312,  1.274731570860E+02,  0.2628
      4994,      1313,  1.274706021971E+02,  0.2629
      5006,      1314,  1.274654693547E+02,  0.2625
      5017,      1315,  1.274382950150E+02,  0.2621
      5039,      1316,  1.274375246903E+02,  0.2612
      5051,      1317,  1.274371587097E+02,  0.2607
      5066,      1318,  1.274370050578E+02,  0.2602
      5085,      1319,  1.274363451970E+02,  0.2594
      5089,      1320,  1.274357938885E+02,  0.2594
      5147,      1321,  1.274352302297E+02,  0.2567
      5154,      1322,  1.274347468279E+02,  0.2565
      5185,      1323,  1.274340307191E+02,  0.2552
      5197,      1324,  1.274338475279E+02,  0.2548
      5260,      1325,  1.274337608724E+02,  0.2519
      5267,      1326,  1.274159351490E+02,  0.2518
      5268,      1327,  1.274159227233E+02,  0.2519
      5272,      1328,  1.274157132156E+02,  0.2519
      5288,      1329,  1.274154816639E+02,  0.2513
      5295,      1330,  1.274148808549E+02,  0.2512
      5306,      1331,  1.274148607097E+02,  0.2508
      5332,      1332,  1.274148035092E+02,  0.2498
      5335,      1333,  1.274138784122E+02,  0.2499
      5340,      1334,  1.274135571137E+02,  0.2498
      5352,      1335,  1.274134657279E+02,  0.2494
      5355,      1336,  1.274134475976E+02,  0.2495
      5361,      1337,  1.274014533838E+02,  0.2494
      5404,      1338,  1.274014067208E+02,  0.2476
      5465,      1339,  1.274013759064E+02,  0.2450
      5493,      1340,  1.273572306587E+02,  0.2439
      5498,      1341,  1.273351473158E+02,  0.2439
      5510,      1342,  1.273350587007E+02,  0.2436
      5532,      1343,  1.273349815655E+02,  0.2428
      5539,      1344,  1.273328051125E+02,  0.2426
      5563,      1345,  1.273326888286E+02,  0.2418
      5579,      1346,  1.273326522829E+02,  0.2413
      5594,      1347,  1.273323656821E+02,  0.2408
      5604,      1348,  1.273284865915E+02,  0.2405
      5655,      1349,  1.273262709795E+02,  0.2385
      5657,      1350,  1.273250692149E+02,  0.2386
      5667,      1351,  1.272696498112E+02,  0.2384
      5691,      1352,  1.272696253908E+02,  0.2376
      5723,      1353,  1.272695666452E+02,  0.2364
      5731,      1354,  1.272688304443E+02,  0.2363
      5743,      1355,  1.272608453874E+02,  0.2359
      5795,      1356,  1.272524539539E+02,  0.2340
      5811,      1357,  1.272460487795E+02,  0.2335
      5824,      1358,  1.272457492500E+02,  0.2332
      5826,      1359,  1.272262432010E+02,  0.2333
      5838,      1360,  1.272259536735E+02,  0.2330
      5843,      1361,  1.272067336742E+02,  0.2329
      5870,      1362,  1.271641729725E+02,  0.2320
      5873,      1363,  1.271641286308E+02,  0.2321
      5877,      1364,  1.271533949600E+02,  0.2321
      5886,      1365,  1.271532022909E+02,  0.2319
      5889,      1366,  1.271528101418E+02,  0.2320
      5906,      1367,  1.271266507038E+02,  0.2315
      5916,      1368,  1.271112403024E+02,  0.2312
      5947,      1369,  1.271025155820E+02,  0.2302
      5949,      1370,  1.271007470839E+02,  0.2303
      5952,      1371,  1.270997374302E+02,  0.2303
      5959,      1372,  1.270732168888E+02,  0.2302
      6004,      1373,  1.270731617810E+02,  0.2287
      6020,      1374,  1.270730936222E+02,  0.2282
      6032,      1375,  1.270610761881E+02,  0.2280
      6038,      1376,  1.270503367074E+02,  0.2279
      6070,      1377,  1.269613422578E+02,  0.2269
      6085,      1378,  1.269592159141E+02,  0.2265
      6095,      1379,  1.269585790923E+02,  0.2263
      6099,      1380,  1.269539585443E+02,  0.2263
      6109,      1381,  1.269257245367E+02,  0.2261
      6115,      1382,  1.269247505176E+02,  0.2260
      6146,      1383,  1.269247214836E+02,  0.2250
      6152,      1384,  1.269247157532E+02,  0.2250
      6184,      1385,  1.269243581233E+02,  0.2240
      6210,      1386,  1.268381649978E+02,  0.2232
      6211,      1387,  1.268381427671E+02,  0.2233
      6224,      1388,  1.268377851817E+02,  0.2230
      6242,      1389,  1.268314774574E+02,  0.2225
      6244,      1390,  1.268288685918E+02,  0.2226
      6275,      1391,  1.267704144686E+02,  0.2217
      6277,      1392,  1.267660210247E+02,  0.2218
      6297,      1393,  1.267658591952E+02,  0.2212
      6298,      1394,  1.267638318605E+02,  0.2213
      6308,      1395,  1.267635402330E+02,  0.2211
      6345,      1396,  1.267622210779E+02,  0.2200
      6355,      1397,  1.267614858922E+02,  0.2198
      6368,      1398,  1.267486370493E+02,  0.2195
      6372,      1399,  1.267483676040E+02,  0.2196
      6399,      1400,  1.267481849771E+02,  0.2188
      6416,      1401,  1.267460785534E+02,  0.2184
      6441,      1402,  1.267125784041E+02,  0.2177
      6492,      1403,  1.267110302079E+02,  0.2161
      6502,      1404,  1.267110101423E+02,  0.2159
      6515,      1405,  1.267109752737E+02,  0.2157
      6562,      1406,  1.267099389887E+02,  0.2143
      6584,      1407,  1.267095529195E+02,  0.2137
      6588,      1408,  1.267022382796E+02,  0.2137
      6590,      1409,  1.266777108329E+02,  0.2138
      6592,      1410,  1.266771875990E+02,  0.2139
      6600,      1411,  1.266769302030E+02,  0.2138
      6605,      1412,  1.266767110128E+02,  0.2138
      6632,      1413,  1.266763818618E+02,  0.2131
      6678,      1414,  1.266746898442E+02,  0.2117
      6684,      1415,  1.266744193704E+02,  0.2117
      6697,      1416,  1.266147515539E+02,  0.2114
      6703,      1417,  1.266102333346E+02,  0.2114
      6705,      1418,  1.266040053846E+02,  0.2115
      6736,      1419,  1.266000224697E+02,  0.2107
      6742,      1420,  1.266000198015E+02,  0.2106
      6747,      1421,  1.265785887616E+02,  0.2106
      6748,      1422,  1.265500118860E+02,  0.2107
      6757,      1423,  1.264326797414E+02,  0.2106
      6759,      1424,  1.264326633496E+02,  0.2107
      6770,      1425,  1.264323811859E+02,  0.2105
      6784,      1426,  1.264313793109E+02,  0.2102
      6806,      1427,  1.264313515355E+02,  0.2097
      6818,      1428,  1.264307861004E+02,  0.2094
      6830,      1429,  1.264300793185E+02,  0.2092
      6846,      1430,  1.264292046837E+02,  0.2089
      6863,      1431,  1.264287592791E+02,  0.2085
      6867,      1432,  1.264016056447E+02,  0.2085
      6886,      1433,  1.264000480574E+02,  0.2081
      6897,      1434,  1.263998491145E+02,  0.2079
      6901,      1435,  1.263997090412E+02,  0.2079
      6918,      1436,  1.263996622472E+02,  0.2076
      6931,      1437,  1.263991846607E+02,  0.2073
      6979,      1438,  1.263986919074E+02,  0.2060
      6992,      1439,  1.263982770179E+02,  0.2058
      7033,      1440,  1.263975184643E+02,  0.2047
      7046,      1441,  1.263972923385E+02,  0.2045
      7060,      1442,  1.263971373011E+02,  0.2042
      7070,      1443,  1.263964832441E+02,  0.2041
      7082,      1444,  1.263954520289E+02,  0.2039
      7098,      1445,  1.263931899739E+02,  0.2036
      7106,      1446,  1.263929697131E+02,  0.2035
      7112,      1447,  1.263907698667E+02,  0.2035
      7117,      1448,  1.263745918538E+02,  0.2035
      7160,      1449,  1.263719513017E+02,  0.2024
      7214,      1450,  1.263715844305E+02,  0.2010
      7234,      1451,  1.263702325681E+02,  0.2006
      7238,      1452,  1.263698683671E+02,  0.2006
      7241,      1453,  1.263696326067E+02,  0.2007
      7256,      1454,  1.263692654429E+02,  0.2004
      7284,      1455,  1.263656537191E+02,  0.1998
      7285,      1456,  1.263550289027E+02,  0.1999
      7369,      1457,  1.263550034971E+02,  0.1977
      7390,      1458,  1.263545599758E+02,  0.1973
      7403,      1459,  1.263480442684E+02,  0.1971
      7415,      1460,  1.263479793275E+02,  0.1969
      7419,      1461,  1.263398270665E+02,  0.1969
      7427,      1462,  1.263396234015E+02,  0.1968
      7431,      1463,  1.263388561788E+02,  0.1969
      7450,      1464,  1.263365661608E+02,  0.1965
      7455,      1465,  1.263362659117E+02,  0.1965
      7476,      1466,  1.263361736882E+02,  0.1961
      7501,      1467,  1.263219180106E+02,  0.1956
      7507,      1468,  1.263202850930E+02,  0.1956
      7524,      1469,  1.263202284775E+02,  0.1952
      7529,      1470,  1.263201949316E+02,  0.1952
      7532,      1471,  1.263200776285E+02,  0.1953
      7550,      1472,  1.263199561777E+02,  0.1950
      7573,      1473,  1.263198900695E+02,  0.1945
      7582,      1474,  1.263197967224E+02,  0.1944
      7600,      1475,  1.263182096701E+02,  0.1941
      7602,      1476,  1.263177977599E+02,  0.1942
      7605,      1477,  1.262847646851E+02,  0.1942
      7625,      1478,  1.262846864590E+02,  0.1938
      7639,      1479,  1.262775683173E+02,  0.1936
      7722,      1480,  1.262773664900E+02,  0.1917
      7732,      1481,  1.262697082369E+02,  0.1915
      7750,      1482,  1.262688470149E+02,  0.1912
      7782,      1483,  1.262687931302E+02,  0.1906
      7889,      1484,  1.262687928736E+02,  0.1881
      7922,      1485,  1.262685782026E+02,  0.1875
      7932,      1486,  1.262671198506E+02,  0.1873
      7944,      1487,  1.262647060287E+02,  0.1872
      7959,      1488,  1.262645803409E+02,  0.1870
      7980,      1489,  1.262645218197E+02,  0.1866
      7995,      1490,  1.262636494235E+02,  0.1864
      8009,      1491,  1.262590899944E+02,  0.1862
      8013,      1492,  1.262328571559E+02,  0.1862
      8019,      1493,  1.262238972334E+02,  0.1862
      8029,      1494,  1.262238919790E+02,  0.1861
      8041,      1495,  1.262238109473E+02,  0.1859
      8152,      1496,  1.262228141715E+02,  0.1835
      8160,      1497,  1.262211527731E+02,  0.1835
      8259,      1498,  1.262211273422E+02,  0.1814
      8266,      1499,  1.262206868671E+02,  0.1813
      8269,      1500,  1.262201011313E+02,  0.1814
      8282,      1501,  1.262200406551E+02,  0.1812
      8283,      1502,  1.262199716593E+02,  0.1813
      8290,      1503,  1.262164973115E+02,  0.1813
      8294,      1504,  1.262164833667E+02,  0.1813
      8322,      1505,  1.262156610211E+02,  0.1808
      8328,      1506,  1.262109694856E+02,  0.1808
      8340,      1507,  1.262108943777E+02,  0.1807
      8355,      1508,  1.262108559845E+02,  0.1805
      8357,      1509,  1.262029853443E+02,  0.1806
      8358,      1510,  1.262022849308E+02,  0.1807
      8430,      1511,  1.262021773678E+02,  0.1792
      8465,      1512,  1.262020367848E+02,  0.1786
      8544,      1513,  1.262014220827E+02,  0.1771
      8571,      1514,  1.262009357539E+02,  0.1766
      8615,      1515,  1.262007297213E+02,  0.1759
      8718,      1516,  1.262005883940E+02,  0.1739
      8743,      1517,  1.262005834906E+02,  0.1735
      8745,      1518,  1.262004843758E+02,  0.1736
      8791,      1519,  1.262000818748E+02,  0.1728
      8797,      1520,  1.261999153613E+02,  0.1728
      8868,      1521,  1.261998741051E+02,  0.1715
      8890,      1522,  1.261992020673E+02,  0.1712
      8951,      1523,  1.261991966641E+02,  0.1701
      8983,      1524,  1.261990232828E+02,  0.1697
      9003,      1525,  1.261984565728E+02,  0.1694
      9044,      1526,  1.261983884775E+02,  0.1687
      9061,      1527,  1.261983752376E+02,  0.1685
      9071,      1528,  1.261982155163E+02,  0.1684
      9075,      1529,  1.261980604389E+02,  0.1685
      9079,      1530,  1.261971579357E+02,  0.1685
      9117,      1531,  1.261969596337E+02,  0.1679
      9138,      1532,  1.261967403849E+02,  0.1677
      9140,      1533,  1.261965598322E+02,  0.1677
      9153,      1534,  1.261965369984E+02,  0.1676
      9156,      1535,  1.261963176383E+02,  0.1676
      9219,      1536,  1.261962645323E+02,  0.1666
      9267,      1537,  1.261961597408E+02,  0.1659
      9413,      1538,  1.261956183290E+02,  0.1634
      9442,      1539,  1.261951672018E+02,  0.1630
      9535,      1540,  1.261951027649E+02,  0.1615
      9574,      1541,  1.261948544422E+02,  0.1610
      9617,      1542,  1.261893280056E+02,  0.1603
      9636,      1543,  1.261888950139E+02,  0.1601
      9660,      1544,  1.261807817392E+02,  0.1598
      9661,      1545,  1.261723781118E+02,  0.1599
      9705,      1546,  1.261722234277E+02,  0.1593
      9708,      1547,  1.261705946418E+02,  0.1594
      9735,      1548,  1.261704605214E+02,  0.1590
      9788,      1549,  1.261702007288E+02,  0.1583
      9849,      1550,  1.261699325864E+02,  0.1574
      9851,      1551,  1.261665469225E+02,  0.1574
      9855,      1552,  1.261634984917E+02,  0.1575
      9858,      1553,  1.261634948876E+02,  0.1575
      9859,      1554,  1.261634485649E+02,  0.1576
      9860,      1555,  1.261614475326E+02,  0.1577
      9882,      1556,  1.261603497017E+02,  0.1575
      9896,      1557,  1.261552055872E+02,  0.1573
      9899,      1558,  1.261541805411E+02,  0.1574
      9917,      1559,  1.261540793612E+02,  0.1572
      9960,      1560,  1.261539950048E+02,  0.1566
      9976,      1561,  1.261535345342E+02,  0.1565
     10023,      1562,  1.261528067945E+02,  0.1558
     10072,      1563,  1.261519535178E+02,  0.1552
     10078,      1564,  1.261469744167E+02,  0.1552
     10103,      1565,  1.261466997031E+02,  0.1549
     10131,      1566,  1.261453330819E+02,  0.1546
     10192,      1567,  1.261398326141E+02,  0.1537
     10219,      1568,  1.261394530092E+02,  0.1534
     10221,      1569,  1.261143207899E+02,  0.1535
     10256,      1570,  1.261136062584E+02,  0.1531
     10278,      1571,  1.261134274802E+02,  0.1529
     10381,      1572,  1.261132623660E+02,  0.1514
     10440,      1573,  1.261129530580E+02,  0.1507
     10484,      1574,  1.261127853674E+02,  0.1501
     10539,      1575,  1.260605434874E+02,  0.1494
     10572,      1576,  1.260603905877E+02,  0.1491
     10612,      1577,  1.260603740653E+02,  0.1486
     10640,      1578,  1.260602196529E+02,  0.1483
     10647,      1579,  1.260601971897E+02,  0.1483
     10701,      1580,  1.260577940487E+02,  0.1476
     10765,      1581,  1.260577325746E+02,  0.1469
     10783,      1582,  1.260576060690E+02,  0.1467
     10794,      1583,  1.260199885748E+02,  0.1467
     10820,      1584,  1.260196103806E+02,  0.1464
     10829,      1585,  1.260192117787E+02,  0.1464
     10875,      1586,  1.260191239810E+02,  0.1458
     10890,      1587,  1.260190692602E+02,  0.1457
     10901,      1588,  1.260190249813E+02,  0.1457
     10918,      1589,  1.260175614161E+02,  0.1455
     10982,      1590,  1.260175025718E+02,  0.1448
     11169,      1591,  1.260157795419E+02,  0.1424
     11182,      1592,  1.260155917734E+02,  0.1424
     11223,      1593,  1.260155895078E+02,  0.1419
     11227,      1594,  1.260155828685E+02,  0.1420
     11229,      1595,  1.260154152763E+02,  0.1420
     11359,      1596,  1.260101460116E+02,  0.1405
     11369,      1597,  1.260098672471E+02,  0.1405
     11379,      1598,  1.260096807103E+02,  0.1404
     11407,      1599,  1.260078472175E+02,  0.1402
     11462,      1600,  1.259937544481E+02,  0.1396
     11471,      1601,  1.259936678280E+02,  0.1396
     11487,      1602,  1.259893104655E+02,  0.1395
     11496,      1603,  1.259889965172E+02,  0.1394
     11502,      1604,  1.259880715320E+02,  0.1395
     11597,      1605,  1.259878530863E+02,  0.1384
     11660,      1606,  1.259877674436E+02,  0.1377
     11667,      1607,  1.259877343210E+02,  0.1377
     11670,      1608,  1.259872867609E+02,  0.1378
     11699,      1609,  1.259872735259E+02,  0.1375
     11735,      1610,  1.259868675283E+02,  0.1372
     11771,      1611,  1.259859422668E+02,  0.1369
     11777,      1612,  1.259854724391E+02,  0.1369
     11787,      1613,  1.259854417249E+02,  0.1368
     11825,      1614,  1.259853730952E+02,  0.1365
     11835,      1615,  1.259852322377E+02,  0.1365
     11844,      1616,  1.259849913398E+02,  0.1364
     11917,      1617,  1.259848560804E+02,  0.1357
     11944,      1618,  1.259845486247E+02,  0.1355
     11949,      1619,  1.259843588768E+02,  0.1355
     11989,      1620,  1.259843209895E+02,  0.1351
     11994,      1621,  1.259821332280E+02,  0.1352
     12006,      1622,  1.259817739073E+02,  0.1351
     12153,      1623,  1.259813500028E+02,  0.1335
     12182,      1624,  1.259774047187E+02,  0.1333
     12184,      1625,  1.259766980417E+02,  0.1334
     12214,      1626,  1.259766545003E+02,  0.1331
     12218,      1627,  1.259766294492E+02,  0.1332
     12277,      1628,  1.259720430515E+02,  0.1326
     12307,      1629,  1.259719328985E+02,  0.1324
     12382,      1630,  1.259717344729E+02,  0.1316
     12418,      1631,  1.259655515326E+02,  0.1313
     12430,      1632,  1.259654428178E+02,  0.1313
     12488,      1633,  1.259654055415E+02,  0.1308
     12556,      1634,  1.259594957068E+02,  0.1301
     12621,      1635,  1.259594256957E+02,  0.1295
     12623,      1636,  1.259594219906E+02,  0.1296
     12672,      1637,  1.259593329371E+02,  0.1292
     12716,      1638,  1.259570507912E+02,  0.1288
     12764,      1639,  1.259569841239E+02,  0.1284
     12839,      1640,  1.259567983487E+02,  0.1277
     12849,      1641,  1.259565655489E+02,  0.1277
     12882,      1642,  1.259564405194E+02,  0.1275
     12925,      1643,  1.259563598854E+02,  0.1271
     12930,      1644,  1.259562033205E+02,  0.1271
     12964,      1645,  1.259562010303E+02,  0.1269
     12978,      1646,  1.259561891938E+02,  0.1268
     13013,      1647,  1.259518191735E+02,  0.1266
     13020,      1648,  1.259518092235E+02,  0.1266
     13041,      1649,  1.259517842657E+02,  0.1264
     13067,      1650,  1.259516684854E+02,  0.1263
     13096,      1651,  1.259515959516E+02,  0.1261
     13105,      1652,  1.259512177984E+02,  0.1261
     13114,      1653,  1.259507321057E+02,  0.1260
     13218,      1654,  1.259506827373E+02,  0.1251
     13258,      1655,  1.259505250832E+02,  0.1248
     13335,      1656,  1.259505219899E+02,  0.1242
     13338,      1657,  1.259502189332E+02,  0.1242
     13344,      1658,  1.259501277462E+02,  0.1243
     13407,      1659,  1.259500379392E+02,  0.1237
     13415,      1660,  1.259499672855E+02,  0.1237
     13426,      1661,  1.259496581873E+02,  0.1237
     13448,      1662,  1.259492784661E+02,  0.1236
     13480,      1663,  1.259491013573E+02,  0.1234
     13506,      1664,  1.259490171786E+02,  0.1232
     13515,      1665,  1.259489902900E+02,  0.1232
     13553,      1666,  1.259485311154E+02,  0.1229
     13598,      1667,  1.259484685994E+02,  0.1226
     13602,      1668,  1.259484476283E+02,  0.1226
     13698,      1669,  1.259483324779E+02,  0.1218
     13738,      1670,  1.259481487195E+02,  0.1216
     13744,      1671,  1.259480783701E+02,  0.1216
     13775,      1672,  1.259477650754E+02,  0.1214
     13781,      1673,  1.259476100348E+02,  0.1214
     13872,      1674,  1.259460664488E+02,  0.1207
     13927,      1675,  1.259431235718E+02,  0.1203
     13957,      1676,  1.259371985536E+02,  0.1201
     14025,      1677,  1.259371721816E+02,  0.1196
     14077,      1678,  1.259371287724E+02,  0.1192
     14098,      1679,  1.259301645962E+02,  0.1191
     14105,      1680,  1.259301269081E+02,  0.1191
     14199,      1681,  1.259300745495E+02,  0.1184
     14213,      1682,  1.259291307329E+02,  0.1183
     14224,      1683,  1.259132620758E+02,  0.1183
     14269,      1684,  1.259132473130E+02,  0.1180
     14285,      1685,  1.259125836362E+02,  0.1180
     14307,      1686,  1.259124113528E+02,  0.1178
     14331,      1687,  1.259122988543E+02,  0.1177
     14352,      1688,  1.259118832143E+02,  0.1176
     14421,      1689,  1.259118630958E+02,  0.1171
     14427,      1690,  1.259100605572E+02,  0.1171
     14445,      1691,  1.259100190500E+02,  0.1171
     14448,      1692,  1.259096789432E+02,  0.1171
     14466,      1693,  1.259063746371E+02,  0.1170
     14477,      1694,  1.259062959226E+02,  0.1170
     14505,      1695,  1.259058772834E+02,  0.1169
     14511,      1696,  1.259057955173E+02,  0.1169
     14512,      1697,  1.258963030882E+02,  0.1169
     14521,      1698,  1.258961479439E+02,  0.1169
     14537,      1699,  1.258960778469E+02,  0.1169
     14573,      1700,  1.258839872151E+02,  0.1167
     14631,      1701,  1.258838622045E+02,  0.1163
     14639,      1702,  1.258833593237E+02,  0.1163
     14657,      1703,  1.258828476368E+02,  0.1162
     14659,      1704,  1.258827397673E+02,  0.1162
     14660,      1705,  1.258823337137E+02,  0.1163
     14696,      1706,  1.258822274596E+02,  0.1161
     14702,      1707,  1.258818945885E+02,  0.1161
     14714,      1708,  1.258818310700E+02,  0.1161
     14728,      1709,  1.258815355054E+02,  0.1160
     14821,      1710,  1.258814897881E+02,  0.1154
     14828,      1711,  1.258814666059E+02,  0.1154
     14912,      1712,  1.258812844355E+02,  0.1148
     14934,      1713,  1.258809352097E+02,  0.1147
     14938,      1714,  1.258807379667E+02,  0.1147
     15112,      1715,  1.258806429333E+02,  0.1135
     15271,      1716,  1.258804257071E+02,  0.1124
     15291,      1717,  1.258803885005E+02,  0.1123
     15311,      1718,  1.258767332051E+02,  0.1122
     15317,      1719,  1.258749145863E+02,  0.1122
     15346,      1720,  1.258675133838E+02,  0.1121
     15364,      1721,  1.258674088936E+02,  0.1120
     15516,      1722,  1.258673533020E+02,  0.1110
     15521,      1723,  1.258672075700E+02,  0.1110
     15524,      1724,  1.258671333331E+02,  0.1111
     15560,      1725,  1.258661080452E+02,  0.1109
     15591,      1726,  1.258659871882E+02,  0.1107
     15625,      1727,  1.258659556890E+02,  0.1105
     15733,      1728,  1.258653776766E+02,  0.1098
     15741,      1729,  1.258606200664E+02,  0.1098
     15752,      1730,  1.258604505866E+02,  0.1098
     15809,      1731,  1.258603545707E+02,  0.1095
     15817,      1732,  1.258526678118E+02,  0.1095
     15956,      1733,  1.258524565571E+02,  0.1086
     15974,      1734,  1.258492142257E+02,  0.1086
     15981,      1735,  1.258482353923E+02,  0.1086
     16195,      1736,  1.258351785040E+02,  0.1072
     16235,      1737,  1.258345761819E+02,  0.1070
     16240,      1738,  1.258339388748E+02,  0.1070
     16350,      1739,  1.258294721474E+02,  0.1064
     16398,      1740,  1.258209793401E+02,  0.1061
     16462,      1741,  1.258186596929E+02,  0.1058
     16504,      1742,  1.258185829589E+02,  0.1056
     16665,      1743,  1.258183763696E+02,  0.1046
     16684,      1744,  1.258183292037E+02,  0.1045
     16799,      1745,  1.258182735985E+02,  0.1039
     16859,      1746,  1.258180989806E+02,  0.1036
     16890,      1747,  1.258100344536E+02,  0.1034
     16895,      1748,  1.258096311219E+02,  0.1035
     16978,      1749,  1.258087420610E+02,  0.1030
     16983,      1750,  1.258083735598E+02,  0.1030
     16993,      1751,  1.258073211374E+02,  0.1030
     17023,      1752,  1.258073021370E+02,  0.1029
     17033,      1753,  1.258071954482E+02,  0.1029
     17126,      1754,  1.258064993372E+02,  0.1024
     17176,      1755,  1.258037968486E+02,  0.1022
     17185,      1756,  1.258037730240E+02,  0.1022
     17225,      1757,  1.258037275890E+02,  0.1020
     17232,      1758,  1.258035558875E+02,  0.1020
     17281,      1759,  1.258009744431E+02,  0.1018
     17338,      1760,  1.258006616216E+02,  0.1015
     17468,      1761,  1.258006555252E+02,  0.1008
     17484,      1762,  1.258006322860E+02,  0.1008
     17494,      1763,  1.257961481185E+02,  0.1008
     17586,      1764,  1.257897359650E+02,  0.1003
     17589,      1765,  1.257895887770E+02,  0.1003
     17593,      1766,  1.257895573915E+02,  0.1004
     17714,      1767,  1.257878483780E+02,  0.0998
     17718,      1768,  1.257876389933E+02,  0.0998
     17777,      1769,  1.257875108455E+02,  0.0995
     17839,      1770,  1.257848902865E+02,  0.0992
     17904,      1771,  1.257848403842E+02,  0.0989
     17923,      1772,  1.257847503432E+02,  0.0989
     17987,      1773,  1.257843729148E+02,  0.0986
     18098,      1774,  1.257824530349E+02,  0.0980
     18303,      1775,  1.257824251082E+02,  0.0970
     18342,      1776,  1.257823875934E+02,  0.0968
     18397,      1777,  1.257822496812E+02,  0.0966
     18511,      1778,  1.257821507704E+02,  0.0961
     18658,      1779,  1.257807919072E+02,  0.0953
     18741,      1780,  1.257807767992E+02,  0.0950
     18831,      1781,  1.257807540159E+02,  0.0946
     18898,      1782,  1.257801632935E+02,  0.0943
     19023,      1783,  1.257715368155E+02,  0.0937
     19066,      1784,  1.257669035654E+02,  0.0936
     19094,      1785,  1.257668509320E+02,  0.0935
     19114,      1786,  1.257667674395E+02,  0.0934
     19197,      1787,  1.257667175888E+02,  0.0931
     19273,      1788,  1.257659407522E+02,  0.0928
     19275,      1789,  1.257658689537E+02,  0.0928
     19392,      1790,  1.257658417133E+02,  0.0923
     19420,      1791,  1.257653773143E+02,  0.0922
     19447,      1792,  1.257652894753E+02,  0.0921
     19449,      1793,  1.257648513433E+02,  0.0922
     19452,      1794,  1.257648322568E+02,  0.0922
     19507,      1795,  1.257647684680E+02,  0.0920
     19563,      1796,  1.257646500376E+02,  0.0918
     19588,      1797,  1.257549296921E+02,  0.0917
     19686,      1798,  1.257549290933E+02,  0.0913
     19770,      1799,  1.257548481943E+02,  0.0910
     19830,      1800,  1.257548480985E+02,  0.0908
     19952,      1801,  1.257548066183E+02,  0.0903
     19964,      1802,  1.257547840566E+02,  0.0903
     19972,      1803,  1.257547376068E+02,  0.0903
     20013,      1804,  1.257545275919E+02,  0.0901
     20084,      1805,  1.257531845407E+02,  0.0899
     20118,      1806,  1.257531558389E+02,  0.0898
     20182,      1807,  1.257529144149E+02,  0.0895
     20185,      1808,  1.257528094171E+02,  0.0896
     20211,      1809,  1.257476569752E+02,  0.0895
     20219,      1810,  1.257475366430E+02,  0.0895
     20273,      1811,  1.257474325435E+02,  0.0893
     20352,      1812,  1.257464248642E+02,  0.0890
     20371,      1813,  1.257463525263E+02,  0.0890
     20438,      1814,  1.257462782599E+02,  0.0888
     20493,      1815,  1.257461736350E+02,  0.0886
     20582,      1816,  1.257407898827E+02,  0.0882
     20623,      1817,  1.257407720163E+02,  0.0881
     20666,      1818,  1.257407628325E+02,  0.0880
     20750,      1819,  1.257407553823E+02,  0.0877
     20765,      1820,  1.257407061410E+02,  0.0876
     20798,      1821,  1.257399502669E+02,  0.0876
     20811,      1822,  1.257398122408E+02,  0.0875
     20824,      1823,  1.257375770433E+02,  0.0875
     20883,      1824,  1.257375689142E+02,  0.0873
     20895,      1825,  1.257374612426E+02,  0.0873
     20906,      1826,  1.257372630639E+02,  0.0873
     21099,      1827,  1.257372442534E+02,  0.0866
     21152,      1828,  1.257372339620E+02,  0.0864
     21154,      1829,  1.257372313941E+02,  0.0865
     21231,      1830,  1.257371884322E+02,  0.0862
     21243,      1831,  1.257343656218E+02,  0.0862
     21321,      1832,  1.257343489247E+02,  0.0859
     21549,      1833,  1.257342391245E+02,  0.0851
     21593,      1834,  1.257340971999E+02,  0.0849
     21662,      1835,  1.257340567393E+02,  0.0847
     21878,      1836,  1.257340282764E+02,  0.0839
     22013,      1837,  1.257340160193E+02,  0.0835
     22053,      1838,  1.257339642020E+02,  0.0833
     22357,      1839,  1.257339350119E+02,  0.0823
     22384,      1840,  1.257313950012E+02,  0.0822
     22603,      1841,  1.257271048865E+02,  0.0814
     22664,      1842,  1.257270073114E+02,  0.0813
     22784,      1843,  1.257269980677E+02,  0.0809
     22974,      1844,  1.257264052090E+02,  0.0803
     22978,      1845,  1.257263995974E+02,  0.0803
     23065,      1846,  1.257258624231E+02,  0.0800
     23275,      1847,  1.257258323656E+02,  0.0794
     23435,      1848,  1.257257908727E+02,  0.0789
     23512,      1849,  1.257256710525E+02,  0.0786
     23586,      1850,  1.257247293391E+02,  0.0784
     23643,      1851,  1.257231126274E+02,  0.0783
     23700,      1852,  1.257230459770E+02,  0.0781
     23797,      1853,  1.257228955333E+02,  0.0779
     23800,      1854,  1.257228931554E+02,  0.0779
     23924,      1855,  1.257228350847E+02,  0.0775
     24009,      1856,  1.257228201913E+02,  0.0773
     24061,      1857,  1.257228173534E+02,  0.0772
     24487,      1858,  1.257228000492E+02,  0.0759
     24515,      1859,  1.257227599836E+02,  0.0758
     24604,      1860,  1.257227501848E+02,  0.0756
     24831,      1861,  1.257227452888E+02,  0.0749
     24838,      1862,  1.257226590844E+02,  0.0750
     24846,      1863,  1.257223413534E+02,  0.0750
     24852,      1864,  1.257222832113E+02,  0.0750
     24934,      1865,  1.257222352624E+02,  0.0748
     25015,      1866,  1.257221870314E+02,  0.0746
     25181,      1867,  1.257220906060E+02,  0.0741
     25198,      1868,  1.257219314428E+02,  0.0741
     25484,      1869,  1.257219277499E+02,  0.0733
     25502,      1870,  1.257219271295E+02,  0.0733
     25665,      1871,  1.257219030933E+02,  0.0729
     25696,      1872,  1.257217295458E+02,  0.0729
     25813,      1873,  1.257216947884E+02,  0.0726
     25944,      1874,  1.257216919715E+02,  0.0722
     26043,      1875,  1.257208935000E+02,  0.0720
     26132,      1876,  1.257208711956E+02,  0.0718
     26189,      1877,  1.257208265768E+02,  0.0717
     26326,      1878,  1.257208214210E+02,  0.0713
     26557,      1879,  1.257208209274E+02,  0.0708
     27017,      1880,  1.257194311150E+02,  0.0696
     27251,      1881,  1.257193905574E+02,  0.0690
     27317,      1882,  1.257193456074E+02,  0.0689
     27725,      1883,  1.257192685910E+02,  0.0679
     27789,      1884,  1.257191657762E+02,  0.0678
     27818,      1885,  1.257191631373E+02,  0.0678
     28210,      1886,  1.257191574357E+02,  0.0669
     28308,      1887,  1.257191307123E+02,  0.0667
     28517,      1888,  1.257128701218E+02,  0.0662
     28537,      1889,  1.257011903113E+02,  0.0662
     28631,      1890,  1.257009779481E+02,  0.0660
     28654,      1891,  1.256986735908E+02,  0.0660
     28660,      1892,  1.256986436639E+02,  0.0660
     28702,      1893,  1.256978840391E+02,  0.0660
     28802,      1894,  1.256978383360E+02,  0.0658
     28918,      1895,  1.256977809803E+02,  0.0655
     29014,      1896,  1.256977008808E+02,  0.0653
     29122,      1897,  1.256959648382E+02,  0.0651
     29199,      1898,  1.256959453471E+02,  0.0650
     29202,      1899,  1.256959159007E+02,  0.0650
     29211,      1900,  1.256958705753E+02,  0.0650
     29439,      1901,  1.256958087841E+02,  0.0646
     29581,      1902,  1.256958033006E+02,  0.0643
     29761,      1903,  1.256958016270E+02,  0.0639
     29781,      1904,  1.256952902982E+02,  0.0639
     29802,      1905,  1.256952681993E+02,  0.0639
     29871,      1906,  1.256950668863E+02,  0.0638
     29977,      1907,  1.256950163592E+02,  0.0636
     29981,      1908,  1.256949958431E+02,  0.0636
     29994,      1909,  1.256949671841E+02,  0.0636
     30079,      1910,  1.256949565043E+02,  0.0635
     30308,      1911,  1.256947514502E+02,  0.0631
     30470,      1912,  1.256942791196E+02,  0.0628
     30609,      1913,  1.256941840931E+02,  0.0625
     30618,      1914,  1.256912954966E+02,  0.0625
     30700,      1915,  1.256912725735E+02,  0.0624
     30722,      1916,  1.256912690563E+02,  0.0624
     30843,      1917,  1.256907127614E+02,  0.0622
     30969,      1918,  1.256906646559E+02,  0.0619
     30970,      1919,  1.256906535572E+02,  0.0620
     31013,      1920,  1.256906374997E+02,  0.0619
     31023,      1921,  1.256906302871E+02,  0.0619
     31066,      1922,  1.256906193436E+02,  0.0619
     31071,      1923,  1.256905557647E+02,  0.0619
     31119,      1924,  1.256904898917E+02,  0.0618
     31144,      1925,  1.256903756915E+02,  0.0618
     31179,      1926,  1.256900404919E+02,  0.0618
     31339,      1927,  1.256899533190E+02,  0.0615
     31346,      1928,  1.256899151539E+02,  0.0615
     31406,      1929,  1.256894863450E+02,  0.0614
     31623,      1930,  1.256893384491E+02,  0.0610
     31636,      1931,  1.256751778677E+02,  0.0610
     31730,      1932,  1.256750812520E+02,  0.0609
     31785,      1933,  1.256729939289E+02,  0.0608
     31809,      1934,  1.256674913203E+02,  0.0608
     31847,      1935,  1.256674714124E+02,  0.0608
     31872,      1936,  1.256671973790E+02,  0.0607
     31877,      1937,  1.256671569918E+02,  0.0608
     31910,      1938,  1.256671437108E+02,  0.0607
     31948,      1939,  1.256661681875E+02,  0.0607
     31959,      1940,  1.256659722038E+02,  0.0607
     31991,      1941,  1.256659247754E+02,  0.0607
     32044,      1942,  1.256654572034E+02,  0.0606
     32094,      1943,  1.256653873009E+02,  0.0605
     32136,      1944,  1.256651270895E+02,  0.0605
     32176,      1945,  1.256645944042E+02,  0.0604
     32375,      1946,  1.256638714674E+02,  0.0601
     32424,      1947,  1.256638195318E+02,  0.0600
     32437,      1948,  1.256630918638E+02,  0.0601
     32507,      1949,  1.256630888707E+02,  0.0600
     32543,      1950,  1.256626098170E+02,  0.0599
     32599,      1951,  1.256625181115E+02,  0.0598
     32665,      1952,  1.256624529261E+02,  0.0598
     32698,      1953,  1.256624231161E+02,  0.0597
     32719,      1954,  1.256622612494E+02,  0.0597
     32827,      1955,  1.256622520989E+02,  0.0596
     33106,      1956,  1.256620940680E+02,  0.0591
     33132,      1957,  1.256567173838E+02,  0.0591
     33218,      1958,  1.256566297900E+02,  0.0589
     33316,      1959,  1.256565705966E+02,  0.0588
     33385,      1960,  1.256565479038E+02,  0.0587
     33423,      1961,  1.256565314622E+02,  0.0587
     33538,      1962,  1.256564537757E+02,  0.0585
     33547,      1963,  1.256563651974E+02,  0.0585
     33679,      1964,  1.256563329993E+02,  0.0583
     33680,      1965,  1.256562833191E+02,  0.0583
     33760,      1966,  1.256562761165E+02,  0.0582
     33912,      1967,  1.256560692265E+02,  0.0580
     33976,      1968,  1.256559032653E+02,  0.0579
     34072,      1969,  1.256558396893E+02,  0.0578
     34336,      1970,  1.256558315008E+02,  0.0574
     34392,      1971,  1.256558023767E+02,  0.0573
     34684,      1972,  1.256547963458E+02,  0.0569
     34745,      1973,  1.256542796348E+02,  0.0568
     34798,      1974,  1.256518629761E+02,  0.0567
     34978,      1975,  1.256518608369E+02,  0.0565
     34994,      1976,  1.256517808485E+02,  0.0565
     35212,      1977,  1.256517412617E+02,  0.0561
     35215,      1978,  1.256516845656E+02,  0.0562
     35323,      1979,  1.256516161255E+02,  0.0560
     35523,      1980,  1.256516157573E+02,  0.0557
     35574,      1981,  1.256515300157E+02,  0.0557
     35639,      1982,  1.256515199545E+02,  0.0556
     35652,      1983,  1.256502836346E+02,  0.0556
     35949,      1984,  1.256502206774E+02,  0.0552
     36048,      1985,  1.256501685344E+02,  0.0551
     36119,      1986,  1.256501097472E+02,  0.0550
     36150,      1987,  1.256495607005E+02,  0.0550
     36231,      1988,  1.256495578545E+02,  0.0549
     36269,      1989,  1.256495549626E+02,  0.0548
     36502,      1990,  1.256484834811E+02,  0.0545
     36668,      1991,  1.256484740256E+02,  0.0543
     36749,      1992,  1.256457246887E+02,  0.0542
     37310,      1993,  1.256455804558E+02,  0.0534
     37456,      1994,  1.256454932315E+02,  0.0532
     37468,      1995,  1.256454656650E+02,  0.0532
     37704,      1996,  1.256454650768E+02,  0.0529
     37794,      1997,  1.256453989502E+02,  0.0528
     37881,      1998,  1.256453787019E+02,  0.0527
     37913,      1999,  1.256453088986E+02,  0.0527
     38118,      2000,  1.256452151923E+02,  0.0525
     38143,      2001,  1.256452094313E+02,  0.0525
     38314,      2002,  1.256451747730E+02,  0.0523
     38596,      2003,  1.256413621809E+02,  0.0519
     38983,      2004,  1.256411293819E+02,  0.0514
     39152,      2005,  1.256366349968E+02,  0.0512
     39852,      2006,  1.256366313943E+02,  0.0503
     39949,      2007,  1.256357470852E+02,  0.0502
     40325,      2008,  1.256349027846E+02,  0.0498
     40536,      2009,  1.256349007828E+02,  0.0496
     41381,      2010,  1.256348918988E+02,  0.0486
     41709,      2011,  1.256348794769E+02,  0.0482
     42022,      2012,  1.256348786886E+02,  0.0479
     42099,      2013,  1.256348578702E+02,  0.0478
     42502,      2014,  1.256348339319E+02,  0.0474
     43008,      2015,  1.256348248906E+02,  0.0469
     43343,      2016,  1.256338535563E+02,  0.0465
     43378,      2017,  1.256337183610E+02,  0.0465
     43520,      2018,  1.256330200367E+02,  0.0464
     43638,      2019,  1.256329653524E+02,  0.0463
     43912,      2020,  1.256328953998E+02,  0.0460
     44166,      2021,  1.256328840512E+02,  0.0458
     44253,      2022,  1.256328556835E+02,  0.0457
     44413,      2023,  1.256327844051E+02,  0.0455
     44611,      2024,  1.256327841209E+02,  0.0454
     44766,      2025,  1.256307283254E+02,  0.0452
     44879,      2026,  1.256307282414E+02,  0.0451
     44972,      2027,  1.256307063436E+02,  0.0451
     45228,      2028,  1.256300499512E+02,  0.0448
     45464,      2029,  1.256300321415E+02,  0.0446
     45634,      2030,  1.256300231643E+02,  0.0445
     45947,      2031,  1.256300181453E+02,  0.0442
     46913,      2032,  1.256271201711E+02,  0.0433
     47784,      2033,  1.256270972485E+02,  0.0425
     47859,      2034,  1.256243245250E+02,  0.0425
     48257,      2035,  1.256243163580E+02,  0.0422
     48320,      2036,  1.256241007753E+02,  0.0421
     48335,      2037,  1.256240000081E+02,  0.0421
     48731,      2038,  1.256233100644E+02,  0.0418
     49123,      2039,  1.256231928838E+02,  0.0415
     49544,      2040,  1.256231747927E+02,  0.0412
     50048,      2041,  1.256231065487E+02,  0.0408
     50300,      2042,  1.256230992741E+02,  0.0406
     50340,      2043,  1.256228540398E+02,  0.0406
     50377,      2044,  1.256228042554E+02,  0.0406
     50446,      2045,  1.256227989789E+02,  0.0405
     51428,      2046,  1.256227971167E+02,  0.0398
     51846,      2047,  1.256227909721E+02,  0.0395
     52084,      2048,  1.256227689661E+02,  0.0393
     52422,      2049,  1.256227554431E+02,  0.0391
     52801,      2050,  1.256226531658E+02,  0.0388
     53210,      2051,  1.256226284649E+02,  0.0385
     53290,      2052,  1.256226090158E+02,  0.0385
     53360,      2053,  1.256225678720E+02,  0.0385
     53625,      2054,  1.256225483229E+02,  0.0383
     54212,      2055,  1.256224369926E+02,  0.0379
     54316,      2056,  1.256224322381E+02,  0.0379
     54496,      2057,  1.256223878338E+02,  0.0377
     54643,      2058,  1.256223079324E+02,  0.0377
     54693,      2059,  1.256222947197E+02,  0.0376
     54799,      2060,  1.256206977985E+02,  0.0376
     55587,      2061,  1.256197299703E+02,  0.0371
     56328,      2062,  1.256196159587E+02,  0.0366
     56571,      2063,  1.256192970935E+02,  0.0365
     57123,      2064,  1.256183133086E+02,  0.0361
     57167,      2065,  1.256182983765E+02,  0.0361
     57231,      2066,  1.256181051264E+02,  0.0361
     57348,      2067,  1.256180172114E+02,  0.0360
     57545,      2068,  1.256157405309E+02,  0.0359
     57833,      2069,  1.256157043993E+02,  0.0358
     57923,      2070,  1.256156069628E+02,  0.0357
     58280,      2071,  1.256154663800E+02,  0.0355
     58615,      2072,  1.256154243408E+02,  0.0353
     60022,      2073,  1.256154025722E+02,  0.0345
     60298,      2074,  1.256153851631E+02,  0.0344
     60316,      2075,  1.256153785001E+02,  0.0344
     60766,      2076,  1.256153743780E+02,  0.0342
     61054,      2077,  1.256153673761E+02,  0.0340
     61134,      2078,  1.256150503480E+02,  0.0340
     61410,      2079,  1.256150423046E+02,  0.0339
     61448,      2080,  1.256150100344E+02,  0.0338
     61758,      2081,  1.256149845954E+02,  0.0337
     61761,      2082,  1.256147032030E+02,  0.0337
     61925,      2083,  1.256130863263E+02,  0.0336
     62048,      2084,  1.256130853143E+02,  0.0336
     62104,      2085,  1.256130499135E+02,  0.0336
     62330,      2086,  1.256130070066E+02,  0.0335
     62371,      2087,  1.256125572332E+02,  0.0335
     62524,      2088,  1.256124876438E+02,  0.0334
     63155,      2089,  1.256124827869E+02,  0.0331
     63342,      2090,  1.256124826670E+02,  0.0330
     63698,      2091,  1.256123071386E+02,  0.0328
     63816,      2092,  1.256096783710E+02,  0.0328
     63830,      2093,  1.256096686827E+02,  0.0328
     66167,      2094,  1.256096675737E+02,  0.0316
     66318,      2095,  1.256096412395E+02,  0.0316
     66803,      2096,  1.256081478500E+02,  0.0314
     66845,      2097,  1.256081441834E+02,  0.0314
     67430,      2098,  1.256076219074E+02,  0.0311
     68018,      2099,  1.256076184568E+02,  0.0309
     68945,      2100,  1.256075975672E+02,  0.0305
     69386,      2101,  1.256075944524E+02,  0.0303
     69678,      2102,  1.256070124754E+02,  0.0302
     69767,      2103,  1.256070081169E+02,  0.0301
     70036,      2104,  1.256062191122E+02,  0.0300
     70096,      2105,  1.256061602984E+02,  0.0300
     70246,      2106,  1.256061560137E+02,  0.0300
     71249,      2107,  1.256061556281E+02,  0.0296
     71599,      2108,  1.256061546898E+02,  0.0294
     72050,      2109,  1.256061502072E+02,  0.0293
     72239,      2110,  1.256061500794E+02,  0.0292
     72379,      2111,  1.256061357399E+02,  0.0292
     72792,      2112,  1.256060377251E+02,  0.0290
     72890,      2113,  1.256058946617E+02,  0.0290
     73313,      2114,  1.256058918176E+02,  0.0288
     73475,      2115,  1.256058676282E+02,  0.0288
     73860,      2116,  1.256058585758E+02,  0.0286
     74324,      2117,  1.256058407859E+02,  0.0285
     74606,      2118,  1.256058243301E+02,  0.0284
     74681,      2119,  1.256058143195E+02,  0.0284
     74883,      2120,  1.256057963785E+02,  0.0283
     75202,      2121,  1.256057853511E+02,  0.0282
     75395,      2122,  1.256057536630E+02,  0.0281
     77288,      2123,  1.256057341410E+02,  0.0275
     77820,      2124,  1.256056194362E+02,  0.0273
     78140,      2125,  1.256056165756E+02,  0.0272
     78595,      2126,  1.256050612125E+02,  0.0271
     78920,      2127,  1.256050518108E+02,  0.0270
     79382,      2128,  1.256047815126E+02,  0.0268
     79843,      2129,  1.256047723486E+02,  0.0267
     81460,      2130,  1.256047678118E+02,  0.0261
     82601,      2131,  1.256047640636E+02,  0.0258
     83295,      2132,  1.256042584964E+02,  0.0256
     83568,      2133,  1.256042549779E+02,  0.0255
     84055,      2134,  1.256042525615E+02,  0.0254
     87489,      2135,  1.256042504524E+02,  0.0244
     87591,      2136,  1.256042425916E+02,  0.0244
     88398,      2137,  1.256028397803E+02,  0.0242
     88998,      2138,  1.256026949095E+02,  0.0240
     89352,      2139,  1.256026479120E+02,  0.0239
     91229,      2140,  1.256026350858E+02,  0.0235
     91769,      2141,  1.256026276289E+02,  0.0233
     91869,      2142,  1.256026183987E+02,  0.0233
     92295,      2143,  1.256024892909E+02,  0.0232
     92756,      2144,  1.256021196304E+02,  0.0231
     92832,      2145,  1.256019069586E+02,  0.0231
     92843,      2146,  1.256019020818E+02,  0.0231
     93396,      2147,  1.256018747368E+02,  0.0230
     93787,      2148,  1.256018533917E+02,  0.0229
     94616,      2149,  1.256018332169E+02,  0.0227
     94914,      2150,  1.256017772578E+02,  0.0227
     95021,      2151,  1.256017268440E+02,  0.0226
     95141,      2152,  1.256017077573E+02,  0.0226
     95406,      2153,  1.256012498454E+02,  0.0226
     95935,      2154,  1.256012021493E+02,  0.0225
     98465,      2155,  1.256011948904E+02,  0.0219
     98539,      2156,  1.256011738133E+02,  0.0219
     98973,      2157,  1.256010965853E+02,  0.0218
     99187,      2158,  1.256010698771E+02,  0.0218
    100061,      2159,  1.256010497407E+02,  0.0216
    100532,      2160,  1.256004916922E+02,  0.0215
    101386,      2161,  1.256004819458E+02,  0.0213
    101429,      2162,  1.256004658930E+02,  0.0213
    101656,      2163,  1.256004512219E+02,  0.0213
    102489,      2164,  1.256002217200E+02,  0.0211
    102526,      2165,  1.256002132634E+02,  0.0211
    102582,      2166,  1.256002080258E+02,  0.0211
    103270,      2167,  1.256001800900E+02,  0.0210
    103574,      2168,  1.256001783563E+02,  0.0209
    103902,      2169,  1.256001781725E+02,  0.0209
    104723,      2170,  1.256001613002E+02,  0.0207
    104864,      2171,  1.255998785227E+02,  0.0207
    105210,      2172,  1.255998630050E+02,  0.0206
    105476,      2173,  1.255998583154E+02,  0.0206
    105497,      2174,  1.255998512110E+02,  0.0206
    105831,      2175,  1.255998482215E+02,  0.0206
    105880,      2176,  1.255998447903E+02,  0.0206
    105902,      2177,  1.255998430401E+02,  0.0206
    105957,      2178,  1.255998288099E+02,  0.0206
    106486,      2179,  1.255997541102E+02,  0.0205
    107763,      2180,  1.255997324249E+02,  0.0202
    108112,      2181,  1.255997269222E+02,  0.0202
    108212,      2182,  1.255997134338E+02,  0.0202
    108264,      2183,  1.255997110635E+02,  0.0202
    108838,      2184,  1.255997052587E+02,  0.0201
    110648,      2185,  1.255996967191E+02,  0.0197
    110939,      2186,  1.255996785493E+02,  0.0197
    111176,      2187,  1.255995402900E+02,  0.0197
    111469,      2188,  1.255994088097E+02,  0.0196
    111481,      2189,  1.255993955749E+02,  0.0196
    111800,      2190,  1.255993854528E+02,  0.0196
    112712,      2191,  1.255993388491E+02,  0.0194
    113497,      2192,  1.255993357826E+02,  0.0193
    114245,      2193,  1.255993349424E+02,  0.0192
    114930,      2194,  1.255993303955E+02,  0.0191
    115465,      2195,  1.255993129110E+02,  0.0190
    115474,      2196,  1.255992999755E+02,  0.0190
    115929,      2197,  1.255992984738E+02,  0.0190
    116981,      2198,  1.255992968509E+02,  0.0188
    117455,      2199,  1.255992760455E+02,  0.0187
    117796,      2200,  1.255992555955E+02,  0.0187
    118432,      2201,  1.255992391482E+02,  0.0186
    118886,      2202,  1.255992295836E+02,  0.0185
    119411,      2203,  1.255992161026E+02,  0.0184
    119611,      2204,  1.255992133333E+02,  0.0184
    119745,      2205,  1.255992052798E+02,  0.0184
    120796,      2206,  1.255991975686E+02,  0.0183
    121525,      2207,  1.255991957054E+02,  0.0182
    126616,      2208,  1.255991902747E+02,  0.0174
    128826,      2209,  1.255988830121E+02,  0.0171
    128877,      2210,  1.255987250357E+02,  0.0171
    129107,      2211,  1.255987158290E+02,  0.0171
    130933,      2212,  1.255986404200E+02,  0.0169
    131657,      2213,  1.255986373523E+02,  0.0168
    131764,      2214,  1.255986349672E+02,  0.0168
    132247,      2215,  1.255979021720E+02,  0.0167
    132326,      2216,  1.255977749073E+02,  0.0167
    133610,      2217,  1.255977705760E+02,  0.0166
    134486,      2218,  1.255977660743E+02,  0.0165
    136811,      2219,  1.255977593930E+02,  0.0162
    137876,      2220,  1.255977572900E+02,  0.0161
    139665,      2221,  1.255977515218E+02,  0.0159
    140837,      2222,  1.255972322771E+02,  0.0158
    141994,      2223,  1.255970194613E+02,  0.0157
    142526,      2224,  1.255970041937E+02,  0.0156
    146568,      2225,  1.255969996317E+02,  0.0152
    147820,      2226,  1.255969982059E+02,  0.0151
    148231,      2227,  1.255969969376E+02,  0.0150
    148295,      2228,  1.255969937922E+02,  0.0150
    148925,      2229,  1.255968805000E+02,  0.0150
    148986,      2230,  1.255966822561E+02,  0.0150
    149126,      2231,  1.255957082797E+02,  0.0150
    149165,      2232,  1.255956479533E+02,  0.0150
    150736,      2233,  1.255933570682E+02,  0.0148
    151051,      2234,  1.255930144944E+02,  0.0148
    151106,      2235,  1.255930087548E+02,  0.0148
    151162,      2236,  1.255929988163E+02,  0.0148
    154489,      2237,  1.255929985006E+02,  0.0145
    155067,      2238,  1.255929752421E+02,  0.0144
    155142,      2239,  1.255929730701E+02,  0.0144
    156909,      2240,  1.255929582609E+02,  0.0143
    157958,      2241,  1.255929413825E+02,  0.0142
    158204,      2242,  1.255921599704E+02,  0.0142
    159534,      2243,  1.255921447250E+02,  0.0141
    162923,      2244,  1.255921393560E+02,  0.0138
    163396,      2245,  1.255912406856E+02,  0.0137
    163838,      2246,  1.255911968064E+02,  0.0137
    164140,      2247,  1.255911904866E+02,  0.0137
    164639,      2248,  1.255911849934E+02,  0.0137
    164806,      2249,  1.255911753892E+02,  0.0136
    165002,      2250,  1.255911488110E+02,  0.0136
    165481,      2251,  1.255911409013E+02,  0.0136
    165852,      2252,  1.255911358846E+02,  0.0136
    166179,      2253,  1.255910849733E+02,  0.0136
    167219,      2254,  1.255910723714E+02,  0.0135
    167416,      2255,  1.255910707134E+02,  0.0135
    167814,      2256,  1.255910662510E+02,  0.0134
    167970,      2257,  1.255910623197E+02,  0.0134
    169376,      2258,  1.255910598245E+02,  0.0133
    170024,      2259,  1.255910550126E+02,  0.0133
    171450,      2260,  1.255899609579E+02,  0.0132
    173069,      2261,  1.255899493173E+02,  0.0131
    174415,      2262,  1.255899447469E+02,  0.0130
    174515,      2263,  1.255899404338E+02,  0.0130
    175846,      2264,  1.255896528261E+02,  0.0129
    175977,      2265,  1.255896527976E+02,  0.0129
    176795,      2266,  1.255896396161E+02,  0.0128
    176798,      2267,  1.255896382306E+02,  0.0128
    177123,      2268,  1.255894297516E+02,  0.0128
    178644,      2269,  1.255894199813E+02,  0.0127
    178917,      2270,  1.255893472597E+02,  0.0127
    179658,      2271,  1.255893461492E+02,  0.0126
    181227,      2272,  1.255890854158E+02,  0.0125
    183426,      2273,  1.255890783062E+02,  0.0124
    183746,      2274,  1.255890656262E+02,  0.0124
    183856,      2275,  1.255890622825E+02,  0.0124
    184436,      2276,  1.255890613246E+02,  0.0123
    184472,      2277,  1.255890545944E+02,  0.0123
    184571,      2278,  1.255890545332E+02,  0.0123
    185024,      2279,  1.255890487671E+02,  0.0123
    185391,      2280,  1.255890367313E+02,  0.0123
    185862,      2281,  1.255889164274E+02,  0.0123
    186314,      2282,  1.255888981716E+02,  0.0122
    186458,      2283,  1.255888979215E+02,  0.0122
    186776,      2284,  1.255888978868E+02,  0.0122
    188851,      2285,  1.255888529852E+02,  0.0121
    189576,      2286,  1.255888332168E+02,  0.0121
    189854,      2287,  1.255888118347E+02,  0.0120
    189858,      2288,  1.255888078293E+02,  0.0121
    190204,      2289,  1.255887983094E+02,  0.0120
    191955,      2290,  1.255885948378E+02,  0.0119
    192198,      2291,  1.255885911850E+02,  0.0119
    192228,      2292,  1.255885745314E+02,  0.0119
    193044,      2293,  1.255885711175E+02,  0.0119
    193651,      2294,  1.255885255733E+02,  0.0118
    193928,      2295,  1.255885250794E+02,  0.0118
    194473,      2296,  1.255885119523E+02,  0.0118
    195572,      2297,  1.255885056271E+02,  0.0117
    195603,      2298,  1.255884773375E+02,  0.0117
    195987,      2299,  1.255884749836E+02,  0.0117
    196200,      2300,  1.255884731412E+02,  0.0117
    196572,      2301,  1.255884660990E+02,  0.0117
    197034,      2302,  1.255884272208E+02,  0.0117
    197764,      2303,  1.255884267431E+02,  0.0116
    198242,      2304,  1.255883633894E+02,  0.0116
    198530,      2305,  1.255883500541E+02,  0.0116
    198728,      2306,  1.255883251505E+02,  0.0116
    200504,      2307,  1.255883224081E+02,  0.0115
    200839,      2308,  1.255883117611E+02,  0.0115
    201556,      2309,  1.255883014260E+02,  0.0115
    201780,      2310,  1.255882925045E+02,  0.0114
    202289,      2311,  1.255882820273E+02,  0.0114
    202688,      2312,  1.255882785538E+02,  0.0114
    209502,      2313,  1.255882774794E+02,  0.0110
    212683,      2314,  1.255882760301E+02,  0.0109
    213257,      2315,  1.255882703879E+02,  0.0109
    213285,      2316,  1.255882684492E+02,  0.0109
    213445,      2317,  1.255882643134E+02,  0.0109
    213560,      2318,  1.255882640302E+02,  0.0109
    213655,      2319,  1.255882625614E+02,  0.0109
    214195,      2320,  1.255882528305E+02,  0.0108
    214653,      2321,  1.255882523902E+02,  0.0108
    215965,      2322,  1.255882511700E+02,  0.0108
    216340,      2323,  1.255881046661E+02,  0.0107
    217226,      2324,  1.255880986191E+02,  0.0107
    219752,      2325,  1.255873126375E+02,  0.0106
    219953,      2326,  1.255860517963E+02,  0.0106
    221469,      2327,  1.255859384536E+02,  0.0105
    221804,      2328,  1.255858892521E+02,  0.0105
    221883,      2329,  1.255858819367E+02,  0.0105
    221985,      2330,  1.255858212206E+02,  0.0105
    222371,      2331,  1.255858065732E+02,  0.0105
    224339,      2332,  1.255857937488E+02,  0.0104
    227752,      2333,  1.255857690951E+02,  0.0102
    227796,      2334,  1.255857468949E+02,  0.0102
    228299,      2335,  1.255853264209E+02,  0.0102
    229940,      2336,  1.255853128871E+02,  0.0102
    231878,      2337,  1.255853040438E+02,  0.0101
    232235,      2338,  1.255853020084E+02,  0.0101
    232634,      2339,  1.255852937953E+02,  0.0101
    233135,      2340,  1.255852855292E+02,  0.0100
    233148,      2341,  1.255852778216E+02,  0.0100
    233532,      2342,  1.255852725006E+02,  0.0100
    234318,      2343,  1.255852721240E+02,  0.0100
    235900,      2344,  1.255852636074E+02,  0.0099
    237702,      2345,  1.255852619741E+02,  0.0099
    238767,      2346,  1.255851247728E+02,  0.0098
    239047,      2347,  1.255851010026E+02,  0.0098
    239320,      2348,  1.255851001298E+02,  0.0098
    239445,      2349,  1.255850985459E+02,  0.0098
    241314,      2350,  1.255850938779E+02,  0.0097
    241792,      2351,  1.255843089446E+02,  0.0097
    243329,      2352,  1.255843086109E+02,  0.0097
    244610,      2353,  1.255843039364E+02,  0.0096
    245487,      2354,  1.255841624489E+02,  0.0096
    245598,      2355,  1.255841594793E+02,  0.0096
    246199,      2356,  1.255841431570E+02,  0.0096
    246883,      2357,  1.255841405714E+02,  0.0095
    250440,      2358,  1.255841105596E+02,  0.0094
    251377,      2359,  1.255839524616E+02,  0.0094
    251771,      2360,  1.255839518795E+02,  0.0094
    253481,      2361,  1.255837983983E+02,  0.0093
    253814,      2362,  1.255837364657E+02,  0.0093
    253865,      2363,  1.255837118399E+02,  0.0093
    254065,      2364,  1.255837114585E+02,  0.0093
    258319,      2365,  1.255806001520E+02,  0.0092
    259465,      2366,  1.255805981795E+02,  0.0091
    260205,      2367,  1.255805972137E+02,  0.0091
    260343,      2368,  1.255805862905E+02,  0.0091
    260523,      2369,  1.255805852030E+02,  0.0091
    260761,      2370,  1.255805809880E+02,  0.0091
    260960,      2371,  1.255805409138E+02,  0.0091
    261834,      2372,  1.255805178530E+02,  0.0091
    261891,      2373,  1.255805155145E+02,  0.0091
    262502,      2374,  1.255804974150E+02,  0.0090
    262772,      2375,  1.255804821950E+02,  0.0090
    263251,      2376,  1.255804806936E+02,  0.0090
    263516,      2377,  1.255804796958E+02,  0.0090
    263745,      2378,  1.255801501571E+02,  0.0090
    263749,      2379,  1.255801491321E+02,  0.0090
    265622,      2380,  1.255801478973E+02,  0.0090
    266398,      2381,  1.255801442835E+02,  0.0089
    267725,      2382,  1.255801429932E+02,  0.0089
    268840,      2383,  1.255801284990E+02,  0.0089
    269118,      2384,  1.255800838276E+02,  0.0089
    269307,      2385,  1.255800712943E+02,  0.0089
    269338,      2386,  1.255800624336E+02,  0.0089
    269602,      2387,  1.255800547999E+02,  0.0089
    270335,      2388,  1.255800261927E+02,  0.0088
    270410,      2389,  1.255799274495E+02,  0.0088
    270792,      2390,  1.255799234309E+02,  0.0088
    271143,      2391,  1.255799177123E+02,  0.0088
    271614,      2392,  1.255799170691E+02,  0.0088
    272157,      2393,  1.255798988109E+02,  0.0088
    272333,      2394,  1.255798125421E+02,  0.0088
    272475,      2395,  1.255795946072E+02,  0.0088
    272643,      2396,  1.255795666348E+02,  0.0088
    273046,      2397,  1.255795625785E+02,  0.0088
    273087,      2398,  1.255795611025E+02,  0.0088
    273487,      2399,  1.255795608309E+02,  0.0088
    273620,      2400,  1.255795604632E+02,  0.0088
    273902,      2401,  1.255795369660E+02,  0.0088
    274070,      2402,  1.255795172139E+02,  0.0088
    274267,      2403,  1.255795161990E+02,  0.0088
    275074,      2404,  1.255795122813E+02,  0.0087
    275412,      2405,  1.255794740400E+02,  0.0087
    277496,      2406,  1.255794724599E+02,  0.0087
    280461,      2407,  1.255794677055E+02,  0.0086
    280716,      2408,  1.255794557761E+02,  0.0086
    281753,      2409,  1.255788701408E+02,  0.0086
    282106,      2410,  1.255788673544E+02,  0.0085
    283285,      2411,  1.255788615010E+02,  0.0085
    283316,      2412,  1.255787887631E+02,  0.0085
    283855,      2413,  1.255787603371E+02,  0.0085
    284280,      2414,  1.255787262883E+02,  0.0085
    284668,      2415,  1.255787239183E+02,  0.0085
    286667,      2416,  1.255787153948E+02,  0.0084
    287242,      2417,  1.255787138397E+02,  0.0084
    287631,      2418,  1.255787003331E+02,  0.0084
    288101,      2419,  1.255786964405E+02,  0.0084
    291261,      2420,  1.255786951443E+02,  0.0083
    292268,      2421,  1.255786875307E+02,  0.0083
    293603,      2422,  1.255785337866E+02,  0.0082
    293690,      2423,  1.255785165933E+02,  0.0083
    296183,      2424,  1.255785116518E+02,  0.0082
    296558,      2425,  1.255784845066E+02,  0.0082
    297738,      2426,  1.255784214459E+02,  0.0081
    297963,      2427,  1.255784128342E+02,  0.0081
    299317,      2428,  1.255781583841E+02,  0.0081
    299838,      2429,  1.255778238450E+02,  0.0081
    300125,      2430,  1.255778232936E+02,  0.0081
    300216,      2431,  1.255778175280E+02,  0.0081
    300239,      2432,  1.255778061989E+02,  0.0081
    301053,      2433,  1.255777995036E+02,  0.0081
    301382,      2434,  1.255777963729E+02,  0.0081
    301396,      2435,  1.255777873386E+02,  0.0081
    301528,      2436,  1.255777562613E+02,  0.0081
    301823,      2437,  1.255777470145E+02,  0.0081
    301900,      2438,  1.255777430869E+02,  0.0081
    302211,      2439,  1.255777378984E+02,  0.0081
    303267,      2440,  1.255723002480E+02,  0.0080
    303708,      2441,  1.255722699806E+02,  0.0080
    304961,      2442,  1.255718443229E+02,  0.0080
    305671,      2443,  1.255715329773E+02,  0.0080
    305883,      2444,  1.255715328103E+02,  0.0080
    307000,      2445,  1.255715204074E+02,  0.0080
    308126,      2446,  1.255715179665E+02,  0.0079
    308597,      2447,  1.255715175197E+02,  0.0079
    308882,      2448,  1.255714945069E+02,  0.0079
    312561,      2449,  1.255714874114E+02,  0.0078
    314101,      2450,  1.255714754287E+02,  0.0078
    314827,      2451,  1.255714671965E+02,  0.0078
    315226,      2452,  1.255714558467E+02,  0.0078
    317156,      2453,  1.255714543623E+02,  0.0077
    317361,      2454,  1.255714537498E+02,  0.0077
    318057,      2455,  1.255714424672E+02,  0.0077
    319835,      2456,  1.255714339257E+02,  0.0077
    320518,      2457,  1.255713566577E+02,  0.0077
    320617,      2458,  1.255713475422E+02,  0.0077
    322295,      2459,  1.255713471919E+02,  0.0076
    323868,      2460,  1.255713449042E+02,  0.0076
    324374,      2461,  1.255713428533E+02,  0.0076
    331592,      2462,  1.255713378805E+02,  0.0074
    333240,      2463,  1.255713336156E+02,  0.0074
    338496,      2464,  1.255713327287E+02,  0.0073
    339468,      2465,  1.255713322586E+02,  0.0073
    340055,      2466,  1.255709227782E+02,  0.0073
    343372,      2467,  1.255709189453E+02,  0.0072
    345362,      2468,  1.255709185725E+02,  0.0071
    345799,      2469,  1.255709115751E+02,  0.0071
    345884,      2470,  1.255709095380E+02,  0.0071
    350234,      2471,  1.255709001369E+02,  0.0071
    351016,      2472,  1.255708934594E+02,  0.0070
    351227,      2473,  1.255708912152E+02,  0.0070
    353376,      2474,  1.255707234516E+02,  0.0070
    355559,      2475,  1.255706109272E+02,  0.0070
    356582,      2476,  1.255706031425E+02,  0.0069
    358784,      2477,  1.255706002233E+02,  0.0069
    359137,      2478,  1.255705343570E+02,  0.0069
    360987,      2479,  1.255705314075E+02,  0.0069
    363101,      2480,  1.255704972624E+02,  0.0068
    364771,      2481,  1.255703912410E+02,  0.0068
    365196,      2482,  1.255703810235E+02,  0.0068
    366133,      2483,  1.255703757467E+02,  0.0068
    366171,      2484,  1.255702599189E+02,  0.0068
    366676,      2485,  1.255702168935E+02,  0.0068
    367100,      2486,  1.255702052012E+02,  0.0068
    367174,      2487,  1.255701355616E+02,  0.0068
    367463,      2488,  1.255701148481E+02,  0.0068
    368518,      2489,  1.255701016476E+02,  0.0068
    368532,      2490,  1.255700861069E+02,  0.0068
    369251,      2491,  1.255700640723E+02,  0.0067
    370702,      2492,  1.255700611616E+02,  0.0067
    370958,      2493,  1.255700505432E+02,  0.0067
    372149,      2494,  1.255700455056E+02,  0.0067
    372291,      2495,  1.255700213238E+02,  0.0067
    372531,      2496,  1.255699846162E+02,  0.0067
    373236,      2497,  1.255699752518E+02,  0.0067
    373351,      2498,  1.255699498316E+02,  0.0067
    373443,      2499,  1.255699392539E+02,  0.0067
    373584,      2500,  1.255699267614E+02,  0.0067
    374353,      2501,  1.255699088419E+02,  0.0067
    375163,      2502,  1.255699050326E+02,  0.0067
    375865,      2503,  1.255698640661E+02,  0.0067
    377084,      2504,  1.255698622414E+02,  0.0066
    377318,      2505,  1.255696896561E+02,  0.0066
    377607,      2506,  1.255696594075E+02,  0.0066
    380028,      2507,  1.255696515954E+02,  0.0066
    380495,      2508,  1.255696500096E+02,  0.0066
    380894,      2509,  1.255696498993E+02,  0.0066
    381150,      2510,  1.255693504715E+02,  0.0066
    383810,      2511,  1.255693310524E+02,  0.0065
    384013,      2512,  1.255693297925E+02,  0.0065
    384499,      2513,  1.255693206188E+02,  0.0065
    385761,      2514,  1.255692109054E+02,  0.0065
    385885,      2515,  1.255692075468E+02,  0.0065
    386062,      2516,  1.255692059798E+02,  0.0065
    386269,      2517,  1.255690985162E+02,  0.0065
    386353,      2518,  1.255690833386E+02,  0.0065
    386402,      2519,  1.255690422349E+02,  0.0065
    386534,      2520,  1.255690293822E+02,  0.0065
    387138,      2521,  1.255690206412E+02,  0.0065
    387161,      2522,  1.255690100305E+02,  0.0065
    387771,      2523,  1.255689851883E+02,  0.0065
    388182,      2524,  1.255689703038E+02,  0.0065
    388388,      2525,  1.255689692888E+02,  0.0065
    389036,      2526,  1.255689674344E+02,  0.0065
    389209,      2527,  1.255689510521E+02,  0.0065
    390029,      2528,  1.255689411619E+02,  0.0065
    390285,      2529,  1.255689362161E+02,  0.0065
    391487,      2530,  1.255689359871E+02,  0.0065
    392797,      2531,  1.255689201278E+02,  0.0064
    393344,      2532,  1.255689177156E+02,  0.0064
    393595,      2533,  1.255689170793E+02,  0.0064
    393630,      2534,  1.255689146791E+02,  0.0064
    396083,      2535,  1.255689041460E+02,  0.0064
    396242,      2536,  1.255689000538E+02,  0.0064
    396657,      2537,  1.255688953087E+02,  0.0064
    397005,      2538,  1.255688834885E+02,  0.0064
    397620,      2539,  1.255688825680E+02,  0.0064
    398513,      2540,  1.255688824987E+02,  0.0064
    398574,      2541,  1.255688786870E+02,  0.0064
    399168,      2542,  1.255688758627E+02,  0.0064
    400824,      2543,  1.255688543251E+02,  0.0063
    402722,      2544,  1.255688436657E+02,  0.0063
    403145,      2545,  1.255688321675E+02,  0.0063
    403446,      2546,  1.255688307032E+02,  0.0063
    403768,      2547,  1.255688305088E+02,  0.0063
    404106,      2548,  1.255688270241E+02,  0.0063
    404224,      2549,  1.255688257003E+02,  0.0063
    404340,      2550,  1.255688112477E+02,  0.0063
    407384,      2551,  1.255688074714E+02,  0.0063
    410105,      2552,  1.255688048878E+02,  0.0062
    411043,      2553,  1.255688038401E+02,  0.0062
    412499,      2554,  1.255688022705E+02,  0.0062
    412950,      2555,  1.255687969096E+02,  0.0062
    415727,      2556,  1.255687960346E+02,  0.0061
    417312,      2557,  1.255687912827E+02,  0.0061
    419901,      2558,  1.255687909108E+02,  0.0061
    421705,      2559,  1.255687907536E+02,  0.0061
    422126,      2560,  1.255687872989E+02,  0.0061
    422560,      2561,  1.255687823344E+02,  0.0061
    422821,      2562,  1.255687769797E+02,  0.0061
    425429,      2563,  1.255687765364E+02,  0.0060
    425679,      2564,  1.255686749950E+02,  0.0060
    425810,      2565,  1.255686671741E+02,  0.0060
    428216,      2566,  1.255686654932E+02,  0.0060
    428786,      2567,  1.255686622783E+02,  0.0060
    431034,      2568,  1.255686581238E+02,  0.0060
    435576,      2569,  1.255686552076E+02,  0.0059
    436909,      2570,  1.255686546637E+02,  0.0059
    437425,      2571,  1.255686541173E+02,  0.0059
    437443,      2572,  1.255686530340E+02,  0.0059
    440947,      2573,  1.255686471890E+02,  0.0058
    441351,      2574,  1.255686446969E+02,  0.0058
    444214,      2575,  1.255684566172E+02,  0.0058
    448171,      2576,  1.255684554579E+02,  0.0057
    448244,      2577,  1.255681932568E+02,  0.0057
    449240,      2578,  1.255681916535E+02,  0.0057
    449675,      2579,  1.255681753871E+02,  0.0057
    450214,      2580,  1.255681398187E+02,  0.0057
    450603,      2581,  1.255681121019E+02,  0.0057
    452221,      2582,  1.255681027074E+02,  0.0057
    452231,      2583,  1.255679149808E+02,  0.0057
    452409,      2584,  1.255678936715E+02,  0.0057
    452456,      2585,  1.255678924531E+02,  0.0057
    452499,      2586,  1.255678892810E+02,  0.0057
    452529,      2587,  1.255677361987E+02,  0.0057
    452595,      2588,  1.255676705359E+02,  0.0057
    452849,      2589,  1.255676158369E+02,  0.0057
    453509,      2590,  1.255676055908E+02,  0.0057
    453616,      2591,  1.255675890060E+02,  0.0057
    453931,      2592,  1.255675820138E+02,  0.0057
    455380,      2593,  1.255675682741E+02,  0.0057
    455723,      2594,  1.255675467661E+02,  0.0057
    456861,      2595,  1.255675428883E+02,  0.0057
    457263,      2596,  1.255675385189E+02,  0.0057
    457318,      2597,  1.255675179110E+02,  0.0057
    458100,      2598,  1.255674891244E+02,  0.0057
    461943,      2599,  1.255674853348E+02,  0.0056
    462612,      2600,  1.255674656587E+02,  0.0056
    463166,      2601,  1.255674631476E+02,  0.0056
    465066,      2602,  1.255674399633E+02,  0.0056
    465896,      2603,  1.255674321796E+02,  0.0056
    467607,      2604,  1.255674024680E+02,  0.0056
    468060,      2605,  1.255673815848E+02,  0.0056
    468088,      2606,  1.255673732115E+02,  0.0056
    468602,      2607,  1.255673265698E+02,  0.0056
    469117,      2608,  1.255673259177E+02,  0.0056
    472120,      2609,  1.255666313622E+02,  0.0055
    472215,      2610,  1.255666310743E+02,  0.0055
    472298,      2611,  1.255665330312E+02,  0.0055
    472638,      2612,  1.255665290528E+02,  0.0055
    472789,      2613,  1.255665239994E+02,  0.0055
    473110,      2614,  1.255665140573E+02,  0.0055
    473718,      2615,  1.255665065880E+02,  0.0055
    473801,      2616,  1.255664950911E+02,  0.0055
    473809,      2617,  1.255664860316E+02,  0.0055
    473824,      2618,  1.255664789178E+02,  0.0055
    474164,      2619,  1.255664780176E+02,  0.0055
    477200,      2620,  1.255664732120E+02,  0.0055
    477328,      2621,  1.255660320238E+02,  0.0055
    478041,      2622,  1.255660261596E+02,  0.0055
    478478,      2623,  1.255660059958E+02,  0.0055
    480267,      2624,  1.255660049158E+02,  0.0055
    480307,      2625,  1.255660001168E+02,  0.0055
    481277,      2626,  1.255647122528E+02,  0.0055
    481314,      2627,  1.255646852740E+02,  0.0055
    481452,      2628,  1.255642238245E+02,  0.0055
    481642,      2629,  1.255642180708E+02,  0.0055
    481717,      2630,  1.255641722987E+02,  0.0055
    481857,      2631,  1.255640973008E+02,  0.0055
    481928,      2632,  1.255638724147E+02,  0.0055
    482262,      2633,  1.255638161072E+02,  0.0055
    482815,      2634,  1.255637741705E+02,  0.0055
    482981,      2635,  1.255637391392E+02,  0.0055
    483139,      2636,  1.255637356952E+02,  0.0055
    483193,      2637,  1.255636650905E+02,  0.0055
    483519,      2638,  1.255636624763E+02,  0.0055
    483762,      2639,  1.255636098620E+02,  0.0055
    483841,      2640,  1.255635999459E+02,  0.0055
    483903,      2641,  1.255632651093E+02,  0.0055
    483936,      2642,  1.255630877737E+02,  0.0055
    484012,      2643,  1.255627059196E+02,  0.0055
    484084,      2644,  1.255626985777E+02,  0.0055
    484161,      2645,  1.255608136600E+02,  0.0055
    484217,      2646,  1.255607337770E+02,  0.0055
    484257,      2647,  1.255605132268E+02,  0.0055
    484303,      2648,  1.255560920572E+02,  0.0055
    484373,      2649,  1.255560849864E+02,  0.0055
    484392,      2650,  1.255555146458E+02,  0.0055
    484447,      2651,  1.255552311096E+02,  0.0055
    484522,      2652,  1.255549987300E+02,  0.0055
    484524,      2653,  1.255549105590E+02,  0.0055
    484527,      2654,  1.255548669044E+02,  0.0055
    484605,      2655,  1.255544178471E+02,  0.0055
    484657,      2656,  1.255543951636E+02,  0.0055
    484661,      2657,  1.255485490857E+02,  0.0055
    484672,      2658,  1.255482751753E+02,  0.0055
    484730,      2659,  1.255482105291E+02,  0.0055
    484846,      2660,  1.255479711028E+02,  0.0055
    484851,      2661,  1.255479084150E+02,  0.0055
    484900,      2662,  1.255474614713E+02,  0.0055
    484932,      2663,  1.255440975628E+02,  0.0055
    484961,      2664,  1.255351793419E+02,  0.0055
    485000,      2665,  1.255327692108E+02,  0.0055
    485061,      2666,  1.255327521839E+02,  0.0055
    485066,      2667,  1.255326779322E+02,  0.0055
    485096,      2668,  1.255150904570E+02,  0.0055
    485152,      2669,  1.255038391694E+02,  0.0055
    485169,      2670,  1.255038177441E+02,  0.0055
    485191,      2671,  1.255009978372E+02,  0.0055
    485201,      2672,  1.254838108167E+02,  0.0055
    485223,      2673,  1.254835168738E+02,  0.0055
    485245,      2674,  1.254833060663E+02,  0.0055
    485276,      2675,  1.254821668594E+02,  0.0055
    485399,      2676,  1.254820000797E+02,  0.0055
    485406,      2677,  1.254675625680E+02,  0.0055
    485485,      2678,  1.254671883382E+02,  0.0055
    485486,      2679,  1.254642423401E+02,  0.0055
    485497,      2680,  1.254637372137E+02,  0.0055
    485521,      2681,  1.254637156353E+02,  0.0055
    485545,      2682,  1.254636994154E+02,  0.0055
    485612,      2683,  1.254636674535E+02,  0.0055
    485626,      2684,  1.254633821933E+02,  0.0055
    485770,      2685,  1.254633495647E+02,  0.0055
    485809,      2686,  1.254632269870E+02,  0.0055
    485995,      2687,  1.254632196253E+02,  0.0055
    485998,      2688,  1.254619568788E+02,  0.0055
    486020,      2689,  1.254617797533E+02,  0.0055
    486068,      2690,  1.254341964648E+02,  0.0055
    486097,      2691,  1.254341774513E+02,  0.0055
    486103,      2692,  1.254341739744E+02,  0.0055
    486128,      2693,  1.254337312373E+02,  0.0055
    486262,      2694,  1.254336684035E+02,  0.0055
    486278,      2695,  1.254336243516E+02,  0.0055
    486307,      2696,  1.254299532156E+02,  0.0055
    486348,      2697,  1.254298632219E+02,  0.0055
    486459,      2698,  1.254297516153E+02,  0.0055
    486494,      2699,  1.254297461392E+02,  0.0055
    486497,      2700,  1.254296747667E+02,  0.0055
    486520,      2701,  1.254296431268E+02,  0.0056
    486552,      2702,  1.254291576384E+02,  0.0056
    486585,      2703,  1.254251513741E+02,  0.0056
    486600,      2704,  1.254249633702E+02,  0.0056
    486686,      2705,  1.254249262676E+02,  0.0056
    486734,      2706,  1.254246687445E+02,  0.0056
    486748,      2707,  1.254246076743E+02,  0.0056
    486784,      2708,  1.254245882600E+02,  0.0056
    486817,      2709,  1.254244854090E+02,  0.0056
    486824,      2710,  1.254221151663E+02,  0.0056
    486913,      2711,  1.254218581116E+02,  0.0056
    486982,      2712,  1.254216036180E+02,  0.0056
    487078,      2713,  1.254214037506E+02,  0.0056
    487089,      2714,  1.254009996031E+02,  0.0056
    487093,      2715,  1.254009680215E+02,  0.0056
    487178,      2716,  1.254008836126E+02,  0.0056
    487275,      2717,  1.254008671167E+02,  0.0056
    487346,      2718,  1.254007538880E+02,  0.0056
    487352,      2719,  1.254004853241E+02,  0.0056
    487429,      2720,  1.254004562695E+02,  0.0056
    487527,      2721,  1.254004505498E+02,  0.0056
    487732,      2722,  1.253915521802E+02,  0.0056
    487757,      2723,  1.253899644143E+02,  0.0056
    487779,      2724,  1.253787596381E+02,  0.0056
    487780,      2725,  1.253787457015E+02,  0.0056
    487832,      2726,  1.253787160275E+02,  0.0056
    487912,      2727,  1.253785839892E+02,  0.0056
    487940,      2728,  1.253784147246E+02,  0.0056
    488181,      2729,  1.253783475684E+02,  0.0056
    488204,      2730,  1.253708338632E+02,  0.0056
    488416,      2731,  1.253707820461E+02,  0.0056
    488450,      2732,  1.253690743912E+02,  0.0056
    488512,      2733,  1.253689695820E+02,  0.0056
    488529,      2734,  1.253687750769E+02,  0.0056
    488586,      2735,  1.253686965590E+02,  0.0056
    488654,      2736,  1.253686412999E+02,  0.0056
    488680,      2737,  1.253686203197E+02,  0.0056
    488744,      2738,  1.253679774206E+02,  0.0056
    488791,      2739,  1.253679140098E+02,  0.0056
    488977,      2740,  1.253677558071E+02,  0.0056
    489051,      2741,  1.253676924962E+02,  0.0056
    489104,      2742,  1.253676357689E+02,  0.0056
    489283,      2743,  1.253676055182E+02,  0.0056
    489291,      2744,  1.253676005538E+02,  0.0056
    489294,      2745,  1.253675773573E+02,  0.0056
    489335,      2746,  1.253675693855E+02,  0.0056
    489374,      2747,  1.253675449519E+02,  0.0056
    489394,      2748,  1.253675123019E+02,  0.0056
    489456,      2749,  1.253674699202E+02,  0.0056
    489655,      2750,  1.253673555769E+02,  0.0056
    489732,      2751,  1.253673511179E+02,  0.0056
    489965,      2752,  1.253672935031E+02,  0.0056
    490081,      2753,  1.253672655221E+02,  0.0056
    490110,      2754,  1.253672366477E+02,  0.0056
    490240,      2755,  1.253670059005E+02,  0.0056
    490293,      2756,  1.253669964810E+02,  0.0056
    490298,      2757,  1.253668898065E+02,  0.0056
    490368,      2758,  1.253668803846E+02,  0.0056
    490528,      2759,  1.253599475330E+02,  0.0056
    490536,      2760,  1.253599025591E+02,  0.0056
    490538,      2761,  1.253598521105E+02,  0.0056
    490724,      2762,  1.253585145858E+02,  0.0056
    490725,      2763,  1.253583519986E+02,  0.0056
    490774,      2764,  1.253583066687E+02,  0.0056
    490859,      2765,  1.253582749273E+02,  0.0056
    490895,      2766,  1.253582057499E+02,  0.0056
    490924,      2767,  1.253581683904E+02,  0.0056
    491335,      2768,  1.253578611033E+02,  0.0056
    491531,      2769,  1.253528147857E+02,  0.0056
    491595,      2770,  1.253527075205E+02,  0.0056
    491855,      2771,  1.253525045332E+02,  0.0056
    491908,      2772,  1.253525027953E+02,  0.0056
    491947,      2773,  1.253480392661E+02,  0.0056
    492057,      2774,  1.253480384002E+02,  0.0056
    492405,      2775,  1.253479723064E+02,  0.0056
    492545,      2776,  1.253479629518E+02,  0.0056
    492546,      2777,  1.253476395135E+02,  0.0056
    492740,      2778,  1.253476206848E+02,  0.0056
    492943,      2779,  1.253473850234E+02,  0.0056
    492986,      2780,  1.253472466855E+02,  0.0056
    493019,      2781,  1.253472282245E+02,  0.0056
    493206,      2782,  1.253472232862E+02,  0.0056
    493218,      2783,  1.253472176144E+02,  0.0056
    493445,      2784,  1.253471418692E+02,  0.0056
    493476,      2785,  1.253471342031E+02,  0.0056
    493637,      2786,  1.253470830353E+02,  0.0056
    493655,      2787,  1.253470588674E+02,  0.0056
    493820,      2788,  1.253470267393E+02,  0.0056
    493946,      2789,  1.253470115469E+02,  0.0056
    493991,      2790,  1.253469553885E+02,  0.0056
    494112,      2791,  1.253469521777E+02,  0.0056
    494182,      2792,  1.253469282518E+02,  0.0056
    494513,      2793,  1.253446258618E+02,  0.0056
    494579,      2794,  1.253446219927E+02,  0.0056
    494617,      2795,  1.253423912982E+02,  0.0057
    494790,      2796,  1.253421430657E+02,  0.0057
    495021,      2797,  1.253419467974E+02,  0.0057
    495078,      2798,  1.253419455711E+02,  0.0057
    495106,      2799,  1.253419223643E+02,  0.0057
    495178,      2800,  1.253418816553E+02,  0.0057
    495393,      2801,  1.253418683025E+02,  0.0057
    496234,      2802,  1.253418225834E+02,  0.0056
    496251,      2803,  1.253417922273E+02,  0.0056
    496342,      2804,  1.253416366805E+02,  0.0056
    496691,      2805,  1.253399882660E+02,  0.0056
    497600,      2806,  1.253399754483E+02,  0.0056
    497831,      2807,  1.253399224267E+02,  0.0056
    498253,      2808,  1.253398918334E+02,  0.0056
    498425,      2809,  1.253398890572E+02,  0.0056
    498712,      2810,  1.253398829294E+02,  0.0056
    499168,      2811,  1.253398450354E+02,  0.0056
