iteration,accepted_count,energy,acceptance_rate
         0,         0,  1.923077278594E+02,  0.0000
         1,         1,  1.921055093373E+02,  1.0000
         2,         2,  1.920414336769E+02,  1.0000
         4,         3,  1.920120204728E+02,  0.7500
         5,         4,  1.918825252067E+02,  0.8000
         6,         5,  1.917150379621E+02,  0.8333
         9,         6,  1.912473230289E+02,  0.6667
        10,         7,  1.912309159626E+02,  0.7000
        14,         8,  1.910950434897E+02,  0.5714
        15,         9,  1.907191504592E+02,  0.6000
        17,        10,  1.901638310820E+02,  0.5882
        19,        11,  1.901512155407E+02,  0.5789
        21,        12,  1.899343563095E+02,  0.5714
        25,        13,  1.897384150307E+02,  0.5200
        27,        14,  1.896257249659E+02,  0.5185
        29,        15,  1.896162026902E+02,  0.5172
        32,        16,  1.895264498400E+02,  0.5000
        34,        17,  1.894664564736E+02,  0.5000
        35,        18,  1.893836220347E+02,  0.5143
        39,        19,  1.892863723419E+02,  0.4872
        42,        20,  1.891619098330E+02,  0.4762
        45,        21,  1.889268538880E+02,  0.4667
        46,        22,  1.888960512253E+02,  0.4783
        47,        23,  1.887717417200E+02,  0.4894
        48,        24,  1.884344757173E+02,  0.5000
        49,        25,  1.883070107410E+02,  0.5102
        50,        26,  1.881863189840E+02,  0.5200
        51,        27,  1.880501536501E+02,  0.5294
        52,        28,  1.879988242236E+02,  0.5385
        53,        29,  1.879924569654E+02,  0.5472
        56,        30,  1.878352750401E+02,  0.5357
        57,        31,  1.878088559776E+02,  0.5439
        58,        32,  1.870120828775E+02,  0.5517
        61,        33,  1.869419191157E+02,  0.5410
        65,        34,  1.868798216314E+02,  0.5231
        67,        35,  1.863972709012E+02,  0.5224
        68,        36,  1.863227047010E+02,  0.5294
        69,        37,  1.863076041623E+02,  0.5362
        71,        38,  1.860804932792E+02,  0.5352
        74,        39,  1.860573221701E+02,  0.5270
        76,        40,  1.859058098091E+02,  0.5263
        77,        41,  1.858496454235E+02,  0.5325
        80,        42,  1.858029609235E+02,  0.5250
        81,        43,  1.857769325119E+02,  0.5309
        83,        44,  1.857423660999E+02,  0.5301
        84,        45,  1.857193169694E+02,  0.5357
        85,        46,  1.855991674113E+02,  0.5412
        86,        47,  1.854875309896E+02,  0.5465
        87,        48,  1.852693281096E+02,  0.5517
        88,        49,  1.851523007576E+02,  0.5568
        90,        50,  1.850265363293E+02,  0.5556
        94,        51,  1.849033875878E+02,  0.5426
        97,        52,  1.848946763225E+02,  0.5361
        98,        53,  1.848207250756E+02,  0.5408
        99,        54,  1.845029935943E+02,  0.5455
       100,        55,  1.844113682058E+02,  0.5500
       102,        56,  1.842358169658E+02,  0.5490
       105,        57,  1.840612104435E+02,  0.5429
       107,        58,  1.832683976337E+02,  0.5421
       108,        59,  1.831823590552E+02,  0.5463
       109,        60,  1.831781214576E+02,  0.5505
       112,        61,  1.830252050836E+02,  0.5446
       113,        62,  1.829339649417E+02,  0.5487
       115,        63,  1.828892736409E+02,  0.5478
       116,        64,  1.828182569237E+02,  0.5517
       117,        65,  1.827299937908E+02,  0.5556
       120,        66,  1.825646230699E+02,  0.5500
       122,        67,  1.825479964456E+02,  0.5492
       124,        68,  1.823930709284E+02,  0.5484
       126,        69,  1.823551457869E+02,  0.5476
       128,        70,  1.823043357684E+02,  0.5469
       129,        71,  1.823041305756E+02,  0.5504
       130,        72,  1.822791623386E+02,  0.5538
       131,        73,  1.821924577364E+02,  0.5573
       133,        74,  1.820959271542E+02,  0.5564
       135,        75,  1.820218923072E+02,  0.5556
       137,        76,  1.819226748890E+02,  0.5547
       138,        77,  1.818990097745E+02,  0.5580
       140,        78,  1.817914502050E+02,  0.5571
       143,        79,  1.817674733580E+02,  0.5524
       146,        80,  1.817220719474E+02,  0.5479
       149,        81,  1.815494989693E+02,  0.5436
       150,        82,  1.815248625043E+02,  0.5467
       155,        83,  1.815192035993E+02,  0.5355
       156,        84,  1.814947467073E+02,  0.5385
       158,        85,  1.813797310067E+02,  0.5380
       159,        86,  1.813375833058E+02,  0.5409
       162,        87,  1.812950852294E+02,  0.5370
       163,        88,  1.812808096537E+02,  0.5399
       167,        89,  1.812283560909E+02,  0.5329
       173,        90,  1.811916812204E+02,  0.5202
       175,        91,  1.811584548454E+02,  0.5200
       178,        92,  1.810522420426E+02,  0.5169
       179,        93,  1.807738720689E+02,  0.5196
       181,        94,  1.807268249077E+02,  0.5193
       183,        95,  1.805735293213E+02,  0.5191
       184,        96,  1.804914649050E+02,  0.5217
       189,        97,  1.804725210554E+02,  0.5132
       190,        98,  1.804373483748E+02,  0.5158
       191,        99,  1.799633531178E+02,  0.5183
       193,       100,  1.797968312399E+02,  0.5181
       194,       101,  1.794924563876E+02,  0.5206
       195,       102,  1.793284706575E+02,  0.5231
       197,       103,  1.792740591869E+02,  0.5228
       198,       104,  1.791492602364E+02,  0.5253
       199,       105,  1.790113733705E+02,  0.5276
       200,       106,  1.789483478529E+02,  0.5300
       201,       107,  1.789015925279E+02,  0.5323
       203,       108,  1.788676791283E+02,  0.5320
       204,       109,  1.786335394859E+02,  0.5343
       207,       110,  1.785048751578E+02,  0.5314
       210,       111,  1.783613850098E+02,  0.5286
       212,       112,  1.782276278514E+02,  0.5283
       214,       113,  1.782179769219E+02,  0.5280
       218,       114,  1.778882348515E+02,  0.5229
       221,       115,  1.774226258143E+02,  0.5204
       222,       116,  1.773495658308E+02,  0.5225
       224,       117,  1.772554770944E+02,  0.5223
       230,       118,  1.772246675339E+02,  0.5130
       233,       119,  1.771004820871E+02,  0.5107
       236,       120,  1.769665603858E+02,  0.5085
       240,       121,  1.768936073499E+02,  0.5042
       241,       122,  1.767108894260E+02,  0.5062
       243,       123,  1.766708989100E+02,  0.5062
       246,       124,  1.764855787929E+02,  0.5041
       248,       125,  1.761677055770E+02,  0.5040
       249,       126,  1.760300082155E+02,  0.5060
       251,       127,  1.759480467401E+02,  0.5060
       252,       128,  1.759308746450E+02,  0.5079
       254,       129,  1.758918985257E+02,  0.5079
       256,       130,  1.758880414563E+02,  0.5078
       260,       131,  1.758149934659E+02,  0.5038
       262,       132,  1.756865731773E+02,  0.5038
       264,       133,  1.755487037280E+02,  0.5038
       265,       134,  1.754721060452E+02,  0.5057
       270,       135,  1.754562978157E+02,  0.5000
       273,       136,  1.754123641026E+02,  0.4982
       275,       137,  1.753305393592E+02,  0.4982
       278,       138,  1.752700070427E+02,  0.4964
       279,       139,  1.752649187843E+02,  0.4982
       282,       140,  1.751956595944E+02,  0.4965
       283,       141,  1.751143879188E+02,  0.4982
       289,       142,  1.750801585230E+02,  0.4913
       292,       143,  1.749464871019E+02,  0.4897
       295,       144,  1.748438763122E+02,  0.4881
       297,       145,  1.746781246447E+02,  0.4882
       298,       146,  1.746069301846E+02,  0.4899
       299,       147,  1.745741930861E+02,  0.4916
       300,       148,  1.744802538337E+02,  0.4933
       302,       149,  1.743271119526E+02,  0.4934
       304,       150,  1.742226549662E+02,  0.4934
       305,       151,  1.741895308928E+02,  0.4951
       306,       152,  1.740168093877E+02,  0.4967
       307,       153,  1.740048548659E+02,  0.4984
       311,       154,  1.740023820932E+02,  0.4952
       312,       155,  1.739923791709E+02,  0.4968
       318,       156,  1.739741329930E+02,  0.4906
       319,       157,  1.739688229282E+02,  0.4922
       322,       158,  1.737763446735E+02,  0.4907
       326,       159,  1.737048883081E+02,  0.4877
       328,       160,  1.736537900341E+02,  0.4878
       330,       161,  1.735861826999E+02,  0.4879
       332,       162,  1.735511227855E+02,  0.4880
       333,       163,  1.735509157646E+02,  0.4895
       336,       164,  1.735006308722E+02,  0.4881
       338,       165,  1.734296069311E+02,  0.4882
       340,       166,  1.733942870541E+02,  0.4882
       343,       167,  1.733666421786E+02,  0.4869
       345,       168,  1.733608951476E+02,  0.4870
       352,       169,  1.731527986180E+02,  0.4801
       353,       170,  1.731362868114E+02,  0.4816
       355,       171,  1.731185105466E+02,  0.4817
       356,       172,  1.730806553524E+02,  0.4831
       359,       173,  1.730710476967E+02,  0.4819
       361,       174,  1.729812048023E+02,  0.4820
       362,       175,  1.729372658890E+02,  0.4834
       364,       176,  1.729129140062E+02,  0.4835
       368,       177,  1.728755153189E+02,  0.4810
       369,       178,  1.728105335838E+02,  0.4824
       371,       179,  1.727274177742E+02,  0.4825
       374,       180,  1.726581023412E+02,  0.4813
       376,       181,  1.724818952476E+02,  0.4814
       377,       182,  1.724237625137E+02,  0.4828
       378,       183,  1.724117786731E+02,  0.4841
       380,       184,  1.723754411236E+02,  0.4842
       381,       185,  1.723292105275E+02,  0.4856
       383,       186,  1.723280826430E+02,  0.4856
       387,       187,  1.721450846727E+02,  0.4832
       394,       188,  1.720727592795E+02,  0.4772
       395,       189,  1.720135097899E+02,  0.4785
       397,       190,  1.719964204015E+02,  0.4786
       400,       191,  1.719443093858E+02,  0.4775
       401,       192,  1.718783689886E+02,  0.4788
       405,       193,  1.718232266463E+02,  0.4765
       407,       194,  1.718160870221E+02,  0.4767
       408,       195,  1.716543031394E+02,  0.4779
       412,       196,  1.716237363394E+02,  0.4757
       413,       197,  1.716214988357E+02,  0.4770
       415,       198,  1.715354275421E+02,  0.4771
       416,       199,  1.714449810097E+02,  0.4784
       417,       200,  1.712875084190E+02,  0.4796
       419,       201,  1.712137166829E+02,  0.4797
       422,       202,  1.711400003249E+02,  0.4787
       425,       203,  1.709142393131E+02,  0.4776
       428,       204,  1.706747294760E+02,  0.4766
       431,       205,  1.706317392045E+02,  0.4756
       432,       206,  1.705755980705E+02,  0.4769
       435,       207,  1.704790393715E+02,  0.4759
       437,       208,  1.703752579052E+02,  0.4760
       439,       209,  1.702812126594E+02,  0.4761
       441,       210,  1.702808604674E+02,  0.4762
       442,       211,  1.702037905862E+02,  0.4774
       444,       212,  1.701914476788E+02,  0.4775
       447,       213,  1.701235795258E+02,  0.4765
       454,       214,  1.700480616625E+02,  0.4714
       455,       215,  1.699685319792E+02,  0.4725
       457,       216,  1.698670148746E+02,  0.4726
       458,       217,  1.697574603467E+02,  0.4738
       459,       218,  1.696756211180E+02,  0.4749
       461,       219,  1.695047234641E+02,  0.4751
       464,       220,  1.694362453284E+02,  0.4741
       466,       221,  1.692153597417E+02,  0.4742
       469,       222,  1.691997757616E+02,  0.4733
       470,       223,  1.690223670831E+02,  0.4745
       472,       224,  1.689818712041E+02,  0.4746
       473,       225,  1.689057923295E+02,  0.4757
       478,       226,  1.688705721881E+02,  0.4728
       487,       227,  1.688518512509E+02,  0.4661
       488,       228,  1.688188519672E+02,  0.4672
       495,       229,  1.688142238485E+02,  0.4626
       498,       230,  1.686844719875E+02,  0.4618
       501,       231,  1.686764905640E+02,  0.4611
       504,       232,  1.686216265242E+02,  0.4603
       512,       233,  1.685873934028E+02,  0.4551
       513,       234,  1.685648750704E+02,  0.4561
       517,       235,  1.685288744601E+02,  0.4545
       519,       236,  1.684001425555E+02,  0.4547
       523,       237,  1.683415369247E+02,  0.4532
       524,       238,  1.683317600915E+02,  0.4542
       526,       239,  1.682792491018E+02,  0.4544
       528,       240,  1.681241035508E+02,  0.4545
       529,       241,  1.680013190454E+02,  0.4556
       532,       242,  1.679645307811E+02,  0.4549
       534,       243,  1.679267273124E+02,  0.4551
       535,       244,  1.678705342840E+02,  0.4561
       538,       245,  1.678083781545E+02,  0.4554
       542,       246,  1.677187434097E+02,  0.4539
       543,       247,  1.675392112104E+02,  0.4549
       546,       248,  1.674809008379E+02,  0.4542
       547,       249,  1.674128488606E+02,  0.4552
       548,       250,  1.674017860462E+02,  0.4562
       549,       251,  1.673562911300E+02,  0.4572
       551,       252,  1.673043420651E+02,  0.4574
       556,       253,  1.672759397176E+02,  0.4550
       557,       254,  1.672673263872E+02,  0.4560
       560,       255,  1.672631524540E+02,  0.4554
       563,       256,  1.671603958836E+02,  0.4547
       565,       257,  1.670204039018E+02,  0.4549
       568,       258,  1.669829163825E+02,  0.4542
       569,       259,  1.669677250130E+02,  0.4552
       571,       260,  1.669262170907E+02,  0.4553
       576,       261,  1.668523911117E+02,  0.4531
       578,       262,  1.668030638786E+02,  0.4533
       579,       263,  1.668008784986E+02,  0.4542
       585,       264,  1.667638446136E+02,  0.4513
       587,       265,  1.667421766446E+02,  0.4514
       588,       266,  1.666119389449E+02,  0.4524
       589,       267,  1.665682348330E+02,  0.4533
       590,       268,  1.665004954962E+02,  0.4542
       591,       269,  1.664077057307E+02,  0.4552
       594,       270,  1.663778406240E+02,  0.4545
       596,       271,  1.663647114701E+02,  0.4547
       598,       272,  1.663425602661E+02,  0.4548
       599,       273,  1.663036970154E+02,  0.4558
       601,       274,  1.662583179976E+02,  0.4559
       604,       275,  1.661590818443E+02,  0.4553
       606,       276,  1.661511491312E+02,  0.4554
       607,       277,  1.660070096448E+02,  0.4563
       611,       278,  1.659982024642E+02,  0.4550
       615,       279,  1.659163388648E+02,  0.4537
       617,       280,  1.658677079085E+02,  0.4538
       620,       281,  1.658283055385E+02,  0.4532
       621,       282,  1.657287628701E+02,  0.4541
       625,       283,  1.656693982349E+02,  0.4528
       627,       284,  1.653751574137E+02,  0.4530
       628,       285,  1.653653611908E+02,  0.4538
       629,       286,  1.653468910445E+02,  0.4547
       630,       287,  1.652433537879E+02,  0.4556
       631,       288,  1.651537106946E+02,  0.4564
       635,       289,  1.651378030066E+02,  0.4551
       638,       290,  1.650879535473E+02,  0.4545
       639,       291,  1.650413287662E+02,  0.4554
       640,       292,  1.650012228631E+02,  0.4562
       641,       293,  1.649749944015E+02,  0.4571
       643,       294,  1.648464350847E+02,  0.4572
       644,       295,  1.648461730429E+02,  0.4581
       645,       296,  1.646866216370E+02,  0.4589
       651,       297,  1.646132052564E+02,  0.4562
       653,       298,  1.645962240010E+02,  0.4564
       657,       299,  1.644844236960E+02,  0.4551
       661,       300,  1.644728592860E+02,  0.4539
       663,       301,  1.644642896553E+02,  0.4540
       664,       302,  1.643840313218E+02,  0.4548
       666,       303,  1.642372709320E+02,  0.4550
       668,       304,  1.641172829095E+02,  0.4551
       672,       305,  1.640758328407E+02,  0.4539
       673,       306,  1.640584992945E+02,  0.4547
       679,       307,  1.639001515935E+02,  0.4521
       680,       308,  1.638627996712E+02,  0.4529
       681,       309,  1.637957622230E+02,  0.4537
       683,       310,  1.637339831609E+02,  0.4539
       684,       311,  1.636728724698E+02,  0.4547
       687,       312,  1.634998008332E+02,  0.4541
       689,       313,  1.634693705699E+02,  0.4543
       690,       314,  1.634177320702E+02,  0.4551
       691,       315,  1.633544469408E+02,  0.4559
       692,       316,  1.632216295055E+02,  0.4566
       695,       317,  1.632028288501E+02,  0.4561
       700,       318,  1.629772912013E+02,  0.4543
       704,       319,  1.629660193540E+02,  0.4531
       708,       320,  1.629264667499E+02,  0.4520
       711,       321,  1.629159885549E+02,  0.4515
       712,       322,  1.629157848797E+02,  0.4522
       717,       323,  1.628913907805E+02,  0.4505
       720,       324,  1.628308750990E+02,  0.4500
       725,       325,  1.627627414743E+02,  0.4483
       730,       326,  1.626665827473E+02,  0.4466
       731,       327,  1.626105554712E+02,  0.4473
       732,       328,  1.625414603700E+02,  0.4481
       733,       329,  1.625329000688E+02,  0.4488
       734,       330,  1.625182465046E+02,  0.4496
       736,       331,  1.623917053568E+02,  0.4497
       740,       332,  1.623006836608E+02,  0.4486
       741,       333,  1.622568872899E+02,  0.4494
       745,       334,  1.621971626600E+02,  0.4483
       747,       335,  1.621379744125E+02,  0.4485
       750,       336,  1.620660203798E+02,  0.4480
       755,       337,  1.620279402166E+02,  0.4464
       757,       338,  1.620200116127E+02,  0.4465
       759,       339,  1.619815761660E+02,  0.4466
       760,       340,  1.619493636052E+02,  0.4474
       762,       341,  1.618780432412E+02,  0.4475
       765,       342,  1.618424753201E+02,  0.4471
       766,       343,  1.618151493842E+02,  0.4478
       768,       344,  1.617695639049E+02,  0.4479
       769,       345,  1.617189929480E+02,  0.4486
       770,       346,  1.617116409864E+02,  0.4494
       771,       347,  1.616983899994E+02,  0.4501
       772,       348,  1.615813375698E+02,  0.4508
       776,       349,  1.615730676447E+02,  0.4497
       777,       350,  1.615728901729E+02,  0.4505
       779,       351,  1.615377705654E+02,  0.4506
       785,       352,  1.614440959490E+02,  0.4484
       786,       353,  1.613774832778E+02,  0.4491
       787,       354,  1.612902057263E+02,  0.4498
       791,       355,  1.611908095554E+02,  0.4488
       792,       356,  1.611387437797E+02,  0.4495
       793,       357,  1.610032489234E+02,  0.4502
       794,       358,  1.609549797328E+02,  0.4509
       797,       359,  1.609476369550E+02,  0.4504
       812,       360,  1.609271755825E+02,  0.4433
       813,       361,  1.608900668512E+02,  0.4440
       817,       362,  1.608833105059E+02,  0.4431
       818,       363,  1.608326666588E+02,  0.4438
       820,       364,  1.608056257993E+02,  0.4439
       822,       365,  1.608047042973E+02,  0.4440
       824,       366,  1.607843334575E+02,  0.4442
       826,       367,  1.607789801563E+02,  0.4443
       830,       368,  1.607774360624E+02,  0.4434
       831,       369,  1.606973781924E+02,  0.4440
       832,       370,  1.606193236984E+02,  0.4447
       835,       371,  1.605102001696E+02,  0.4443
       836,       372,  1.604778455860E+02,  0.4450
       837,       373,  1.603972118369E+02,  0.4456
       838,       374,  1.603175093789E+02,  0.4463
       839,       375,  1.603069041078E+02,  0.4470
       841,       376,  1.601969261279E+02,  0.4471
       842,       377,  1.601726103897E+02,  0.4477
       846,       378,  1.600862656054E+02,  0.4468
       847,       379,  1.599624968759E+02,  0.4475
       848,       380,  1.599521262343E+02,  0.4481
       851,       381,  1.599442412459E+02,  0.4477
       852,       382,  1.598273540788E+02,  0.4484
       855,       383,  1.597994290072E+02,  0.4480
       856,       384,  1.596455663419E+02,  0.4486
       857,       385,  1.595949888768E+02,  0.4492
       863,       386,  1.595253851081E+02,  0.4473
       864,       387,  1.594595632811E+02,  0.4479
       865,       388,  1.594056930949E+02,  0.4486
       867,       389,  1.594018863547E+02,  0.4487
       873,       390,  1.593665106753E+02,  0.4467
       876,       391,  1.591355603464E+02,  0.4463
       877,       392,  1.590756017419E+02,  0.4470
       880,       393,  1.590306767731E+02,  0.4466
       881,       394,  1.590076367664E+02,  0.4472
       887,       395,  1.589690619157E+02,  0.4453
       891,       396,  1.589614436911E+02,  0.4444
       894,       397,  1.589152856616E+02,  0.4441
       898,       398,  1.588158580017E+02,  0.4432
       901,       399,  1.587944600999E+02,  0.4428
       903,       400,  1.587323293986E+02,  0.4430
       905,       401,  1.587132328764E+02,  0.4431
       906,       402,  1.586646905732E+02,  0.4437
       907,       403,  1.585974166999E+02,  0.4443
       910,       404,  1.584648717012E+02,  0.4440
       912,       405,  1.583982043205E+02,  0.4441
       913,       406,  1.583883825396E+02,  0.4447
       914,       407,  1.583765570039E+02,  0.4453
       915,       408,  1.583086774530E+02,  0.4459
       916,       409,  1.582794683481E+02,  0.4465
       919,       410,  1.581633927884E+02,  0.4461
       920,       411,  1.580811728846E+02,  0.4467
       921,       412,  1.580133145600E+02,  0.4473
       924,       413,  1.579437817688E+02,  0.4470
       925,       414,  1.577998121923E+02,  0.4476
       926,       415,  1.577341468998E+02,  0.4482
       929,       416,  1.577282117951E+02,  0.4478
       930,       417,  1.577119776912E+02,  0.4484
       932,       418,  1.576283836951E+02,  0.4485
       941,       419,  1.575277089965E+02,  0.4453
       945,       420,  1.575092993741E+02,  0.4444
       948,       421,  1.574952743905E+02,  0.4441
       951,       422,  1.574837693265E+02,  0.4437
       952,       423,  1.573773568138E+02,  0.4443
       953,       424,  1.573170464329E+02,  0.4449
       954,       425,  1.573023286292E+02,  0.4455
       958,       426,  1.572930207514E+02,  0.4447
       964,       427,  1.572529876053E+02,  0.4429
       965,       428,  1.571759020611E+02,  0.4435
       966,       429,  1.571609372258E+02,  0.4441
       967,       430,  1.571247195581E+02,  0.4447
       969,       431,  1.570613337239E+02,  0.4448
       970,       432,  1.569840175477E+02,  0.4454
       971,       433,  1.569395224024E+02,  0.4459
       973,       434,  1.569033444280E+02,  0.4460
       975,       435,  1.568870358337E+02,  0.4462
       979,       436,  1.568759854469E+02,  0.4454
       981,       437,  1.568580338139E+02,  0.4455
       983,       438,  1.567218864815E+02,  0.4456
       985,       439,  1.566991564766E+02,  0.4457
       988,       440,  1.565991563229E+02,  0.4453
       990,       441,  1.565677195877E+02,  0.4455
       992,       442,  1.564760272399E+02,  0.4456
       995,       443,  1.564020863065E+02,  0.4452
       999,       444,  1.563513933887E+02,  0.4444
      1000,       445,  1.563042170956E+02,  0.4450
      1001,       446,  1.562704431688E+02,  0.4456
      1003,       447,  1.562664925788E+02,  0.4457
      1007,       448,  1.562458791293E+02,  0.4449
      1010,       449,  1.562373971191E+02,  0.4446
      1013,       450,  1.561416025518E+02,  0.4442
      1015,       451,  1.560299545091E+02,  0.4443
      1016,       452,  1.560040985346E+02,  0.4449
      1018,       453,  1.559765771909E+02,  0.4450
      1020,       454,  1.558730662515E+02,  0.4451
      1022,       455,  1.558026859633E+02,  0.4452
      1023,       456,  1.558013492937E+02,  0.4457
      1024,       457,  1.557942072728E+02,  0.4463
      1030,       458,  1.557854563405E+02,  0.4447
      1034,       459,  1.557609768635E+02,  0.4439
      1035,       460,  1.556856381034E+02,  0.4444
      1036,       461,  1.555873231182E+02,  0.4450
      1037,       462,  1.555701032199E+02,  0.4455
      1038,       463,  1.555571503210E+02,  0.4461
      1039,       464,  1.554825957459E+02,  0.4466
      1040,       465,  1.554822662608E+02,  0.4471
      1043,       466,  1.554737697214E+02,  0.4468
      1046,       467,  1.554105287720E+02,  0.4465
      1050,       468,  1.553568908645E+02,  0.4457
      1051,       469,  1.552854283676E+02,  0.4462
      1055,       470,  1.552513791832E+02,  0.4455
      1057,       471,  1.551941654520E+02,  0.4456
      1060,       472,  1.551817283792E+02,  0.4453
      1061,       473,  1.551558593293E+02,  0.4458
      1062,       474,  1.551081862603E+02,  0.4463
      1063,       475,  1.550660472556E+02,  0.4468
      1065,       476,  1.550188220336E+02,  0.4469
      1069,       477,  1.549722960425E+02,  0.4462
      1072,       478,  1.549421820368E+02,  0.4459
      1075,       479,  1.549227089942E+02,  0.4456
      1079,       480,  1.548850588735E+02,  0.4449
      1080,       481,  1.548712605798E+02,  0.4454
      1085,       482,  1.548551161149E+02,  0.4442
      1088,       483,  1.548469076322E+02,  0.4439
      1090,       484,  1.548376291312E+02,  0.4440
      1094,       485,  1.547975721940E+02,  0.4433
      1095,       486,  1.547296739893E+02,  0.4438
      1097,       487,  1.546118325093E+02,  0.4439
      1099,       488,  1.545512369151E+02,  0.4440
      1101,       489,  1.544485997364E+02,  0.4441
      1103,       490,  1.544137378873E+02,  0.4442
      1104,       491,  1.543813933627E+02,  0.4447
      1105,       492,  1.543671204899E+02,  0.4452
      1106,       493,  1.542882201466E+02,  0.4458
      1111,       494,  1.542040293256E+02,  0.4446
      1112,       495,  1.541358663995E+02,  0.4451
      1114,       496,  1.541172899735E+02,  0.4452
      1117,       497,  1.541128070645E+02,  0.4449
      1118,       498,  1.541050911897E+02,  0.4454
      1120,       499,  1.540880849257E+02,  0.4455
      1122,       500,  1.540880509390E+02,  0.4456
      1123,       501,  1.540124783017E+02,  0.4461
      1125,       502,  1.538925207852E+02,  0.4462
      1126,       503,  1.538540039819E+02,  0.4467
      1128,       504,  1.538189511742E+02,  0.4468
      1131,       505,  1.537528288675E+02,  0.4465
      1133,       506,  1.537456017109E+02,  0.4466
      1136,       507,  1.537084135247E+02,  0.4463
      1143,       508,  1.537061926226E+02,  0.4444
      1145,       509,  1.536681562665E+02,  0.4445
      1148,       510,  1.536269585827E+02,  0.4443
      1152,       511,  1.535878847916E+02,  0.4436
      1153,       512,  1.535189988107E+02,  0.4441
      1157,       513,  1.534302159381E+02,  0.4434
      1158,       514,  1.534082973084E+02,  0.4439
      1159,       515,  1.533288042551E+02,  0.4443
      1160,       516,  1.532220735884E+02,  0.4448
      1161,       517,  1.532065035501E+02,  0.4453
      1162,       518,  1.531981737621E+02,  0.4458
      1164,       519,  1.531742452020E+02,  0.4459
      1165,       520,  1.531595152416E+02,  0.4464
      1166,       521,  1.531419232120E+02,  0.4468
      1168,       522,  1.530486085216E+02,  0.4469
      1173,       523,  1.530074994978E+02,  0.4459
      1174,       524,  1.529433000802E+02,  0.4463
      1181,       525,  1.528842902568E+02,  0.4445
      1183,       526,  1.528063325740E+02,  0.4446
      1185,       527,  1.527987480300E+02,  0.4447
      1186,       528,  1.527438830867E+02,  0.4452
      1187,       529,  1.527168310633E+02,  0.4457
      1189,       530,  1.527152152896E+02,  0.4458
      1191,       531,  1.527013021749E+02,  0.4458
      1192,       532,  1.526714145154E+02,  0.4463
      1195,       533,  1.525956103405E+02,  0.4460
      1196,       534,  1.525949084559E+02,  0.4465
      1198,       535,  1.525076072627E+02,  0.4466
      1199,       536,  1.524498332774E+02,  0.4470
      1202,       537,  1.524388777852E+02,  0.4468
      1209,       538,  1.524358846122E+02,  0.4450
      1212,       539,  1.523825598906E+02,  0.4447
      1213,       540,  1.522459748300E+02,  0.4452
      1215,       541,  1.522443907330E+02,  0.4453
      1218,       542,  1.521461251631E+02,  0.4450
      1221,       543,  1.521460781379E+02,  0.4447
      1224,       544,  1.521031574879E+02,  0.4444
      1228,       545,  1.520584406283E+02,  0.4438
      1229,       546,  1.520503677704E+02,  0.4443
      1231,       547,  1.520425474512E+02,  0.4444
      1234,       548,  1.519736929801E+02,  0.4441
      1241,       549,  1.519265246754E+02,  0.4424
      1243,       550,  1.518366737202E+02,  0.4425
      1245,       551,  1.517162958127E+02,  0.4426
      1248,       552,  1.517150084310E+02,  0.4423
      1252,       553,  1.516805137958E+02,  0.4417
      1253,       554,  1.516461101588E+02,  0.4421
      1254,       555,  1.515973556057E+02,  0.4426
      1256,       556,  1.515883197049E+02,  0.4427
      1259,       557,  1.515211541053E+02,  0.4424
      1262,       558,  1.514950712496E+02,  0.4422
      1263,       559,  1.514855619487E+02,  0.4426
      1270,       560,  1.514565640738E+02,  0.4409
      1273,       561,  1.514497422654E+02,  0.4407
      1277,       562,  1.514377529150E+02,  0.4401
      1280,       563,  1.514266646528E+02,  0.4398
      1284,       564,  1.514172707087E+02,  0.4393
      1286,       565,  1.512612858169E+02,  0.4393
      1287,       566,  1.511792239226E+02,  0.4398
      1295,       567,  1.511127461397E+02,  0.4378
      1300,       568,  1.510698394908E+02,  0.4369
      1302,       569,  1.510647795589E+02,  0.4370
      1303,       570,  1.509550409026E+02,  0.4375
      1304,       571,  1.509361477896E+02,  0.4379
      1306,       572,  1.508595633122E+02,  0.4380
      1311,       573,  1.508561510227E+02,  0.4371
      1315,       574,  1.508422009908E+02,  0.4365
      1316,       575,  1.507505332125E+02,  0.4369
      1317,       576,  1.507504170368E+02,  0.4374
      1318,       577,  1.507093655042E+02,  0.4378
      1319,       578,  1.506776268253E+02,  0.4382
      1325,       579,  1.505751192549E+02,  0.4370
      1326,       580,  1.503630490112E+02,  0.4374
      1327,       581,  1.503003004527E+02,  0.4378
      1328,       582,  1.502569085326E+02,  0.4383
      1329,       583,  1.502513628073E+02,  0.4387
      1334,       584,  1.501732142227E+02,  0.4378
      1337,       585,  1.501050226498E+02,  0.4375
      1339,       586,  1.500699538860E+02,  0.4376
      1346,       587,  1.499710910576E+02,  0.4361
      1349,       588,  1.499297944713E+02,  0.4359
      1355,       589,  1.498928001928E+02,  0.4347
      1359,       590,  1.498769739259E+02,  0.4341
      1361,       591,  1.498638872647E+02,  0.4342
      1362,       592,  1.498269363558E+02,  0.4347
      1366,       593,  1.498241297089E+02,  0.4341
      1367,       594,  1.498040366856E+02,  0.4345
      1376,       595,  1.497861024649E+02,  0.4324
      1377,       596,  1.497737669859E+02,  0.4328
      1381,       597,  1.497591227035E+02,  0.4323
      1382,       598,  1.497409281162E+02,  0.4327
      1384,       599,  1.497233816872E+02,  0.4328
      1385,       600,  1.496639663837E+02,  0.4332
      1388,       601,  1.496333838352E+02,  0.4330
      1390,       602,  1.495978662803E+02,  0.4331
      1392,       603,  1.495752129355E+02,  0.4332
      1395,       604,  1.495645059869E+02,  0.4330
      1399,       605,  1.495577207594E+02,  0.4325
      1400,       606,  1.495374693965E+02,  0.4329
      1401,       607,  1.494690691178E+02,  0.4333
      1402,       608,  1.494500035249E+02,  0.4337
      1407,       609,  1.493354640956E+02,  0.4328
      1408,       610,  1.492766780514E+02,  0.4332
      1409,       611,  1.492554477440E+02,  0.4336
      1410,       612,  1.492216747560E+02,  0.4340
      1414,       613,  1.492046946341E+02,  0.4335
      1415,       614,  1.492037977595E+02,  0.4339
      1416,       615,  1.491226223309E+02,  0.4343
      1417,       616,  1.489817946404E+02,  0.4347
      1420,       617,  1.489502019387E+02,  0.4345
      1422,       618,  1.489151148794E+02,  0.4346
      1424,       619,  1.489096910288E+02,  0.4347
      1430,       620,  1.488972991440E+02,  0.4336
      1431,       621,  1.488675775816E+02,  0.4340
      1432,       622,  1.487411434573E+02,  0.4344
      1434,       623,  1.486542786635E+02,  0.4344
      1435,       624,  1.486260616754E+02,  0.4348
      1436,       625,  1.486005093413E+02,  0.4352
      1437,       626,  1.485809397779E+02,  0.4356
      1444,       627,  1.485803818810E+02,  0.4342
      1447,       628,  1.485356524512E+02,  0.4340
      1449,       629,  1.484727762301E+02,  0.4341
      1451,       630,  1.483963423708E+02,  0.4342
      1453,       631,  1.483937876554E+02,  0.4343
      1456,       632,  1.483617182382E+02,  0.4341
      1460,       633,  1.483180706673E+02,  0.4336
      1464,       634,  1.483150699212E+02,  0.4331
      1469,       635,  1.482261390720E+02,  0.4323
      1472,       636,  1.481971263190E+02,  0.4321
      1477,       637,  1.481208678646E+02,  0.4313
      1479,       638,  1.480353085100E+02,  0.4314
      1480,       639,  1.480284644596E+02,  0.4318
      1483,       640,  1.479890967834E+02,  0.4316
      1489,       641,  1.479740495587E+02,  0.4305
      1490,       642,  1.479338165737E+02,  0.4309
      1492,       643,  1.479279784864E+02,  0.4310
      1493,       644,  1.478655869485E+02,  0.4313
      1501,       645,  1.478425175332E+02,  0.4297
      1502,       646,  1.477891070445E+02,  0.4301
      1503,       647,  1.477699273770E+02,  0.4305
      1504,       648,  1.477430698423E+02,  0.4309
      1510,       649,  1.476905086659E+02,  0.4298
      1521,       650,  1.476232293014E+02,  0.4274
      1527,       651,  1.476130080389E+02,  0.4263
      1531,       652,  1.476045603572E+02,  0.4259
      1534,       653,  1.475812058813E+02,  0.4257
      1542,       654,  1.475540696754E+02,  0.4241
      1543,       655,  1.475515244640E+02,  0.4245
      1550,       656,  1.475470855003E+02,  0.4232
      1554,       657,  1.474355344044E+02,  0.4228
      1555,       658,  1.474347221671E+02,  0.4232
      1557,       659,  1.474290190877E+02,  0.4232
      1570,       660,  1.473801633386E+02,  0.4204
      1571,       661,  1.473257814068E+02,  0.4208
      1579,       662,  1.472858208051E+02,  0.4193
      1582,       663,  1.472656436740E+02,  0.4191
      1583,       664,  1.472649435728E+02,  0.4195
      1584,       665,  1.472246901421E+02,  0.4198
      1587,       666,  1.471612944793E+02,  0.4197
      1589,       667,  1.471453188417E+02,  0.4198
      1591,       668,  1.470746962331E+02,  0.4199
      1592,       669,  1.470657606598E+02,  0.4202
      1594,       670,  1.469738972361E+02,  0.4203
      1595,       671,  1.469525202721E+02,  0.4207
      1597,       672,  1.469005460327E+02,  0.4208
      1599,       673,  1.468223762736E+02,  0.4209
      1602,       674,  1.467645848631E+02,  0.4207
      1604,       675,  1.466858484792E+02,  0.4208
      1606,       676,  1.466819987088E+02,  0.4209
      1607,       677,  1.466489232141E+02,  0.4213
      1610,       678,  1.465886435973E+02,  0.4211
      1611,       679,  1.465421908501E+02,  0.4215
      1612,       680,  1.464884586591E+02,  0.4218
      1613,       681,  1.464373877927E+02,  0.4222
      1617,       682,  1.464363426179E+02,  0.4218
      1622,       683,  1.464311021722E+02,  0.4211
      1626,       684,  1.464046458798E+02,  0.4207
      1627,       685,  1.463098783646E+02,  0.4210
      1630,       686,  1.462821167639E+02,  0.4209
      1633,       687,  1.462715139920E+02,  0.4207
      1636,       688,  1.462625047707E+02,  0.4205
      1638,       689,  1.461998300599E+02,  0.4206
      1643,       690,  1.461418452775E+02,  0.4200
      1644,       691,  1.460993041308E+02,  0.4203
      1652,       692,  1.460315661077E+02,  0.4189
      1654,       693,  1.460171186173E+02,  0.4190
      1655,       694,  1.460007716515E+02,  0.4193
      1657,       695,  1.459919519965E+02,  0.4194
      1659,       696,  1.459713733245E+02,  0.4195
      1662,       697,  1.459555445121E+02,  0.4194
      1664,       698,  1.459319196808E+02,  0.4195
      1666,       699,  1.458742684453E+02,  0.4196
      1669,       700,  1.458063040051E+02,  0.4194
      1674,       701,  1.456548416252E+02,  0.4188
      1675,       702,  1.456535809427E+02,  0.4191
      1676,       703,  1.456339955305E+02,  0.4195
      1677,       704,  1.456085791405E+02,  0.4198
      1678,       705,  1.455698772000E+02,  0.4201
      1681,       706,  1.455274503169E+02,  0.4200
      1685,       707,  1.455247632105E+02,  0.4196
      1686,       708,  1.454876898306E+02,  0.4199
      1689,       709,  1.454804553762E+02,  0.4198
      1693,       710,  1.454753426358E+02,  0.4194
      1697,       711,  1.453883456897E+02,  0.4190
      1698,       712,  1.453284014620E+02,  0.4193
      1701,       713,  1.453092241667E+02,  0.4192
      1703,       714,  1.452280494153E+02,  0.4193
      1704,       715,  1.452258974278E+02,  0.4196
      1708,       716,  1.452001306679E+02,  0.4192
      1710,       717,  1.451816865025E+02,  0.4193
      1714,       718,  1.450656689023E+02,  0.4189
      1716,       719,  1.450567233678E+02,  0.4190
      1721,       720,  1.450537625128E+02,  0.4184
      1722,       721,  1.450290499140E+02,  0.4187
      1726,       722,  1.450055505817E+02,  0.4183
      1727,       723,  1.449277449667E+02,  0.4186
      1728,       724,  1.449271000733E+02,  0.4190
      1729,       725,  1.448928380408E+02,  0.4193
      1733,       726,  1.448798248478E+02,  0.4189
      1740,       727,  1.448639681051E+02,  0.4178
      1744,       728,  1.448276911787E+02,  0.4174
      1745,       729,  1.448229506871E+02,  0.4178
      1746,       730,  1.448102045819E+02,  0.4181
      1752,       731,  1.448068021640E+02,  0.4172
      1761,       732,  1.446907598363E+02,  0.4157
      1763,       733,  1.446828790163E+02,  0.4158
      1764,       734,  1.446607259385E+02,  0.4161
      1767,       735,  1.446347195011E+02,  0.4160
      1769,       736,  1.446307052561E+02,  0.4161
      1771,       737,  1.445957922361E+02,  0.4161
      1778,       738,  1.445686486316E+02,  0.4151
      1780,       739,  1.445110773880E+02,  0.4152
      1781,       740,  1.444944554394E+02,  0.4155
      1783,       741,  1.444206248735E+02,  0.4156
      1786,       742,  1.443619280108E+02,  0.4155
      1787,       743,  1.443464935782E+02,  0.4158
      1788,       744,  1.443239558149E+02,  0.4161
      1789,       745,  1.442754652477E+02,  0.4164
      1790,       746,  1.442514846292E+02,  0.4168
      1794,       747,  1.441799448966E+02,  0.4164
      1795,       748,  1.441750277633E+02,  0.4167
      1800,       749,  1.441682499788E+02,  0.4161
      1805,       750,  1.441181161733E+02,  0.4155
      1806,       751,  1.440912461696E+02,  0.4158
      1815,       752,  1.440388359329E+02,  0.4143
      1818,       753,  1.440307933958E+02,  0.4142
      1820,       754,  1.440032595827E+02,  0.4143
      1825,       755,  1.439561650193E+02,  0.4137
      1827,       756,  1.439393719591E+02,  0.4138
      1829,       757,  1.439282789749E+02,  0.4139
      1835,       758,  1.439139277599E+02,  0.4131
      1838,       759,  1.438746031298E+02,  0.4129
      1840,       760,  1.438527865155E+02,  0.4130
      1843,       761,  1.438309580658E+02,  0.4129
      1845,       762,  1.438075955627E+02,  0.4130
      1846,       763,  1.437810947667E+02,  0.4133
      1852,       764,  1.437476399409E+02,  0.4125
      1853,       765,  1.436835276524E+02,  0.4128
      1854,       766,  1.436293229029E+02,  0.4132
      1855,       767,  1.435672315170E+02,  0.4135
      1861,       768,  1.435536338231E+02,  0.4127
      1866,       769,  1.435187287388E+02,  0.4121
      1869,       770,  1.434609531835E+02,  0.4120
      1870,       771,  1.434204363458E+02,  0.4123
      1875,       772,  1.433931240330E+02,  0.4117
      1877,       773,  1.433487610737E+02,  0.4118
      1879,       774,  1.433451277462E+02,  0.4119
      1881,       775,  1.433382539835E+02,  0.4120
      1882,       776,  1.433332472046E+02,  0.4123
      1883,       777,  1.432871574464E+02,  0.4126
      1888,       778,  1.432428852746E+02,  0.4121
      1889,       779,  1.431145956050E+02,  0.4124
      1890,       780,  1.430879433293E+02,  0.4127
      1892,       781,  1.430236747243E+02,  0.4128
      1893,       782,  1.430219957838E+02,  0.4131
      1894,       783,  1.428948143624E+02,  0.4134
      1897,       784,  1.428529719087E+02,  0.4133
      1899,       785,  1.428471429126E+02,  0.4134
      1900,       786,  1.427909378260E+02,  0.4137
      1906,       787,  1.427716288406E+02,  0.4129
      1910,       788,  1.427660006489E+02,  0.4126
      1911,       789,  1.427470026475E+02,  0.4129
      1912,       790,  1.426045684532E+02,  0.4132
      1915,       791,  1.425549902776E+02,  0.4131
      1916,       792,  1.425435532407E+02,  0.4134
      1918,       793,  1.425253277240E+02,  0.4135
      1919,       794,  1.424984186356E+02,  0.4138
      1923,       795,  1.424983921861E+02,  0.4134
      1924,       796,  1.424624788908E+02,  0.4137
      1931,       797,  1.424251042406E+02,  0.4127
      1932,       798,  1.423908565801E+02,  0.4130
      1934,       799,  1.423719103845E+02,  0.4131
      1936,       800,  1.423594433564E+02,  0.4132
      1939,       801,  1.422627057721E+02,  0.4131
      1942,       802,  1.421653922479E+02,  0.4130
      1945,       803,  1.421450088428E+02,  0.4129
      1949,       804,  1.420935638447E+02,  0.4125
      1950,       805,  1.420801258070E+02,  0.4128
      1951,       806,  1.420655070380E+02,  0.4131
      1953,       807,  1.420645491396E+02,  0.4132
      1954,       808,  1.420289657160E+02,  0.4135
      1956,       809,  1.419970299300E+02,  0.4136
      1958,       810,  1.419212882008E+02,  0.4137
      1963,       811,  1.418985571714E+02,  0.4131
      1965,       812,  1.418879718251E+02,  0.4132
      1966,       813,  1.418514403811E+02,  0.4135
      1969,       814,  1.417626399678E+02,  0.4134
      1971,       815,  1.417606246259E+02,  0.4135
      1972,       816,  1.416699724394E+02,  0.4138
      1973,       817,  1.416640815182E+02,  0.4141
      1974,       818,  1.416264657267E+02,  0.4144
      1975,       819,  1.416251571041E+02,  0.4147
      1976,       820,  1.416176071208E+02,  0.4150
      1978,       821,  1.416121676907E+02,  0.4151
      1979,       822,  1.416094822242E+02,  0.4154
      1982,       823,  1.415805584173E+02,  0.4152
      1983,       824,  1.415793451402E+02,  0.4155
      1990,       825,  1.415156646806E+02,  0.4146
      1991,       826,  1.415155481473E+02,  0.4149
      1992,       827,  1.414849986267E+02,  0.4152
      1994,       828,  1.414606213438E+02,  0.4152
      1999,       829,  1.413524702169E+02,  0.4147
      2006,       830,  1.412900516601E+02,  0.4138
      2011,       831,  1.412843292333E+02,  0.4132
      2012,       832,  1.412789352737E+02,  0.4135
      2013,       833,  1.412571753881E+02,  0.4138
      2020,       834,  1.411648309860E+02,  0.4129
      2028,       835,  1.411245275466E+02,  0.4117
      2032,       836,  1.410540783216E+02,  0.4114
      2033,       837,  1.410327378828E+02,  0.4117
      2037,       838,  1.409647176806E+02,  0.4114
      2039,       839,  1.409198401741E+02,  0.4115
      2041,       840,  1.408960587322E+02,  0.4116
      2043,       841,  1.408932830323E+02,  0.4116
      2044,       842,  1.408764471523E+02,  0.4119
      2048,       843,  1.408553811791E+02,  0.4116
      2050,       844,  1.407594108788E+02,  0.4117
      2053,       845,  1.407382147606E+02,  0.4116
      2055,       846,  1.407298097015E+02,  0.4117
      2056,       847,  1.407175987986E+02,  0.4120
      2057,       848,  1.407169480424E+02,  0.4123
      2060,       849,  1.407091647554E+02,  0.4121
      2062,       850,  1.406594257278E+02,  0.4122
      2067,       851,  1.406572121873E+02,  0.4117
      2068,       852,  1.405725606221E+02,  0.4120
      2072,       853,  1.405610869369E+02,  0.4117
      2073,       854,  1.405221398424E+02,  0.4120
      2075,       855,  1.404459175116E+02,  0.4120
      2076,       856,  1.404338416006E+02,  0.4123
      2079,       857,  1.404210525289E+02,  0.4122
      2081,       858,  1.404193038987E+02,  0.4123
      2083,       859,  1.404157742507E+02,  0.4124
      2084,       860,  1.403867254677E+02,  0.4127
      2088,       861,  1.403695973198E+02,  0.4124
      2092,       862,  1.403632517513E+02,  0.4120
      2097,       863,  1.403538612753E+02,  0.4115
      2099,       864,  1.403137357349E+02,  0.4116
      2105,       865,  1.402546801286E+02,  0.4109
      2107,       866,  1.402430108800E+02,  0.4110
      2108,       867,  1.402403980009E+02,  0.4113
      2121,       868,  1.402401773769E+02,  0.4092
      2122,       869,  1.401961539453E+02,  0.4095
      2123,       870,  1.401951758590E+02,  0.4098
      2124,       871,  1.401742161795E+02,  0.4101
      2126,       872,  1.401519623769E+02,  0.4102
      2128,       873,  1.401506011561E+02,  0.4102
      2130,       874,  1.401363547651E+02,  0.4103
      2132,       875,  1.400831871188E+02,  0.4104
      2142,       876,  1.400365440604E+02,  0.4090
      2151,       877,  1.400184139958E+02,  0.4077
      2152,       878,  1.399562255816E+02,  0.4080
      2155,       879,  1.399455676139E+02,  0.4079
      2162,       880,  1.398951203221E+02,  0.4070
      2165,       881,  1.398734997628E+02,  0.4069
      2173,       882,  1.398390274114E+02,  0.4059
      2184,       883,  1.398262815480E+02,  0.4043
      2185,       884,  1.397977224281E+02,  0.4046
      2196,       885,  1.397931440590E+02,  0.4030
      2200,       886,  1.397199357449E+02,  0.4027
      2205,       887,  1.396851320968E+02,  0.4023
      2209,       888,  1.396762538150E+02,  0.4020
      2213,       889,  1.396333098595E+02,  0.4017
      2219,       890,  1.396230784710E+02,  0.4011
      2221,       891,  1.396146194924E+02,  0.4012
      2224,       892,  1.395872380556E+02,  0.4011
      2227,       893,  1.395738519489E+02,  0.4010
      2239,       894,  1.395113507296E+02,  0.3993
      2241,       895,  1.394838653314E+02,  0.3994
      2248,       896,  1.394793357823E+02,  0.3986
      2253,       897,  1.394752134545E+02,  0.3981
      2259,       898,  1.394715627983E+02,  0.3975
      2260,       899,  1.394606874451E+02,  0.3978
      2261,       900,  1.393924059028E+02,  0.3981
      2265,       901,  1.393908743705E+02,  0.3978
      2266,       902,  1.393514428188E+02,  0.3981
      2271,       903,  1.392978925447E+02,  0.3976
      2274,       904,  1.392166636488E+02,  0.3975
      2285,       905,  1.391804052252E+02,  0.3961
      2286,       906,  1.391627450134E+02,  0.3963
      2289,       907,  1.390807989974E+02,  0.3962
      2291,       908,  1.390004511811E+02,  0.3963
      2295,       909,  1.389372978446E+02,  0.3961
      2298,       910,  1.389188095272E+02,  0.3960
      2299,       911,  1.389018181613E+02,  0.3963
      2303,       912,  1.388906342829E+02,  0.3960
      2306,       913,  1.388859981906E+02,  0.3959
      2307,       914,  1.388414847145E+02,  0.3962
      2315,       915,  1.388046327327E+02,  0.3952
      2320,       916,  1.388026156591E+02,  0.3948
      2321,       917,  1.387726750773E+02,  0.3951
      2323,       918,  1.387424482652E+02,  0.3952
      2325,       919,  1.387293736203E+02,  0.3953
      2327,       920,  1.387003295605E+02,  0.3954
      2349,       921,  1.386937498542E+02,  0.3921
      2350,       922,  1.386807363696E+02,  0.3923
      2354,       923,  1.386594494392E+02,  0.3921
      2355,       924,  1.386228219566E+02,  0.3924
      2359,       925,  1.385130498887E+02,  0.3921
      2363,       926,  1.384659097576E+02,  0.3919
      2364,       927,  1.384453899258E+02,  0.3921
      2365,       928,  1.383323070013E+02,  0.3924
      2374,       929,  1.383247273087E+02,  0.3913
      2377,       930,  1.383233746633E+02,  0.3912
      2378,       931,  1.383128561023E+02,  0.3915
      2384,       932,  1.383037301720E+02,  0.3909
      2387,       933,  1.382986073786E+02,  0.3909
      2388,       934,  1.382659420587E+02,  0.3911
      2392,       935,  1.382374730573E+02,  0.3909
      2395,       936,  1.382353702625E+02,  0.3908
      2396,       937,  1.381833550648E+02,  0.3911
      2397,       938,  1.381570084191E+02,  0.3913
      2398,       939,  1.380880459600E+02,  0.3916
      2400,       940,  1.380584384763E+02,  0.3917
      2404,       941,  1.380138169182E+02,  0.3914
      2407,       942,  1.379616729381E+02,  0.3914
      2414,       943,  1.379604969883E+02,  0.3906
      2415,       944,  1.378691855387E+02,  0.3909
      2416,       945,  1.378116668902E+02,  0.3911
      2418,       946,  1.378112430042E+02,  0.3912
      2421,       947,  1.378004423589E+02,  0.3912
      2425,       948,  1.377967459529E+02,  0.3909
      2427,       949,  1.377759888228E+02,  0.3910
      2428,       950,  1.377727000784E+02,  0.3913
      2429,       951,  1.377665156535E+02,  0.3915
      2430,       952,  1.377624959609E+02,  0.3918
      2434,       953,  1.377610297483E+02,  0.3915
      2439,       954,  1.376904063564E+02,  0.3911
      2440,       955,  1.376880810012E+02,  0.3914
      2441,       956,  1.376145655424E+02,  0.3916
      2447,       957,  1.376033533111E+02,  0.3911
      2459,       958,  1.375165131471E+02,  0.3896
      2461,       959,  1.375009159805E+02,  0.3897
      2462,       960,  1.374935507956E+02,  0.3899
      2463,       961,  1.374887570619E+02,  0.3902
      2465,       962,  1.374424094605E+02,  0.3903
      2470,       963,  1.373955725400E+02,  0.3899
      2481,       964,  1.373698351030E+02,  0.3886
      2482,       965,  1.373283944318E+02,  0.3888
      2483,       966,  1.372281313147E+02,  0.3890
      2484,       967,  1.372249494724E+02,  0.3893
      2487,       968,  1.372146814754E+02,  0.3892
      2493,       969,  1.371844111571E+02,  0.3887
      2500,       970,  1.370990917456E+02,  0.3880
      2509,       971,  1.370986321138E+02,  0.3870
      2513,       972,  1.370776205052E+02,  0.3868
      2534,       973,  1.370270650932E+02,  0.3840
      2543,       974,  1.369948527148E+02,  0.3830
      2544,       975,  1.369522544811E+02,  0.3833
      2545,       976,  1.369276979008E+02,  0.3835
      2546,       977,  1.368571307316E+02,  0.3837
      2547,       978,  1.368340799305E+02,  0.3840
      2548,       979,  1.367281314485E+02,  0.3842
      2549,       980,  1.366665572710E+02,  0.3845
      2552,       981,  1.365746817111E+02,  0.3844
      2554,       982,  1.365479290581E+02,  0.3845
      2556,       983,  1.364456623372E+02,  0.3846
      2562,       984,  1.364346206779E+02,  0.3841
      2563,       985,  1.364178721757E+02,  0.3843
      2567,       986,  1.364166916023E+02,  0.3841
      2569,       987,  1.363879590097E+02,  0.3842
      2578,       988,  1.363867018910E+02,  0.3832
      2581,       989,  1.363861119936E+02,  0.3832
      2586,       990,  1.363753163635E+02,  0.3828
      2592,       991,  1.363612213223E+02,  0.3823
      2598,       992,  1.363606890431E+02,  0.3818
      2599,       993,  1.363497221143E+02,  0.3821
      2603,       994,  1.363496767092E+02,  0.3819
      2607,       995,  1.363360178832E+02,  0.3817
      2610,       996,  1.362943189001E+02,  0.3816
      2616,       997,  1.362246842678E+02,  0.3811
      2619,       998,  1.362101165712E+02,  0.3811
      2621,       999,  1.361274804256E+02,  0.3812
      2625,      1000,  1.360923467133E+02,  0.3810
      2626,      1001,  1.360451506625E+02,  0.3812
      2630,      1002,  1.360405360867E+02,  0.3810
      2631,      1003,  1.359994828858E+02,  0.3812
      2633,      1004,  1.359578248530E+02,  0.3813
      2641,      1005,  1.359236744579E+02,  0.3805
      2656,      1006,  1.358524704791E+02,  0.3788
      2660,      1007,  1.358469456728E+02,  0.3786
      2663,      1008,  1.358366207844E+02,  0.3785
      2672,      1009,  1.358354950992E+02,  0.3776
      2685,      1010,  1.358248021885E+02,  0.3762
      2687,      1011,  1.357893630369E+02,  0.3763
      2690,      1012,  1.357604610355E+02,  0.3762
      2698,      1013,  1.357535587445E+02,  0.3755
      2699,      1014,  1.357258092198E+02,  0.3757
      2701,      1015,  1.357234038545E+02,  0.3758
      2703,      1016,  1.357105926810E+02,  0.3759
      2704,      1017,  1.356728189375E+02,  0.3761
      2707,      1018,  1.356576645754E+02,  0.3761
      2732,      1019,  1.356536809798E+02,  0.3730
      2734,      1020,  1.356438925495E+02,  0.3731
      2736,      1021,  1.356166092343E+02,  0.3732
      2739,      1022,  1.356136362224E+02,  0.3731
      2740,      1023,  1.355967225616E+02,  0.3734
      2755,      1024,  1.355959013090E+02,  0.3717
      2756,      1025,  1.355939721991E+02,  0.3719
      2758,      1026,  1.355846613258E+02,  0.3720
      2760,      1027,  1.355513321777E+02,  0.3721
      2767,      1028,  1.355416155362E+02,  0.3715
      2769,      1029,  1.355354811050E+02,  0.3716
      2772,      1030,  1.355162621077E+02,  0.3716
      2773,      1031,  1.354881205288E+02,  0.3718
      2776,      1032,  1.354459918178E+02,  0.3718
      2783,      1033,  1.354402203837E+02,  0.3712
      2784,      1034,  1.354402172282E+02,  0.3714
      2788,      1035,  1.354268336524E+02,  0.3712
      2792,      1036,  1.354179468698E+02,  0.3711
      2797,      1037,  1.354022904538E+02,  0.3708
      2802,      1038,  1.353576463404E+02,  0.3704
      2804,      1039,  1.353568585800E+02,  0.3705
      2812,      1040,  1.353513264990E+02,  0.3698
      2816,      1041,  1.353471779071E+02,  0.3697
      2822,      1042,  1.353431977180E+02,  0.3692
      2824,      1043,  1.353162430522E+02,  0.3693
      2828,      1044,  1.353137970534E+02,  0.3692
      2830,      1045,  1.353095208715E+02,  0.3693
      2831,      1046,  1.353072299130E+02,  0.3695
      2833,      1047,  1.352978062690E+02,  0.3696
      2834,      1048,  1.352973656233E+02,  0.3698
      2835,      1049,  1.352853394806E+02,  0.3700
      2837,      1050,  1.352708387508E+02,  0.3701
      2843,      1051,  1.352680194070E+02,  0.3697
      2844,      1052,  1.352634313042E+02,  0.3699
      2846,      1053,  1.352507463597E+02,  0.3700
      2847,      1054,  1.352458417659E+02,  0.3702
      2848,      1055,  1.352127234572E+02,  0.3704
      2849,      1056,  1.352013392640E+02,  0.3707
      2850,      1057,  1.351519066821E+02,  0.3709
      2856,      1058,  1.351477275595E+02,  0.3704
      2861,      1059,  1.351348139313E+02,  0.3702
      2871,      1060,  1.351281334447E+02,  0.3692
      2877,      1061,  1.350962559936E+02,  0.3688
      2879,      1062,  1.350782406079E+02,  0.3689
      2881,      1063,  1.350727784168E+02,  0.3690
      2884,      1064,  1.349902189755E+02,  0.3689
      2886,      1065,  1.349773626792E+02,  0.3690
      2891,      1066,  1.349751209964E+02,  0.3687
      2893,      1067,  1.349598031553E+02,  0.3688
      2895,      1068,  1.349590794947E+02,  0.3689
      2896,      1069,  1.349140986056E+02,  0.3691
      2904,      1070,  1.349068011645E+02,  0.3685
      2906,      1071,  1.348600068243E+02,  0.3685
      2911,      1072,  1.348520043521E+02,  0.3683
      2917,      1073,  1.348335987210E+02,  0.3678
      2918,      1074,  1.347989513841E+02,  0.3681
      2922,      1075,  1.347793912687E+02,  0.3679
      2925,      1076,  1.347633168172E+02,  0.3679
      2926,      1077,  1.347222338202E+02,  0.3681
      2927,      1078,  1.346728155917E+02,  0.3683
      2929,      1079,  1.346402646802E+02,  0.3684
      2933,      1080,  1.346066144730E+02,  0.3682
      2940,      1081,  1.346049330898E+02,  0.3677
      2948,      1082,  1.345923155693E+02,  0.3670
      2951,      1083,  1.345567670839E+02,  0.3670
      2957,      1084,  1.345450532886E+02,  0.3666
      2958,      1085,  1.345372904077E+02,  0.3668
      2959,      1086,  1.345314673097E+02,  0.3670
      2963,      1087,  1.345306779117E+02,  0.3669
      2965,      1088,  1.345196997839E+02,  0.3669
      2969,      1089,  1.345157580449E+02,  0.3668
      2972,      1090,  1.344935113984E+02,  0.3668
      2978,      1091,  1.344928455853E+02,  0.3664
      2987,      1092,  1.344883811899E+02,  0.3656
      2989,      1093,  1.344876571906E+02,  0.3657
      2990,      1094,  1.344328402326E+02,  0.3659
      2993,      1095,  1.344037101465E+02,  0.3659
      2996,      1096,  1.343815735982E+02,  0.3658
      2998,      1097,  1.343499331910E+02,  0.3659
      2999,      1098,  1.343464620074E+02,  0.3661
      3003,      1099,  1.343311058733E+02,  0.3660
      3007,      1100,  1.343186245612E+02,  0.3658
      3009,      1101,  1.343115674530E+02,  0.3659
      3010,      1102,  1.343046300877E+02,  0.3661
      3016,      1103,  1.342933614136E+02,  0.3657
      3019,      1104,  1.342819825238E+02,  0.3657
      3020,      1105,  1.342738092461E+02,  0.3659
      3028,      1106,  1.341859154904E+02,  0.3653
      3034,      1107,  1.341839770363E+02,  0.3649
      3053,      1108,  1.341789808053E+02,  0.3629
      3056,      1109,  1.341777140033E+02,  0.3629
      3062,      1110,  1.341635711536E+02,  0.3625
      3067,      1111,  1.341625199556E+02,  0.3622
      3073,      1112,  1.341462977349E+02,  0.3619
      3075,      1113,  1.341200172865E+02,  0.3620
      3077,      1114,  1.340711019315E+02,  0.3620
      3078,      1115,  1.340200915615E+02,  0.3622
      3082,      1116,  1.340195651972E+02,  0.3621
      3087,      1117,  1.340046526858E+02,  0.3618
      3093,      1118,  1.340040362590E+02,  0.3615
      3095,      1119,  1.340030545418E+02,  0.3616
      3096,      1120,  1.339613003515E+02,  0.3618
      3107,      1121,  1.338884470153E+02,  0.3608
      3109,      1122,  1.338883562968E+02,  0.3609
      3110,      1123,  1.338878608111E+02,  0.3611
      3114,      1124,  1.338830674903E+02,  0.3610
      3120,      1125,  1.338816348589E+02,  0.3606
      3123,      1126,  1.338809536965E+02,  0.3606
      3125,      1127,  1.338720611298E+02,  0.3606
      3131,      1128,  1.338551218335E+02,  0.3603
      3132,      1129,  1.338471522642E+02,  0.3605
      3142,      1130,  1.337292326443E+02,  0.3596
      3143,      1131,  1.337009777855E+02,  0.3598
      3145,      1132,  1.336987468810E+02,  0.3599
      3148,      1133,  1.336986517398E+02,  0.3599
      3153,      1134,  1.336399410313E+02,  0.3597
      3157,      1135,  1.336192917341E+02,  0.3595
      3160,      1136,  1.336021538712E+02,  0.3595
      3161,      1137,  1.335882866904E+02,  0.3597
      3162,      1138,  1.335821025105E+02,  0.3599
      3166,      1139,  1.335676264815E+02,  0.3598
      3175,      1140,  1.335216149081E+02,  0.3591
      3180,      1141,  1.335188014807E+02,  0.3588
      3187,      1142,  1.335184033659E+02,  0.3583
      3190,      1143,  1.335090246493E+02,  0.3583
      3197,      1144,  1.335022658245E+02,  0.3578
      3200,      1145,  1.334817690386E+02,  0.3578
      3207,      1146,  1.334769744460E+02,  0.3573
      3208,      1147,  1.334707518801E+02,  0.3575
      3221,      1148,  1.334698946766E+02,  0.3564
      3229,      1149,  1.334659560901E+02,  0.3558
      3232,      1150,  1.334448546983E+02,  0.3558
      3237,      1151,  1.334377858326E+02,  0.3556
      3240,      1152,  1.334264009026E+02,  0.3556
      3249,      1153,  1.334044753202E+02,  0.3549
      3254,      1154,  1.333923811019E+02,  0.3546
      3257,      1155,  1.333881419649E+02,  0.3546
      3261,      1156,  1.333866439928E+02,  0.3545
      3271,      1157,  1.333519381585E+02,  0.3537
      3275,      1158,  1.333503348826E+02,  0.3536
      3281,      1159,  1.332711941584E+02,  0.3532
      3287,      1160,  1.332544581871E+02,  0.3529
      3304,      1161,  1.332479811641E+02,  0.3514
      3307,      1162,  1.332424829563E+02,  0.3514
      3312,      1163,  1.332370737124E+02,  0.3511
      3315,      1164,  1.332367854674E+02,  0.3511
      3321,      1165,  1.331716015566E+02,  0.3508
      3322,      1166,  1.331665220600E+02,  0.3510
      3323,      1167,  1.331641022914E+02,  0.3512
      3331,      1168,  1.331560516225E+02,  0.3506
      3332,      1169,  1.331550525348E+02,  0.3508
      3334,      1170,  1.331285075334E+02,  0.3509
      3335,      1171,  1.331279822903E+02,  0.3511
      3339,      1172,  1.330440767982E+02,  0.3510
      3347,      1173,  1.330250976137E+02,  0.3505
      3355,      1174,  1.330196328085E+02,  0.3499
      3359,      1175,  1.330166656327E+02,  0.3498
      3364,      1176,  1.329795651208E+02,  0.3496
      3365,      1177,  1.329750155592E+02,  0.3498
      3370,      1178,  1.329379301453E+02,  0.3496
      3377,      1179,  1.328977577954E+02,  0.3491
      3382,      1180,  1.328809653773E+02,  0.3489
      3387,      1181,  1.328779872440E+02,  0.3487
      3388,      1182,  1.328765425047E+02,  0.3489
      3402,      1183,  1.328618451059E+02,  0.3477
      3405,      1184,  1.328611724458E+02,  0.3477
      3409,      1185,  1.328603423025E+02,  0.3476
      3410,      1186,  1.328600837080E+02,  0.3478
      3417,      1187,  1.328495159727E+02,  0.3474
      3418,      1188,  1.328421474186E+02,  0.3476
      3419,      1189,  1.328363000665E+02,  0.3478
      3422,      1190,  1.328300065004E+02,  0.3477
      3425,      1191,  1.328293912625E+02,  0.3477
      3438,      1192,  1.327944281844E+02,  0.3467
      3439,      1193,  1.327866580845E+02,  0.3469
      3443,      1194,  1.327715354971E+02,  0.3468
      3446,      1195,  1.327365144820E+02,  0.3468
      3457,      1196,  1.327319198611E+02,  0.3460
      3460,      1197,  1.327309916129E+02,  0.3460
      3461,      1198,  1.326566220249E+02,  0.3461
      3462,      1199,  1.326446932019E+02,  0.3463
      3470,      1200,  1.326442683934E+02,  0.3458
      3472,      1201,  1.326427864489E+02,  0.3459
      3480,      1202,  1.326392878279E+02,  0.3454
      3481,      1203,  1.326338944497E+02,  0.3456
      3486,      1204,  1.326322121646E+02,  0.3454
      3488,      1205,  1.326229231897E+02,  0.3455
      3490,      1206,  1.326206993053E+02,  0.3456
      3496,      1207,  1.326178027777E+02,  0.3453
      3497,      1208,  1.326069650354E+02,  0.3454
      3504,      1209,  1.325580042466E+02,  0.3450
      3506,      1210,  1.325162158102E+02,  0.3451
      3507,      1211,  1.325146061934E+02,  0.3453
      3509,      1212,  1.324643834871E+02,  0.3454
      3512,      1213,  1.324625204267E+02,  0.3454
      3513,      1214,  1.324609995543E+02,  0.3456
      3515,      1215,  1.324515824460E+02,  0.3457
      3522,      1216,  1.324432061513E+02,  0.3453
      3528,      1217,  1.324423449410E+02,  0.3450
      3539,      1218,  1.324392419265E+02,  0.3442
      3548,      1219,  1.324383189760E+02,  0.3436
      3558,      1220,  1.324369686599E+02,  0.3429
      3559,      1221,  1.323178427262E+02,  0.3431
      3567,      1222,  1.323112819305E+02,  0.3426
      3568,      1223,  1.322888803937E+02,  0.3428
      3572,      1224,  1.322834480178E+02,  0.3427
      3574,      1225,  1.322830581810E+02,  0.3428
      3580,      1226,  1.322762716444E+02,  0.3425
      3581,      1227,  1.322596898222E+02,  0.3426
      3592,      1228,  1.322458897641E+02,  0.3419
      3593,      1229,  1.322290075634E+02,  0.3421
      3594,      1230,  1.322279936511E+02,  0.3422
      3596,      1231,  1.322166831417E+02,  0.3423
      3597,      1232,  1.322158157983E+02,  0.3425
      3606,      1233,  1.322123379405E+02,  0.3419
      3607,      1234,  1.321979936230E+02,  0.3421
      3609,      1235,  1.321861551492E+02,  0.3422
      3612,      1236,  1.321692464184E+02,  0.3422
      3613,      1237,  1.321682188772E+02,  0.3424
      3614,      1238,  1.321621667568E+02,  0.3426
      3616,      1239,  1.321589293920E+02,  0.3426
      3619,      1240,  1.321563403742E+02,  0.3426
      3630,      1241,  1.321437979038E+02,  0.3419
      3633,      1242,  1.321357544882E+02,  0.3419
      3640,      1243,  1.321205867950E+02,  0.3415
      3646,      1244,  1.320964871701E+02,  0.3412
      3652,      1245,  1.320962703805E+02,  0.3409
      3654,      1246,  1.320849000768E+02,  0.3410
      3655,      1247,  1.320841183253E+02,  0.3412
      3656,      1248,  1.320185070945E+02,  0.3414
      3657,      1249,  1.320184053442E+02,  0.3415
      3658,      1250,  1.320064749340E+02,  0.3417
      3661,      1251,  1.320058170275E+02,  0.3417
      3665,      1252,  1.319908842618E+02,  0.3416
      3668,      1253,  1.319818052583E+02,  0.3416
      3675,      1254,  1.319806642788E+02,  0.3412
      3679,      1255,  1.319651414519E+02,  0.3411
      3681,      1256,  1.319471123629E+02,  0.3412
      3691,      1257,  1.319417680014E+02,  0.3406
      3693,      1258,  1.319351299940E+02,  0.3406
      3695,      1259,  1.319292803668E+02,  0.3407
      3699,      1260,  1.319163280206E+02,  0.3406
      3702,      1261,  1.318660885694E+02,  0.3406
      3703,      1262,  1.318622080243E+02,  0.3408
      3710,      1263,  1.318586834698E+02,  0.3404
      3716,      1264,  1.318578935305E+02,  0.3402
      3717,      1265,  1.318574789813E+02,  0.3403
      3726,      1266,  1.318331910706E+02,  0.3398
      3732,      1267,  1.318326367938E+02,  0.3395
      3739,      1268,  1.318310953442E+02,  0.3391
      3742,      1269,  1.318300089974E+02,  0.3391
      3746,      1270,  1.318235265952E+02,  0.3390
      3752,      1271,  1.318130279885E+02,  0.3388
      3756,      1272,  1.318103294701E+02,  0.3387
      3760,      1273,  1.316912942331E+02,  0.3386
      3762,      1274,  1.316893896374E+02,  0.3386
      3782,      1275,  1.316841287389E+02,  0.3371
      3785,      1276,  1.316802075289E+02,  0.3371
      3786,      1277,  1.316801827942E+02,  0.3373
      3788,      1278,  1.316760365311E+02,  0.3374
      3789,      1279,  1.316750219662E+02,  0.3376
      3795,      1280,  1.316744973659E+02,  0.3373
      3798,      1281,  1.316743715865E+02,  0.3373
      3799,      1282,  1.316736392379E+02,  0.3375
      3801,      1283,  1.316685897045E+02,  0.3375
      3811,      1284,  1.316113886815E+02,  0.3369
      3813,      1285,  1.316064278533E+02,  0.3370
      3814,      1286,  1.316022932992E+02,  0.3372
      3817,      1287,  1.315984984316E+02,  0.3372
      3822,      1288,  1.315971946858E+02,  0.3370
      3824,      1289,  1.315900145593E+02,  0.3371
      3831,      1290,  1.315896979338E+02,  0.3367
      3832,      1291,  1.315894149053E+02,  0.3369
      3837,      1292,  1.315851994810E+02,  0.3367
      3841,      1293,  1.315820609775E+02,  0.3366
      3851,      1294,  1.315646761160E+02,  0.3360
      3855,      1295,  1.315021681609E+02,  0.3359
      3857,      1296,  1.314978027315E+02,  0.3360
      3859,      1297,  1.314954359273E+02,  0.3361
      3860,      1298,  1.314953494159E+02,  0.3363
      3863,      1299,  1.314924137259E+02,  0.3363
      3870,      1300,  1.314673776365E+02,  0.3359
      3871,      1301,  1.314571377820E+02,  0.3361
      3872,      1302,  1.314558115073E+02,  0.3363
      3874,      1303,  1.314486704445E+02,  0.3363
      3884,      1304,  1.314439258893E+02,  0.3357
      3897,      1305,  1.314413459840E+02,  0.3349
      3898,      1306,  1.314147223417E+02,  0.3350
      3900,      1307,  1.314124940383E+02,  0.3351
      3905,      1308,  1.314097513745E+02,  0.3350
      3907,      1309,  1.314091438477E+02,  0.3350
      3911,      1310,  1.314080395338E+02,  0.3350
      3916,      1311,  1.314074650159E+02,  0.3348
      3922,      1312,  1.312932498039E+02,  0.3345
      3936,      1313,  1.312916158303E+02,  0.3336
      3947,      1314,  1.312902437581E+02,  0.3329
      3949,      1315,  1.312720477725E+02,  0.3330
      3960,      1316,  1.312629040996E+02,  0.3323
      3962,      1317,  1.312602411287E+02,  0.3324
      3970,      1318,  1.312538870670E+02,  0.3320
      3976,      1319,  1.312504378177E+02,  0.3317
      3984,      1320,  1.312428545977E+02,  0.3313
      3985,      1321,  1.311903536942E+02,  0.3315
      3989,      1322,  1.311780857817E+02,  0.3314
      3991,      1323,  1.311022535028E+02,  0.3315
      3992,      1324,  1.310912931906E+02,  0.3317
      3994,      1325,  1.310894739547E+02,  0.3317
      4000,      1326,  1.310881407470E+02,  0.3315
      4006,      1327,  1.310823504323E+02,  0.3313
      4010,      1328,  1.310637406740E+02,  0.3312
      4029,      1329,  1.310632456886E+02,  0.3299
      4033,      1330,  1.310615591541E+02,  0.3298
      4035,      1331,  1.310537406778E+02,  0.3299
      4039,      1332,  1.310396559923E+02,  0.3298
      4044,      1333,  1.310390695839E+02,  0.3296
      4048,      1334,  1.310272044951E+02,  0.3295
      4057,      1335,  1.310264944376E+02,  0.3291
      4061,      1336,  1.310245935836E+02,  0.3290
      4065,      1337,  1.310244147874E+02,  0.3289
      4069,      1338,  1.310088139820E+02,  0.3288
      4071,      1339,  1.309968447589E+02,  0.3289
      4080,      1340,  1.309961864143E+02,  0.3284
      4091,      1341,  1.309865588836E+02,  0.3278
      4108,      1342,  1.309840313620E+02,  0.3267
      4113,      1343,  1.309753132540E+02,  0.3265
      4116,      1344,  1.309647908056E+02,  0.3265
      4121,      1345,  1.309502852462E+02,  0.3264
      4123,      1346,  1.309476592988E+02,  0.3265
      4127,      1347,  1.309452904928E+02,  0.3264
      4130,      1348,  1.309438379633E+02,  0.3264
      4133,      1349,  1.309431857728E+02,  0.3264
      4134,      1350,  1.309053321327E+02,  0.3266
      4138,      1351,  1.309031690818E+02,  0.3265
      4139,      1352,  1.309019415709E+02,  0.3266
      4147,      1353,  1.309010435608E+02,  0.3263
      4150,      1354,  1.308153207607E+02,  0.3263
      4155,      1355,  1.308121572036E+02,  0.3261
      4164,      1356,  1.307877632233E+02,  0.3256
      4168,      1357,  1.307874683427E+02,  0.3256
      4170,      1358,  1.307872523894E+02,  0.3257
      4171,      1359,  1.307865096621E+02,  0.3258
      4172,      1360,  1.307758456220E+02,  0.3260
      4176,      1361,  1.307492422376E+02,  0.3259
      4178,      1362,  1.307405416878E+02,  0.3260
      4180,      1363,  1.307361708817E+02,  0.3261
      4186,      1364,  1.307357364377E+02,  0.3258
      4188,      1365,  1.307198940239E+02,  0.3259
      4191,      1366,  1.306979198632E+02,  0.3259
      4192,      1367,  1.306806629505E+02,  0.3261
      4197,      1368,  1.306749714891E+02,  0.3259
      4199,      1369,  1.306336985287E+02,  0.3260
      4200,      1370,  1.306319293131E+02,  0.3262
      4201,      1371,  1.306238165866E+02,  0.3264
      4204,      1372,  1.306039189170E+02,  0.3264
      4213,      1373,  1.305989412324E+02,  0.3259
      4222,      1374,  1.305586638432E+02,  0.3254
      4247,      1375,  1.305462559729E+02,  0.3238
      4251,      1376,  1.304212103408E+02,  0.3237
      4260,      1377,  1.304192562678E+02,  0.3232
      4280,      1378,  1.303653470571E+02,  0.3220
      4281,      1379,  1.303334564573E+02,  0.3221
      4282,      1380,  1.303330281954E+02,  0.3223
      4290,      1381,  1.302988295276E+02,  0.3219
      4292,      1382,  1.302981007083E+02,  0.3220
      4296,      1383,  1.302933583384E+02,  0.3219
      4309,      1384,  1.302919275635E+02,  0.3212
      4312,      1385,  1.302411921132E+02,  0.3212
      4323,      1386,  1.302391217751E+02,  0.3206
      4350,      1387,  1.302279940236E+02,  0.3189
      4355,      1388,  1.302275090263E+02,  0.3187
      4363,      1389,  1.302267356572E+02,  0.3184
      4365,      1390,  1.302201898531E+02,  0.3184
      4367,      1391,  1.302168140076E+02,  0.3185
      4373,      1392,  1.302147156505E+02,  0.3183
      4378,      1393,  1.302142728566E+02,  0.3182
      4382,      1394,  1.302111182547E+02,  0.3181
      4388,      1395,  1.302102121649E+02,  0.3179
      4392,      1396,  1.302098590679E+02,  0.3179
      4396,      1397,  1.301855478803E+02,  0.3178
      4397,      1398,  1.301807450923E+02,  0.3179
      4411,      1399,  1.301314179031E+02,  0.3172
      4412,      1400,  1.301313694867E+02,  0.3173
      4413,      1401,  1.301252905495E+02,  0.3175
      4419,      1402,  1.301203528620E+02,  0.3173
      4420,      1403,  1.301190789933E+02,  0.3174
      4426,      1404,  1.300824141621E+02,  0.3172
      4430,      1405,  1.300783970378E+02,  0.3172
      4431,      1406,  1.300758836523E+02,  0.3173
      4435,      1407,  1.300651324905E+02,  0.3172
      4444,      1408,  1.300311119685E+02,  0.3168
      4449,      1409,  1.300261768639E+02,  0.3167
      4453,      1410,  1.300232462616E+02,  0.3166
      4454,      1411,  1.300178040582E+02,  0.3168
      4461,      1412,  1.300173289998E+02,  0.3165
      4465,      1413,  1.300160660826E+02,  0.3165
      4473,      1414,  1.299964309624E+02,  0.3161
      4478,      1415,  1.299958704574E+02,  0.3160
      4484,      1416,  1.299956544214E+02,  0.3158
      4488,      1417,  1.299891010837E+02,  0.3157
      4493,      1418,  1.299483918071E+02,  0.3156
      4497,      1419,  1.299379393300E+02,  0.3155
      4503,      1420,  1.299336586750E+02,  0.3153
      4510,      1421,  1.299096308613E+02,  0.3151
      4526,      1422,  1.298606233911E+02,  0.3142
      4529,      1423,  1.298353451464E+02,  0.3142
      4530,      1424,  1.298062972073E+02,  0.3143
      4533,      1425,  1.298056894883E+02,  0.3144
      4541,      1426,  1.298050903789E+02,  0.3140
      4544,      1427,  1.297224266896E+02,  0.3140
      4545,      1428,  1.297208239760E+02,  0.3142
      4546,      1429,  1.297171960742E+02,  0.3143
      4548,      1430,  1.296988566248E+02,  0.3144
      4555,      1431,  1.296984882755E+02,  0.3142
      4562,      1432,  1.296961761590E+02,  0.3139
      4566,      1433,  1.296662825468E+02,  0.3138
      4568,      1434,  1.296586749264E+02,  0.3139
      4573,      1435,  1.296577583313E+02,  0.3138
      4574,      1436,  1.296310075283E+02,  0.3139
      4577,      1437,  1.296224363947E+02,  0.3140
      4592,      1438,  1.295885952263E+02,  0.3132
      4597,      1439,  1.295517947304E+02,  0.3130
      4600,      1440,  1.295509710769E+02,  0.3130
      4608,      1441,  1.295498934923E+02,  0.3127
      4610,      1442,  1.295453052935E+02,  0.3128
      4611,      1443,  1.295430893049E+02,  0.3129
      4618,      1444,  1.295088299212E+02,  0.3127
      4621,      1445,  1.294776905989E+02,  0.3127
      4625,      1446,  1.294382432811E+02,  0.3126
      4626,      1447,  1.294227453770E+02,  0.3128
      4628,      1448,  1.294187845886E+02,  0.3129
      4638,      1449,  1.293930123417E+02,  0.3124
      4651,      1450,  1.293906205416E+02,  0.3118
      4652,      1451,  1.293878187421E+02,  0.3119
      4656,      1452,  1.293819169531E+02,  0.3119
      4657,      1453,  1.293434152820E+02,  0.3120
      4663,      1454,  1.293354060946E+02,  0.3118
      4665,      1455,  1.293287283222E+02,  0.3119
      4671,      1456,  1.293283511642E+02,  0.3117
      4674,      1457,  1.292900467953E+02,  0.3117
      4681,      1458,  1.292467154740E+02,  0.3115
      4683,      1459,  1.292440118333E+02,  0.3116
      4686,      1460,  1.292374266982E+02,  0.3116
      4695,      1461,  1.292312886005E+02,  0.3112
      4702,      1462,  1.291989604550E+02,  0.3109
      4706,      1463,  1.291963751189E+02,  0.3109
      4711,      1464,  1.291736169993E+02,  0.3108
      4712,      1465,  1.291727334645E+02,  0.3109
      4719,      1466,  1.291716493962E+02,  0.3107
      4727,      1467,  1.291496356379E+02,  0.3103
      4734,      1468,  1.291134192690E+02,  0.3101
      4736,      1469,  1.291013979146E+02,  0.3102
      4740,      1470,  1.290988535179E+02,  0.3101
      4747,      1471,  1.290618775681E+02,  0.3099
      4755,      1472,  1.290579092618E+02,  0.3096
      4757,      1473,  1.290571023971E+02,  0.3096
      4762,      1474,  1.290567677628E+02,  0.3095
      4778,      1475,  1.290564795365E+02,  0.3087
      4780,      1476,  1.290556516696E+02,  0.3088
      4781,      1477,  1.290161365963E+02,  0.3089
      4786,      1478,  1.290028999811E+02,  0.3088
      4789,      1479,  1.290018871166E+02,  0.3088
      4790,      1480,  1.289528350998E+02,  0.3090
      4798,      1481,  1.289518751520E+02,  0.3087
      4802,      1482,  1.289183690040E+02,  0.3086
      4804,      1483,  1.289176175808E+02,  0.3087
      4823,      1484,  1.289034021073E+02,  0.3077
      4830,      1485,  1.289022231056E+02,  0.3075
      4834,      1486,  1.288951424143E+02,  0.3074
      4844,      1487,  1.288941522405E+02,  0.3070
      4846,      1488,  1.288915287453E+02,  0.3071
      4847,      1489,  1.288896695500E+02,  0.3072
      4854,      1490,  1.288843698930E+02,  0.3070
      4862,      1491,  1.288812765172E+02,  0.3067
      4869,      1492,  1.288792308893E+02,  0.3064
      4872,      1493,  1.288785843395E+02,  0.3064
      4875,      1494,  1.288683560730E+02,  0.3065
      4876,      1495,  1.288680772991E+02,  0.3066
      4877,      1496,  1.288664230372E+02,  0.3067
      4881,      1497,  1.288634419389E+02,  0.3067
      4897,      1498,  1.288622284285E+02,  0.3059
      4906,      1499,  1.288577707962E+02,  0.3055
      4911,      1500,  1.288530302052E+02,  0.3054
      4914,      1501,  1.288486994759E+02,  0.3055
      4917,      1502,  1.288160760489E+02,  0.3055
      4921,      1503,  1.288138405253E+02,  0.3054
      4923,      1504,  1.288041718615E+02,  0.3055
      4924,      1505,  1.288034014641E+02,  0.3056
      4938,      1506,  1.288016920343E+02,  0.3050
      4942,      1507,  1.287950594123E+02,  0.3049
      4944,      1508,  1.287945224397E+02,  0.3050
      4950,      1509,  1.287940214175E+02,  0.3048
      4959,      1510,  1.287939989488E+02,  0.3045
      4960,      1511,  1.287936701741E+02,  0.3046
      4970,      1512,  1.287930186224E+02,  0.3042
      4977,      1513,  1.287868345735E+02,  0.3040
      4978,      1514,  1.287774860063E+02,  0.3041
      4983,      1515,  1.287769132163E+02,  0.3040
      4986,      1516,  1.287629184046E+02,  0.3041
      4987,      1517,  1.287534553364E+02,  0.3042
      4989,      1518,  1.287483229469E+02,  0.3043
      4991,      1519,  1.287447403775E+02,  0.3043
      4996,      1520,  1.286786318817E+02,  0.3042
      4998,      1521,  1.286722543627E+02,  0.3043
      5005,      1522,  1.286599432556E+02,  0.3041
      5006,      1523,  1.286596232112E+02,  0.3042
      5008,      1524,  1.286585392615E+02,  0.3043
      5012,      1525,  1.286515223310E+02,  0.3043
      5017,      1526,  1.286513267398E+02,  0.3042
      5018,      1527,  1.286484203796E+02,  0.3043
      5024,      1528,  1.286444240148E+02,  0.3041
      5025,      1529,  1.286437736516E+02,  0.3043
      5029,      1530,  1.286413333731E+02,  0.3042
      5047,      1531,  1.286366857259E+02,  0.3033
      5063,      1532,  1.285922240334E+02,  0.3026
      5067,      1533,  1.285907551359E+02,  0.3025
      5072,      1534,  1.285886360406E+02,  0.3024
      5089,      1535,  1.285882596241E+02,  0.3016
      5102,      1536,  1.285548702143E+02,  0.3011
      5103,      1537,  1.285528380981E+02,  0.3012
      5113,      1538,  1.285247127460E+02,  0.3008
      5116,      1539,  1.285237560917E+02,  0.3008
      5127,      1540,  1.285228537778E+02,  0.3004
      5134,      1541,  1.285227391803E+02,  0.3002
      5136,      1542,  1.285226265417E+02,  0.3002
      5140,      1543,  1.284382775400E+02,  0.3002
      5141,      1544,  1.284375954552E+02,  0.3003
      5148,      1545,  1.284370671215E+02,  0.3001
      5149,      1546,  1.284367800549E+02,  0.3003
      5154,      1547,  1.284245029134E+02,  0.3002
      5160,      1548,  1.284190517245E+02,  0.3000
      5175,      1549,  1.284190477270E+02,  0.2993
      5180,      1550,  1.284183863535E+02,  0.2992
      5181,      1551,  1.284179225610E+02,  0.2994
      5194,      1552,  1.283937930123E+02,  0.2988
      5209,      1553,  1.283893643181E+02,  0.2981
      5210,      1554,  1.283888668739E+02,  0.2983
      5212,      1555,  1.283823501071E+02,  0.2983
      5213,      1556,  1.283725112263E+02,  0.2985
      5219,      1557,  1.283717286427E+02,  0.2983
      5226,      1558,  1.283715790766E+02,  0.2981
      5228,      1559,  1.283552346999E+02,  0.2982
      5230,      1560,  1.283539424005E+02,  0.2983
      5231,      1561,  1.283482190693E+02,  0.2984
      5237,      1562,  1.283430402772E+02,  0.2983
      5254,      1563,  1.283424307213E+02,  0.2975
      5260,      1564,  1.283044754153E+02,  0.2973
      5266,      1565,  1.282978979550E+02,  0.2972
      5271,      1566,  1.282871838150E+02,  0.2971
      5277,      1567,  1.282865603971E+02,  0.2969
      5281,      1568,  1.282849589174E+02,  0.2969
      5295,      1569,  1.282712446508E+02,  0.2963
      5298,      1570,  1.282599413814E+02,  0.2963
      5301,      1571,  1.282597787898E+02,  0.2964
      5308,      1572,  1.282590160736E+02,  0.2962
      5313,      1573,  1.282542671757E+02,  0.2961
      5320,      1574,  1.282526759011E+02,  0.2959
      5323,      1575,  1.282340031676E+02,  0.2959
      5330,      1576,  1.282339559371E+02,  0.2957
      5333,      1577,  1.282313679803E+02,  0.2957
      5337,      1578,  1.282299986138E+02,  0.2957
      5341,      1579,  1.282250176287E+02,  0.2956
      5345,      1580,  1.282230067405E+02,  0.2956
      5364,      1581,  1.282128881016E+02,  0.2947
      5373,      1582,  1.281979132231E+02,  0.2944
      5379,      1583,  1.281926431875E+02,  0.2943
      5380,      1584,  1.281915419300E+02,  0.2944
      5381,      1585,  1.281893379604E+02,  0.2946
      5382,      1586,  1.281846611239E+02,  0.2947
      5383,      1587,  1.281437638789E+02,  0.2948
      5394,      1588,  1.281428009221E+02,  0.2944
      5403,      1589,  1.281417490327E+02,  0.2941
      5424,      1590,  1.281399806715E+02,  0.2931
      5431,      1591,  1.281399597987E+02,  0.2929
      5435,      1592,  1.280851159889E+02,  0.2929
      5437,      1593,  1.280843003606E+02,  0.2930
      5444,      1594,  1.280821099943E+02,  0.2928
      5451,      1595,  1.280690766883E+02,  0.2926
      5453,      1596,  1.280644912572E+02,  0.2927
      5468,      1597,  1.280544125112E+02,  0.2921
      5471,      1598,  1.280543586269E+02,  0.2921
      5473,      1599,  1.280542077137E+02,  0.2922
      5474,      1600,  1.280463792064E+02,  0.2923
      5476,      1601,  1.280463025247E+02,  0.2924
      5477,      1602,  1.280452640940E+02,  0.2925
      5480,      1603,  1.280425532059E+02,  0.2925
      5482,      1604,  1.280422553764E+02,  0.2926
      5491,      1605,  1.280409678653E+02,  0.2923
      5509,      1606,  1.280408490732E+02,  0.2915
      5510,      1607,  1.280367896377E+02,  0.2917
      5511,      1608,  1.280365585457E+02,  0.2918
      5512,      1609,  1.280228707669E+02,  0.2919
      5516,      1610,  1.280227310823E+02,  0.2919
      5527,      1611,  1.279860157508E+02,  0.2915
      5530,      1612,  1.279845931180E+02,  0.2915
      5532,      1613,  1.279811843584E+02,  0.2916
      5554,      1614,  1.279804895435E+02,  0.2906
      5569,      1615,  1.279785162134E+02,  0.2900
      5577,      1616,  1.279757013831E+02,  0.2898
      5587,      1617,  1.279591851893E+02,  0.2894
      5588,      1618,  1.279579388853E+02,  0.2895
      5610,      1619,  1.279532521981E+02,  0.2886
      5614,      1620,  1.279532186253E+02,  0.2886
      5615,      1621,  1.279526288055E+02,  0.2887
      5623,      1622,  1.279518089482E+02,  0.2885
      5627,      1623,  1.279511636396E+02,  0.2884
      5636,      1624,  1.278818494737E+02,  0.2881
      5644,      1625,  1.278539036574E+02,  0.2879
      5647,      1626,  1.278451283406E+02,  0.2879
      5666,      1627,  1.278006612234E+02,  0.2872
      5669,      1628,  1.278003385414E+02,  0.2872
      5671,      1629,  1.277849665411E+02,  0.2873
      5674,      1630,  1.277812169569E+02,  0.2873
      5686,      1631,  1.277779584915E+02,  0.2868
      5687,      1632,  1.277759824985E+02,  0.2870
      5690,      1633,  1.277745067599E+02,  0.2870
      5703,      1634,  1.277743923569E+02,  0.2865
      5712,      1635,  1.277741655003E+02,  0.2862
      5720,      1636,  1.277738566393E+02,  0.2860
      5723,      1637,  1.277736429226E+02,  0.2860
      5724,      1638,  1.277725685142E+02,  0.2862
      5729,      1639,  1.277247034931E+02,  0.2861
      5739,      1640,  1.277228478305E+02,  0.2858
      5743,      1641,  1.277185636106E+02,  0.2857
      5757,      1642,  1.277173726647E+02,  0.2852
      5764,      1643,  1.276729700700E+02,  0.2850
      5768,      1644,  1.276725722744E+02,  0.2850
      5774,      1645,  1.276517305592E+02,  0.2849
      5778,      1646,  1.276508744537E+02,  0.2849
      5789,      1647,  1.276344715312E+02,  0.2845
      5798,      1648,  1.276177967519E+02,  0.2842
      5799,      1649,  1.276177568515E+02,  0.2844
      5801,      1650,  1.276165287515E+02,  0.2844
      5810,      1651,  1.276162786140E+02,  0.2842
      5829,      1652,  1.276129084042E+02,  0.2834
      5834,      1653,  1.276101094009E+02,  0.2833
      5841,      1654,  1.276100137323E+02,  0.2832
      5842,      1655,  1.275947425737E+02,  0.2833
      5850,      1656,  1.275819177466E+02,  0.2831
      5859,      1657,  1.275617579919E+02,  0.2828
      5871,      1658,  1.275431054541E+02,  0.2824
      5878,      1659,  1.275261998824E+02,  0.2822
      5882,      1660,  1.275257370384E+02,  0.2822
      5885,      1661,  1.275256650364E+02,  0.2822
      5892,      1662,  1.275245849369E+02,  0.2821
      5915,      1663,  1.275220043258E+02,  0.2811
      5916,      1664,  1.275217820366E+02,  0.2813
      5920,      1665,  1.275216189190E+02,  0.2812
      5926,      1666,  1.274906898038E+02,  0.2811
      5932,      1667,  1.274663342051E+02,  0.2810
      5937,      1668,  1.274564943349E+02,  0.2809
      5966,      1669,  1.274497694883E+02,  0.2798
      5985,      1670,  1.274494053989E+02,  0.2790
      5990,      1671,  1.274436934237E+02,  0.2790
      5994,      1672,  1.274211106786E+02,  0.2789
      6009,      1673,  1.274210170963E+02,  0.2784
      6024,      1674,  1.274208593952E+02,  0.2779
      6027,      1675,  1.274208116342E+02,  0.2779
      6031,      1676,  1.274205737385E+02,  0.2779
      6033,      1677,  1.274083244699E+02,  0.2780
      6034,      1678,  1.274080988133E+02,  0.2781
      6039,      1679,  1.274079900432E+02,  0.2780
      6043,      1680,  1.274072245312E+02,  0.2780
      6049,      1681,  1.274070111691E+02,  0.2779
      6053,      1682,  1.274060436001E+02,  0.2779
      6062,      1683,  1.274050144735E+02,  0.2776
      6073,      1684,  1.273763359972E+02,  0.2773
      6077,      1685,  1.273760876682E+02,  0.2773
      6081,      1686,  1.273591180176E+02,  0.2773
      6093,      1687,  1.273371124402E+02,  0.2769
      6094,      1688,  1.273353793746E+02,  0.2770
      6097,      1689,  1.273115489701E+02,  0.2770
      6103,      1690,  1.273110152835E+02,  0.2769
      6105,      1691,  1.273107637356E+02,  0.2770
      6114,      1692,  1.272925931472E+02,  0.2767
      6119,      1693,  1.272923114345E+02,  0.2767
      6142,      1694,  1.272902377253E+02,  0.2758
      6150,      1695,  1.272889675941E+02,  0.2756
      6154,      1696,  1.272864430517E+02,  0.2756
      6160,      1697,  1.272847128294E+02,  0.2755
      6162,      1698,  1.272820799194E+02,  0.2756
      6180,      1699,  1.272819005292E+02,  0.2749
      6184,      1700,  1.272808404844E+02,  0.2749
      6207,      1701,  1.272796897491E+02,  0.2740
      6217,      1702,  1.272787021672E+02,  0.2738
      6225,      1703,  1.272752054340E+02,  0.2736
      6226,      1704,  1.272752012939E+02,  0.2737
      6228,      1705,  1.272747123991E+02,  0.2738
      6232,      1706,  1.272540856370E+02,  0.2737
      6234,      1707,  1.272524755311E+02,  0.2738
      6241,      1708,  1.272455733018E+02,  0.2737
      6242,      1709,  1.272454176492E+02,  0.2738
      6253,      1710,  1.272453535597E+02,  0.2735
      6264,      1711,  1.272185677237E+02,  0.2731
      6266,      1712,  1.272180363952E+02,  0.2732
      6275,      1713,  1.272176762893E+02,  0.2730
      6279,      1714,  1.272170015691E+02,  0.2730
      6286,      1715,  1.272109156130E+02,  0.2728
      6289,      1716,  1.272102007950E+02,  0.2729
      6300,      1717,  1.272101828880E+02,  0.2725
      6316,      1718,  1.272078480156E+02,  0.2720
      6322,      1719,  1.272062654248E+02,  0.2719
      6325,      1720,  1.272061868927E+02,  0.2719
      6328,      1721,  1.272048102494E+02,  0.2720
      6330,      1722,  1.271692123273E+02,  0.2720
      6331,      1723,  1.271690098526E+02,  0.2722
      6339,      1724,  1.271418701026E+02,  0.2720
      6344,      1725,  1.271416996520E+02,  0.2719
      6356,      1726,  1.271099155378E+02,  0.2716
      6367,      1727,  1.270821733710E+02,  0.2712
      6373,      1728,  1.270819908500E+02,  0.2711
      6378,      1729,  1.270684491134E+02,  0.2711
      6383,      1730,  1.270457485267E+02,  0.2710
      6393,      1731,  1.270451937976E+02,  0.2708
      6395,      1732,  1.270449525070E+02,  0.2708
      6402,      1733,  1.270417053034E+02,  0.2707
      6408,      1734,  1.270410226053E+02,  0.2706
      6409,      1735,  1.270383584118E+02,  0.2707
      6410,      1736,  1.270382246677E+02,  0.2708
      6421,      1737,  1.270380747280E+02,  0.2705
      6430,      1738,  1.270378289302E+02,  0.2703
      6433,      1739,  1.270371707131E+02,  0.2703
      6439,      1740,  1.270364968229E+02,  0.2702
      6442,      1741,  1.270349683148E+02,  0.2703
      6451,      1742,  1.270343461815E+02,  0.2700
      6452,      1743,  1.270343429517E+02,  0.2701
      6481,      1744,  1.270312573503E+02,  0.2691
      6489,      1745,  1.270248910469E+02,  0.2689
      6509,      1746,  1.270037507998E+02,  0.2682
      6512,      1747,  1.269951951335E+02,  0.2683
      6513,      1748,  1.269944200624E+02,  0.2684
      6514,      1749,  1.269890755796E+02,  0.2685
      6517,      1750,  1.269608503198E+02,  0.2685
      6519,      1751,  1.269516517046E+02,  0.2686
      6553,      1752,  1.269513396971E+02,  0.2674
      6582,      1753,  1.269504273191E+02,  0.2663
      6584,      1754,  1.269444141313E+02,  0.2664
      6598,      1755,  1.269440518726E+02,  0.2660
      6608,      1756,  1.269363083399E+02,  0.2657
      6611,      1757,  1.268389012762E+02,  0.2658
      6626,      1758,  1.268382674477E+02,  0.2653
      6641,      1759,  1.268297954015E+02,  0.2649
      6643,      1760,  1.268296925716E+02,  0.2649
      6651,      1761,  1.268208914165E+02,  0.2648
      6658,      1762,  1.268191102601E+02,  0.2646
      6660,      1763,  1.268186652485E+02,  0.2647
      6662,      1764,  1.268139122194E+02,  0.2648
      6669,      1765,  1.268136939027E+02,  0.2647
      6673,      1766,  1.268025485434E+02,  0.2646
      6685,      1767,  1.267796691688E+02,  0.2643
      6720,      1768,  1.267532399737E+02,  0.2631
      6737,      1769,  1.267521364561E+02,  0.2626
      6748,      1770,  1.267511587747E+02,  0.2623
      6750,      1771,  1.267434345097E+02,  0.2624
      6754,      1772,  1.267434258902E+02,  0.2624
      6757,      1773,  1.267420974611E+02,  0.2624
      6768,      1774,  1.267395685713E+02,  0.2621
      6777,      1775,  1.267393390210E+02,  0.2619
      6780,      1776,  1.267198197480E+02,  0.2619
      6800,      1777,  1.267198144729E+02,  0.2613
      6806,      1778,  1.267167061435E+02,  0.2612
      6814,      1779,  1.266918915657E+02,  0.2611
      6821,      1780,  1.266806046415E+02,  0.2610
      6827,      1781,  1.266802910441E+02,  0.2609
      6852,      1782,  1.266753292818E+02,  0.2601
      6854,      1783,  1.266728158418E+02,  0.2601
      6875,      1784,  1.266726285382E+02,  0.2595
      6889,      1785,  1.266684218702E+02,  0.2591
      6890,      1786,  1.266684205027E+02,  0.2592
      6894,      1787,  1.266682402014E+02,  0.2592
      6907,      1788,  1.266672318374E+02,  0.2589
      6913,      1789,  1.266660881825E+02,  0.2588
      6929,      1790,  1.266576745392E+02,  0.2583
      6930,      1791,  1.266576575387E+02,  0.2584
      6951,      1792,  1.266561792656E+02,  0.2578
      6958,      1793,  1.266435588374E+02,  0.2577
      6963,      1794,  1.266268070313E+02,  0.2576
      6964,      1795,  1.266263977942E+02,  0.2578
      6970,      1796,  1.266251756461E+02,  0.2577
      6974,      1797,  1.266237434565E+02,  0.2577
      6980,      1798,  1.266232198869E+02,  0.2576
      6997,      1799,  1.266226022665E+02,  0.2571
      7012,      1800,  1.266215466339E+02,  0.2567
      7017,      1801,  1.266214480461E+02,  0.2567
      7018,      1802,  1.266173359914E+02,  0.2568
      7019,      1803,  1.266165705189E+02,  0.2569
      7026,      1804,  1.266142027330E+02,  0.2568
      7034,      1805,  1.266136541712E+02,  0.2566
      7041,      1806,  1.266135674190E+02,  0.2565
      7045,      1807,  1.266079670529E+02,  0.2565
      7046,      1808,  1.266070494570E+02,  0.2566
      7052,      1809,  1.266063631356E+02,  0.2565
      7063,      1810,  1.266057999957E+02,  0.2563
      7072,      1811,  1.266023880806E+02,  0.2561
      7089,      1812,  1.265991798467E+02,  0.2556
      7097,      1813,  1.265883899235E+02,  0.2555
      7107,      1814,  1.265776335724E+02,  0.2552
      7119,      1815,  1.265773499920E+02,  0.2550
      7120,      1816,  1.265768203366E+02,  0.2551
      7121,      1817,  1.265763596655E+02,  0.2552
      7129,      1818,  1.265762860910E+02,  0.2550
      7143,      1819,  1.265761755189E+02,  0.2547
      7161,      1820,  1.265749732490E+02,  0.2542
      7170,      1821,  1.265733401415E+02,  0.2540
      7190,      1822,  1.265711460237E+02,  0.2534
      7191,      1823,  1.265698148295E+02,  0.2535
      7214,      1824,  1.265696100660E+02,  0.2528
      7221,      1825,  1.265493272914E+02,  0.2527
      7236,      1826,  1.265488790144E+02,  0.2523
      7241,      1827,  1.265485966410E+02,  0.2523
      7247,      1828,  1.265217328030E+02,  0.2522
      7273,      1829,  1.265195354653E+02,  0.2515
      7277,      1830,  1.265172107376E+02,  0.2515
      7289,      1831,  1.265167593852E+02,  0.2512
      7302,      1832,  1.265166353732E+02,  0.2509
      7307,      1833,  1.264981233373E+02,  0.2509
      7344,      1834,  1.264662317845E+02,  0.2497
      7357,      1835,  1.264661620768E+02,  0.2494
      7370,      1836,  1.264659585654E+02,  0.2491
      7375,      1837,  1.264516758983E+02,  0.2491
      7414,      1838,  1.264447969477E+02,  0.2479
      7431,      1839,  1.264445827643E+02,  0.2475
      7438,      1840,  1.264435856407E+02,  0.2474
      7478,      1841,  1.264433653252E+02,  0.2462
      7487,      1842,  1.264302800630E+02,  0.2460
      7500,      1843,  1.264293799497E+02,  0.2457
      7515,      1844,  1.264290459240E+02,  0.2454
      7523,      1845,  1.264279874448E+02,  0.2452
      7572,      1846,  1.264228477276E+02,  0.2438
      7573,      1847,  1.263960650480E+02,  0.2439
      7578,      1848,  1.263750348548E+02,  0.2439
      7594,      1849,  1.263742617460E+02,  0.2435
      7626,      1850,  1.263694713466E+02,  0.2426
      7631,      1851,  1.263666318451E+02,  0.2426
      7650,      1852,  1.263659284793E+02,  0.2421
      7664,      1853,  1.263652766570E+02,  0.2418
      7679,      1854,  1.263652168289E+02,  0.2414
      7685,      1855,  1.263651925715E+02,  0.2414
      7690,      1856,  1.263601436655E+02,  0.2414
      7692,      1857,  1.263580031059E+02,  0.2414
      7695,      1858,  1.263578245599E+02,  0.2415
      7720,      1859,  1.263490263356E+02,  0.2408
      7749,      1860,  1.263485953426E+02,  0.2400
      7765,      1861,  1.263485178439E+02,  0.2397
      7768,      1862,  1.263481315311E+02,  0.2397
      7775,      1863,  1.263472912940E+02,  0.2396
      7799,      1864,  1.263469786477E+02,  0.2390
      7800,      1865,  1.263424471782E+02,  0.2391
      7806,      1866,  1.263253361658E+02,  0.2390
      7838,      1867,  1.263239434924E+02,  0.2382
      7843,      1868,  1.263238323758E+02,  0.2382
      7847,      1869,  1.262996830122E+02,  0.2382
      7848,      1870,  1.262897212777E+02,  0.2383
      7852,      1871,  1.262895470663E+02,  0.2383
      7853,      1872,  1.262889041633E+02,  0.2384
      7915,      1873,  1.262885928909E+02,  0.2366
      7917,      1874,  1.262883838814E+02,  0.2367
      7929,      1875,  1.262863432518E+02,  0.2365
      7933,      1876,  1.262862400026E+02,  0.2365
      7938,      1877,  1.262850558278E+02,  0.2365
      7941,      1878,  1.262841034023E+02,  0.2365
      7951,      1879,  1.262833717307E+02,  0.2363
      7966,      1880,  1.262826877446E+02,  0.2360
      7972,      1881,  1.262819805319E+02,  0.2360
      7985,      1882,  1.262807423814E+02,  0.2357
      7995,      1883,  1.262805296229E+02,  0.2355
      7999,      1884,  1.262781833668E+02,  0.2355
      8006,      1885,  1.262781121350E+02,  0.2354
      8012,      1886,  1.262779571474E+02,  0.2354
      8022,      1887,  1.262761123666E+02,  0.2352
      8023,      1888,  1.262759106623E+02,  0.2353
      8028,      1889,  1.262735168099E+02,  0.2353
      8029,      1890,  1.262734170539E+02,  0.2354
      8031,      1891,  1.262520964627E+02,  0.2355
      8056,      1892,  1.262496026614E+02,  0.2349
      8090,      1893,  1.262469616411E+02,  0.2340
      8109,      1894,  1.262462789452E+02,  0.2336
      8117,      1895,  1.262444612195E+02,  0.2335
      8118,      1896,  1.262432015272E+02,  0.2336
      8121,      1897,  1.262431806978E+02,  0.2336
      8125,      1898,  1.262423778110E+02,  0.2336
      8140,      1899,  1.262315223477E+02,  0.2333
      8160,      1900,  1.262313110967E+02,  0.2328
      8170,      1901,  1.262310898613E+02,  0.2327
      8179,      1902,  1.262250659226E+02,  0.2325
      8204,      1903,  1.262248146560E+02,  0.2320
      8225,      1904,  1.262243648723E+02,  0.2315
      8226,      1905,  1.262200875004E+02,  0.2316
      8236,      1906,  1.262196460430E+02,  0.2314
      8282,      1907,  1.262193782557E+02,  0.2303
      8306,      1908,  1.262192532219E+02,  0.2297
      8309,      1909,  1.262183904779E+02,  0.2298
      8325,      1910,  1.262156984243E+02,  0.2294
      8382,      1911,  1.261578849402E+02,  0.2280
      8405,      1912,  1.261502979181E+02,  0.2275
      8454,      1913,  1.260920904585E+02,  0.2263
      8469,      1914,  1.260914842660E+02,  0.2260
      8500,      1915,  1.260912321545E+02,  0.2253
      8512,      1916,  1.260888921296E+02,  0.2251
      8559,      1917,  1.260883242980E+02,  0.2240
      8569,      1918,  1.260867758084E+02,  0.2238
      8575,      1919,  1.260764239079E+02,  0.2238
      8595,      1920,  1.260761938504E+02,  0.2234
      8601,      1921,  1.260750914442E+02,  0.2233
      8607,      1922,  1.260744514501E+02,  0.2233
      8610,      1923,  1.260739613909E+02,  0.2233
      8670,      1924,  1.260734174214E+02,  0.2219
      8681,      1925,  1.260733229880E+02,  0.2217
      8694,      1926,  1.260732172855E+02,  0.2215
      8698,      1927,  1.260716770751E+02,  0.2215
      8705,      1928,  1.260696659086E+02,  0.2215
      8711,      1929,  1.260683757695E+02,  0.2214
      8714,      1930,  1.260672561571E+02,  0.2215
      8747,      1931,  1.260584197249E+02,  0.2208
      8748,      1932,  1.260541483059E+02,  0.2209
      8754,      1933,  1.260536600142E+02,  0.2208
      8775,      1934,  1.260469003781E+02,  0.2204
      8783,      1935,  1.260463101721E+02,  0.2203
      8806,      1936,  1.260448795280E+02,  0.2199
      8810,      1937,  1.260394873508E+02,  0.2199
      8880,      1938,  1.260390817269E+02,  0.2182
      8895,      1939,  1.260371488482E+02,  0.2180
      8914,      1940,  1.260371457695E+02,  0.2176
      8916,      1941,  1.260370192594E+02,  0.2177
      8917,      1942,  1.260359537574E+02,  0.2178
      8918,      1943,  1.260303049609E+02,  0.2179
      8936,      1944,  1.260302299378E+02,  0.2175
      8938,      1945,  1.260296398334E+02,  0.2176
      8957,      1946,  1.260240324462E+02,  0.2173
      8958,      1947,  1.260219402342E+02,  0.2173
      8980,      1948,  1.260212232328E+02,  0.2169
      8982,      1949,  1.260207372266E+02,  0.2170
      9032,      1950,  1.260206903560E+02,  0.2159
      9035,      1951,  1.260003191803E+02,  0.2159
      9036,      1952,  1.259991229953E+02,  0.2160
      9049,      1953,  1.259988354789E+02,  0.2158
      9063,      1954,  1.259976799690E+02,  0.2156
      9065,      1955,  1.259976648685E+02,  0.2157
      9068,      1956,  1.259976602704E+02,  0.2157
      9077,      1957,  1.259973993537E+02,  0.2156
      9081,      1958,  1.259973840825E+02,  0.2156
      9089,      1959,  1.259968706820E+02,  0.2155
      9103,      1960,  1.259573176305E+02,  0.2153
      9124,      1961,  1.259570811319E+02,  0.2149
      9135,      1962,  1.259562561410E+02,  0.2148
      9146,      1963,  1.259558410296E+02,  0.2146
      9147,      1964,  1.259522660535E+02,  0.2147
      9188,      1965,  1.259435755855E+02,  0.2139
      9190,      1966,  1.259435128161E+02,  0.2139
      9192,      1967,  1.259265271714E+02,  0.2140
      9234,      1968,  1.259263535288E+02,  0.2131
      9271,      1969,  1.259258083753E+02,  0.2124
      9274,      1970,  1.259160484722E+02,  0.2124
      9300,      1971,  1.259160399832E+02,  0.2119
      9306,      1972,  1.259159963394E+02,  0.2119
      9374,      1973,  1.259157723659E+02,  0.2105
      9384,      1974,  1.259156737387E+02,  0.2104
      9395,      1975,  1.259150948754E+02,  0.2102
      9398,      1976,  1.259145902037E+02,  0.2103
      9412,      1977,  1.259142771842E+02,  0.2101
      9424,      1978,  1.259125044611E+02,  0.2099
      9468,      1979,  1.259121606983E+02,  0.2090
      9487,      1980,  1.259120289478E+02,  0.2087
      9488,      1981,  1.259120090533E+02,  0.2088
      9490,      1982,  1.259119204099E+02,  0.2089
      9492,      1983,  1.259115701907E+02,  0.2089
      9521,      1984,  1.259115265173E+02,  0.2084
      9534,      1985,  1.259005613022E+02,  0.2082
      9536,      1986,  1.259005318686E+02,  0.2083
      9573,      1987,  1.258887012516E+02,  0.2076
      9578,      1988,  1.258880543550E+02,  0.2076
      9591,      1989,  1.258879851301E+02,  0.2074
      9668,      1990,  1.258877947357E+02,  0.2058
      9707,      1991,  1.258876544509E+02,  0.2051
      9708,      1992,  1.258874262796E+02,  0.2052
      9733,      1993,  1.258874108103E+02,  0.2048
      9734,      1994,  1.258871228071E+02,  0.2048
      9747,      1995,  1.258863044660E+02,  0.2047
      9765,      1996,  1.258859715749E+02,  0.2044
      9768,      1997,  1.258858430815E+02,  0.2044
      9772,      1998,  1.258828756625E+02,  0.2045
      9775,      1999,  1.258828507770E+02,  0.2045
      9785,      2000,  1.258801994229E+02,  0.2044
      9786,      2001,  1.258800194063E+02,  0.2045
      9838,      2002,  1.258799500800E+02,  0.2035
      9889,      2003,  1.258776139783E+02,  0.2025
      9906,      2004,  1.258771263593E+02,  0.2023
      9913,      2005,  1.258713243763E+02,  0.2023
      9948,      2006,  1.258712103151E+02,  0.2016
     10072,      2007,  1.258709718138E+02,  0.1993
     10135,      2008,  1.258706365265E+02,  0.1981
     10146,      2009,  1.258704979711E+02,  0.1980
     10213,      2010,  1.258703533248E+02,  0.1968
     10214,      2011,  1.258702660047E+02,  0.1969
     10237,      2012,  1.258698599430E+02,  0.1965
     10254,      2013,  1.258697900039E+02,  0.1963
     10271,      2014,  1.258696764228E+02,  0.1961
     10284,      2015,  1.258695567198E+02,  0.1959
     10286,      2016,  1.258692062739E+02,  0.1960
     10314,      2017,  1.258680744005E+02,  0.1956
     10361,      2018,  1.258677148321E+02,  0.1948
     10373,      2019,  1.258676322398E+02,  0.1946
     10398,      2020,  1.258675282138E+02,  0.1943
     10421,      2021,  1.258607204280E+02,  0.1939
     10429,      2022,  1.258606588644E+02,  0.1939
     10572,      2023,  1.258606321330E+02,  0.1914
     10575,      2024,  1.258603690743E+02,  0.1914
     10597,      2025,  1.258591640052E+02,  0.1911
     10631,      2026,  1.258589284849E+02,  0.1906
     10652,      2027,  1.258588484440E+02,  0.1903
     10662,      2028,  1.258587789911E+02,  0.1902
     10685,      2029,  1.258587454132E+02,  0.1899
     10691,      2030,  1.258585935583E+02,  0.1899
     10710,      2031,  1.258583560404E+02,  0.1896
     10751,      2032,  1.258576791697E+02,  0.1890
     10766,      2033,  1.258575006761E+02,  0.1888
     10767,      2034,  1.258573222983E+02,  0.1889
     10859,      2035,  1.258513087647E+02,  0.1874
     10870,      2036,  1.258462716599E+02,  0.1873
     10871,      2037,  1.258459529471E+02,  0.1874
     10899,      2038,  1.258458780162E+02,  0.1870
     10918,      2039,  1.258456727589E+02,  0.1868
     10942,      2040,  1.258455578647E+02,  0.1864
     10955,      2041,  1.258455055639E+02,  0.1863
     10958,      2042,  1.258412316947E+02,  0.1863
     10960,      2043,  1.258407976790E+02,  0.1864
     11025,      2044,  1.258406531187E+02,  0.1854
     11079,      2045,  1.258404860541E+02,  0.1846
     11095,      2046,  1.258403133928E+02,  0.1844
     11108,      2047,  1.258403018612E+02,  0.1843
     11130,      2048,  1.258403013147E+02,  0.1840
     11145,      2049,  1.258402529236E+02,  0.1838
     11177,      2050,  1.258397318846E+02,  0.1834
     11185,      2051,  1.258396857899E+02,  0.1834
     11207,      2052,  1.258396330735E+02,  0.1831
     11216,      2053,  1.258392784018E+02,  0.1830
     11360,      2054,  1.258384417114E+02,  0.1808
     11365,      2055,  1.258376935114E+02,  0.1808
     11394,      2056,  1.258373406817E+02,  0.1804
     11445,      2057,  1.258372104756E+02,  0.1797
     11468,      2058,  1.258338681516E+02,  0.1795
     11503,      2059,  1.258336680669E+02,  0.1790
     11528,      2060,  1.258330938070E+02,  0.1787
     11586,      2061,  1.258298869600E+02,  0.1779
     11632,      2062,  1.258296099582E+02,  0.1773
     11649,      2063,  1.258285041167E+02,  0.1771
     11680,      2064,  1.258277518039E+02,  0.1767
     11712,      2065,  1.258266880652E+02,  0.1763
     11796,      2066,  1.258264940733E+02,  0.1751
     11809,      2067,  1.258263687372E+02,  0.1750
     11810,      2068,  1.258263677179E+02,  0.1751
     11826,      2069,  1.258263071524E+02,  0.1750
     11848,      2070,  1.258261430374E+02,  0.1747
     11899,      2071,  1.258260951197E+02,  0.1740
     11909,      2072,  1.258251087236E+02,  0.1740
     11924,      2073,  1.258251085918E+02,  0.1739
     11931,      2074,  1.258250859343E+02,  0.1738
     12003,      2075,  1.258250778150E+02,  0.1729
     12064,      2076,  1.258250604979E+02,  0.1721
     12248,      2077,  1.258123712089E+02,  0.1696
     12279,      2078,  1.258021593620E+02,  0.1692
     12304,      2079,  1.258020512157E+02,  0.1690
     12340,      2080,  1.258007346184E+02,  0.1686
     12380,      2081,  1.257985732451E+02,  0.1681
     12450,      2082,  1.257985105798E+02,  0.1672
     12451,      2083,  1.257983606556E+02,  0.1673
     12619,      2084,  1.257982256227E+02,  0.1651
     12684,      2085,  1.257981104032E+02,  0.1644
     12702,      2086,  1.257980999920E+02,  0.1642
     12737,      2087,  1.257980956099E+02,  0.1639
     12773,      2088,  1.257913385009E+02,  0.1635
     12821,      2089,  1.257913334400E+02,  0.1629
     12843,      2090,  1.257896628721E+02,  0.1627
     12854,      2091,  1.257896594910E+02,  0.1627
     12860,      2092,  1.257877248043E+02,  0.1627
     12866,      2093,  1.257875760788E+02,  0.1627
     12876,      2094,  1.257875643692E+02,  0.1626
     12878,      2095,  1.257858265368E+02,  0.1627
     12913,      2096,  1.257817794274E+02,  0.1623
     12938,      2097,  1.257817103810E+02,  0.1621
     12973,      2098,  1.257755770518E+02,  0.1617
     13003,      2099,  1.257753355612E+02,  0.1614
     13005,      2100,  1.257750043772E+02,  0.1615
     13016,      2101,  1.257749962740E+02,  0.1614
     13046,      2102,  1.257742991068E+02,  0.1611
     13082,      2103,  1.257741558518E+02,  0.1608
     13137,      2104,  1.257677170969E+02,  0.1602
     13140,      2105,  1.257565957726E+02,  0.1602
     13153,      2106,  1.257565537027E+02,  0.1601
     13158,      2107,  1.257528857756E+02,  0.1601
     13160,      2108,  1.257506124430E+02,  0.1602
     13244,      2109,  1.257496896707E+02,  0.1592
     13246,      2110,  1.257496833808E+02,  0.1593
     13290,      2111,  1.257495664864E+02,  0.1588
     13309,      2112,  1.257489568103E+02,  0.1587
     13321,      2113,  1.257470106878E+02,  0.1586
     13330,      2114,  1.257427186305E+02,  0.1586
     13366,      2115,  1.257425494491E+02,  0.1582
     13383,      2116,  1.257421594062E+02,  0.1581
     13393,      2117,  1.257420783657E+02,  0.1581
     13404,      2118,  1.257419589092E+02,  0.1580
     13405,      2119,  1.257418426225E+02,  0.1581
     13446,      2120,  1.257418059986E+02,  0.1577
     13458,      2121,  1.257416594017E+02,  0.1576
     13502,      2122,  1.257396962025E+02,  0.1572
     13516,      2123,  1.257355558824E+02,  0.1571
     13547,      2124,  1.257345974034E+02,  0.1568
     13580,      2125,  1.257345959997E+02,  0.1565
     13582,      2126,  1.257343236733E+02,  0.1565
     13639,      2127,  1.257342279511E+02,  0.1559
     13661,      2128,  1.257130171360E+02,  0.1558
     13664,      2129,  1.257129349997E+02,  0.1558
     13665,      2130,  1.257111090034E+02,  0.1559
     13692,      2131,  1.257111006729E+02,  0.1556
     13714,      2132,  1.257106365126E+02,  0.1555
     13765,      2133,  1.257103313643E+02,  0.1550
     13780,      2134,  1.257028167162E+02,  0.1549
     13796,      2135,  1.256982482073E+02,  0.1548
     13809,      2136,  1.256918961441E+02,  0.1547
     13812,      2137,  1.256759391999E+02,  0.1547
     13821,      2138,  1.256754112138E+02,  0.1547
     13828,      2139,  1.256624508269E+02,  0.1547
     13844,      2140,  1.256624361880E+02,  0.1546
     13849,      2141,  1.256623045499E+02,  0.1546
     13902,      2142,  1.256615270499E+02,  0.1541
     13983,      2143,  1.256613686861E+02,  0.1533
     13997,      2144,  1.256611547177E+02,  0.1532
     14036,      2145,  1.256602896464E+02,  0.1528
     14044,      2146,  1.256595054296E+02,  0.1528
     14074,      2147,  1.256511663432E+02,  0.1526
     14081,      2148,  1.256510589322E+02,  0.1525
     14094,      2149,  1.256503635198E+02,  0.1525
     14165,      2150,  1.256417262458E+02,  0.1518
     14179,      2151,  1.256402686185E+02,  0.1517
     14215,      2152,  1.256234470462E+02,  0.1514
     14221,      2153,  1.255785062864E+02,  0.1514
     14299,      2154,  1.255783681965E+02,  0.1506
     14323,      2155,  1.255775132051E+02,  0.1505
     14361,      2156,  1.255766649989E+02,  0.1501
     14476,      2157,  1.255757405175E+02,  0.1490
     14477,      2158,  1.255622088206E+02,  0.1491
     14487,      2159,  1.255621367048E+02,  0.1490
     14495,      2160,  1.255620482802E+02,  0.1490
     14503,      2161,  1.255620463649E+02,  0.1490
     14505,      2162,  1.255550528815E+02,  0.1491
     14517,      2163,  1.255539487739E+02,  0.1490
     14555,      2164,  1.255537966689E+02,  0.1487
     14592,      2165,  1.255537310062E+02,  0.1484
     14636,      2166,  1.255535914625E+02,  0.1480
     14672,      2167,  1.255526261646E+02,  0.1477
     14685,      2168,  1.255486223119E+02,  0.1476
     14723,      2169,  1.255352933748E+02,  0.1473
     14779,      2170,  1.255288568471E+02,  0.1468
     14781,      2171,  1.255285245885E+02,  0.1469
     14785,      2172,  1.255268993015E+02,  0.1469
     14908,      2173,  1.255268411822E+02,  0.1458
     14944,      2174,  1.255268278988E+02,  0.1455
     14965,      2175,  1.255268186427E+02,  0.1453
     14967,      2176,  1.255267055942E+02,  0.1454
     14968,      2177,  1.255266005682E+02,  0.1454
     15134,      2178,  1.255264152932E+02,  0.1439
     15185,      2179,  1.255214572015E+02,  0.1435
     15216,      2180,  1.255207949120E+02,  0.1433
     15290,      2181,  1.255203152957E+02,  0.1426
     15313,      2182,  1.255203016598E+02,  0.1425
     15372,      2183,  1.255202875771E+02,  0.1420
     15393,      2184,  1.255199431484E+02,  0.1419
     15407,      2185,  1.255198990456E+02,  0.1418
     15443,      2186,  1.255161280584E+02,  0.1416
     15452,      2187,  1.255161253126E+02,  0.1415
     15469,      2188,  1.255158311969E+02,  0.1414
     15492,      2189,  1.255158181831E+02,  0.1413
     15501,      2190,  1.255143313157E+02,  0.1413
     15535,      2191,  1.255141144930E+02,  0.1410
     15592,      2192,  1.255105404297E+02,  0.1406
     15610,      2193,  1.255103173167E+02,  0.1405
     15710,      2194,  1.255103032717E+02,  0.1397
     15764,      2195,  1.255078839818E+02,  0.1392
     15792,      2196,  1.255078531556E+02,  0.1391
     15870,      2197,  1.255035676129E+02,  0.1384
     15963,      2198,  1.255035216492E+02,  0.1377
     16090,      2199,  1.255020814202E+02,  0.1367
     16110,      2200,  1.255007673781E+02,  0.1366
     16113,      2201,  1.255007613251E+02,  0.1366
     16176,      2202,  1.254991985743E+02,  0.1361
     16208,      2203,  1.254991001625E+02,  0.1359
     16228,      2204,  1.254989838766E+02,  0.1358
     16238,      2205,  1.254898530622E+02,  0.1358
     16251,      2206,  1.254870413132E+02,  0.1357
     16287,      2207,  1.254869947911E+02,  0.1355
     16308,      2208,  1.254869395310E+02,  0.1354
     16346,      2209,  1.254869034095E+02,  0.1351
     16414,      2210,  1.254868493090E+02,  0.1346
     16475,      2211,  1.254827408533E+02,  0.1342
     16499,      2212,  1.254826393701E+02,  0.1341
     16500,      2213,  1.254824024472E+02,  0.1341
     16516,      2214,  1.254798065351E+02,  0.1341
     16651,      2215,  1.254798033790E+02,  0.1330
     16709,      2216,  1.254795432004E+02,  0.1326
     16742,      2217,  1.254794788050E+02,  0.1324
     16777,      2218,  1.254790467032E+02,  0.1322
     17086,      2219,  1.254774246267E+02,  0.1299
     17243,      2220,  1.254760914647E+02,  0.1287
     17262,      2221,  1.254760898793E+02,  0.1287
     17278,      2222,  1.254760895642E+02,  0.1286
     17504,      2223,  1.254760377135E+02,  0.1270
     17621,      2224,  1.254726808978E+02,  0.1262
     17658,      2225,  1.254726598225E+02,  0.1260
     17676,      2226,  1.254723560810E+02,  0.1259
     17690,      2227,  1.254722866361E+02,  0.1259
     17831,      2228,  1.254715680181E+02,  0.1250
     17856,      2229,  1.254713780947E+02,  0.1248
     17897,      2230,  1.254574110765E+02,  0.1246
     17938,      2231,  1.254548402951E+02,  0.1244
     17939,      2232,  1.254548045029E+02,  0.1244
     17955,      2233,  1.254546793738E+02,  0.1244
     17983,      2234,  1.254545563381E+02,  0.1242
     18043,      2235,  1.254542319105E+02,  0.1239
     18074,      2236,  1.254542161407E+02,  0.1237
     18136,      2237,  1.254542137455E+02,  0.1233
     18137,      2238,  1.254523479050E+02,  0.1234
     18147,      2239,  1.254522725597E+02,  0.1234
     18157,      2240,  1.254522283755E+02,  0.1234
     18192,      2241,  1.254521790865E+02,  0.1232
     18193,      2242,  1.254519965985E+02,  0.1232
     18199,      2243,  1.254249603767E+02,  0.1232
     18300,      2244,  1.254229162008E+02,  0.1226
     18336,      2245,  1.254228659272E+02,  0.1224
     18363,      2246,  1.254227508095E+02,  0.1223
     18393,      2247,  1.254226718281E+02,  0.1222
     18468,      2248,  1.254225722420E+02,  0.1217
     18554,      2249,  1.254224749262E+02,  0.1212
     18556,      2250,  1.254224162602E+02,  0.1213
     18677,      2251,  1.254222711938E+02,  0.1205
     18679,      2252,  1.254221326297E+02,  0.1206
     18775,      2253,  1.254220334829E+02,  0.1200
     18828,      2254,  1.254220218559E+02,  0.1197
     18842,      2255,  1.254205031092E+02,  0.1197
     18871,      2256,  1.254204757339E+02,  0.1195
     18878,      2257,  1.254187616123E+02,  0.1196
     19029,      2258,  1.254170110791E+02,  0.1187
     19071,      2259,  1.254169455868E+02,  0.1185
     19115,      2260,  1.254168249650E+02,  0.1182
     19238,      2261,  1.254166807605E+02,  0.1175
     19278,      2262,  1.254166537568E+02,  0.1173
     19356,      2263,  1.254165160236E+02,  0.1169
     19408,      2264,  1.254132794979E+02,  0.1167
     19424,      2265,  1.254128310946E+02,  0.1166
     19525,      2266,  1.254127710810E+02,  0.1161
     19562,      2267,  1.254044620513E+02,  0.1159
     19567,      2268,  1.254044617930E+02,  0.1159
     19584,      2269,  1.254043486941E+02,  0.1159
     19660,      2270,  1.254042890792E+02,  0.1155
     19827,      2271,  1.254027802460E+02,  0.1145
     19926,      2272,  1.254027755217E+02,  0.1140
     19963,      2273,  1.254015284454E+02,  0.1139
     19967,      2274,  1.254012189613E+02,  0.1139
     19996,      2275,  1.254011123952E+02,  0.1138
     20153,      2276,  1.254008900978E+02,  0.1129
     20155,      2277,  1.253997556287E+02,  0.1130
     20187,      2278,  1.253997181250E+02,  0.1128
     20214,      2279,  1.253996970929E+02,  0.1127
     20254,      2280,  1.253996935015E+02,  0.1126
     20262,      2281,  1.253996757705E+02,  0.1126
     20317,      2282,  1.253994448473E+02,  0.1123
     20328,      2283,  1.253993345066E+02,  0.1123
     20343,      2284,  1.253991845434E+02,  0.1123
     20657,      2285,  1.253991249765E+02,  0.1106
     20755,      2286,  1.253986093406E+02,  0.1101
     20820,      2287,  1.253979993219E+02,  0.1098
     20886,      2288,  1.253978637625E+02,  0.1095
     20897,      2289,  1.253944578517E+02,  0.1095
     21051,      2290,  1.253944257220E+02,  0.1088
     21133,      2291,  1.253943946555E+02,  0.1084
     21170,      2292,  1.253943773310E+02,  0.1083
     21396,      2293,  1.253943517791E+02,  0.1072
     21569,      2294,  1.253943094057E+02,  0.1064
     21640,      2295,  1.253932488518E+02,  0.1061
     21815,      2296,  1.253905688040E+02,  0.1052
     21850,      2297,  1.253905072612E+02,  0.1051
     22262,      2298,  1.253903891599E+02,  0.1032
     22569,      2299,  1.253903880037E+02,  0.1019
     22587,      2300,  1.253903844684E+02,  0.1018
     22739,      2301,  1.253903729116E+02,  0.1012
     22765,      2302,  1.253903098106E+02,  0.1011
     22791,      2303,  1.253902571092E+02,  0.1010
     22809,      2304,  1.253849419227E+02,  0.1010
     22941,      2305,  1.253849058254E+02,  0.1005
     23097,      2306,  1.253846958826E+02,  0.0998
     23449,      2307,  1.253846006513E+02,  0.0984
     23549,      2308,  1.253845813197E+02,  0.0980
     23590,      2309,  1.253841587703E+02,  0.0979
     23694,      2310,  1.253841396246E+02,  0.0975
     23790,      2311,  1.253841295757E+02,  0.0971
     23883,      2312,  1.253840986745E+02,  0.0968
     24041,      2313,  1.253840275827E+02,  0.0962
     24246,      2314,  1.253840102178E+02,  0.0954
     24277,      2315,  1.253832903065E+02,  0.0954
     24314,      2316,  1.253832560321E+02,  0.0953
     24341,      2317,  1.253812595256E+02,  0.0952
     24531,      2318,  1.253812482186E+02,  0.0945
     24791,      2319,  1.253785809947E+02,  0.0935
     24962,      2320,  1.253784877824E+02,  0.0929
     24991,      2321,  1.253784738633E+02,  0.0929
     25551,      2322,  1.253784481293E+02,  0.0909
     25641,      2323,  1.253784378449E+02,  0.0906
     25782,      2324,  1.253772732260E+02,  0.0901
     25853,      2325,  1.253771299609E+02,  0.0899
     26212,      2326,  1.253771279516E+02,  0.0887
     26623,      2327,  1.253771107276E+02,  0.0874
     26711,      2328,  1.253771068258E+02,  0.0872
     26723,      2329,  1.253770922880E+02,  0.0872
     26857,      2330,  1.253770514928E+02,  0.0868
     27427,      2331,  1.253770028312E+02,  0.0850
     27821,      2332,  1.253745525773E+02,  0.0838
     27823,      2333,  1.253743836496E+02,  0.0839
     28004,      2334,  1.253743485696E+02,  0.0833
     28029,      2335,  1.253743229223E+02,  0.0833
     28065,      2336,  1.253739768809E+02,  0.0832
     28086,      2337,  1.253739733214E+02,  0.0832
     28154,      2338,  1.253738540140E+02,  0.0830
     28299,      2339,  1.253735776379E+02,  0.0827
     28457,      2340,  1.253734824750E+02,  0.0822
     28478,      2341,  1.253733877567E+02,  0.0822
     28489,      2342,  1.253731979893E+02,  0.0822
     28545,      2343,  1.253731911620E+02,  0.0821
     28581,      2344,  1.253728319981E+02,  0.0820
     28621,      2345,  1.253727604065E+02,  0.0819
     28803,      2346,  1.253721303913E+02,  0.0814
     28815,      2347,  1.253720300199E+02,  0.0815
     29014,      2348,  1.253719739950E+02,  0.0809
     29074,      2349,  1.253700821926E+02,  0.0808
     29175,      2350,  1.253700278852E+02,  0.0805
     29454,      2351,  1.253700058550E+02,  0.0798
     29580,      2352,  1.253690509763E+02,  0.0795
     29711,      2353,  1.253684381253E+02,  0.0792
     29736,      2354,  1.253683994707E+02,  0.0792
     29765,      2355,  1.253683798447E+02,  0.0791
     29806,      2356,  1.253666807806E+02,  0.0790
     29864,      2357,  1.253666522915E+02,  0.0789
     30041,      2358,  1.253666347587E+02,  0.0785
     30450,      2359,  1.253665132535E+02,  0.0775
     30815,      2360,  1.253664364118E+02,  0.0766
     31064,      2361,  1.253664225918E+02,  0.0760
     31239,      2362,  1.253653767603E+02,  0.0756
     31426,      2363,  1.253644988347E+02,  0.0752
     31442,      2364,  1.253644627678E+02,  0.0752
     31625,      2365,  1.253644144574E+02,  0.0748
     31716,      2366,  1.253626333721E+02,  0.0746
     31819,      2367,  1.253625224488E+02,  0.0744
     31854,      2368,  1.253623374831E+02,  0.0743
     32186,      2369,  1.253622801138E+02,  0.0736
     32404,      2370,  1.253622783212E+02,  0.0731
     32590,      2371,  1.253622404259E+02,  0.0728
     32727,      2372,  1.253622326447E+02,  0.0725
     32820,      2373,  1.253621915439E+02,  0.0723
     32967,      2374,  1.253621851163E+02,  0.0720
     32981,      2375,  1.253621303321E+02,  0.0720
     33072,      2376,  1.253620648240E+02,  0.0718
     33094,      2377,  1.253620440081E+02,  0.0718
     33160,      2378,  1.253619589295E+02,  0.0717
     33456,      2379,  1.253619583347E+02,  0.0711
     33668,      2380,  1.253619029346E+02,  0.0707
     33718,      2381,  1.253618394629E+02,  0.0706
     33897,      2382,  1.253618235046E+02,  0.0703
     34185,      2383,  1.253617989208E+02,  0.0697
     34374,      2384,  1.253617772806E+02,  0.0694
     34606,      2385,  1.253617048966E+02,  0.0689
     34619,      2386,  1.253616417792E+02,  0.0689
     34854,      2387,  1.253614013397E+02,  0.0685
     34910,      2388,  1.253613477315E+02,  0.0684
     35323,      2389,  1.253613290757E+02,  0.0676
     35774,      2390,  1.253612857208E+02,  0.0668
     35932,      2391,  1.253612201299E+02,  0.0665
     36066,      2392,  1.253612072352E+02,  0.0663
     36115,      2393,  1.253611751879E+02,  0.0663
     36353,      2394,  1.253611444403E+02,  0.0659
     36498,      2395,  1.253611146654E+02,  0.0656
     36889,      2396,  1.253610944612E+02,  0.0650
     37154,      2397,  1.253610937370E+02,  0.0645
     38308,      2398,  1.253610894759E+02,  0.0626
     38532,      2399,  1.253610860398E+02,  0.0623
     38758,      2400,  1.253610667774E+02,  0.0619
     39354,      2401,  1.253610621992E+02,  0.0610
     39853,      2402,  1.253609947237E+02,  0.0603
     40017,      2403,  1.253609910686E+02,  0.0600
     40040,      2404,  1.253593331344E+02,  0.0600
     40183,      2405,  1.253592590680E+02,  0.0599
     40187,      2406,  1.253592564408E+02,  0.0599
     40732,      2407,  1.253592054953E+02,  0.0591
     41045,      2408,  1.253591906037E+02,  0.0587
     41255,      2409,  1.253591888299E+02,  0.0584
     42161,      2410,  1.253591785267E+02,  0.0572
     42411,      2411,  1.253591664072E+02,  0.0568
     42623,      2412,  1.253586957243E+02,  0.0566
     42729,      2413,  1.253585295125E+02,  0.0565
     43382,      2414,  1.253580076568E+02,  0.0556
     44094,      2415,  1.253579752979E+02,  0.0548
     44233,      2416,  1.253579691271E+02,  0.0546
     44412,      2417,  1.253570309460E+02,  0.0544
     44566,      2418,  1.253569922366E+02,  0.0543
     44630,      2419,  1.253569498565E+02,  0.0542
     44855,      2420,  1.253563725930E+02,  0.0540
     44972,      2421,  1.253563549068E+02,  0.0538
     45163,      2422,  1.253563476632E+02,  0.0536
     45851,      2423,  1.253563007699E+02,  0.0528
     46263,      2424,  1.253562894895E+02,  0.0524
     46490,      2425,  1.253562710123E+02,  0.0522
     46875,      2426,  1.253562648149E+02,  0.0518
     46925,      2427,  1.253555972301E+02,  0.0517
     47046,      2428,  1.253555838070E+02,  0.0516
     47054,      2429,  1.253552272179E+02,  0.0516
     47110,      2430,  1.253552186139E+02,  0.0516
     47470,      2431,  1.253552066924E+02,  0.0512
     47676,      2432,  1.253538401290E+02,  0.0510
     47737,      2433,  1.253537110158E+02,  0.0510
     47822,      2434,  1.253537094412E+02,  0.0509
     47852,      2435,  1.253536977572E+02,  0.0509
     48297,      2436,  1.253536782145E+02,  0.0504
     48319,      2437,  1.253536042185E+02,  0.0504
     48341,      2438,  1.253535289588E+02,  0.0504
     48419,      2439,  1.253534986566E+02,  0.0504
     48458,      2440,  1.253534356795E+02,  0.0504
     48493,      2441,  1.253534179627E+02,  0.0503
     48562,      2442,  1.253533621141E+02,  0.0503
     49015,      2443,  1.253533382151E+02,  0.0498
     49096,      2444,  1.253504599781E+02,  0.0498
     49172,      2445,  1.253503896833E+02,  0.0497
     49357,      2446,  1.253503772227E+02,  0.0496
     49477,      2447,  1.253503559187E+02,  0.0495
     49488,      2448,  1.253503387823E+02,  0.0495
     49746,      2449,  1.253503384387E+02,  0.0492
     49821,      2450,  1.253503240410E+02,  0.0492
     49916,      2451,  1.253455208713E+02,  0.0491
     49937,      2452,  1.253455143490E+02,  0.0491
     49957,      2453,  1.253450160326E+02,  0.0491
     50591,      2454,  1.253449941636E+02,  0.0485
     51477,      2455,  1.253431226053E+02,  0.0477
     51491,      2456,  1.253430087674E+02,  0.0477
     51570,      2457,  1.253429226911E+02,  0.0476
     51710,      2458,  1.253429067751E+02,  0.0475
     51756,      2459,  1.253429006762E+02,  0.0475
     51890,      2460,  1.253428901546E+02,  0.0474
     51904,      2461,  1.253428829195E+02,  0.0474
     51915,      2462,  1.253428742542E+02,  0.0474
     52025,      2463,  1.253428740373E+02,  0.0473
     52200,      2464,  1.253428721934E+02,  0.0472
     52574,      2465,  1.253421222580E+02,  0.0469
     52868,      2466,  1.253420916217E+02,  0.0466
     53305,      2467,  1.253420828966E+02,  0.0463
     53459,      2468,  1.253414214285E+02,  0.0462
     53698,      2469,  1.253413924779E+02,  0.0460
     54200,      2470,  1.253413742312E+02,  0.0456
     54384,      2471,  1.253413732869E+02,  0.0454
     54861,      2472,  1.253409466884E+02,  0.0451
     55332,      2473,  1.253409408801E+02,  0.0447
     55532,      2474,  1.253409299686E+02,  0.0446
     55703,      2475,  1.253401063447E+02,  0.0444
     55729,      2476,  1.253400710685E+02,  0.0444
     56754,      2477,  1.253400703475E+02,  0.0436
     57308,      2478,  1.253400512960E+02,  0.0432
     57312,      2479,  1.253400397728E+02,  0.0433
     57385,      2480,  1.253400384875E+02,  0.0432
     58490,      2481,  1.253400346098E+02,  0.0424
     58787,      2482,  1.253400268358E+02,  0.0422
     59575,      2483,  1.253400202210E+02,  0.0417
     59872,      2484,  1.253393573932E+02,  0.0415
     60360,      2485,  1.253386951625E+02,  0.0412
     60494,      2486,  1.253359407673E+02,  0.0411
     60910,      2487,  1.253359402160E+02,  0.0408
     60976,      2488,  1.253359353720E+02,  0.0408
     61050,      2489,  1.253359335328E+02,  0.0408
     61294,      2490,  1.253359318502E+02,  0.0406
     62240,      2491,  1.253359114100E+02,  0.0400
     62996,      2492,  1.253355606813E+02,  0.0396
     63247,      2493,  1.253355481510E+02,  0.0394
     63320,      2494,  1.253355228118E+02,  0.0394
     63596,      2495,  1.253355070759E+02,  0.0392
     64090,      2496,  1.253355035829E+02,  0.0389
     64485,      2497,  1.253318626744E+02,  0.0387
     64635,      2498,  1.253318518883E+02,  0.0386
     64821,      2499,  1.253318460960E+02,  0.0386
     65534,      2500,  1.253314330371E+02,  0.0381
     65933,      2501,  1.253313924040E+02,  0.0379
     66216,      2502,  1.253313905629E+02,  0.0378
     66591,      2503,  1.253313713112E+02,  0.0376
     66833,      2504,  1.253313565462E+02,  0.0375
     67221,      2505,  1.253313249920E+02,  0.0373
     68290,      2506,  1.253303385337E+02,  0.0367
     68353,      2507,  1.253303203432E+02,  0.0367
     68502,      2508,  1.253303177728E+02,  0.0366
     69822,      2509,  1.253303119876E+02,  0.0359
     70541,      2510,  1.253303076756E+02,  0.0356
     70824,      2511,  1.253303002375E+02,  0.0355
     71117,      2512,  1.253302887958E+02,  0.0353
     71554,      2513,  1.253302687613E+02,  0.0351
     71794,      2514,  1.253302416748E+02,  0.0350
     72117,      2515,  1.253302366844E+02,  0.0349
     72146,      2516,  1.253302187836E+02,  0.0349
     72153,      2517,  1.253302035669E+02,  0.0349
     72296,      2518,  1.253301949002E+02,  0.0348
     72476,      2519,  1.253301819113E+02,  0.0348
     73201,      2520,  1.253301730725E+02,  0.0344
     73874,      2521,  1.253301316374E+02,  0.0341
     73884,      2522,  1.253298331877E+02,  0.0341
     73998,      2523,  1.253244997978E+02,  0.0341
     74584,      2524,  1.253244744615E+02,  0.0338
     74839,      2525,  1.253171326541E+02,  0.0337
     75775,      2526,  1.253171191086E+02,  0.0333
     75821,      2527,  1.253170317748E+02,  0.0333
     75915,      2528,  1.253170312016E+02,  0.0333
     76136,      2529,  1.253169624727E+02,  0.0332
     76165,      2530,  1.253169391870E+02,  0.0332
     77807,      2531,  1.253169196847E+02,  0.0325
     78142,      2532,  1.253169196659E+02,  0.0324
     78237,      2533,  1.253155210158E+02,  0.0324
     78933,      2534,  1.253155118028E+02,  0.0321
     79478,      2535,  1.253155099984E+02,  0.0319
     80904,      2536,  1.253154775095E+02,  0.0313
     81347,      2537,  1.253154531198E+02,  0.0312
     81369,      2538,  1.253154125678E+02,  0.0312
     81486,      2539,  1.253120413864E+02,  0.0312
     81826,      2540,  1.253120393387E+02,  0.0310
     82452,      2541,  1.253120270897E+02,  0.0308
     82781,      2542,  1.253120078731E+02,  0.0307
     82891,      2543,  1.253112361487E+02,  0.0307
     82910,      2544,  1.253100247834E+02,  0.0307
     82917,      2545,  1.253100134820E+02,  0.0307
     82924,      2546,  1.253099835575E+02,  0.0307
     83586,      2547,  1.253099762094E+02,  0.0305
     83620,      2548,  1.253099760410E+02,  0.0305
     84134,      2549,  1.253048297775E+02,  0.0303
     84207,      2550,  1.253047955420E+02,  0.0303
     84416,      2551,  1.253047682663E+02,  0.0302
     85270,      2552,  1.253047251592E+02,  0.0299
     85698,      2553,  1.253047223441E+02,  0.0298
     86874,      2554,  1.253047093883E+02,  0.0294
     86934,      2555,  1.253046454330E+02,  0.0294
     87307,      2556,  1.253046435979E+02,  0.0293
     87470,      2557,  1.253045904631E+02,  0.0292
     87528,      2558,  1.253045779991E+02,  0.0292
     88554,      2559,  1.253045688999E+02,  0.0289
     88709,      2560,  1.253043456677E+02,  0.0289
     89303,      2561,  1.253043123115E+02,  0.0287
     89515,      2562,  1.253042879557E+02,  0.0286
     89711,      2563,  1.253042483807E+02,  0.0286
     89801,      2564,  1.253042426742E+02,  0.0286
     90120,      2565,  1.253041969858E+02,  0.0285
     90347,      2566,  1.253041748492E+02,  0.0284
     90523,      2567,  1.253041685616E+02,  0.0284
     91763,      2568,  1.253041497220E+02,  0.0280
     91898,      2569,  1.253041495906E+02,  0.0280
     92277,      2570,  1.253033431498E+02,  0.0279
     92742,      2571,  1.253033313636E+02,  0.0277
     93829,      2572,  1.253023079388E+02,  0.0274
     94742,      2573,  1.253021119064E+02,  0.0272
     95091,      2574,  1.253021103061E+02,  0.0271
     95633,      2575,  1.253020905827E+02,  0.0269
     96215,      2576,  1.253020772653E+02,  0.0268
     96461,      2577,  1.253018853812E+02,  0.0267
     96483,      2578,  1.253009079557E+02,  0.0267
     96837,      2579,  1.253008447482E+02,  0.0266
     97181,      2580,  1.253008317994E+02,  0.0265
     97246,      2581,  1.253002162564E+02,  0.0265
     97757,      2582,  1.253001939178E+02,  0.0264
     99596,      2583,  1.252999900116E+02,  0.0259
     99847,      2584,  1.252999658354E+02,  0.0259
     99980,      2585,  1.252995449926E+02,  0.0259
    101261,      2586,  1.252995418524E+02,  0.0255
    102185,      2587,  1.252994726460E+02,  0.0253
    102595,      2588,  1.252994554441E+02,  0.0252
    102823,      2589,  1.252994437493E+02,  0.0252
    104227,      2590,  1.252987741969E+02,  0.0248
    104346,      2591,  1.252987563515E+02,  0.0248
    104417,      2592,  1.252983920145E+02,  0.0248
    104753,      2593,  1.252983244722E+02,  0.0248
    105535,      2594,  1.252982925161E+02,  0.0246
    105727,      2595,  1.252982869203E+02,  0.0245
    106187,      2596,  1.252979670247E+02,  0.0244
    106361,      2597,  1.252979140631E+02,  0.0244
    106404,      2598,  1.252979023497E+02,  0.0244
    108536,      2599,  1.252978902417E+02,  0.0239
    108952,      2600,  1.252978780525E+02,  0.0239
    109594,      2601,  1.252978563573E+02,  0.0237
    109713,      2602,  1.252977975017E+02,  0.0237
    110273,      2603,  1.252976342236E+02,  0.0236
    110613,      2604,  1.252976306871E+02,  0.0235
    111367,      2605,  1.252976296235E+02,  0.0234
    112300,      2606,  1.252976236871E+02,  0.0232
    114114,      2607,  1.252976198227E+02,  0.0228
    114477,      2608,  1.252976137287E+02,  0.0228
    114604,      2609,  1.252970765025E+02,  0.0228
    114835,      2610,  1.252970506322E+02,  0.0227
    115033,      2611,  1.252970491748E+02,  0.0227
    115430,      2612,  1.252970399520E+02,  0.0226
    115462,      2613,  1.252951273060E+02,  0.0226
    115771,      2614,  1.252950918684E+02,  0.0226
    115977,      2615,  1.252945914077E+02,  0.0225
    116493,      2616,  1.252945409611E+02,  0.0225
    118935,      2617,  1.252945268783E+02,  0.0220
    119319,      2618,  1.252945177624E+02,  0.0219
    119415,      2619,  1.252945140423E+02,  0.0219
    119599,      2620,  1.252944988648E+02,  0.0219
    119833,      2621,  1.252941658221E+02,  0.0219
    119981,      2622,  1.252941599684E+02,  0.0219
    120146,      2623,  1.252941586536E+02,  0.0218
    120979,      2624,  1.252941420539E+02,  0.0217
    121668,      2625,  1.252941343367E+02,  0.0216
    124097,      2626,  1.252941330573E+02,  0.0212
    127458,      2627,  1.252941328853E+02,  0.0206
    130313,      2628,  1.252941318332E+02,  0.0202
    130577,      2629,  1.252941279227E+02,  0.0201
    132442,      2630,  1.252941210598E+02,  0.0199
    132544,      2631,  1.252941169156E+02,  0.0199
    133732,      2632,  1.252941109785E+02,  0.0197
    134871,      2633,  1.252941039193E+02,  0.0195
    136076,      2634,  1.252940463336E+02,  0.0194
    136919,      2635,  1.252940421733E+02,  0.0192
    137112,      2636,  1.252940114008E+02,  0.0192
    137658,      2637,  1.252936621796E+02,  0.0192
    140167,      2638,  1.252926795396E+02,  0.0188
    140373,      2639,  1.252926498915E+02,  0.0188
    141023,      2640,  1.252926415412E+02,  0.0187
    144124,      2641,  1.252925643633E+02,  0.0183
    146327,      2642,  1.252925637730E+02,  0.0181
    148667,      2643,  1.252922992044E+02,  0.0178
    148933,      2644,  1.252920914824E+02,  0.0178
    151968,      2645,  1.252918685855E+02,  0.0174
    153488,      2646,  1.252918681183E+02,  0.0172
    153959,      2647,  1.252918670855E+02,  0.0172
    155779,      2648,  1.252918660705E+02,  0.0170
    156830,      2649,  1.252915148689E+02,  0.0169
    157354,      2650,  1.252915099439E+02,  0.0168
    158290,      2651,  1.252913361515E+02,  0.0167
    158385,      2652,  1.252911490797E+02,  0.0167
    159702,      2653,  1.252911451967E+02,  0.0166
    160120,      2654,  1.252911395002E+02,  0.0166
    160221,      2655,  1.252911389480E+02,  0.0166
    163517,      2656,  1.252911361660E+02,  0.0162
    164369,      2657,  1.252911353108E+02,  0.0162
    165475,      2658,  1.252911344442E+02,  0.0161
    165882,      2659,  1.252910619623E+02,  0.0160
    166939,      2660,  1.252910611377E+02,  0.0159
    167177,      2661,  1.252910591719E+02,  0.0159
    167925,      2662,  1.252910502895E+02,  0.0159
    169691,      2663,  1.252910500098E+02,  0.0157
    171107,      2664,  1.252910480365E+02,  0.0156
    171720,      2665,  1.252909670406E+02,  0.0155
    171832,      2666,  1.252909369031E+02,  0.0155
    172076,      2667,  1.252907766787E+02,  0.0155
    172228,      2668,  1.252904058418E+02,  0.0155
    172339,      2669,  1.252902557457E+02,  0.0155
    173161,      2670,  1.252902540967E+02,  0.0154
    175017,      2671,  1.252902051403E+02,  0.0153
    176824,      2672,  1.252901844229E+02,  0.0151
    177711,      2673,  1.252899650701E+02,  0.0150
    177919,      2674,  1.252899135349E+02,  0.0150
    178694,      2675,  1.252899128228E+02,  0.0150
    178865,      2676,  1.252899103490E+02,  0.0150
    180821,      2677,  1.252899025397E+02,  0.0148
    183492,      2678,  1.252898994971E+02,  0.0146
    185041,      2679,  1.252896915852E+02,  0.0145
    185292,      2680,  1.252896588711E+02,  0.0145
    185973,      2681,  1.252896471546E+02,  0.0144
    186343,      2682,  1.252896425269E+02,  0.0144
    186397,      2683,  1.252896356539E+02,  0.0144
    186633,      2684,  1.252895575451E+02,  0.0144
    187426,      2685,  1.252895412141E+02,  0.0143
    189655,      2686,  1.252893489113E+02,  0.0142
    190651,      2687,  1.252893343433E+02,  0.0141
    196322,      2688,  1.252893324519E+02,  0.0137
    197822,      2689,  1.252893320992E+02,  0.0136
    198054,      2690,  1.252893307271E+02,  0.0136
    198831,      2691,  1.252893245312E+02,  0.0135
    199354,      2692,  1.252893215912E+02,  0.0135
    203618,      2693,  1.252893182399E+02,  0.0132
    205172,      2694,  1.252892672509E+02,  0.0131
    205357,      2695,  1.252892603308E+02,  0.0131
    209901,      2696,  1.252892594398E+02,  0.0128
    210678,      2697,  1.252891962620E+02,  0.0128
    211445,      2698,  1.252891922420E+02,  0.0128
    212407,      2699,  1.252891585039E+02,  0.0127
    213505,      2700,  1.252891429131E+02,  0.0126
    214628,      2701,  1.252890987256E+02,  0.0126
    215040,      2702,  1.252888378813E+02,  0.0126
    215824,      2703,  1.252888347746E+02,  0.0125
    216228,      2704,  1.252888023355E+02,  0.0125
    218415,      2705,  1.252880004629E+02,  0.0124
    218430,      2706,  1.252879944681E+02,  0.0124
    218596,      2707,  1.252879892083E+02,  0.0124
    220022,      2708,  1.252879889305E+02,  0.0123
    221910,      2709,  1.252879787540E+02,  0.0122
    223990,      2710,  1.252879787203E+02,  0.0121
    224378,      2711,  1.252879751305E+02,  0.0121
    224626,      2712,  1.252878449359E+02,  0.0121
    226097,      2713,  1.252878349634E+02,  0.0120
    227380,      2714,  1.252877669301E+02,  0.0119
    229668,      2715,  1.252877610685E+02,  0.0118
    237903,      2716,  1.252877542406E+02,  0.0114
    242837,      2717,  1.252877514939E+02,  0.0112
    247143,      2718,  1.252877438972E+02,  0.0110
    247474,      2719,  1.252877419471E+02,  0.0110
    247658,      2720,  1.252877409398E+02,  0.0110
    247985,      2721,  1.252877371808E+02,  0.0110
    248339,      2722,  1.252877364916E+02,  0.0110
    249511,      2723,  1.252877357814E+02,  0.0109
    258845,      2724,  1.252876602189E+02,  0.0105
    259750,      2725,  1.252870531468E+02,  0.0105
    260281,      2726,  1.252870489567E+02,  0.0105
    260501,      2727,  1.252870453357E+02,  0.0105
    260827,      2728,  1.252870437709E+02,  0.0105
    262442,      2729,  1.252870382927E+02,  0.0104
    264516,      2730,  1.252870371311E+02,  0.0103
    264532,      2731,  1.252870368502E+02,  0.0103
    264785,      2732,  1.252870365973E+02,  0.0103
    265491,      2733,  1.252870202424E+02,  0.0103
    265981,      2734,  1.252870186272E+02,  0.0103
    266538,      2735,  1.252869985776E+02,  0.0103
    266995,      2736,  1.252869771699E+02,  0.0102
    267500,      2737,  1.252865173293E+02,  0.0102
    267581,      2738,  1.252864852573E+02,  0.0102
    268190,      2739,  1.252864364526E+02,  0.0102
    268714,      2740,  1.252864306797E+02,  0.0102
    270186,      2741,  1.252864292022E+02,  0.0101
    271896,      2742,  1.252864181987E+02,  0.0101
    271945,      2743,  1.252864130994E+02,  0.0101
    272862,      2744,  1.252864075797E+02,  0.0101
    273371,      2745,  1.252864073175E+02,  0.0100
    275623,      2746,  1.252863986572E+02,  0.0100
    275824,      2747,  1.252863724160E+02,  0.0100
    276624,      2748,  1.252827042886E+02,  0.0099
    276832,      2749,  1.252827036680E+02,  0.0099
    277277,      2750,  1.252826951992E+02,  0.0099
    277616,      2751,  1.252823255702E+02,  0.0099
    278606,      2752,  1.252822172192E+02,  0.0099
    279270,      2753,  1.252822071065E+02,  0.0099
    283086,      2754,  1.252807447860E+02,  0.0097
    283355,      2755,  1.252807039983E+02,  0.0097
    283357,      2756,  1.252807030218E+02,  0.0097
    283670,      2757,  1.252806975234E+02,  0.0097
    283721,      2758,  1.252806929977E+02,  0.0097
    283748,      2759,  1.252806879742E+02,  0.0097
    284033,      2760,  1.252806763797E+02,  0.0097
    285741,      2761,  1.252806725341E+02,  0.0097
    286653,      2762,  1.252806705849E+02,  0.0096
    286736,      2763,  1.252806607614E+02,  0.0096
    287423,      2764,  1.252806122594E+02,  0.0096
    287625,      2765,  1.252805988689E+02,  0.0096
    287869,      2766,  1.252805833611E+02,  0.0096
    288022,      2767,  1.252805519814E+02,  0.0096
    288085,      2768,  1.252804411019E+02,  0.0096
    288274,      2769,  1.252804391419E+02,  0.0096
    288613,      2770,  1.252804386942E+02,  0.0096
    289017,      2771,  1.252803820153E+02,  0.0096
    289826,      2772,  1.252803812772E+02,  0.0096
    291062,      2773,  1.252803775226E+02,  0.0095
    294543,      2774,  1.252803618225E+02,  0.0094
    294735,      2775,  1.252801187333E+02,  0.0094
    298441,      2776,  1.252801169737E+02,  0.0093
    299475,      2777,  1.252801167683E+02,  0.0093
    300017,      2778,  1.252801155749E+02,  0.0093
    302864,      2779,  1.252800211157E+02,  0.0092
    305950,      2780,  1.252800198797E+02,  0.0091
    306037,      2781,  1.252800154381E+02,  0.0091
    307138,      2782,  1.252800149678E+02,  0.0091
    309149,      2783,  1.252800077580E+02,  0.0090
    310018,      2784,  1.252800035937E+02,  0.0090
    310488,      2785,  1.252800023125E+02,  0.0090
    310860,      2786,  1.252800013741E+02,  0.0090
    312013,      2787,  1.252799239906E+02,  0.0089
    312899,      2788,  1.252799210718E+02,  0.0089
    315406,      2789,  1.252799175701E+02,  0.0088
    316949,      2790,  1.252799146057E+02,  0.0088
    317412,      2791,  1.252799069248E+02,  0.0088
    318086,      2792,  1.252798598502E+02,  0.0088
    318156,      2793,  1.252798538289E+02,  0.0088
    318553,      2794,  1.252798514326E+02,  0.0088
    319199,      2795,  1.252798387710E+02,  0.0088
    322289,      2796,  1.252798364890E+02,  0.0087
    325557,      2797,  1.252798356475E+02,  0.0086
    326366,      2798,  1.252798253655E+02,  0.0086
    326590,      2799,  1.252798116623E+02,  0.0086
    327180,      2800,  1.252798113894E+02,  0.0086
    328554,      2801,  1.252798039445E+02,  0.0085
    328977,      2802,  1.252797986097E+02,  0.0085
    332759,      2803,  1.252797982492E+02,  0.0084
    335503,      2804,  1.252797958239E+02,  0.0084
    337291,      2805,  1.252797910959E+02,  0.0083
    337295,      2806,  1.252797890581E+02,  0.0083
    341717,      2807,  1.252797869307E+02,  0.0082
    345668,      2808,  1.252797863977E+02,  0.0081
    350865,      2809,  1.252797858431E+02,  0.0080
    351208,      2810,  1.252797834751E+02,  0.0080
    354286,      2811,  1.252797809775E+02,  0.0079
    356725,      2812,  1.252795256086E+02,  0.0079
    358974,      2813,  1.252795255500E+02,  0.0078
    365153,      2814,  1.252795253885E+02,  0.0077
    367340,      2815,  1.252795234748E+02,  0.0077
    367461,      2816,  1.252795225354E+02,  0.0077
    367905,      2817,  1.252795214052E+02,  0.0077
    372633,      2818,  1.252795204994E+02,  0.0076
    374600,      2819,  1.252795201215E+02,  0.0075
    375337,      2820,  1.252791834131E+02,  0.0075
    377178,      2821,  1.252791820627E+02,  0.0075
    380168,      2822,  1.252791809429E+02,  0.0074
    380685,      2823,  1.252791763756E+02,  0.0074
    382107,      2824,  1.252791753821E+02,  0.0074
    383456,      2825,  1.252760814787E+02,  0.0074
    384432,      2826,  1.252760806364E+02,  0.0074
    386961,      2827,  1.252760765476E+02,  0.0073
    387514,      2828,  1.252760752659E+02,  0.0073
    389437,      2829,  1.252760728768E+02,  0.0073
    390382,      2830,  1.252760722591E+02,  0.0072
    390762,      2831,  1.252760703507E+02,  0.0072
    391210,      2832,  1.252760654433E+02,  0.0072
    391977,      2833,  1.252760589360E+02,  0.0072
    393983,      2834,  1.252752719258E+02,  0.0072
    396325,      2835,  1.252752704697E+02,  0.0072
    398071,      2836,  1.252752682173E+02,  0.0071
    400238,      2837,  1.252751006959E+02,  0.0071
    400758,      2838,  1.252750977563E+02,  0.0071
    401214,      2839,  1.252747764702E+02,  0.0071
    401579,      2840,  1.252747511833E+02,  0.0071
    406021,      2841,  1.252747196549E+02,  0.0070
    407267,      2842,  1.252747162001E+02,  0.0070
    408223,      2843,  1.252747099267E+02,  0.0070
    410819,      2844,  1.252747000623E+02,  0.0069
    411144,      2845,  1.252746991815E+02,  0.0069
    412319,      2846,  1.252746983323E+02,  0.0069
    412733,      2847,  1.252746947293E+02,  0.0069
    414916,      2848,  1.252746901289E+02,  0.0069
    414924,      2849,  1.252746890575E+02,  0.0069
    415133,      2850,  1.252746869034E+02,  0.0069
    416363,      2851,  1.252743791224E+02,  0.0068
    416612,      2852,  1.252743302413E+02,  0.0068
    420045,      2853,  1.252741191770E+02,  0.0068
    422533,      2854,  1.252741190629E+02,  0.0068
    423876,      2855,  1.252741185094E+02,  0.0067
    425003,      2856,  1.252741181370E+02,  0.0067
    431107,      2857,  1.252741000203E+02,  0.0066
    433124,      2858,  1.252740947840E+02,  0.0066
    433581,      2859,  1.252740926080E+02,  0.0066
    434039,      2860,  1.252740871373E+02,  0.0066
    436643,      2861,  1.252740845236E+02,  0.0066
    436730,      2862,  1.252740776629E+02,  0.0066
    441885,      2863,  1.252740721049E+02,  0.0065
    443902,      2864,  1.252740712127E+02,  0.0065
    448359,      2865,  1.252740700766E+02,  0.0064
    450644,      2866,  1.252740664269E+02,  0.0064
    452656,      2867,  1.252740562406E+02,  0.0063
    452700,      2868,  1.252740557513E+02,  0.0063
    455330,      2869,  1.252740507244E+02,  0.0063
    455740,      2870,  1.252735822677E+02,  0.0063
    458458,      2871,  1.252735819305E+02,  0.0063
    459790,      2872,  1.252733998400E+02,  0.0062
    460089,      2873,  1.252733987460E+02,  0.0062
    460238,      2874,  1.252733950212E+02,  0.0062
    461123,      2875,  1.252733926063E+02,  0.0062
    461607,      2876,  1.252731400076E+02,  0.0062
    461938,      2877,  1.252731377126E+02,  0.0062
    462222,      2878,  1.252730524389E+02,  0.0062
    462938,      2879,  1.252730408722E+02,  0.0062
    465194,      2880,  1.252730373036E+02,  0.0062
    466860,      2881,  1.252718141359E+02,  0.0062
    467086,      2882,  1.252718073381E+02,  0.0062
    476737,      2883,  1.252718040736E+02,  0.0060
    482449,      2884,  1.252718038327E+02,  0.0060
    485558,      2885,  1.252718031765E+02,  0.0059
    485964,      2886,  1.252718027181E+02,  0.0059
    488599,      2887,  1.252718025169E+02,  0.0059
    490598,      2888,  1.252718002194E+02,  0.0059
    491350,      2889,  1.252717999325E+02,  0.0059
    492086,      2890,  1.252717977832E+02,  0.0059
    492920,      2891,  1.252717955619E+02,  0.0059
    495759,      2892,  1.252717943053E+02,  0.0058
    498210,      2893,  1.252717904154E+02,  0.0058
    499082,      2894,  1.252717465477E+02,  0.0058
