iteration,accepted_count,energy,acceptance_rate
         0,         0,  1.635218059339E+02,  0.0000
         1,         1,  1.634930411849E+02,  1.0000
         2,         2,  1.630841329749E+02,  1.0000
         3,         3,  1.626073473071E+02,  1.0000
         5,         4,  1.626016095702E+02,  0.8000
         6,         5,  1.625328125802E+02,  0.8333
         8,         6,  1.625208118224E+02,  0.7500
         9,         7,  1.624515649717E+02,  0.7778
        12,         8,  1.623406013174E+02,  0.6667
        13,         9,  1.623235457809E+02,  0.6923
        18,        10,  1.621509744570E+02,  0.5556
        21,        11,  1.620958563548E+02,  0.5238
        22,        12,  1.619340075217E+02,  0.5455
        25,        13,  1.618840455601E+02,  0.5200
        26,        14,  1.618581746744E+02,  0.5385
        29,        15,  1.617734159599E+02,  0.5172
        31,        16,  1.615090275355E+02,  0.5161
        32,        17,  1.612286125655E+02,  0.5312
        33,        18,  1.609979470527E+02,  0.5455
        34,        19,  1.609612793386E+02,  0.5588
        35,        20,  1.609225828251E+02,  0.5714
        41,        21,  1.607517873757E+02,  0.5122
        44,        22,  1.606047151888E+02,  0.5000
        46,        23,  1.603413933554E+02,  0.5000
        47,        24,  1.603129400809E+02,  0.5106
        48,        25,  1.602409015094E+02,  0.5208
        49,        26,  1.601850495361E+02,  0.5306
        52,        27,  1.600367975706E+02,  0.5192
        53,        28,  1.598647142410E+02,  0.5283
        56,        29,  1.597827330024E+02,  0.5179
        58,        30,  1.596985888546E+02,  0.5172
        59,        31,  1.595139132836E+02,  0.5254
        60,        32,  1.594769990651E+02,  0.5333
        61,        33,  1.593944891752E+02,  0.5410
        65,        34,  1.593758376412E+02,  0.5231
        66,        35,  1.593092714990E+02,  0.5303
        67,        36,  1.592611823405E+02,  0.5373
        68,        37,  1.590817953666E+02,  0.5441
        71,        38,  1.589923356882E+02,  0.5352
        72,        39,  1.589859891645E+02,  0.5417
        73,        40,  1.585581382220E+02,  0.5479
        77,        41,  1.585014808470E+02,  0.5325
        79,        42,  1.583125859615E+02,  0.5316
        80,        43,  1.581717470099E+02,  0.5375
        81,        44,  1.580885099453E+02,  0.5432
        83,        45,  1.580353594174E+02,  0.5422
        85,        46,  1.579972825771E+02,  0.5412
        88,        47,  1.578872731478E+02,  0.5341
        92,        48,  1.577090537506E+02,  0.5217
        95,        49,  1.576752154587E+02,  0.5158
        97,        50,  1.576325259092E+02,  0.5155
        98,        51,  1.576292439245E+02,  0.5204
       103,        52,  1.576134442630E+02,  0.5049
       105,        53,  1.575922584443E+02,  0.5048
       108,        54,  1.575213594340E+02,  0.5000
       110,        55,  1.574617411135E+02,  0.5000
       112,        56,  1.574118613474E+02,  0.5000
       114,        57,  1.573755405517E+02,  0.5000
       115,        58,  1.573723477834E+02,  0.5043
       116,        59,  1.573004027879E+02,  0.5086
       121,        60,  1.565262023793E+02,  0.4959
       122,        61,  1.564385607620E+02,  0.5000
       124,        62,  1.563440301203E+02,  0.5000
       126,        63,  1.563192673636E+02,  0.5000
       127,        64,  1.561838232636E+02,  0.5039
       129,        65,  1.560805539643E+02,  0.5039
       130,        66,  1.560293340141E+02,  0.5077
       131,        67,  1.559897947787E+02,  0.5115
       132,        68,  1.559852420987E+02,  0.5152
       137,        69,  1.559833595633E+02,  0.5036
       139,        70,  1.558963582116E+02,  0.5036
       142,        71,  1.558094483618E+02,  0.5000
       144,        72,  1.556379825209E+02,  0.5000
       146,        73,  1.555453659829E+02,  0.5000
       147,        74,  1.554049768711E+02,  0.5034
       148,        75,  1.553697106918E+02,  0.5068
       152,        76,  1.553636454831E+02,  0.5000
       154,        77,  1.553573128025E+02,  0.5000
       161,        78,  1.553261344805E+02,  0.4845
       166,        79,  1.551945558601E+02,  0.4759
       168,        80,  1.551928442417E+02,  0.4762
       169,        81,  1.551647342063E+02,  0.4793
       176,        82,  1.549511483619E+02,  0.4659
       179,        83,  1.549047360271E+02,  0.4637
       183,        84,  1.548607526210E+02,  0.4590
       187,        85,  1.548351071360E+02,  0.4545
       188,        86,  1.547271757877E+02,  0.4574
       191,        87,  1.546615108178E+02,  0.4555
       195,        88,  1.546015266919E+02,  0.4513
       196,        89,  1.545985939724E+02,  0.4541
       198,        90,  1.545727734300E+02,  0.4545
       199,        91,  1.544691845289E+02,  0.4573
       201,        92,  1.544547292695E+02,  0.4577
       202,        93,  1.541152106109E+02,  0.4604
       203,        94,  1.540323298760E+02,  0.4631
       206,        95,  1.539141033960E+02,  0.4612
       210,        96,  1.538397906993E+02,  0.4571
       217,        97,  1.538132489768E+02,  0.4470
       219,        98,  1.537939648366E+02,  0.4475
       222,        99,  1.537931745578E+02,  0.4459
       223,       100,  1.536971103483E+02,  0.4484
       224,       101,  1.536325586587E+02,  0.4509
       227,       102,  1.535566414724E+02,  0.4493
       229,       103,  1.535507772438E+02,  0.4498
       230,       104,  1.535210712097E+02,  0.4522
       236,       105,  1.535095456758E+02,  0.4449
       240,       106,  1.534956942027E+02,  0.4417
       242,       107,  1.534759227208E+02,  0.4421
       246,       108,  1.532681952367E+02,  0.4390
       248,       109,  1.532581298273E+02,  0.4395
       251,       110,  1.531714220333E+02,  0.4382
       252,       111,  1.531450584317E+02,  0.4405
       254,       112,  1.531049805001E+02,  0.4409
       258,       113,  1.527563230336E+02,  0.4380
       259,       114,  1.526635612011E+02,  0.4402
       260,       115,  1.526065830508E+02,  0.4423
       263,       116,  1.525618168228E+02,  0.4411
       264,       117,  1.525588576271E+02,  0.4432
       265,       118,  1.525401777631E+02,  0.4453
       267,       119,  1.524790165650E+02,  0.4457
       269,       120,  1.524529789016E+02,  0.4461
       273,       121,  1.523842613471E+02,  0.4432
       277,       122,  1.523362193158E+02,  0.4404
       282,       123,  1.523188298736E+02,  0.4362
       284,       124,  1.521313071431E+02,  0.4366
       286,       125,  1.519571172569E+02,  0.4371
       288,       126,  1.519565785524E+02,  0.4375
       290,       127,  1.519302612980E+02,  0.4379
       291,       128,  1.519272036150E+02,  0.4399
       292,       129,  1.518758972836E+02,  0.4418
       297,       130,  1.518209600561E+02,  0.4377
       299,       131,  1.518069011567E+02,  0.4381
       301,       132,  1.516756548457E+02,  0.4385
       302,       133,  1.516054392708E+02,  0.4404
       305,       134,  1.515885155702E+02,  0.4393
       306,       135,  1.515728540161E+02,  0.4412
       309,       136,  1.515296583526E+02,  0.4401
       310,       137,  1.514502312602E+02,  0.4419
       312,       138,  1.513717940854E+02,  0.4423
       315,       139,  1.513641947034E+02,  0.4413
       317,       140,  1.512335177023E+02,  0.4416
       318,       141,  1.511067417570E+02,  0.4434
       323,       142,  1.510253911478E+02,  0.4396
       326,       143,  1.509767943168E+02,  0.4387
       327,       144,  1.509700296665E+02,  0.4404
       332,       145,  1.509532618214E+02,  0.4367
       334,       146,  1.509219990909E+02,  0.4371
       335,       147,  1.508717210866E+02,  0.4388
       339,       148,  1.508509165044E+02,  0.4366
       341,       149,  1.507570646307E+02,  0.4370
       343,       150,  1.507528788489E+02,  0.4373
       346,       151,  1.506853307705E+02,  0.4364
       347,       152,  1.506369363811E+02,  0.4380
       348,       153,  1.506106522799E+02,  0.4397
       353,       154,  1.504797618370E+02,  0.4363
       354,       155,  1.504587428651E+02,  0.4379
       355,       156,  1.504041770415E+02,  0.4394
       357,       157,  1.503260690967E+02,  0.4398
       358,       158,  1.503045870874E+02,  0.4413
       363,       159,  1.502592614663E+02,  0.4380
       369,       160,  1.501043879612E+02,  0.4336
       373,       161,  1.500994799828E+02,  0.4316
       378,       162,  1.500619816700E+02,  0.4286
       379,       163,  1.499976526048E+02,  0.4301
       383,       164,  1.499929282081E+02,  0.4282
       384,       165,  1.499471303393E+02,  0.4297
       386,       166,  1.498638691424E+02,  0.4301
       387,       167,  1.498549765257E+02,  0.4315
       392,       168,  1.498288111400E+02,  0.4286
       393,       169,  1.498072388619E+02,  0.4300
       403,       170,  1.497784834895E+02,  0.4218
       404,       171,  1.497534921150E+02,  0.4233
       405,       172,  1.496983401759E+02,  0.4247
       407,       173,  1.496258222243E+02,  0.4251
       408,       174,  1.496076260508E+02,  0.4265
       409,       175,  1.495932312138E+02,  0.4279
       410,       176,  1.495507722272E+02,  0.4293
       412,       177,  1.495213748133E+02,  0.4296
       413,       178,  1.494862862845E+02,  0.4310
       414,       179,  1.494749001471E+02,  0.4324
       415,       180,  1.493345449842E+02,  0.4337
       416,       181,  1.493269087485E+02,  0.4351
       417,       182,  1.493183834779E+02,  0.4365
       426,       183,  1.493089210392E+02,  0.4296
       428,       184,  1.491642019914E+02,  0.4299
       430,       185,  1.490354963984E+02,  0.4302
       439,       186,  1.489833942647E+02,  0.4237
       440,       187,  1.489710346862E+02,  0.4250
       442,       188,  1.489634406292E+02,  0.4253
       447,       189,  1.488470923430E+02,  0.4228
       448,       190,  1.488160938352E+02,  0.4241
       450,       191,  1.488006091989E+02,  0.4244
       451,       192,  1.487216298811E+02,  0.4257
       455,       193,  1.487061083235E+02,  0.4242
       458,       194,  1.486275863996E+02,  0.4236
       459,       195,  1.485927720790E+02,  0.4248
       461,       196,  1.485839460438E+02,  0.4252
       462,       197,  1.485379842828E+02,  0.4264
       463,       198,  1.484226580405E+02,  0.4276
       467,       199,  1.484217462201E+02,  0.4261
       473,       200,  1.483693510535E+02,  0.4228
       476,       201,  1.483674024491E+02,  0.4223
       479,       202,  1.483198114801E+02,  0.4217
       480,       203,  1.483074707725E+02,  0.4229
       481,       204,  1.482911922502E+02,  0.4241
       482,       205,  1.481905584372E+02,  0.4253
       484,       206,  1.481625667495E+02,  0.4256
       485,       207,  1.481215443517E+02,  0.4268
       493,       208,  1.481007504272E+02,  0.4219
       494,       209,  1.481007369856E+02,  0.4231
       496,       210,  1.480784369703E+02,  0.4234
       498,       211,  1.480591412100E+02,  0.4237
       500,       212,  1.480569647912E+02,  0.4240
       503,       213,  1.479272010318E+02,  0.4235
       505,       214,  1.478813522998E+02,  0.4238
       508,       215,  1.478686604689E+02,  0.4232
       510,       216,  1.477802389941E+02,  0.4235
       514,       217,  1.477761257776E+02,  0.4222
       518,       218,  1.477016811197E+02,  0.4208
       519,       219,  1.476834766825E+02,  0.4220
       531,       220,  1.476569926484E+02,  0.4143
       533,       221,  1.475732706915E+02,  0.4146
       535,       222,  1.475732192690E+02,  0.4150
       538,       223,  1.475590629337E+02,  0.4145
       539,       224,  1.474948707774E+02,  0.4156
       540,       225,  1.474317513536E+02,  0.4167
       541,       226,  1.474089846586E+02,  0.4177
       543,       227,  1.471602438047E+02,  0.4180
       546,       228,  1.471421939733E+02,  0.4176
       559,       229,  1.471314830929E+02,  0.4097
       560,       230,  1.470918318627E+02,  0.4107
       565,       231,  1.470738333665E+02,  0.4088
       566,       232,  1.470663068803E+02,  0.4099
       567,       233,  1.470636329671E+02,  0.4109
       572,       234,  1.470528738823E+02,  0.4091
       573,       235,  1.470239701291E+02,  0.4101
       575,       236,  1.470213197526E+02,  0.4104
       579,       237,  1.470169542309E+02,  0.4093
       580,       238,  1.469847025494E+02,  0.4103
       581,       239,  1.469317608471E+02,  0.4114
       582,       240,  1.468993217910E+02,  0.4124
       588,       241,  1.468143029605E+02,  0.4099
       589,       242,  1.467280331650E+02,  0.4109
       591,       243,  1.467239131702E+02,  0.4112
       594,       244,  1.466677807402E+02,  0.4108
       598,       245,  1.466599440803E+02,  0.4097
       600,       246,  1.466376799220E+02,  0.4100
       601,       247,  1.466305771119E+02,  0.4110
       609,       248,  1.466280329398E+02,  0.4072
       612,       249,  1.466221677695E+02,  0.4069
       613,       250,  1.465494484288E+02,  0.4078
       629,       251,  1.465302766200E+02,  0.3990
       631,       252,  1.464879251707E+02,  0.3994
       632,       253,  1.464821816920E+02,  0.4003
       633,       254,  1.464812237629E+02,  0.4013
       636,       255,  1.464776244851E+02,  0.4009
       637,       256,  1.464653246430E+02,  0.4019
       638,       257,  1.464043651724E+02,  0.4028
       639,       258,  1.463021539300E+02,  0.4038
       644,       259,  1.462547798225E+02,  0.4022
       646,       260,  1.462356250091E+02,  0.4025
       648,       261,  1.462152731831E+02,  0.4028
       654,       262,  1.461994611229E+02,  0.4006
       661,       263,  1.461020355785E+02,  0.3979
       664,       264,  1.460682708599E+02,  0.3976
       666,       265,  1.460665025850E+02,  0.3979
       671,       266,  1.460478860951E+02,  0.3964
       672,       267,  1.459733892027E+02,  0.3973
       673,       268,  1.459706019974E+02,  0.3982
       674,       269,  1.459611607080E+02,  0.3991
       675,       270,  1.459182250106E+02,  0.4000
       678,       271,  1.459143668566E+02,  0.3997
       683,       272,  1.458806998379E+02,  0.3982
       684,       273,  1.457961401859E+02,  0.3991
       688,       274,  1.457215279281E+02,  0.3983
       690,       275,  1.456257450522E+02,  0.3986
       691,       276,  1.454620458589E+02,  0.3994
       692,       277,  1.454280856950E+02,  0.4003
       694,       278,  1.451971619344E+02,  0.4006
       695,       279,  1.451956593411E+02,  0.4014
       697,       280,  1.451606975382E+02,  0.4017
       698,       281,  1.451517302658E+02,  0.4026
       701,       282,  1.451114266395E+02,  0.4023
       702,       283,  1.450787316772E+02,  0.4031
       703,       284,  1.450574303518E+02,  0.4040
       704,       285,  1.450498353884E+02,  0.4048
       705,       286,  1.450331286270E+02,  0.4057
       707,       287,  1.449831548925E+02,  0.4059
       708,       288,  1.449777107835E+02,  0.4068
       711,       289,  1.449758135834E+02,  0.4065
       713,       290,  1.449616557649E+02,  0.4067
       716,       291,  1.449236143834E+02,  0.4064
       721,       292,  1.448542410790E+02,  0.4050
       724,       293,  1.448404175490E+02,  0.4047
       727,       294,  1.448050741292E+02,  0.4044
       728,       295,  1.447610288850E+02,  0.4052
       730,       296,  1.446624444138E+02,  0.4055
       732,       297,  1.446405886442E+02,  0.4057
       736,       298,  1.446176575928E+02,  0.4049
       737,       299,  1.445420606257E+02,  0.4057
       741,       300,  1.445324411892E+02,  0.4049
       743,       301,  1.445209259949E+02,  0.4051
       746,       302,  1.445015916758E+02,  0.4048
       749,       303,  1.444949603695E+02,  0.4045
       751,       304,  1.443676702669E+02,  0.4048
       760,       305,  1.443083186729E+02,  0.4013
       763,       306,  1.442869996888E+02,  0.4010
       764,       307,  1.442149577238E+02,  0.4018
       766,       308,  1.442105845913E+02,  0.4021
       767,       309,  1.441979643828E+02,  0.4029
       770,       310,  1.441927156946E+02,  0.4026
       771,       311,  1.441655419972E+02,  0.4034
       772,       312,  1.441432731597E+02,  0.4041
       773,       313,  1.440827710867E+02,  0.4049
       775,       314,  1.440099821635E+02,  0.4052
       776,       315,  1.439956293728E+02,  0.4059
       784,       316,  1.439736450111E+02,  0.4031
       785,       317,  1.439730334724E+02,  0.4038
       786,       318,  1.439703516836E+02,  0.4046
       787,       319,  1.439647087573E+02,  0.4053
       791,       320,  1.438981843758E+02,  0.4046
       792,       321,  1.438195362092E+02,  0.4053
       794,       322,  1.437762672489E+02,  0.4055
       795,       323,  1.437631721962E+02,  0.4063
       797,       324,  1.437405759871E+02,  0.4065
       798,       325,  1.437403895683E+02,  0.4073
       799,       326,  1.435941336345E+02,  0.4080
       800,       327,  1.434938373777E+02,  0.4088
       801,       328,  1.434074085677E+02,  0.4095
       802,       329,  1.434070459681E+02,  0.4102
       803,       330,  1.434003017937E+02,  0.4110
       806,       331,  1.433966909677E+02,  0.4107
       807,       332,  1.433644864516E+02,  0.4114
       817,       333,  1.433426770142E+02,  0.4076
       822,       334,  1.433394618991E+02,  0.4063
       826,       335,  1.433231133468E+02,  0.4056
       827,       336,  1.433135680104E+02,  0.4063
       828,       337,  1.432816504520E+02,  0.4070
       829,       338,  1.432785932219E+02,  0.4077
       833,       339,  1.432458730698E+02,  0.4070
       835,       340,  1.432431068693E+02,  0.4072
       837,       341,  1.432295721447E+02,  0.4074
       840,       342,  1.432072360711E+02,  0.4071
       841,       343,  1.431484000820E+02,  0.4078
       845,       344,  1.431315175364E+02,  0.4071
       851,       345,  1.430786613907E+02,  0.4054
       852,       346,  1.430611619695E+02,  0.4061
       853,       347,  1.430592957564E+02,  0.4068
       858,       348,  1.430450533140E+02,  0.4056
       861,       349,  1.430422520938E+02,  0.4053
       865,       350,  1.430395808782E+02,  0.4046
       866,       351,  1.430326376889E+02,  0.4053
       868,       352,  1.430258197395E+02,  0.4055
       871,       353,  1.429577292742E+02,  0.4053
       873,       354,  1.429466876451E+02,  0.4055
       875,       355,  1.429231944946E+02,  0.4057
       877,       356,  1.428960355870E+02,  0.4059
       878,       357,  1.428927466455E+02,  0.4066
       879,       358,  1.428287231634E+02,  0.4073
       882,       359,  1.428080710986E+02,  0.4070
       884,       360,  1.427941016150E+02,  0.4072
       890,       361,  1.427742897077E+02,  0.4056
       892,       362,  1.427706364697E+02,  0.4058
       896,       363,  1.427392356624E+02,  0.4051
       898,       364,  1.426141180589E+02,  0.4053
       903,       365,  1.425317411270E+02,  0.4042
       905,       366,  1.425281489767E+02,  0.4044
       907,       367,  1.425049789773E+02,  0.4046
       911,       368,  1.425048495338E+02,  0.4040
       915,       369,  1.424624246569E+02,  0.4033
       918,       370,  1.424204216952E+02,  0.4031
       920,       371,  1.424181601718E+02,  0.4033
       924,       372,  1.423403357376E+02,  0.4026
       925,       373,  1.423356492430E+02,  0.4032
       927,       374,  1.422972663611E+02,  0.4035
       929,       375,  1.422923277639E+02,  0.4037
       931,       376,  1.422573470513E+02,  0.4039
       933,       377,  1.422465896370E+02,  0.4041
       940,       378,  1.422287385812E+02,  0.4021
       942,       379,  1.422154118301E+02,  0.4023
       943,       380,  1.422007093362E+02,  0.4030
       945,       381,  1.421938322658E+02,  0.4032
       947,       382,  1.421811020733E+02,  0.4034
       949,       383,  1.421515098920E+02,  0.4036
       951,       384,  1.421352235025E+02,  0.4038
       952,       385,  1.421121881885E+02,  0.4044
       954,       386,  1.420834261494E+02,  0.4046
       960,       387,  1.420808769569E+02,  0.4031
       964,       388,  1.420609194216E+02,  0.4025
       968,       389,  1.419963844367E+02,  0.4019
       969,       390,  1.419958400682E+02,  0.4025
       973,       391,  1.419694004209E+02,  0.4018
       978,       392,  1.419447226370E+02,  0.4008
       979,       393,  1.419411580464E+02,  0.4014
       980,       394,  1.419209941055E+02,  0.4020
       986,       395,  1.418828538112E+02,  0.4006
       987,       396,  1.418751410259E+02,  0.4012
       989,       397,  1.418736272877E+02,  0.4014
       991,       398,  1.418567515660E+02,  0.4016
       994,       399,  1.418546848122E+02,  0.4014
       996,       400,  1.417431184506E+02,  0.4016
       997,       401,  1.417378128369E+02,  0.4022
      1001,       402,  1.417004947421E+02,  0.4016
      1010,       403,  1.416879464106E+02,  0.3990
      1011,       404,  1.416852254569E+02,  0.3996
      1012,       405,  1.416720332884E+02,  0.4002
      1014,       406,  1.416331089366E+02,  0.4004
      1016,       407,  1.416294767654E+02,  0.4006
      1018,       408,  1.415974011948E+02,  0.4008
      1020,       409,  1.415868248588E+02,  0.4010
      1021,       410,  1.415861441365E+02,  0.4016
      1026,       411,  1.415855450370E+02,  0.4006
      1028,       412,  1.415846830367E+02,  0.4008
      1030,       413,  1.415802521735E+02,  0.4010
      1033,       414,  1.415748348727E+02,  0.4008
      1035,       415,  1.415716547580E+02,  0.4010
      1037,       416,  1.415527632327E+02,  0.4012
      1038,       417,  1.415078193711E+02,  0.4017
      1040,       418,  1.414353860042E+02,  0.4019
      1043,       419,  1.414077623088E+02,  0.4017
      1044,       420,  1.413722652505E+02,  0.4023
      1045,       421,  1.413667908019E+02,  0.4029
      1048,       422,  1.413338027921E+02,  0.4027
      1049,       423,  1.413136018569E+02,  0.4032
      1053,       424,  1.412914273486E+02,  0.4027
      1056,       425,  1.412258239812E+02,  0.4025
      1060,       426,  1.412088360975E+02,  0.4019
      1062,       427,  1.412041053272E+02,  0.4021
      1067,       428,  1.411792553686E+02,  0.4011
      1069,       429,  1.411769433524E+02,  0.4013
      1074,       430,  1.411554440248E+02,  0.4004
      1077,       431,  1.411240625417E+02,  0.4002
      1078,       432,  1.411117128108E+02,  0.4007
      1084,       433,  1.411027018078E+02,  0.3994
      1086,       434,  1.410987880355E+02,  0.3996
      1087,       435,  1.410555872099E+02,  0.4002
      1090,       436,  1.409845079817E+02,  0.4000
      1093,       437,  1.409497389749E+02,  0.3998
      1096,       438,  1.409397172276E+02,  0.3996
      1099,       439,  1.409200733698E+02,  0.3995
      1102,       440,  1.408963952871E+02,  0.3993
      1107,       441,  1.408904448387E+02,  0.3984
      1109,       442,  1.408808381348E+02,  0.3986
      1111,       443,  1.408627059305E+02,  0.3987
      1119,       444,  1.408568883135E+02,  0.3968
      1122,       445,  1.408553922744E+02,  0.3966
      1131,       446,  1.408546841035E+02,  0.3943
      1132,       447,  1.408213286509E+02,  0.3949
      1135,       448,  1.408005871492E+02,  0.3947
      1136,       449,  1.407990158118E+02,  0.3952
      1138,       450,  1.407772420863E+02,  0.3954
      1141,       451,  1.407590028978E+02,  0.3953
      1143,       452,  1.407501534441E+02,  0.3955
      1149,       453,  1.407463419167E+02,  0.3943
      1153,       454,  1.407398513125E+02,  0.3938
      1156,       455,  1.407189611414E+02,  0.3936
      1162,       456,  1.406767857030E+02,  0.3924
      1163,       457,  1.406415188058E+02,  0.3929
      1164,       458,  1.406101424504E+02,  0.3935
      1169,       459,  1.406081649738E+02,  0.3926
      1172,       460,  1.404980791121E+02,  0.3925
      1173,       461,  1.404710224828E+02,  0.3930
      1175,       462,  1.404688925273E+02,  0.3932
      1176,       463,  1.404491065828E+02,  0.3937
      1185,       464,  1.404482958565E+02,  0.3916
      1187,       465,  1.403863614373E+02,  0.3917
      1189,       466,  1.403762817397E+02,  0.3919
      1192,       467,  1.403663011543E+02,  0.3918
      1199,       468,  1.403608561052E+02,  0.3903
      1201,       469,  1.403517319295E+02,  0.3905
      1210,       470,  1.403428546549E+02,  0.3884
      1212,       471,  1.403316303754E+02,  0.3886
      1224,       472,  1.403281717585E+02,  0.3856
      1229,       473,  1.402721508136E+02,  0.3849
      1232,       474,  1.402632555930E+02,  0.3847
      1234,       475,  1.402538618950E+02,  0.3849
      1235,       476,  1.402488554099E+02,  0.3854
      1236,       477,  1.402448307735E+02,  0.3859
      1237,       478,  1.402324109661E+02,  0.3864
      1241,       479,  1.402253081302E+02,  0.3860
      1245,       480,  1.402128269731E+02,  0.3855
      1247,       481,  1.402004970427E+02,  0.3857
      1250,       482,  1.401774388056E+02,  0.3856
      1251,       483,  1.401284911443E+02,  0.3861
      1252,       484,  1.401038958294E+02,  0.3866
      1258,       485,  1.400793857979E+02,  0.3855
      1259,       486,  1.400792323538E+02,  0.3860
      1261,       487,  1.400224389630E+02,  0.3862
      1264,       488,  1.399557852928E+02,  0.3861
      1265,       489,  1.399532432809E+02,  0.3866
      1267,       490,  1.399506723575E+02,  0.3867
      1268,       491,  1.398194986123E+02,  0.3872
      1271,       492,  1.398188179505E+02,  0.3871
      1272,       493,  1.398151107654E+02,  0.3876
      1273,       494,  1.397922991599E+02,  0.3881
      1274,       495,  1.397857363320E+02,  0.3885
      1275,       496,  1.397684758580E+02,  0.3890
      1276,       497,  1.397427437696E+02,  0.3895
      1288,       498,  1.397386930691E+02,  0.3866
      1290,       499,  1.397102270767E+02,  0.3868
      1291,       500,  1.396990440345E+02,  0.3873
      1292,       501,  1.396923408815E+02,  0.3878
      1293,       502,  1.396828511217E+02,  0.3882
      1295,       503,  1.396679317205E+02,  0.3884
      1296,       504,  1.395983879563E+02,  0.3889
      1299,       505,  1.395696591115E+02,  0.3888
      1307,       506,  1.395479618377E+02,  0.3871
      1309,       507,  1.395451032215E+02,  0.3873
      1314,       508,  1.394904433807E+02,  0.3866
      1318,       509,  1.394142812322E+02,  0.3862
      1320,       510,  1.394072691079E+02,  0.3864
      1322,       511,  1.393720380269E+02,  0.3865
      1325,       512,  1.393354811056E+02,  0.3864
      1327,       513,  1.393273837361E+02,  0.3866
      1331,       514,  1.393269440410E+02,  0.3862
      1332,       515,  1.393175173090E+02,  0.3866
      1334,       516,  1.393129073909E+02,  0.3868
      1343,       517,  1.393001037103E+02,  0.3850
      1344,       518,  1.392676782265E+02,  0.3854
      1345,       519,  1.392667919984E+02,  0.3859
      1349,       520,  1.392527343963E+02,  0.3855
      1350,       521,  1.392501976420E+02,  0.3859
      1352,       522,  1.392440775966E+02,  0.3861
      1353,       523,  1.392086349422E+02,  0.3865
      1357,       524,  1.391795975744E+02,  0.3861
      1358,       525,  1.391283822011E+02,  0.3866
      1360,       526,  1.390927571389E+02,  0.3868
      1363,       527,  1.390842946963E+02,  0.3866
      1364,       528,  1.390470729101E+02,  0.3871
      1366,       529,  1.390460620299E+02,  0.3873
      1367,       530,  1.390181818043E+02,  0.3877
      1368,       531,  1.390060443410E+02,  0.3882
      1371,       532,  1.389811801758E+02,  0.3880
      1374,       533,  1.389388323602E+02,  0.3879
      1376,       534,  1.389296339805E+02,  0.3881
      1377,       535,  1.389073625150E+02,  0.3885
      1379,       536,  1.388877946352E+02,  0.3887
      1385,       537,  1.388592444199E+02,  0.3877
      1386,       538,  1.388575880579E+02,  0.3882
      1389,       539,  1.388408680041E+02,  0.3880
      1390,       540,  1.388353888589E+02,  0.3885
      1397,       541,  1.387691323143E+02,  0.3873
      1398,       542,  1.387350340160E+02,  0.3877
      1399,       543,  1.386656716388E+02,  0.3881
      1400,       544,  1.386241386234E+02,  0.3886
      1401,       545,  1.386167373841E+02,  0.3890
      1402,       546,  1.385830691480E+02,  0.3894
      1403,       547,  1.385772108551E+02,  0.3899
      1414,       548,  1.385757298974E+02,  0.3876
      1418,       549,  1.385629177127E+02,  0.3872
      1420,       550,  1.385574417322E+02,  0.3873
      1421,       551,  1.385487907970E+02,  0.3878
      1425,       552,  1.385279633137E+02,  0.3874
      1426,       553,  1.384680890499E+02,  0.3878
      1431,       554,  1.384672563679E+02,  0.3871
      1435,       555,  1.384619931174E+02,  0.3868
      1441,       556,  1.384486929132E+02,  0.3858
      1447,       557,  1.384453410855E+02,  0.3849
      1450,       558,  1.383461720244E+02,  0.3848
      1457,       559,  1.383338208730E+02,  0.3837
      1461,       560,  1.382714815244E+02,  0.3833
      1462,       561,  1.382571364630E+02,  0.3837
      1465,       562,  1.382199894422E+02,  0.3836
      1467,       563,  1.382187311611E+02,  0.3838
      1468,       564,  1.382066621786E+02,  0.3842
      1470,       565,  1.382061515544E+02,  0.3844
      1471,       566,  1.381988648167E+02,  0.3848
      1477,       567,  1.381734760981E+02,  0.3839
      1478,       568,  1.381633319059E+02,  0.3843
      1484,       569,  1.381386852215E+02,  0.3834
      1488,       570,  1.381235064374E+02,  0.3831
      1489,       571,  1.380844655212E+02,  0.3835
      1493,       572,  1.380343113733E+02,  0.3831
      1494,       573,  1.380320189133E+02,  0.3835
      1495,       574,  1.380219880014E+02,  0.3839
      1497,       575,  1.380197859204E+02,  0.3841
      1498,       576,  1.379923055812E+02,  0.3845
      1500,       577,  1.379899252200E+02,  0.3847
      1507,       578,  1.379897866310E+02,  0.3835
      1509,       579,  1.379894820781E+02,  0.3837
      1513,       580,  1.379790669503E+02,  0.3833
      1514,       581,  1.379768493161E+02,  0.3838
      1516,       582,  1.379627009364E+02,  0.3839
      1518,       583,  1.379533772359E+02,  0.3841
      1521,       584,  1.379491502394E+02,  0.3840
      1522,       585,  1.379442576002E+02,  0.3844
      1527,       586,  1.379358945905E+02,  0.3838
      1528,       587,  1.379211288707E+02,  0.3842
      1531,       588,  1.379148693692E+02,  0.3841
      1532,       589,  1.378963996599E+02,  0.3845
      1540,       590,  1.378957685566E+02,  0.3831
      1542,       591,  1.378952482763E+02,  0.3833
      1544,       592,  1.378886264800E+02,  0.3834
      1547,       593,  1.378396060932E+02,  0.3833
      1548,       594,  1.378394713753E+02,  0.3837
      1551,       595,  1.377682068200E+02,  0.3836
      1552,       596,  1.377493011402E+02,  0.3840
      1558,       597,  1.377399009631E+02,  0.3832
      1559,       598,  1.376924991929E+02,  0.3836
      1566,       599,  1.376857688196E+02,  0.3825
      1567,       600,  1.376820687176E+02,  0.3829
      1568,       601,  1.376233185595E+02,  0.3833
      1569,       602,  1.375990127442E+02,  0.3837
      1570,       603,  1.375987544088E+02,  0.3841
      1571,       604,  1.375921517181E+02,  0.3845
      1573,       605,  1.375736812568E+02,  0.3846
      1577,       606,  1.375308573157E+02,  0.3843
      1579,       607,  1.375209849107E+02,  0.3844
      1586,       608,  1.375144711379E+02,  0.3834
      1592,       609,  1.375114115083E+02,  0.3825
      1595,       610,  1.375074798252E+02,  0.3824
      1596,       611,  1.374993450571E+02,  0.3828
      1599,       612,  1.374642996066E+02,  0.3827
      1600,       613,  1.374620634935E+02,  0.3831
      1602,       614,  1.374187573771E+02,  0.3833
      1603,       615,  1.374107522900E+02,  0.3837
      1604,       616,  1.374050390527E+02,  0.3840
      1605,       617,  1.373942058153E+02,  0.3844
      1606,       618,  1.373744288924E+02,  0.3848
      1607,       619,  1.373416767869E+02,  0.3852
      1611,       620,  1.373273631284E+02,  0.3849
      1613,       621,  1.373117805080E+02,  0.3850
      1615,       622,  1.372552360503E+02,  0.3851
      1616,       623,  1.372122489623E+02,  0.3855
      1617,       624,  1.371881548059E+02,  0.3859
      1620,       625,  1.371549508846E+02,  0.3858
      1628,       626,  1.371467138210E+02,  0.3845
      1631,       627,  1.371402664054E+02,  0.3844
      1635,       628,  1.371305021901E+02,  0.3841
      1637,       629,  1.371295118411E+02,  0.3842
      1638,       630,  1.371262359618E+02,  0.3846
      1639,       631,  1.371242753910E+02,  0.3850
      1640,       632,  1.371191282511E+02,  0.3854
      1641,       633,  1.371112317306E+02,  0.3857
      1645,       634,  1.371056640384E+02,  0.3854
      1647,       635,  1.371041617948E+02,  0.3855
      1652,       636,  1.370920260504E+02,  0.3850
      1654,       637,  1.370648768600E+02,  0.3851
      1655,       638,  1.370593352570E+02,  0.3855
      1662,       639,  1.370582973418E+02,  0.3845
      1665,       640,  1.370363524013E+02,  0.3844
      1666,       641,  1.370249878279E+02,  0.3848
      1667,       642,  1.370224526600E+02,  0.3851
      1678,       643,  1.369518276513E+02,  0.3832
      1683,       644,  1.369489645819E+02,  0.3827
      1688,       645,  1.369419202544E+02,  0.3821
      1689,       646,  1.369340634121E+02,  0.3825
      1695,       647,  1.369338495884E+02,  0.3817
      1696,       648,  1.369112383154E+02,  0.3821
      1708,       649,  1.369018214155E+02,  0.3800
      1711,       650,  1.369016774922E+02,  0.3799
      1714,       651,  1.368790288302E+02,  0.3798
      1715,       652,  1.368640270004E+02,  0.3802
      1719,       653,  1.368636429884E+02,  0.3799
      1720,       654,  1.368182130482E+02,  0.3802
      1721,       655,  1.368118986026E+02,  0.3806
      1723,       656,  1.368037573396E+02,  0.3807
      1734,       657,  1.367120250189E+02,  0.3789
      1735,       658,  1.367096999510E+02,  0.3793
      1737,       659,  1.366826937776E+02,  0.3794
      1739,       660,  1.366272708015E+02,  0.3795
      1741,       661,  1.366212186966E+02,  0.3797
      1742,       662,  1.365823406649E+02,  0.3800
      1745,       663,  1.365596888955E+02,  0.3799
      1752,       664,  1.365479619571E+02,  0.3790
      1760,       665,  1.365470685215E+02,  0.3778
      1763,       666,  1.365403236320E+02,  0.3778
      1765,       667,  1.364852214383E+02,  0.3779
      1767,       668,  1.364770141885E+02,  0.3780
      1770,       669,  1.364431197284E+02,  0.3780
      1774,       670,  1.364324612463E+02,  0.3777
      1775,       671,  1.363610870902E+02,  0.3780
      1777,       672,  1.363464316100E+02,  0.3782
      1779,       673,  1.363408778271E+02,  0.3783
      1781,       674,  1.363099448941E+02,  0.3784
      1784,       675,  1.363074582115E+02,  0.3784
      1785,       676,  1.362969659872E+02,  0.3787
      1790,       677,  1.362639317421E+02,  0.3782
      1794,       678,  1.362455328276E+02,  0.3779
      1798,       679,  1.362387608730E+02,  0.3776
      1799,       680,  1.361519565592E+02,  0.3780
      1800,       681,  1.361506001949E+02,  0.3783
      1801,       682,  1.361316397180E+02,  0.3787
      1802,       683,  1.361304948910E+02,  0.3790
      1804,       684,  1.361224781382E+02,  0.3792
      1808,       685,  1.361161117638E+02,  0.3789
      1809,       686,  1.360994319270E+02,  0.3792
      1812,       687,  1.360315330021E+02,  0.3791
      1819,       688,  1.360181208315E+02,  0.3782
      1825,       689,  1.360063368785E+02,  0.3775
      1826,       690,  1.360014973998E+02,  0.3779
      1827,       691,  1.359939667677E+02,  0.3782
      1828,       692,  1.359814960627E+02,  0.3786
      1829,       693,  1.359664632386E+02,  0.3789
      1835,       694,  1.359664565641E+02,  0.3782
      1837,       695,  1.359591536026E+02,  0.3783
      1838,       696,  1.359487706519E+02,  0.3787
      1839,       697,  1.359432777985E+02,  0.3790
      1840,       698,  1.359368712778E+02,  0.3793
      1842,       699,  1.359365367059E+02,  0.3795
      1847,       700,  1.359337011443E+02,  0.3790
      1853,       701,  1.358993707165E+02,  0.3783
      1854,       702,  1.358988113010E+02,  0.3786
      1855,       703,  1.358972727740E+02,  0.3790
      1856,       704,  1.358200329745E+02,  0.3793
      1860,       705,  1.358192349845E+02,  0.3790
      1864,       706,  1.357274134355E+02,  0.3788
      1868,       707,  1.356966357533E+02,  0.3785
      1869,       708,  1.355887869928E+02,  0.3788
      1874,       709,  1.355853603244E+02,  0.3783
      1877,       710,  1.355773813583E+02,  0.3783
      1883,       711,  1.355766456631E+02,  0.3776
      1888,       712,  1.355558049676E+02,  0.3771
      1889,       713,  1.355406590584E+02,  0.3774
      1892,       714,  1.354862791194E+02,  0.3774
      1897,       715,  1.354844628593E+02,  0.3769
      1902,       716,  1.354810531506E+02,  0.3764
      1910,       717,  1.354677070945E+02,  0.3754
      1915,       718,  1.354476922910E+02,  0.3749
      1916,       719,  1.354350767274E+02,  0.3753
      1917,       720,  1.353824308888E+02,  0.3756
      1919,       721,  1.353822941644E+02,  0.3757
      1920,       722,  1.353786933506E+02,  0.3760
      1927,       723,  1.353441831216E+02,  0.3752
      1929,       724,  1.352580017792E+02,  0.3753
      1930,       725,  1.352430379266E+02,  0.3756
      1933,       726,  1.352154962991E+02,  0.3756
      1936,       727,  1.352150733968E+02,  0.3755
      1937,       728,  1.352141545266E+02,  0.3758
      1938,       729,  1.352012104145E+02,  0.3762
      1939,       730,  1.351927359220E+02,  0.3765
      1943,       731,  1.351810763880E+02,  0.3762
      1945,       732,  1.351764152805E+02,  0.3763
      1946,       733,  1.351543559549E+02,  0.3767
      1950,       734,  1.351278702746E+02,  0.3764
      1952,       735,  1.350625813638E+02,  0.3765
      1954,       736,  1.350489941479E+02,  0.3767
      1955,       737,  1.350089876408E+02,  0.3770
      1960,       738,  1.349712871835E+02,  0.3765
      1961,       739,  1.349693424253E+02,  0.3768
      1962,       740,  1.349609391313E+02,  0.3772
      1964,       741,  1.349567464075E+02,  0.3773
      1966,       742,  1.349068016171E+02,  0.3774
      1968,       743,  1.348962691633E+02,  0.3775
      1971,       744,  1.348267149648E+02,  0.3775
      1972,       745,  1.348232553398E+02,  0.3778
      1976,       746,  1.348215023870E+02,  0.3775
      1978,       747,  1.347815640886E+02,  0.3777
      1980,       748,  1.347626836885E+02,  0.3778
      1981,       749,  1.347132757729E+02,  0.3781
      1983,       750,  1.347073237814E+02,  0.3782
      1985,       751,  1.347039254282E+02,  0.3783
      1987,       752,  1.346928322798E+02,  0.3785
      1991,       753,  1.346817167992E+02,  0.3782
      1992,       754,  1.346782200926E+02,  0.3785
      1993,       755,  1.346740382475E+02,  0.3788
      1994,       756,  1.346719514105E+02,  0.3791
      2002,       757,  1.346695255690E+02,  0.3781
      2007,       758,  1.345663376836E+02,  0.3777
      2009,       759,  1.345645318239E+02,  0.3778
      2013,       760,  1.345625070728E+02,  0.3775
      2014,       761,  1.345302805950E+02,  0.3779
      2015,       762,  1.345237986119E+02,  0.3782
      2025,       763,  1.345173045833E+02,  0.3768
      2028,       764,  1.345154193822E+02,  0.3767
      2033,       765,  1.344681066753E+02,  0.3763
      2039,       766,  1.344666413036E+02,  0.3757
      2041,       767,  1.344185688769E+02,  0.3758
      2056,       768,  1.343601111245E+02,  0.3735
      2059,       769,  1.343572973707E+02,  0.3735
      2060,       770,  1.343561705820E+02,  0.3738
      2063,       771,  1.343533808001E+02,  0.3737
      2076,       772,  1.343525522294E+02,  0.3719
      2081,       773,  1.343474217308E+02,  0.3715
      2083,       774,  1.342993253325E+02,  0.3716
      2086,       775,  1.342992880194E+02,  0.3715
      2088,       776,  1.342896911204E+02,  0.3716
      2098,       777,  1.342834921107E+02,  0.3704
      2099,       778,  1.342700370648E+02,  0.3707
      2102,       779,  1.342575902981E+02,  0.3706
      2106,       780,  1.342445274783E+02,  0.3704
      2113,       781,  1.342195849590E+02,  0.3696
      2115,       782,  1.342141663726E+02,  0.3697
      2118,       783,  1.341457962069E+02,  0.3697
      2119,       784,  1.341370836943E+02,  0.3700
      2120,       785,  1.340976493060E+02,  0.3703
      2122,       786,  1.340893373422E+02,  0.3704
      2130,       787,  1.340855335470E+02,  0.3695
      2131,       788,  1.340846414220E+02,  0.3698
      2133,       789,  1.340676489150E+02,  0.3699
      2139,       790,  1.340182543697E+02,  0.3693
      2140,       791,  1.340088962726E+02,  0.3696
      2141,       792,  1.339982795695E+02,  0.3699
      2144,       793,  1.339800223029E+02,  0.3699
      2145,       794,  1.339713990740E+02,  0.3702
      2147,       795,  1.339617066849E+02,  0.3703
      2150,       796,  1.339610015010E+02,  0.3702
      2153,       797,  1.339460619463E+02,  0.3702
      2159,       798,  1.339419576195E+02,  0.3696
      2160,       799,  1.339408187406E+02,  0.3699
      2162,       800,  1.339394071963E+02,  0.3700
      2181,       801,  1.339262565445E+02,  0.3673
      2182,       802,  1.339156815624E+02,  0.3676
      2184,       803,  1.339067418042E+02,  0.3677
      2192,       804,  1.339050712785E+02,  0.3668
      2195,       805,  1.338965038035E+02,  0.3667
      2200,       806,  1.338942936537E+02,  0.3664
      2203,       807,  1.337993058646E+02,  0.3663
      2204,       808,  1.337633076518E+02,  0.3666
      2206,       809,  1.337574063478E+02,  0.3667
      2208,       810,  1.337560485411E+02,  0.3668
      2210,       811,  1.337510637461E+02,  0.3670
      2214,       812,  1.337505679053E+02,  0.3668
      2216,       813,  1.337445742306E+02,  0.3669
      2218,       814,  1.337373540358E+02,  0.3670
      2221,       815,  1.337248257646E+02,  0.3670
      2225,       816,  1.337110431952E+02,  0.3667
      2226,       817,  1.337110278683E+02,  0.3670
      2237,       818,  1.336105868985E+02,  0.3657
      2239,       819,  1.335816843162E+02,  0.3658
      2250,       820,  1.335715185218E+02,  0.3644
      2258,       821,  1.334898530454E+02,  0.3636
      2261,       822,  1.334608394863E+02,  0.3636
      2263,       823,  1.334418930144E+02,  0.3637
      2265,       824,  1.334385261226E+02,  0.3638
      2267,       825,  1.334377018428E+02,  0.3639
      2274,       826,  1.334376473771E+02,  0.3632
      2276,       827,  1.334335728453E+02,  0.3634
      2283,       828,  1.334148947944E+02,  0.3627
      2285,       829,  1.333637562224E+02,  0.3628
      2287,       830,  1.333583809879E+02,  0.3629
      2288,       831,  1.333575818983E+02,  0.3632
      2297,       832,  1.333372749096E+02,  0.3622
      2298,       833,  1.333332862695E+02,  0.3625
      2301,       834,  1.333315165974E+02,  0.3625
      2304,       835,  1.332854474407E+02,  0.3624
      2306,       836,  1.332751635370E+02,  0.3625
      2307,       837,  1.332633041994E+02,  0.3628
      2310,       838,  1.332169230748E+02,  0.3628
      2317,       839,  1.331516564197E+02,  0.3621
      2321,       840,  1.331149805432E+02,  0.3619
      2332,       841,  1.331139527046E+02,  0.3606
      2341,       842,  1.330428661320E+02,  0.3597
      2347,       843,  1.330428496680E+02,  0.3592
      2353,       844,  1.330160032090E+02,  0.3587
      2355,       845,  1.329902710564E+02,  0.3588
      2368,       846,  1.329833778734E+02,  0.3573
      2377,       847,  1.329560535954E+02,  0.3563
      2387,       848,  1.329547955621E+02,  0.3553
      2389,       849,  1.329422541907E+02,  0.3554
      2390,       850,  1.329314202137E+02,  0.3556
      2392,       851,  1.329264601423E+02,  0.3558
      2397,       852,  1.329092387315E+02,  0.3554
      2400,       853,  1.329083185974E+02,  0.3554
      2404,       854,  1.329080413649E+02,  0.3552
      2406,       855,  1.328731275566E+02,  0.3554
      2410,       856,  1.328727744496E+02,  0.3552
      2413,       857,  1.328659604166E+02,  0.3552
      2414,       858,  1.328639818159E+02,  0.3554
      2418,       859,  1.328607146006E+02,  0.3553
      2421,       860,  1.328149582160E+02,  0.3552
      2422,       861,  1.328024723948E+02,  0.3555
      2438,       862,  1.327438466490E+02,  0.3536
      2446,       863,  1.327243397834E+02,  0.3528
      2447,       864,  1.327106192129E+02,  0.3531
      2450,       865,  1.327048839977E+02,  0.3531
      2456,       866,  1.327046759603E+02,  0.3526
      2460,       867,  1.327022198992E+02,  0.3524
      2461,       868,  1.326994838417E+02,  0.3527
      2464,       869,  1.326950546826E+02,  0.3527
      2478,       870,  1.326318445958E+02,  0.3511
      2480,       871,  1.326085525235E+02,  0.3512
      2481,       872,  1.326000729620E+02,  0.3515
      2482,       873,  1.325967324983E+02,  0.3517
      2483,       874,  1.325952654500E+02,  0.3520
      2492,       875,  1.325897586412E+02,  0.3511
      2493,       876,  1.325731801670E+02,  0.3514
      2497,       877,  1.325533919700E+02,  0.3512
      2499,       878,  1.325381273743E+02,  0.3513
      2500,       879,  1.325298676283E+02,  0.3516
      2504,       880,  1.325266528964E+02,  0.3514
      2511,       881,  1.325232621914E+02,  0.3509
      2512,       882,  1.325183566528E+02,  0.3511
      2524,       883,  1.325147060568E+02,  0.3498
      2530,       884,  1.325146135955E+02,  0.3494
      2535,       885,  1.325011984830E+02,  0.3491
      2541,       886,  1.325008645184E+02,  0.3487
      2542,       887,  1.324773825228E+02,  0.3489
      2543,       888,  1.324763420234E+02,  0.3492
      2553,       889,  1.324754274563E+02,  0.3482
      2556,       890,  1.324688040453E+02,  0.3482
      2557,       891,  1.324682979155E+02,  0.3485
      2558,       892,  1.324622279305E+02,  0.3487
      2560,       893,  1.324479680480E+02,  0.3488
      2564,       894,  1.324390689158E+02,  0.3487
      2565,       895,  1.324106109620E+02,  0.3489
      2574,       896,  1.324044701049E+02,  0.3481
      2580,       897,  1.324042661754E+02,  0.3477
      2582,       898,  1.323357563128E+02,  0.3478
      2583,       899,  1.323357126300E+02,  0.3480
      2589,       900,  1.323076695686E+02,  0.3476
      2590,       901,  1.322857585681E+02,  0.3479
      2591,       902,  1.322786941820E+02,  0.3481
      2593,       903,  1.322318886530E+02,  0.3482
      2595,       904,  1.322285585068E+02,  0.3484
      2601,       905,  1.322237854755E+02,  0.3479
      2603,       906,  1.322159988942E+02,  0.3481
      2605,       907,  1.322149854160E+02,  0.3482
      2606,       908,  1.321923149098E+02,  0.3484
      2613,       909,  1.321757472897E+02,  0.3479
      2621,       910,  1.321722212941E+02,  0.3472
      2624,       911,  1.321721393234E+02,  0.3472
      2638,       912,  1.321680262328E+02,  0.3457
      2642,       913,  1.321324404908E+02,  0.3456
      2643,       914,  1.321303785975E+02,  0.3458
      2650,       915,  1.321278876531E+02,  0.3453
      2651,       916,  1.321246433673E+02,  0.3455
      2662,       917,  1.321224403597E+02,  0.3445
      2668,       918,  1.320903513006E+02,  0.3441
      2673,       919,  1.320672877159E+02,  0.3438
      2675,       920,  1.320660053244E+02,  0.3439
      2676,       921,  1.320645431032E+02,  0.3442
      2678,       922,  1.320576917263E+02,  0.3443
      2699,       923,  1.320573617924E+02,  0.3420
      2711,       924,  1.320532473194E+02,  0.3408
      2714,       925,  1.320531412907E+02,  0.3408
      2716,       926,  1.320436303897E+02,  0.3409
      2717,       927,  1.320431878629E+02,  0.3412
      2724,       928,  1.319949036150E+02,  0.3407
      2727,       929,  1.319935812556E+02,  0.3407
      2731,       930,  1.319929407730E+02,  0.3405
      2735,       931,  1.319905997460E+02,  0.3404
      2744,       932,  1.319823104825E+02,  0.3397
      2747,       933,  1.319822334828E+02,  0.3396
      2750,       934,  1.319796925015E+02,  0.3396
      2752,       935,  1.319792121868E+02,  0.3398
      2759,       936,  1.319790783930E+02,  0.3393
      2762,       937,  1.319777162104E+02,  0.3392
      2764,       938,  1.319757855878E+02,  0.3394
      2765,       939,  1.319732146821E+02,  0.3396
      2769,       940,  1.319707851187E+02,  0.3395
      2770,       941,  1.319706474084E+02,  0.3397
      2773,       942,  1.319618997894E+02,  0.3397
      2774,       943,  1.319585591587E+02,  0.3399
      2776,       944,  1.319581608842E+02,  0.3401
      2780,       945,  1.319499606701E+02,  0.3399
      2782,       946,  1.319497011381E+02,  0.3400
      2785,       947,  1.319465338171E+02,  0.3400
      2790,       948,  1.319424241093E+02,  0.3398
      2795,       949,  1.319418090577E+02,  0.3395
      2798,       950,  1.319385784679E+02,  0.3395
      2802,       951,  1.318600939780E+02,  0.3394
      2806,       952,  1.318559098865E+02,  0.3393
      2810,       953,  1.318537027243E+02,  0.3391
      2812,       954,  1.318465602000E+02,  0.3393
      2813,       955,  1.318461130627E+02,  0.3395
      2821,       956,  1.318422347531E+02,  0.3389
      2824,       957,  1.318421455022E+02,  0.3389
      2836,       958,  1.318391922322E+02,  0.3378
      2841,       959,  1.318388375062E+02,  0.3376
      2844,       960,  1.318324379533E+02,  0.3376
      2847,       961,  1.318290668402E+02,  0.3375
      2850,       962,  1.318252966418E+02,  0.3375
      2853,       963,  1.318202700978E+02,  0.3375
      2856,       964,  1.317674531651E+02,  0.3375
      2861,       965,  1.317491737221E+02,  0.3373
      2865,       966,  1.317487788873E+02,  0.3372
      2868,       967,  1.317459306952E+02,  0.3372
      2869,       968,  1.317451257194E+02,  0.3374
      2875,       969,  1.317419816559E+02,  0.3370
      2881,       970,  1.317316725608E+02,  0.3367
      2887,       971,  1.317312935988E+02,  0.3363
      2888,       972,  1.317279244177E+02,  0.3366
      2905,       973,  1.317269502094E+02,  0.3349
      2915,       974,  1.317253324605E+02,  0.3341
      2916,       975,  1.317221225008E+02,  0.3344
      2918,       976,  1.316978313562E+02,  0.3345
      2924,       977,  1.316968471604E+02,  0.3341
      2926,       978,  1.316480092701E+02,  0.3342
      2932,       979,  1.316160115587E+02,  0.3339
      2934,       980,  1.316091770874E+02,  0.3340
      2936,       981,  1.316032158847E+02,  0.3341
      2942,       982,  1.315924947739E+02,  0.3338
      2947,       983,  1.315903660368E+02,  0.3336
      2952,       984,  1.315877231582E+02,  0.3333
      2953,       985,  1.315875442414E+02,  0.3336
      2963,       986,  1.315873167779E+02,  0.3328
      2964,       987,  1.315499981935E+02,  0.3330
      2965,       988,  1.315312035129E+02,  0.3332
      2969,       989,  1.315278146475E+02,  0.3331
      2986,       990,  1.315265795103E+02,  0.3315
      2987,       991,  1.315196534845E+02,  0.3318
      2989,       992,  1.315170750933E+02,  0.3319
      2998,       993,  1.314934390548E+02,  0.3312
      3005,       994,  1.314885842422E+02,  0.3308
      3007,       995,  1.314883171010E+02,  0.3309
      3014,       996,  1.314881510006E+02,  0.3305
      3015,       997,  1.314862153614E+02,  0.3307
      3016,       998,  1.314822339137E+02,  0.3309
      3019,       999,  1.314723656305E+02,  0.3309
      3032,      1000,  1.314705171558E+02,  0.3298
      3033,      1001,  1.314690728940E+02,  0.3300
      3035,      1002,  1.314632444110E+02,  0.3301
      3036,      1003,  1.314565592736E+02,  0.3304
      3037,      1004,  1.314523094916E+02,  0.3306
      3038,      1005,  1.314505593733E+02,  0.3308
      3040,      1006,  1.314483394843E+02,  0.3309
      3048,      1007,  1.314375754045E+02,  0.3304
      3056,      1008,  1.314097112392E+02,  0.3298
      3058,      1009,  1.314097083125E+02,  0.3300
      3060,      1010,  1.313976608435E+02,  0.3301
      3062,      1011,  1.313973728978E+02,  0.3302
      3072,      1012,  1.313951991570E+02,  0.3294
      3074,      1013,  1.313919886069E+02,  0.3295
      3084,      1014,  1.313868236543E+02,  0.3288
      3088,      1015,  1.313854917930E+02,  0.3287
      3094,      1016,  1.313771005294E+02,  0.3284
      3107,      1017,  1.313763566503E+02,  0.3273
      3108,      1018,  1.313592489157E+02,  0.3275
      3117,      1019,  1.313507505963E+02,  0.3269
      3118,      1020,  1.313467713623E+02,  0.3271
      3130,      1021,  1.313262224710E+02,  0.3262
      3139,      1022,  1.313262064629E+02,  0.3256
      3145,      1023,  1.313247881968E+02,  0.3253
      3148,      1024,  1.313207822763E+02,  0.3253
      3151,      1025,  1.313197132400E+02,  0.3253
      3153,      1026,  1.313143688560E+02,  0.3254
      3154,      1027,  1.313087462563E+02,  0.3256
      3155,      1028,  1.312496403250E+02,  0.3258
      3169,      1029,  1.312494422193E+02,  0.3247
      3170,      1030,  1.312477433743E+02,  0.3249
      3174,      1031,  1.312272989898E+02,  0.3248
      3178,      1032,  1.312254141158E+02,  0.3247
      3184,      1033,  1.312248149627E+02,  0.3244
      3193,      1034,  1.311837777265E+02,  0.3238
      3194,      1035,  1.311828414481E+02,  0.3240
      3197,      1036,  1.311784545679E+02,  0.3241
      3203,      1037,  1.311476661285E+02,  0.3238
      3208,      1038,  1.311447930573E+02,  0.3236
      3216,      1039,  1.311444699675E+02,  0.3231
      3232,      1040,  1.311440475835E+02,  0.3218
      3233,      1041,  1.311435847672E+02,  0.3220
      3235,      1042,  1.311427790125E+02,  0.3221
      3236,      1043,  1.311344302835E+02,  0.3223
      3255,      1044,  1.311189447861E+02,  0.3207
      3256,      1045,  1.311022727723E+02,  0.3209
      3259,      1046,  1.311002643252E+02,  0.3210
      3263,      1047,  1.309654711912E+02,  0.3209
      3281,      1048,  1.309497672563E+02,  0.3194
      3285,      1049,  1.309355394872E+02,  0.3193
      3293,      1050,  1.309325275012E+02,  0.3189
      3294,      1051,  1.309315738701E+02,  0.3191
      3299,      1052,  1.309293274249E+02,  0.3189
      3303,      1053,  1.309157343846E+02,  0.3188
      3309,      1054,  1.309112129512E+02,  0.3185
      3314,      1055,  1.309044162757E+02,  0.3183
      3317,      1056,  1.309039755736E+02,  0.3184
      3318,      1057,  1.307844453128E+02,  0.3186
      3319,      1058,  1.307617558277E+02,  0.3188
      3320,      1059,  1.307471167404E+02,  0.3190
      3321,      1060,  1.307459718264E+02,  0.3192
      3324,      1061,  1.307458531944E+02,  0.3192
      3326,      1062,  1.307449280628E+02,  0.3193
      3333,      1063,  1.307321945610E+02,  0.3189
      3339,      1064,  1.306651308955E+02,  0.3187
      3341,      1065,  1.306641924630E+02,  0.3188
      3346,      1066,  1.306629098820E+02,  0.3186
      3348,      1067,  1.306485210689E+02,  0.3187
      3357,      1068,  1.306479200615E+02,  0.3181
      3364,      1069,  1.306452034498E+02,  0.3178
      3373,      1070,  1.306413647544E+02,  0.3172
      3377,      1071,  1.306413246807E+02,  0.3171
      3384,      1072,  1.306317184212E+02,  0.3168
      3385,      1073,  1.306223708435E+02,  0.3170
      3397,      1074,  1.305715625480E+02,  0.3162
      3408,      1075,  1.305710203029E+02,  0.3154
      3411,      1076,  1.305691313901E+02,  0.3155
      3413,      1077,  1.305676501481E+02,  0.3156
      3418,      1078,  1.305248060089E+02,  0.3154
      3419,      1079,  1.305104641800E+02,  0.3156
      3425,      1080,  1.305098663350E+02,  0.3153
      3427,      1081,  1.305068580154E+02,  0.3154
      3435,      1082,  1.305062913849E+02,  0.3150
      3437,      1083,  1.305016795490E+02,  0.3151
      3441,      1084,  1.304988643011E+02,  0.3150
      3442,      1085,  1.304988569804E+02,  0.3152
      3447,      1086,  1.304961458820E+02,  0.3151
      3456,      1087,  1.304945748573E+02,  0.3145
      3461,      1088,  1.304938409591E+02,  0.3144
      3463,      1089,  1.304932112717E+02,  0.3145
      3464,      1090,  1.304910584827E+02,  0.3147
      3476,      1091,  1.304872241550E+02,  0.3139
      3481,      1092,  1.304784025255E+02,  0.3137
      3483,      1093,  1.304543584911E+02,  0.3138
      3484,      1094,  1.304394554772E+02,  0.3140
      3497,      1095,  1.304297655943E+02,  0.3131
      3502,      1096,  1.304295560868E+02,  0.3130
      3508,      1097,  1.304260010837E+02,  0.3127
      3511,      1098,  1.304241933143E+02,  0.3127
      3514,      1099,  1.304192987655E+02,  0.3127
      3515,      1100,  1.304053320481E+02,  0.3129
      3523,      1101,  1.304035923433E+02,  0.3125
      3527,      1102,  1.304011217727E+02,  0.3124
      3536,      1103,  1.304007436279E+02,  0.3119
      3537,      1104,  1.303969816691E+02,  0.3121
      3542,      1105,  1.303791164063E+02,  0.3120
      3560,      1106,  1.303778255329E+02,  0.3107
      3567,      1107,  1.303775073618E+02,  0.3103
      3572,      1108,  1.303744342562E+02,  0.3102
      3576,      1109,  1.303547593000E+02,  0.3101
      3585,      1110,  1.303482976539E+02,  0.3096
      3591,      1111,  1.303411089322E+02,  0.3094
      3606,      1112,  1.303408815036E+02,  0.3084
      3618,      1113,  1.303391909453E+02,  0.3076
      3625,      1114,  1.303367746644E+02,  0.3073
      3629,      1115,  1.303340843048E+02,  0.3072
      3636,      1116,  1.303274312975E+02,  0.3069
      3644,      1117,  1.303213329074E+02,  0.3065
      3647,      1118,  1.303193981156E+02,  0.3066
      3648,      1119,  1.303190416953E+02,  0.3067
      3652,      1120,  1.303183870811E+02,  0.3067
      3653,      1121,  1.303181956760E+02,  0.3069
      3655,      1122,  1.303145412704E+02,  0.3070
      3661,      1123,  1.303141607407E+02,  0.3067
      3665,      1124,  1.303112983722E+02,  0.3067
      3667,      1125,  1.302942209270E+02,  0.3068
      3675,      1126,  1.302941131753E+02,  0.3064
      3677,      1127,  1.302924769814E+02,  0.3065
      3681,      1128,  1.302920516752E+02,  0.3064
      3684,      1129,  1.302819889701E+02,  0.3065
      3685,      1130,  1.302770914539E+02,  0.3066
      3687,      1131,  1.302764911187E+02,  0.3068
      3689,      1132,  1.302211823812E+02,  0.3069
      3691,      1133,  1.301973902227E+02,  0.3070
      3699,      1134,  1.301929075180E+02,  0.3066
      3709,      1135,  1.301928929195E+02,  0.3060
      3710,      1136,  1.301905374921E+02,  0.3062
      3712,      1137,  1.301894139663E+02,  0.3063
      3716,      1138,  1.301755931894E+02,  0.3062
      3719,      1139,  1.301682481214E+02,  0.3063
      3731,      1140,  1.301669703006E+02,  0.3055
      3736,      1141,  1.301394587111E+02,  0.3054
      3742,      1142,  1.301200625055E+02,  0.3052
      3744,      1143,  1.301132156814E+02,  0.3053
      3755,      1144,  1.301108152458E+02,  0.3047
      3762,      1145,  1.301078279116E+02,  0.3044
      3763,      1146,  1.301070825702E+02,  0.3045
      3769,      1147,  1.301029396716E+02,  0.3043
      3771,      1148,  1.300882337296E+02,  0.3044
      3773,      1149,  1.300785173070E+02,  0.3045
      3778,      1150,  1.300759982070E+02,  0.3044
      3784,      1151,  1.300721260677E+02,  0.3042
      3815,      1152,  1.300678625295E+02,  0.3020
      3816,      1153,  1.300677856518E+02,  0.3021
      3825,      1154,  1.300629189464E+02,  0.3017
      3835,      1155,  1.300618488671E+02,  0.3012
      3836,      1156,  1.300070763990E+02,  0.3014
      3841,      1157,  1.300049811319E+02,  0.3012
      3845,      1158,  1.299960956853E+02,  0.3012
      3848,      1159,  1.299851616532E+02,  0.3012
      3852,      1160,  1.299834313653E+02,  0.3011
      3857,      1161,  1.299755706245E+02,  0.3010
      3858,      1162,  1.299634689138E+02,  0.3012
      3869,      1163,  1.299405535378E+02,  0.3006
      3873,      1164,  1.299375560953E+02,  0.3005
      3876,      1165,  1.299362458744E+02,  0.3006
      3890,      1166,  1.299335942840E+02,  0.2997
      3902,      1167,  1.299273612491E+02,  0.2991
      3903,      1168,  1.299179788421E+02,  0.2993
      3904,      1169,  1.299177570465E+02,  0.2994
      3905,      1170,  1.299175574256E+02,  0.2996
      3912,      1171,  1.299175362978E+02,  0.2993
      3916,      1172,  1.299152328456E+02,  0.2993
      3921,      1173,  1.299140239495E+02,  0.2992
      3930,      1174,  1.299086049565E+02,  0.2987
      3932,      1175,  1.299078671310E+02,  0.2988
      3943,      1176,  1.299029111253E+02,  0.2983
      3953,      1177,  1.299028669728E+02,  0.2977
      3969,      1178,  1.299027369705E+02,  0.2968
      3992,      1179,  1.299020617015E+02,  0.2953
      4001,      1180,  1.298976269784E+02,  0.2949
      4011,      1181,  1.298968794480E+02,  0.2944
      4019,      1182,  1.298955484662E+02,  0.2941
      4021,      1183,  1.298941054773E+02,  0.2942
      4022,      1184,  1.298896107046E+02,  0.2944
      4035,      1185,  1.298887270848E+02,  0.2937
      4046,      1186,  1.298872109779E+02,  0.2931
      4049,      1187,  1.298695899834E+02,  0.2932
      4053,      1188,  1.298694202188E+02,  0.2931
      4056,      1189,  1.298618551414E+02,  0.2931
      4059,      1190,  1.298541375694E+02,  0.2932
      4067,      1191,  1.298495572091E+02,  0.2928
      4073,      1192,  1.297883977775E+02,  0.2927
      4077,      1193,  1.296940388738E+02,  0.2926
      4087,      1194,  1.296925058047E+02,  0.2921
      4089,      1195,  1.296912806819E+02,  0.2922
      4092,      1196,  1.296802468019E+02,  0.2923
      4103,      1197,  1.296797064565E+02,  0.2917
      4118,      1198,  1.296757053787E+02,  0.2909
      4123,      1199,  1.296697262431E+02,  0.2908
      4124,      1200,  1.296681167284E+02,  0.2910
      4130,      1201,  1.296645159506E+02,  0.2908
      4144,      1202,  1.296619795962E+02,  0.2901
      4161,      1203,  1.296616430890E+02,  0.2891
      4167,      1204,  1.296546078170E+02,  0.2889
      4176,      1205,  1.296545603396E+02,  0.2886
      4192,      1206,  1.296372505612E+02,  0.2877
      4196,      1207,  1.296368331699E+02,  0.2877
      4206,      1208,  1.296358844611E+02,  0.2872
      4211,      1209,  1.296257153182E+02,  0.2871
      4212,      1210,  1.295771620910E+02,  0.2873
      4218,      1211,  1.295749332276E+02,  0.2871
      4231,      1212,  1.295557223370E+02,  0.2865
      4232,      1213,  1.295413549390E+02,  0.2866
      4245,      1214,  1.295194190338E+02,  0.2860
      4255,      1215,  1.295161519208E+02,  0.2855
      4292,      1216,  1.295092964434E+02,  0.2833
      4295,      1217,  1.295081241886E+02,  0.2834
      4296,      1218,  1.295070788234E+02,  0.2835
      4300,      1219,  1.295030756617E+02,  0.2835
      4302,      1220,  1.294397333074E+02,  0.2836
      4305,      1221,  1.294371945384E+02,  0.2836
      4332,      1222,  1.294253086954E+02,  0.2821
      4333,      1223,  1.294240669792E+02,  0.2823
      4335,      1224,  1.293632750556E+02,  0.2824
      4338,      1225,  1.292846065579E+02,  0.2824
      4339,      1226,  1.292828238126E+02,  0.2826
      4348,      1227,  1.292816406104E+02,  0.2822
      4355,      1228,  1.292802627748E+02,  0.2820
      4356,      1229,  1.292706460322E+02,  0.2821
      4358,      1230,  1.292702513003E+02,  0.2822
      4361,      1231,  1.292668746160E+02,  0.2823
      4362,      1232,  1.292438804962E+02,  0.2824
      4368,      1233,  1.292311256808E+02,  0.2823
      4369,      1234,  1.292124705783E+02,  0.2824
      4370,      1235,  1.291519691010E+02,  0.2826
      4371,      1236,  1.291501342660E+02,  0.2828
      4393,      1237,  1.291475832349E+02,  0.2816
      4394,      1238,  1.291399394166E+02,  0.2817
      4397,      1239,  1.291339842064E+02,  0.2818
      4404,      1240,  1.291331372789E+02,  0.2816
      4413,      1241,  1.290894808300E+02,  0.2812
      4415,      1242,  1.290893370965E+02,  0.2813
      4417,      1243,  1.290868114864E+02,  0.2814
      4421,      1244,  1.290859124560E+02,  0.2814
      4426,      1245,  1.290793711337E+02,  0.2813
      4431,      1246,  1.290783122530E+02,  0.2812
      4435,      1247,  1.290711298294E+02,  0.2812
      4436,      1248,  1.290707342647E+02,  0.2813
      4460,      1249,  1.290696445316E+02,  0.2800
      4465,      1250,  1.290240025489E+02,  0.2800
      4467,      1251,  1.290233373812E+02,  0.2801
      4471,      1252,  1.290179983886E+02,  0.2800
      4484,      1253,  1.290101404474E+02,  0.2794
      4490,      1254,  1.290085967584E+02,  0.2793
      4493,      1255,  1.289972172007E+02,  0.2793
      4495,      1256,  1.289966674850E+02,  0.2794
      4498,      1257,  1.289966388131E+02,  0.2795
      4513,      1258,  1.289904039555E+02,  0.2788
      4514,      1259,  1.289872384941E+02,  0.2789
      4517,      1260,  1.289854540481E+02,  0.2789
      4520,      1261,  1.289435569200E+02,  0.2790
      4526,      1262,  1.289332007673E+02,  0.2788
      4532,      1263,  1.289331679293E+02,  0.2787
      4537,      1264,  1.289325605459E+02,  0.2786
      4539,      1265,  1.289305996053E+02,  0.2787
      4542,      1266,  1.289292072955E+02,  0.2787
      4543,      1267,  1.289289805483E+02,  0.2789
      4549,      1268,  1.289280154989E+02,  0.2787
      4552,      1269,  1.289229375135E+02,  0.2788
      4554,      1270,  1.289213883793E+02,  0.2789
      4555,      1271,  1.289211776282E+02,  0.2790
      4558,      1272,  1.289113695543E+02,  0.2791
      4561,      1273,  1.288986518788E+02,  0.2791
      4569,      1274,  1.288608128633E+02,  0.2788
      4576,      1275,  1.288605474047E+02,  0.2786
      4581,      1276,  1.288255355169E+02,  0.2785
      4587,      1277,  1.288202419660E+02,  0.2784
      4609,      1278,  1.288201219969E+02,  0.2773
      4619,      1279,  1.288199587189E+02,  0.2769
      4623,      1280,  1.288121117446E+02,  0.2769
      4642,      1281,  1.287890655071E+02,  0.2760
      4644,      1282,  1.287858229503E+02,  0.2761
      4650,      1283,  1.287851985422E+02,  0.2759
      4651,      1284,  1.287772273049E+02,  0.2761
      4654,      1285,  1.287760469697E+02,  0.2761
      4666,      1286,  1.287504199468E+02,  0.2756
      4671,      1287,  1.287483699962E+02,  0.2755
      4674,      1288,  1.287480728167E+02,  0.2756
      4675,      1289,  1.287465432518E+02,  0.2757
      4678,      1290,  1.286708560081E+02,  0.2758
      4688,      1291,  1.286634914127E+02,  0.2754
      4697,      1292,  1.286568967140E+02,  0.2751
      4699,      1293,  1.286510212666E+02,  0.2752
      4709,      1294,  1.286503858674E+02,  0.2748
      4712,      1295,  1.286478392213E+02,  0.2748
      4724,      1296,  1.286475986483E+02,  0.2743
      4725,      1297,  1.286456223166E+02,  0.2745
      4731,      1298,  1.285459194747E+02,  0.2744
      4740,      1299,  1.285457706083E+02,  0.2741
      4743,      1300,  1.285453426204E+02,  0.2741
      4747,      1301,  1.285419697572E+02,  0.2741
      4750,      1302,  1.285350088815E+02,  0.2741
      4754,      1303,  1.285220288885E+02,  0.2741
      4760,      1304,  1.285191883576E+02,  0.2739
      4763,      1305,  1.285188440017E+02,  0.2740
      4772,      1306,  1.285187295571E+02,  0.2737
      4774,      1307,  1.285185930578E+02,  0.2738
      4786,      1308,  1.285174402568E+02,  0.2733
      4799,      1309,  1.285158851764E+02,  0.2728
      4806,      1310,  1.285098870887E+02,  0.2726
      4808,      1311,  1.285026709889E+02,  0.2727
      4816,      1312,  1.285017117549E+02,  0.2724
      4818,      1313,  1.284911908607E+02,  0.2725
      4822,      1314,  1.284898484429E+02,  0.2725
      4829,      1315,  1.284898476459E+02,  0.2723
      4830,      1316,  1.284729188675E+02,  0.2725
      4843,      1317,  1.284708811359E+02,  0.2719
      4849,      1318,  1.284686589577E+02,  0.2718
      4855,      1319,  1.284678815719E+02,  0.2717
      4867,      1320,  1.284675234499E+02,  0.2712
      4877,      1321,  1.284634498657E+02,  0.2709
      4888,      1322,  1.284631020430E+02,  0.2705
      4897,      1323,  1.284598457999E+02,  0.2702
      4904,      1324,  1.284577057215E+02,  0.2700
      4909,      1325,  1.284468505979E+02,  0.2699
      4916,      1326,  1.284341327747E+02,  0.2697
      4921,      1327,  1.284297981548E+02,  0.2697
      4929,      1328,  1.284142757712E+02,  0.2694
      4934,      1329,  1.283875116086E+02,  0.2694
      4937,      1330,  1.283870658428E+02,  0.2694
      4938,      1331,  1.283823256827E+02,  0.2695
      4940,      1332,  1.283820041999E+02,  0.2696
      4944,      1333,  1.283403367156E+02,  0.2696
      4947,      1334,  1.283399688231E+02,  0.2697
      4951,      1335,  1.283396897065E+02,  0.2696
      4954,      1336,  1.283379117623E+02,  0.2697
      4955,      1337,  1.283332660992E+02,  0.2698
      4959,      1338,  1.283306378594E+02,  0.2698
      4972,      1339,  1.282950782196E+02,  0.2693
      4975,      1340,  1.282946980387E+02,  0.2693
      4988,      1341,  1.282938848978E+02,  0.2688
      4992,      1342,  1.282363564447E+02,  0.2688
      4994,      1343,  1.282314702030E+02,  0.2689
      4996,      1344,  1.282310253976E+02,  0.2690
      5000,      1345,  1.282275696827E+02,  0.2690
      5003,      1346,  1.281675803351E+02,  0.2690
      5013,      1347,  1.281667288566E+02,  0.2687
      5015,      1348,  1.281636498782E+02,  0.2688
      5040,      1349,  1.281591878481E+02,  0.2677
      5041,      1350,  1.281561761082E+02,  0.2678
      5053,      1351,  1.281522077688E+02,  0.2674
      5059,      1352,  1.281494057986E+02,  0.2672
      5068,      1353,  1.281486638692E+02,  0.2670
      5073,      1354,  1.281459665361E+02,  0.2669
      5074,      1355,  1.281423799303E+02,  0.2670
      5084,      1356,  1.280873629643E+02,  0.2667
      5086,      1357,  1.280827187189E+02,  0.2668
      5113,      1358,  1.280825813562E+02,  0.2656
      5119,      1359,  1.280810213330E+02,  0.2655
      5122,      1360,  1.280792575692E+02,  0.2655
      5138,      1361,  1.280702068025E+02,  0.2649
      5141,      1362,  1.280693336805E+02,  0.2649
      5142,      1363,  1.280684143103E+02,  0.2651
      5149,      1364,  1.280104629352E+02,  0.2649
      5179,      1365,  1.280064525549E+02,  0.2636
      5185,      1366,  1.280050795504E+02,  0.2635
      5189,      1367,  1.279939915926E+02,  0.2634
      5200,      1368,  1.279930150287E+02,  0.2631
      5201,      1369,  1.279918654690E+02,  0.2632
      5203,      1370,  1.279887796615E+02,  0.2633
      5204,      1371,  1.278997051901E+02,  0.2635
      5207,      1372,  1.278920805823E+02,  0.2635
      5213,      1373,  1.278776045970E+02,  0.2634
      5225,      1374,  1.278769467524E+02,  0.2630
      5245,      1375,  1.278120626209E+02,  0.2622
      5251,      1376,  1.278097670823E+02,  0.2620
      5254,      1377,  1.278021454729E+02,  0.2621
      5259,      1378,  1.278018084912E+02,  0.2620
      5268,      1379,  1.277964405239E+02,  0.2618
      5269,      1380,  1.277939973635E+02,  0.2619
      5273,      1381,  1.277931375144E+02,  0.2619
      5274,      1382,  1.277806649122E+02,  0.2620
      5287,      1383,  1.277806225772E+02,  0.2616
      5297,      1384,  1.277788070852E+02,  0.2613
      5304,      1385,  1.276976771496E+02,  0.2611
      5305,      1386,  1.276965951061E+02,  0.2613
      5312,      1387,  1.276925794419E+02,  0.2611
      5317,      1388,  1.276467497869E+02,  0.2610
      5318,      1389,  1.276304719919E+02,  0.2612
      5320,      1390,  1.276303277568E+02,  0.2613
      5321,      1391,  1.276298000892E+02,  0.2614
      5343,      1392,  1.276267785284E+02,  0.2605
      5351,      1393,  1.276124646327E+02,  0.2603
      5362,      1394,  1.276110104388E+02,  0.2600
      5364,      1395,  1.276071524787E+02,  0.2601
      5366,      1396,  1.276035247380E+02,  0.2602
      5371,      1397,  1.275918532021E+02,  0.2601
      5375,      1398,  1.275898976761E+02,  0.2601
      5379,      1399,  1.275890252338E+02,  0.2601
      5387,      1400,  1.275849815959E+02,  0.2599
      5410,      1401,  1.275843858676E+02,  0.2590
      5412,      1402,  1.275841169213E+02,  0.2591
      5414,      1403,  1.275833127157E+02,  0.2591
      5427,      1404,  1.275740226449E+02,  0.2587
      5431,      1405,  1.275373638790E+02,  0.2587
      5432,      1406,  1.275371202706E+02,  0.2588
      5433,      1407,  1.275370468531E+02,  0.2590
      5437,      1408,  1.275344424412E+02,  0.2590
      5438,      1409,  1.275340109041E+02,  0.2591
      5440,      1410,  1.275338813621E+02,  0.2592
      5446,      1411,  1.275332510581E+02,  0.2591
      5468,      1412,  1.275317355428E+02,  0.2582
      5469,      1413,  1.275315612215E+02,  0.2584
      5475,      1414,  1.275308862209E+02,  0.2583
      5482,      1415,  1.274770736706E+02,  0.2581
      5483,      1416,  1.274728310095E+02,  0.2583
      5506,      1417,  1.274724131835E+02,  0.2574
      5511,      1418,  1.274723578836E+02,  0.2573
      5517,      1419,  1.274217307131E+02,  0.2572
      5520,      1420,  1.274106263705E+02,  0.2572
      5539,      1421,  1.274077089885E+02,  0.2565
      5546,      1422,  1.274075715183E+02,  0.2564
      5564,      1423,  1.273639920210E+02,  0.2558
      5573,      1424,  1.273571854171E+02,  0.2555
      5583,      1425,  1.273568335998E+02,  0.2552
      5605,      1426,  1.273564767452E+02,  0.2544
      5607,      1427,  1.273564636053E+02,  0.2545
      5637,      1428,  1.273461014783E+02,  0.2533
      5642,      1429,  1.273457329490E+02,  0.2533
      5646,      1430,  1.273382941111E+02,  0.2533
      5652,      1431,  1.273366680617E+02,  0.2532
      5660,      1432,  1.273354659968E+02,  0.2530
      5662,      1433,  1.273350164440E+02,  0.2531
      5674,      1434,  1.273338483687E+02,  0.2527
      5677,      1435,  1.273336012699E+02,  0.2528
      5679,      1436,  1.272759563971E+02,  0.2529
      5699,      1437,  1.272755461624E+02,  0.2521
      5706,      1438,  1.272729974464E+02,  0.2520
      5723,      1439,  1.272281060237E+02,  0.2514
      5731,      1440,  1.272280491967E+02,  0.2513
      5737,      1441,  1.272263579494E+02,  0.2512
      5740,      1442,  1.272262117240E+02,  0.2512
      5748,      1443,  1.272252432502E+02,  0.2510
      5749,      1444,  1.271993201176E+02,  0.2512
      5751,      1445,  1.271965910861E+02,  0.2513
      5753,      1446,  1.271798536572E+02,  0.2513
      5758,      1447,  1.271759430047E+02,  0.2513
      5760,      1448,  1.271659611902E+02,  0.2514
      5778,      1449,  1.271651547747E+02,  0.2508
      5784,      1450,  1.271646837742E+02,  0.2507
      5788,      1451,  1.271642167100E+02,  0.2507
      5796,      1452,  1.271640933561E+02,  0.2505
      5807,      1453,  1.271638040583E+02,  0.2502
      5809,      1454,  1.271635845147E+02,  0.2503
      5814,      1455,  1.271595630571E+02,  0.2503
      5833,      1456,  1.271587320896E+02,  0.2496
      5835,      1457,  1.271586564043E+02,  0.2497
      5840,      1458,  1.271146868869E+02,  0.2497
      5845,      1459,  1.271061872217E+02,  0.2496
      5862,      1460,  1.270971437900E+02,  0.2491
      5867,      1461,  1.270970394621E+02,  0.2490
      5882,      1462,  1.270912378598E+02,  0.2486
      5883,      1463,  1.270907626457E+02,  0.2487
      5887,      1464,  1.270888598073E+02,  0.2487
      5890,      1465,  1.270814078564E+02,  0.2487
      5922,      1466,  1.270807712618E+02,  0.2476
      5931,      1467,  1.270802754186E+02,  0.2473
      5936,      1468,  1.270791540325E+02,  0.2473
      5937,      1469,  1.270171369070E+02,  0.2474
      5951,      1470,  1.270152508170E+02,  0.2470
      5953,      1471,  1.270114294082E+02,  0.2471
      5971,      1472,  1.270113795134E+02,  0.2465
      5986,      1473,  1.269992238239E+02,  0.2461
      5998,      1474,  1.269987739404E+02,  0.2457
      6001,      1475,  1.269954732473E+02,  0.2458
      6010,      1476,  1.269708561382E+02,  0.2456
      6021,      1477,  1.269695940347E+02,  0.2453
      6023,      1478,  1.269684360933E+02,  0.2454
      6049,      1479,  1.269636772315E+02,  0.2445
      6066,      1480,  1.269628501850E+02,  0.2440
      6083,      1481,  1.269586509728E+02,  0.2435
      6094,      1482,  1.269574243840E+02,  0.2432
      6099,      1483,  1.269571074202E+02,  0.2432
      6103,      1484,  1.269554333104E+02,  0.2432
      6107,      1485,  1.269534186654E+02,  0.2432
      6115,      1486,  1.269533790217E+02,  0.2430
      6145,      1487,  1.269499324692E+02,  0.2420
      6146,      1488,  1.269364401621E+02,  0.2421
      6150,      1489,  1.269362683161E+02,  0.2421
      6182,      1490,  1.269343628590E+02,  0.2410
      6186,      1491,  1.269339178978E+02,  0.2410
      6193,      1492,  1.269326879311E+02,  0.2409
      6196,      1493,  1.269302386546E+02,  0.2410
      6200,      1494,  1.269299666748E+02,  0.2410
      6207,      1495,  1.269282162986E+02,  0.2409
      6209,      1496,  1.269274589095E+02,  0.2409
      6219,      1497,  1.269194309494E+02,  0.2407
      6220,      1498,  1.269032856352E+02,  0.2408
      6249,      1499,  1.269032236899E+02,  0.2399
      6279,      1500,  1.269031577382E+02,  0.2389
      6286,      1501,  1.268789924614E+02,  0.2388
      6310,      1502,  1.268252542227E+02,  0.2380
      6315,      1503,  1.268247449224E+02,  0.2380
      6345,      1504,  1.268236998762E+02,  0.2370
      6348,      1505,  1.268215238614E+02,  0.2371
      6355,      1506,  1.268204160626E+02,  0.2370
      6375,      1507,  1.268193904592E+02,  0.2364
      6387,      1508,  1.268153107824E+02,  0.2361
      6390,      1509,  1.268133813608E+02,  0.2362
      6404,      1510,  1.267858575530E+02,  0.2358
      6407,      1511,  1.267855369566E+02,  0.2358
      6423,      1512,  1.267854077452E+02,  0.2354
      6439,      1513,  1.267835930001E+02,  0.2350
      6487,      1514,  1.267788503663E+02,  0.2334
      6494,      1515,  1.267779315000E+02,  0.2333
      6497,      1516,  1.267775866386E+02,  0.2333
      6523,      1517,  1.267709698805E+02,  0.2326
      6525,      1518,  1.267704857581E+02,  0.2326
      6532,      1519,  1.267694149231E+02,  0.2325
      6535,      1520,  1.267693960257E+02,  0.2326
      6543,      1521,  1.267640144487E+02,  0.2325
      6545,      1522,  1.267629766731E+02,  0.2325
      6547,      1523,  1.267627849959E+02,  0.2326
      6555,      1524,  1.267624677750E+02,  0.2325
      6568,      1525,  1.267621310922E+02,  0.2322
      6577,      1526,  1.267618311584E+02,  0.2320
      6588,      1527,  1.267617961954E+02,  0.2318
      6589,      1528,  1.267606030919E+02,  0.2319
      6602,      1529,  1.267605980230E+02,  0.2316
      6618,      1530,  1.267601213878E+02,  0.2312
      6654,      1531,  1.267572181907E+02,  0.2301
      6675,      1532,  1.267530082054E+02,  0.2295
      6682,      1533,  1.267510623085E+02,  0.2294
      6712,      1534,  1.267508499620E+02,  0.2285
      6715,      1535,  1.267497140872E+02,  0.2286
      6724,      1536,  1.267493295686E+02,  0.2284
      6729,      1537,  1.267493291637E+02,  0.2284
      6736,      1538,  1.267491987145E+02,  0.2283
      6738,      1539,  1.267489680005E+02,  0.2284
      6742,      1540,  1.267484044061E+02,  0.2284
      6745,      1541,  1.267468981043E+02,  0.2285
      6754,      1542,  1.267465234468E+02,  0.2283
      6772,      1543,  1.267456689464E+02,  0.2278
      6777,      1544,  1.267454062151E+02,  0.2278
      6793,      1545,  1.267452375531E+02,  0.2274
      6822,      1546,  1.267426974268E+02,  0.2266
      6833,      1547,  1.267415307228E+02,  0.2264
      6834,      1548,  1.267399148627E+02,  0.2265
      6853,      1549,  1.267394035739E+02,  0.2260
      6856,      1550,  1.267388573751E+02,  0.2261
      6867,      1551,  1.267383702752E+02,  0.2259
      6886,      1552,  1.267079895125E+02,  0.2254
      6912,      1553,  1.266857650288E+02,  0.2247
      6915,      1554,  1.266835433287E+02,  0.2247
      6918,      1555,  1.266833818030E+02,  0.2248
      6928,      1556,  1.266776524525E+02,  0.2246
      6948,      1557,  1.266695743050E+02,  0.2241
      6950,      1558,  1.266687009133E+02,  0.2242
      6952,      1559,  1.266682077796E+02,  0.2243
      6977,      1560,  1.266648598303E+02,  0.2236
      6985,      1561,  1.266607737079E+02,  0.2235
      7026,      1562,  1.266587537999E+02,  0.2223
      7039,      1563,  1.265873107828E+02,  0.2220
      7043,      1564,  1.265872689647E+02,  0.2221
      7067,      1565,  1.265862017920E+02,  0.2215
      7094,      1566,  1.265852784906E+02,  0.2207
      7116,      1567,  1.265850277790E+02,  0.2202
      7135,      1568,  1.265847773891E+02,  0.2198
      7149,      1569,  1.265832518458E+02,  0.2195
      7171,      1570,  1.265723205860E+02,  0.2189
      7173,      1571,  1.265719870834E+02,  0.2190
      7176,      1572,  1.265718909508E+02,  0.2191
      7209,      1573,  1.265673400322E+02,  0.2182
      7217,      1574,  1.265672464921E+02,  0.2181
      7220,      1575,  1.265652105864E+02,  0.2181
      7235,      1576,  1.265645705707E+02,  0.2178
      7236,      1577,  1.265634353065E+02,  0.2179
      7238,      1578,  1.265629832143E+02,  0.2180
      7246,      1579,  1.265624725807E+02,  0.2179
      7289,      1580,  1.265564034044E+02,  0.2168
      7293,      1581,  1.265523550171E+02,  0.2168
      7312,      1582,  1.265049946184E+02,  0.2164
      7315,      1583,  1.264708834113E+02,  0.2164
      7323,      1584,  1.264625068052E+02,  0.2163
      7332,      1585,  1.264608382981E+02,  0.2162
      7342,      1586,  1.264553526189E+02,  0.2160
      7343,      1587,  1.263362599050E+02,  0.2161
      7350,      1588,  1.263361609424E+02,  0.2161
      7368,      1589,  1.263331034988E+02,  0.2157
      7370,      1590,  1.263122354721E+02,  0.2157
      7382,      1591,  1.263118650823E+02,  0.2155
      7391,      1592,  1.263115085637E+02,  0.2154
      7411,      1593,  1.263112749198E+02,  0.2150
      7416,      1594,  1.263104495629E+02,  0.2149
      7457,      1595,  1.263103349790E+02,  0.2139
      7462,      1596,  1.263067258537E+02,  0.2139
      7464,      1597,  1.263058515102E+02,  0.2140
      7476,      1598,  1.263052391383E+02,  0.2138
      7494,      1599,  1.263042160941E+02,  0.2134
      7511,      1600,  1.263039162897E+02,  0.2130
      7518,      1601,  1.263026696465E+02,  0.2130
      7524,      1602,  1.263021206593E+02,  0.2129
      7526,      1603,  1.262434389241E+02,  0.2130
      7545,      1604,  1.262433822086E+02,  0.2126
      7553,      1605,  1.262430155822E+02,  0.2125
      7575,      1606,  1.262399904118E+02,  0.2120
      7590,      1607,  1.262333588440E+02,  0.2117
      7592,      1608,  1.262320426882E+02,  0.2118
      7605,      1609,  1.262251741429E+02,  0.2116
      7618,      1610,  1.262239522988E+02,  0.2113
      7624,      1611,  1.262236029307E+02,  0.2113
      7627,      1612,  1.262235706571E+02,  0.2114
      7644,      1613,  1.262198850260E+02,  0.2110
      7653,      1614,  1.262187625787E+02,  0.2109
      7659,      1615,  1.262177224321E+02,  0.2109
      7668,      1616,  1.262165175382E+02,  0.2107
      7683,      1617,  1.262162409619E+02,  0.2105
      7687,      1618,  1.262162101576E+02,  0.2105
      7689,      1619,  1.262152323257E+02,  0.2106
      7693,      1620,  1.262025494879E+02,  0.2106
      7694,      1621,  1.262023585695E+02,  0.2107
      7728,      1622,  1.261988613770E+02,  0.2099
      7730,      1623,  1.261763010459E+02,  0.2100
      7736,      1624,  1.261689097515E+02,  0.2099
      7749,      1625,  1.261683798537E+02,  0.2097
      7759,      1626,  1.261657690861E+02,  0.2096
      7764,      1627,  1.261655953567E+02,  0.2096
      7767,      1628,  1.261648809260E+02,  0.2096
      7770,      1629,  1.261646407793E+02,  0.2097
      7776,      1630,  1.261531932703E+02,  0.2096
      7781,      1631,  1.261485591461E+02,  0.2096
      7809,      1632,  1.261482971872E+02,  0.2090
      7813,      1633,  1.261480121866E+02,  0.2090
      7827,      1634,  1.261474467121E+02,  0.2088
      7833,      1635,  1.261469797075E+02,  0.2087
      7840,      1636,  1.261435708314E+02,  0.2087
      7887,      1637,  1.261405458872E+02,  0.2076
      7910,      1638,  1.261379845704E+02,  0.2071
      7912,      1639,  1.261280198153E+02,  0.2072
      7918,      1640,  1.261278073077E+02,  0.2071
      7943,      1641,  1.261249685232E+02,  0.2066
      7946,      1642,  1.261247454389E+02,  0.2066
      7963,      1643,  1.261237866148E+02,  0.2063
      7968,      1644,  1.261223038817E+02,  0.2063
      7982,      1645,  1.261214078280E+02,  0.2061
      7989,      1646,  1.261213307087E+02,  0.2060
      8008,      1647,  1.261212166544E+02,  0.2057
      8027,      1648,  1.261197546419E+02,  0.2053
      8045,      1649,  1.261191893171E+02,  0.2050
      8071,      1650,  1.261007970274E+02,  0.2044
      8072,      1651,  1.261006019309E+02,  0.2045
      8084,      1652,  1.261005076412E+02,  0.2044
      8107,      1653,  1.260991731050E+02,  0.2039
      8121,      1654,  1.260990787528E+02,  0.2037
      8122,      1655,  1.260672324868E+02,  0.2038
      8130,      1656,  1.260672110547E+02,  0.2037
      8165,      1657,  1.260564516823E+02,  0.2029
      8178,      1658,  1.260559149301E+02,  0.2027
      8189,      1659,  1.260501830529E+02,  0.2026
      8228,      1660,  1.260397930121E+02,  0.2018
      8233,      1661,  1.260397375289E+02,  0.2017
      8237,      1662,  1.260137748536E+02,  0.2018
      8246,      1663,  1.259990963489E+02,  0.2017
      8249,      1664,  1.259990362877E+02,  0.2017
      8257,      1665,  1.259989844565E+02,  0.2016
      8282,      1666,  1.259979441094E+02,  0.2012
      8307,      1667,  1.259975197644E+02,  0.2007
      8320,      1668,  1.259842485457E+02,  0.2005
      8324,      1669,  1.259775900745E+02,  0.2005
      8363,      1670,  1.259609309368E+02,  0.1997
      8365,      1671,  1.259304961112E+02,  0.1998
      8366,      1672,  1.259302891130E+02,  0.1999
      8370,      1673,  1.259257425025E+02,  0.1999
      8372,      1674,  1.259254584821E+02,  0.2000
      8380,      1675,  1.259119527010E+02,  0.1999
      8384,      1676,  1.259117860517E+02,  0.1999
      8395,      1677,  1.259116079774E+02,  0.1998
      8409,      1678,  1.259107161007E+02,  0.1995
      8415,      1679,  1.259103621702E+02,  0.1995
      8417,      1680,  1.259084050508E+02,  0.1996
      8439,      1681,  1.259079285573E+02,  0.1992
      8461,      1682,  1.259078346869E+02,  0.1988
      8480,      1683,  1.259072125941E+02,  0.1985
      8490,      1684,  1.259069909672E+02,  0.1984
      8494,      1685,  1.259069238221E+02,  0.1984
      8509,      1686,  1.259063349024E+02,  0.1981
      8511,      1687,  1.259053199802E+02,  0.1982
      8519,      1688,  1.259041227057E+02,  0.1981
      8526,      1689,  1.259029281410E+02,  0.1981
      8536,      1690,  1.259015523218E+02,  0.1980
      8554,      1691,  1.259009385504E+02,  0.1977
      8559,      1692,  1.258998746028E+02,  0.1977
      8572,      1693,  1.258958495323E+02,  0.1975
      8603,      1694,  1.258956202325E+02,  0.1969
      8611,      1695,  1.258955129695E+02,  0.1968
      8620,      1696,  1.258414681400E+02,  0.1968
      8635,      1697,  1.258202569987E+02,  0.1965
      8657,      1698,  1.258198203905E+02,  0.1961
      8662,      1699,  1.258196246739E+02,  0.1961
      8682,      1700,  1.258156843057E+02,  0.1958
      8711,      1701,  1.258156841745E+02,  0.1953
      8715,      1702,  1.258150168965E+02,  0.1953
      8723,      1703,  1.258132063208E+02,  0.1952
      8725,      1704,  1.258124661144E+02,  0.1953
      8741,      1705,  1.257750672734E+02,  0.1951
      8757,      1706,  1.257620778563E+02,  0.1948
      8772,      1707,  1.257593185815E+02,  0.1946
      8802,      1708,  1.257591754087E+02,  0.1940
      8811,      1709,  1.257589564475E+02,  0.1940
      8823,      1710,  1.257584971767E+02,  0.1938
      8873,      1711,  1.257584232687E+02,  0.1928
      8884,      1712,  1.257580273516E+02,  0.1927
      8896,      1713,  1.257579672769E+02,  0.1926
      8935,      1714,  1.257577969710E+02,  0.1918
      8955,      1715,  1.257563076195E+02,  0.1915
      8958,      1716,  1.257530642860E+02,  0.1916
      8974,      1717,  1.257529616937E+02,  0.1913
      9010,      1718,  1.257523502855E+02,  0.1907
      9023,      1719,  1.257466745416E+02,  0.1905
      9038,      1720,  1.257465430291E+02,  0.1903
      9077,      1721,  1.257461579539E+02,  0.1896
      9115,      1722,  1.257265816739E+02,  0.1889
      9129,      1723,  1.257223595343E+02,  0.1887
      9164,      1724,  1.257223328612E+02,  0.1881
      9166,      1725,  1.257175038653E+02,  0.1882
      9168,      1726,  1.257168378565E+02,  0.1883
      9173,      1727,  1.257133272739E+02,  0.1883
      9190,      1728,  1.257112486954E+02,  0.1880
      9201,      1729,  1.257019115070E+02,  0.1879
      9222,      1730,  1.257017032732E+02,  0.1876
      9230,      1731,  1.257016701663E+02,  0.1875
      9265,      1732,  1.256994474750E+02,  0.1869
      9313,      1733,  1.256992556893E+02,  0.1861
      9315,      1734,  1.256884683905E+02,  0.1862
      9325,      1735,  1.256879218353E+02,  0.1861
      9353,      1736,  1.256875675427E+02,  0.1856
      9361,      1737,  1.256875423629E+02,  0.1856
      9403,      1738,  1.256870722851E+02,  0.1848
      9430,      1739,  1.256093814769E+02,  0.1844
      9489,      1740,  1.256091945752E+02,  0.1834
      9502,      1741,  1.256050749686E+02,  0.1832
      9523,      1742,  1.255827590052E+02,  0.1829
      9531,      1743,  1.255826827158E+02,  0.1829
      9551,      1744,  1.255748005639E+02,  0.1826
      9565,      1745,  1.255746736841E+02,  0.1824
      9586,      1746,  1.255535208765E+02,  0.1821
      9605,      1747,  1.255512399786E+02,  0.1819
      9632,      1748,  1.255506322880E+02,  0.1815
      9636,      1749,  1.255498867035E+02,  0.1815
      9660,      1750,  1.255497723567E+02,  0.1812
      9669,      1751,  1.255494713950E+02,  0.1811
      9684,      1752,  1.255486839197E+02,  0.1809
      9710,      1753,  1.255486636483E+02,  0.1805
      9711,      1754,  1.255485426441E+02,  0.1806
      9752,      1755,  1.255483520249E+02,  0.1800
      9769,      1756,  1.255483002769E+02,  0.1798
      9803,      1757,  1.255481124110E+02,  0.1792
      9811,      1758,  1.255476791206E+02,  0.1792
      9842,      1759,  1.255476758181E+02,  0.1787
      9855,      1760,  1.255474431231E+02,  0.1786
      9862,      1761,  1.255473286831E+02,  0.1786
      9867,      1762,  1.255472255053E+02,  0.1786
      9899,      1763,  1.255465996611E+02,  0.1781
      9970,      1764,  1.255465742105E+02,  0.1769
     10024,      1765,  1.255465214474E+02,  0.1761
     10121,      1766,  1.255464028383E+02,  0.1745
     10123,      1767,  1.255463026091E+02,  0.1746
     10173,      1768,  1.255435760041E+02,  0.1738
     10178,      1769,  1.255431602460E+02,  0.1738
     10187,      1770,  1.255431562868E+02,  0.1738
     10203,      1771,  1.255405888521E+02,  0.1736
     10224,      1772,  1.255404933157E+02,  0.1733
     10262,      1773,  1.255278540826E+02,  0.1728
     10267,      1774,  1.255278355631E+02,  0.1728
     10292,      1775,  1.255199060490E+02,  0.1725
     10296,      1776,  1.255198507496E+02,  0.1725
     10314,      1777,  1.255193744782E+02,  0.1723
     10335,      1778,  1.255005487478E+02,  0.1720
     10340,      1779,  1.254979507113E+02,  0.1721
     10373,      1780,  1.254948959566E+02,  0.1716
     10381,      1781,  1.254911557529E+02,  0.1716
     10426,      1782,  1.254910829194E+02,  0.1709
     10442,      1783,  1.254909049745E+02,  0.1708
     10464,      1784,  1.254905443868E+02,  0.1705
     10465,      1785,  1.254905341082E+02,  0.1706
     10520,      1786,  1.254904529913E+02,  0.1698
     10529,      1787,  1.254893546278E+02,  0.1697
     10530,      1788,  1.254890129570E+02,  0.1698
     10548,      1789,  1.254887618980E+02,  0.1696
     10556,      1790,  1.254886761395E+02,  0.1696
     10588,      1791,  1.254884902635E+02,  0.1692
     10628,      1792,  1.254880615414E+02,  0.1686
     10638,      1793,  1.254878744243E+02,  0.1685
     10775,      1794,  1.254875290709E+02,  0.1665
     10796,      1795,  1.254874519768E+02,  0.1663
     10812,      1796,  1.254871702506E+02,  0.1661
     10888,      1797,  1.254810481453E+02,  0.1650
     10902,      1798,  1.254804484313E+02,  0.1649
     10989,      1799,  1.254794885088E+02,  0.1637
     11084,      1800,  1.254792703721E+02,  0.1624
     11101,      1801,  1.254675325815E+02,  0.1622
     11190,      1802,  1.254675318119E+02,  0.1610
     11211,      1803,  1.254675218958E+02,  0.1608
     11218,      1804,  1.254671914575E+02,  0.1608
     11357,      1805,  1.254671663515E+02,  0.1589
     11407,      1806,  1.254669108853E+02,  0.1583
     11453,      1807,  1.254659156360E+02,  0.1578
     11496,      1808,  1.254658782273E+02,  0.1573
     11509,      1809,  1.254658455759E+02,  0.1572
     11530,      1810,  1.254658064661E+02,  0.1570
     11531,      1811,  1.254553480340E+02,  0.1571
     11541,      1812,  1.254527355717E+02,  0.1570
     11543,      1813,  1.254525532236E+02,  0.1571
     11592,      1814,  1.254424896722E+02,  0.1565
     11663,      1815,  1.254422470628E+02,  0.1556
     11693,      1816,  1.254421463800E+02,  0.1553
     11744,      1817,  1.254416112219E+02,  0.1547
     11859,      1818,  1.254414892580E+02,  0.1533
     11903,      1819,  1.254413622265E+02,  0.1528
     11931,      1820,  1.254410997635E+02,  0.1525
     11968,      1821,  1.254402841300E+02,  0.1522
     12138,      1822,  1.254402799059E+02,  0.1501
     12152,      1823,  1.254402186970E+02,  0.1500
     12203,      1824,  1.254327821293E+02,  0.1495
     12339,      1825,  1.254323119843E+02,  0.1479
     12347,      1826,  1.254284181802E+02,  0.1479
     12366,      1827,  1.254245490653E+02,  0.1477
     12386,      1828,  1.254243125617E+02,  0.1476
     12388,      1829,  1.254166679410E+02,  0.1476
     12399,      1830,  1.254164746869E+02,  0.1476
     12440,      1831,  1.254164352939E+02,  0.1472
     12446,      1832,  1.254101714689E+02,  0.1472
     12464,      1833,  1.254100068596E+02,  0.1471
     12474,      1834,  1.254091558281E+02,  0.1470
     12495,      1835,  1.254065779934E+02,  0.1469
     12508,      1836,  1.254065303498E+02,  0.1468
     12531,      1837,  1.254054611693E+02,  0.1466
     12536,      1838,  1.254053825078E+02,  0.1466
     12587,      1839,  1.253953341334E+02,  0.1461
     12640,      1840,  1.253952440328E+02,  0.1456
     12663,      1841,  1.253951462018E+02,  0.1454
     12677,      1842,  1.253950234237E+02,  0.1453
     12770,      1843,  1.253948644536E+02,  0.1443
     12869,      1844,  1.253929768313E+02,  0.1433
     12918,      1845,  1.253929113280E+02,  0.1428
     12974,      1846,  1.253927926827E+02,  0.1423
     13119,      1847,  1.253927844923E+02,  0.1408
     13192,      1848,  1.253841419986E+02,  0.1401
     13217,      1849,  1.253838563435E+02,  0.1399
     13322,      1850,  1.253837650591E+02,  0.1389
     13367,      1851,  1.253836854363E+02,  0.1385
     13405,      1852,  1.253787269260E+02,  0.1382
     13415,      1853,  1.253786292996E+02,  0.1381
     13496,      1854,  1.253785888613E+02,  0.1374
     13509,      1855,  1.253785771323E+02,  0.1373
     13529,      1856,  1.253648035186E+02,  0.1372
     13580,      1857,  1.253527750831E+02,  0.1367
     13621,      1858,  1.253525664191E+02,  0.1364
     13663,      1859,  1.253525220967E+02,  0.1361
     13758,      1860,  1.253524569848E+02,  0.1352
     13804,      1861,  1.253524044639E+02,  0.1348
     13896,      1862,  1.253524033616E+02,  0.1340
     13963,      1863,  1.253523480516E+02,  0.1334
     14026,      1864,  1.253517089639E+02,  0.1329
     14081,      1865,  1.253457036200E+02,  0.1324
     14105,      1866,  1.253454380435E+02,  0.1323
     14170,      1867,  1.253451369177E+02,  0.1318
     14189,      1868,  1.253451148514E+02,  0.1317
     14237,      1869,  1.253405874739E+02,  0.1313
     14346,      1870,  1.253404547387E+02,  0.1303
     14457,      1871,  1.253404384544E+02,  0.1294
     14478,      1872,  1.253403795137E+02,  0.1293
     14498,      1873,  1.253402851778E+02,  0.1292
     14529,      1874,  1.253401536265E+02,  0.1290
     14843,      1875,  1.253400047453E+02,  0.1263
     14962,      1876,  1.253399805880E+02,  0.1254
     14987,      1877,  1.253399677496E+02,  0.1252
     15038,      1878,  1.253398324544E+02,  0.1249
     15108,      1879,  1.253397639198E+02,  0.1244
     15378,      1880,  1.253396934033E+02,  0.1223
     15405,      1881,  1.253380486866E+02,  0.1221
     15492,      1882,  1.253373321951E+02,  0.1215
     15528,      1883,  1.253170604980E+02,  0.1213
     15587,      1884,  1.253170562536E+02,  0.1209
     15633,      1885,  1.253169502611E+02,  0.1206
     15635,      1886,  1.253169431606E+02,  0.1206
     15691,      1887,  1.253168227985E+02,  0.1203
     15708,      1888,  1.253167702203E+02,  0.1202
     15759,      1889,  1.253117100355E+02,  0.1199
     15830,      1890,  1.253116133113E+02,  0.1194
     15900,      1891,  1.253115176212E+02,  0.1189
     16047,      1892,  1.253114422202E+02,  0.1179
     16107,      1893,  1.253094917283E+02,  0.1175
     16144,      1894,  1.253094794265E+02,  0.1173
     16147,      1895,  1.253063820207E+02,  0.1174
     16188,      1896,  1.253063748872E+02,  0.1171
     16307,      1897,  1.253057882401E+02,  0.1163
     16338,      1898,  1.253057832148E+02,  0.1162
     16356,      1899,  1.253057649128E+02,  0.1161
     16366,      1900,  1.253056380691E+02,  0.1161
     16412,      1901,  1.253044965675E+02,  0.1158
     16502,      1902,  1.253044585680E+02,  0.1153
     16903,      1903,  1.253011182699E+02,  0.1126
     16920,      1904,  1.253011034787E+02,  0.1125
     17130,      1905,  1.253007140156E+02,  0.1112
     17150,      1906,  1.253006874269E+02,  0.1111
     17222,      1907,  1.253003742099E+02,  0.1107
     17292,      1908,  1.252992701344E+02,  0.1103
     17311,      1909,  1.252992099444E+02,  0.1103
     17484,      1910,  1.252989122712E+02,  0.1092
     17489,      1911,  1.252988972828E+02,  0.1093
     17544,      1912,  1.252985307745E+02,  0.1090
     17584,      1913,  1.252980441783E+02,  0.1088
     17655,      1914,  1.252975972452E+02,  0.1084
     17750,      1915,  1.252972475678E+02,  0.1079
     17752,      1916,  1.252956077783E+02,  0.1079
     17760,      1917,  1.252955757310E+02,  0.1079
     17810,      1918,  1.252953509527E+02,  0.1077
     17818,      1919,  1.252907664742E+02,  0.1077
     17868,      1920,  1.252907569208E+02,  0.1075
     17943,      1921,  1.252904781987E+02,  0.1071
     18010,      1922,  1.252903135460E+02,  0.1067
     18041,      1923,  1.252901736366E+02,  0.1066
     18146,      1924,  1.252898450353E+02,  0.1060
     18196,      1925,  1.252897606871E+02,  0.1058
     18250,      1926,  1.252897151882E+02,  0.1055
     18354,      1927,  1.252893179637E+02,  0.1050
     18409,      1928,  1.252891878121E+02,  0.1047
     18685,      1929,  1.252890872027E+02,  0.1032
     18753,      1930,  1.252881661347E+02,  0.1029
     18810,      1931,  1.252815082459E+02,  0.1027
     18841,      1932,  1.252812531654E+02,  0.1025
     19056,      1933,  1.252811815733E+02,  0.1014
     19093,      1934,  1.252786511290E+02,  0.1013
     19145,      1935,  1.252785654945E+02,  0.1011
     19191,      1936,  1.252752961636E+02,  0.1009
     19229,      1937,  1.252751228758E+02,  0.1007
     19328,      1938,  1.252750139840E+02,  0.1003
     19363,      1939,  1.252749505028E+02,  0.1001
     19404,      1940,  1.252749499513E+02,  0.1000
     19558,      1941,  1.252749300777E+02,  0.0992
     19593,      1942,  1.252749282919E+02,  0.0991
     19624,      1943,  1.252748607998E+02,  0.0990
     19642,      1944,  1.252726788538E+02,  0.0990
     19756,      1945,  1.252726405201E+02,  0.0985
     19768,      1946,  1.252720531497E+02,  0.0984
     19860,      1947,  1.252696152821E+02,  0.0980
     19891,      1948,  1.252682184009E+02,  0.0979
     20271,      1949,  1.252681930895E+02,  0.0961
     20378,      1950,  1.252657818599E+02,  0.0957
     20403,      1951,  1.252656401067E+02,  0.0956
     20458,      1952,  1.252656216772E+02,  0.0954
     20605,      1953,  1.252629342760E+02,  0.0948
     20744,      1954,  1.252625608141E+02,  0.0942
     20817,      1955,  1.252609639670E+02,  0.0939
     20934,      1956,  1.252608749037E+02,  0.0934
     20941,      1957,  1.252608252127E+02,  0.0935
     20987,      1958,  1.252608111376E+02,  0.0933
     21096,      1959,  1.252608002582E+02,  0.0929
     21193,      1960,  1.252607806775E+02,  0.0925
     21211,      1961,  1.252607212070E+02,  0.0925
     21365,      1962,  1.252607009732E+02,  0.0918
     21366,      1963,  1.252599179140E+02,  0.0919
     21406,      1964,  1.252597306525E+02,  0.0917
     21623,      1965,  1.252596865954E+02,  0.0909
     21644,      1966,  1.252589300588E+02,  0.0908
     21710,      1967,  1.252577894479E+02,  0.0906
     21796,      1968,  1.252575684448E+02,  0.0903
     21828,      1969,  1.252575662868E+02,  0.0902
     21838,      1970,  1.252575213067E+02,  0.0902
     21839,      1971,  1.252575118461E+02,  0.0903
     21903,      1972,  1.252574169586E+02,  0.0900
     21951,      1973,  1.252573977037E+02,  0.0899
     22009,      1974,  1.252573942049E+02,  0.0897
     22034,      1975,  1.252572567988E+02,  0.0896
     22058,      1976,  1.252572339264E+02,  0.0896
     22204,      1977,  1.252569301209E+02,  0.0890
     22216,      1978,  1.252568719579E+02,  0.0890
     22268,      1979,  1.252568197188E+02,  0.0889
     22366,      1980,  1.252568029766E+02,  0.0885
     22524,      1981,  1.252565567482E+02,  0.0880
     22536,      1982,  1.252563000474E+02,  0.0879
     22667,      1983,  1.252562968396E+02,  0.0875
     22924,      1984,  1.252562555884E+02,  0.0865
     22938,      1985,  1.252562296658E+02,  0.0865
     23085,      1986,  1.252562152212E+02,  0.0860
     23154,      1987,  1.252558166510E+02,  0.0858
     23161,      1988,  1.252557589904E+02,  0.0858
     23371,      1989,  1.252556452108E+02,  0.0851
     23388,      1990,  1.252556068686E+02,  0.0851
     23530,      1991,  1.252555027949E+02,  0.0846
     23542,      1992,  1.252554816391E+02,  0.0846
     23563,      1993,  1.252551090632E+02,  0.0846
     23681,      1994,  1.252548985501E+02,  0.0842
     23703,      1995,  1.252548208399E+02,  0.0842
     23715,      1996,  1.252544982451E+02,  0.0842
     23725,      1997,  1.252543936627E+02,  0.0842
     23757,      1998,  1.252542923760E+02,  0.0841
     23862,      1999,  1.252542445392E+02,  0.0838
     23870,      2000,  1.252541364319E+02,  0.0838
     24303,      2001,  1.252540719065E+02,  0.0823
     24326,      2002,  1.252539577136E+02,  0.0823
     24346,      2003,  1.252538981431E+02,  0.0823
     24368,      2004,  1.252536374603E+02,  0.0822
     24502,      2005,  1.252535388540E+02,  0.0818
     24516,      2006,  1.252535194748E+02,  0.0818
     24912,      2007,  1.252534599748E+02,  0.0806
     25057,      2008,  1.252534416875E+02,  0.0801
     25135,      2009,  1.252534361615E+02,  0.0799
     25228,      2010,  1.252534124391E+02,  0.0797
     25295,      2011,  1.252534122437E+02,  0.0795
     25307,      2012,  1.252533327539E+02,  0.0795
     25507,      2013,  1.252532009661E+02,  0.0789
     25550,      2014,  1.252531475300E+02,  0.0788
     25651,      2015,  1.252530893436E+02,  0.0786
     25728,      2016,  1.252490489080E+02,  0.0784
     25752,      2017,  1.252488038932E+02,  0.0783
     25820,      2018,  1.252487811376E+02,  0.0782
     26041,      2019,  1.252468203448E+02,  0.0775
     26149,      2020,  1.252467571442E+02,  0.0772
     26418,      2021,  1.252467251031E+02,  0.0765
     26473,      2022,  1.252457779161E+02,  0.0764
     26574,      2023,  1.252457515708E+02,  0.0761
     26620,      2024,  1.252388145011E+02,  0.0760
     26659,      2025,  1.252388095852E+02,  0.0760
     26862,      2026,  1.252381534026E+02,  0.0754
     26942,      2027,  1.252381502691E+02,  0.0752
     27038,      2028,  1.252380599469E+02,  0.0750
     27060,      2029,  1.252372799275E+02,  0.0750
     27173,      2030,  1.252369148966E+02,  0.0747
     27269,      2031,  1.252368231723E+02,  0.0745
     27708,      2032,  1.252348058202E+02,  0.0733
     27814,      2033,  1.252348044292E+02,  0.0731
     27825,      2034,  1.252347754254E+02,  0.0731
     27847,      2035,  1.252325652086E+02,  0.0731
     27955,      2036,  1.252282229892E+02,  0.0728
     28018,      2037,  1.252282181335E+02,  0.0727
     28051,      2038,  1.252042721922E+02,  0.0727
     28059,      2039,  1.252042719183E+02,  0.0727
     28391,      2040,  1.252042516771E+02,  0.0719
     28719,      2041,  1.252039981112E+02,  0.0711
     28742,      2042,  1.252039956786E+02,  0.0710
     28774,      2043,  1.252039771239E+02,  0.0710
     29117,      2044,  1.252038092379E+02,  0.0702
     29375,      2045,  1.252030417863E+02,  0.0696
     29454,      2046,  1.252029730554E+02,  0.0695
     29689,      2047,  1.252028139944E+02,  0.0689
     29751,      2048,  1.252028031165E+02,  0.0688
     29770,      2049,  1.252027390454E+02,  0.0688
     29984,      2050,  1.252027169006E+02,  0.0684
     30466,      2051,  1.252026686200E+02,  0.0673
     30516,      2052,  1.251996411458E+02,  0.0672
     30644,      2053,  1.251991880435E+02,  0.0670
     30779,      2054,  1.251991795155E+02,  0.0667
     31254,      2055,  1.251959562560E+02,  0.0658
     31382,      2056,  1.251959553879E+02,  0.0655
     31642,      2057,  1.251957390274E+02,  0.0650
     31778,      2058,  1.251938659322E+02,  0.0648
     32004,      2059,  1.251938393982E+02,  0.0643
     32104,      2060,  1.251938356396E+02,  0.0642
     32109,      2061,  1.251938025641E+02,  0.0642
     32214,      2062,  1.251937611736E+02,  0.0640
     32495,      2063,  1.251937208587E+02,  0.0635
     32970,      2064,  1.251936762289E+02,  0.0626
     33032,      2065,  1.251935700715E+02,  0.0625
     33141,      2066,  1.251935296784E+02,  0.0623
     33305,      2067,  1.251935083637E+02,  0.0621
     33317,      2068,  1.251935050476E+02,  0.0621
     33468,      2069,  1.251929652358E+02,  0.0618
     33469,      2070,  1.251929454295E+02,  0.0618
     33543,      2071,  1.251929085486E+02,  0.0617
     33591,      2072,  1.251928905815E+02,  0.0617
     34086,      2073,  1.251879410525E+02,  0.0608
     34157,      2074,  1.251872858163E+02,  0.0607
     34247,      2075,  1.251872721851E+02,  0.0606
     34468,      2076,  1.251872142996E+02,  0.0602
     34665,      2077,  1.251870786225E+02,  0.0599
     34969,      2078,  1.251862020690E+02,  0.0594
     35142,      2079,  1.251861771189E+02,  0.0592
     35308,      2080,  1.251861410622E+02,  0.0589
     35382,      2081,  1.251861354044E+02,  0.0588
     35471,      2082,  1.251861263549E+02,  0.0587
     35630,      2083,  1.251861185218E+02,  0.0585
     35880,      2084,  1.251843606722E+02,  0.0581
     35995,      2085,  1.251843231164E+02,  0.0579
     36088,      2086,  1.251842927411E+02,  0.0578
     36702,      2087,  1.251842892173E+02,  0.0569
     37198,      2088,  1.251842620539E+02,  0.0561
     37432,      2089,  1.251841910065E+02,  0.0558
     37433,      2090,  1.251837161971E+02,  0.0558
     38629,      2091,  1.251837110662E+02,  0.0541
     38648,      2092,  1.251836921901E+02,  0.0541
     38693,      2093,  1.251836921651E+02,  0.0541
     39362,      2094,  1.251836809078E+02,  0.0532
     39469,      2095,  1.251836624984E+02,  0.0531
     39589,      2096,  1.251835984033E+02,  0.0529
     40319,      2097,  1.251827341758E+02,  0.0520
     40429,      2098,  1.251827163188E+02,  0.0519
     41022,      2099,  1.251826984807E+02,  0.0512
     41491,      2100,  1.251826938404E+02,  0.0506
     41643,      2101,  1.251790885107E+02,  0.0505
     41888,      2102,  1.251789985555E+02,  0.0502
     42036,      2103,  1.251789957489E+02,  0.0500
     42563,      2104,  1.251783398308E+02,  0.0494
     42798,      2105,  1.251783020288E+02,  0.0492
     42871,      2106,  1.251782281894E+02,  0.0491
     42935,      2107,  1.251781921826E+02,  0.0491
     43262,      2108,  1.251778984887E+02,  0.0487
     43628,      2109,  1.251778942436E+02,  0.0483
     43665,      2110,  1.251778923797E+02,  0.0483
     44088,      2111,  1.251778775858E+02,  0.0479
     44321,      2112,  1.251774496358E+02,  0.0477
     44668,      2113,  1.251774274249E+02,  0.0473
     45122,      2114,  1.251760690478E+02,  0.0469
     45718,      2115,  1.251760654876E+02,  0.0463
     46232,      2116,  1.251751129811E+02,  0.0458
     46379,      2117,  1.251738007033E+02,  0.0456
     46867,      2118,  1.251737212229E+02,  0.0452
     46900,      2119,  1.251737195134E+02,  0.0452
     48036,      2120,  1.251731576958E+02,  0.0441
     48218,      2121,  1.251731560663E+02,  0.0440
     48371,      2122,  1.251731408918E+02,  0.0439
     48892,      2123,  1.251731286415E+02,  0.0434
     49187,      2124,  1.251722666886E+02,  0.0432
     49295,      2125,  1.251722598477E+02,  0.0431
     50045,      2126,  1.251715039303E+02,  0.0425
     50084,      2127,  1.251707072617E+02,  0.0425
     50621,      2128,  1.251693748972E+02,  0.0420
     50721,      2129,  1.251693548209E+02,  0.0420
     51079,      2130,  1.251693530490E+02,  0.0417
     51442,      2131,  1.251693236342E+02,  0.0414
     51513,      2132,  1.251692927406E+02,  0.0414
     51942,      2133,  1.251692852745E+02,  0.0411
     51987,      2134,  1.251692738471E+02,  0.0410
     52208,      2135,  1.251692635299E+02,  0.0409
     52230,      2136,  1.251692512197E+02,  0.0409
     52675,      2137,  1.251678645167E+02,  0.0406
     52737,      2138,  1.251678356685E+02,  0.0405
     53776,      2139,  1.251678299441E+02,  0.0398
     53844,      2140,  1.251678268725E+02,  0.0397
     54614,      2141,  1.251647138738E+02,  0.0392
     54715,      2142,  1.251647092907E+02,  0.0391
     54869,      2143,  1.251647017433E+02,  0.0391
     55337,      2144,  1.251634534377E+02,  0.0387
     55745,      2145,  1.251634423141E+02,  0.0385
     55874,      2146,  1.251634358903E+02,  0.0384
     56916,      2147,  1.251634120008E+02,  0.0377
     57083,      2148,  1.251633972422E+02,  0.0376
     57359,      2149,  1.251633876335E+02,  0.0375
     57586,      2150,  1.251633579374E+02,  0.0373
     58066,      2151,  1.251633578648E+02,  0.0370
     58395,      2152,  1.251633284454E+02,  0.0369
     58666,      2153,  1.251633113189E+02,  0.0367
     59400,      2154,  1.251626853642E+02,  0.0363
     61625,      2155,  1.251626804420E+02,  0.0350
     61705,      2156,  1.251626740882E+02,  0.0349
     61815,      2157,  1.251626735134E+02,  0.0349
     62079,      2158,  1.251626734161E+02,  0.0348
     62413,      2159,  1.251626562739E+02,  0.0346
     63517,      2160,  1.251626527511E+02,  0.0340
     63871,      2161,  1.251626520534E+02,  0.0338
     64795,      2162,  1.251621443826E+02,  0.0334
     65232,      2163,  1.251621402542E+02,  0.0332
     67125,      2164,  1.251621280093E+02,  0.0322
     67549,      2165,  1.251621256933E+02,  0.0321
     67741,      2166,  1.251621210006E+02,  0.0320
     68832,      2167,  1.251617067237E+02,  0.0315
     71261,      2168,  1.251617061741E+02,  0.0304
     71320,      2169,  1.251617035918E+02,  0.0304
     71332,      2170,  1.251613486402E+02,  0.0304
     71345,      2171,  1.251610402886E+02,  0.0304
     71401,      2172,  1.251609894751E+02,  0.0304
     71583,      2173,  1.251609803681E+02,  0.0304
     72145,      2174,  1.251609763916E+02,  0.0301
     72820,      2175,  1.251609664481E+02,  0.0299
     72840,      2176,  1.251606833045E+02,  0.0299
     72933,      2177,  1.251606344091E+02,  0.0298
     73196,      2178,  1.251604832094E+02,  0.0298
     74688,      2179,  1.251604466284E+02,  0.0292
     77501,      2180,  1.251604069331E+02,  0.0281
     77650,      2181,  1.251604046086E+02,  0.0281
     79432,      2182,  1.251602337822E+02,  0.0275
     80408,      2183,  1.251602282948E+02,  0.0271
     81199,      2184,  1.251602271317E+02,  0.0269
     81870,      2185,  1.251602248630E+02,  0.0267
     81937,      2186,  1.251602226392E+02,  0.0267
     82392,      2187,  1.251602083091E+02,  0.0265
     82439,      2188,  1.251601468029E+02,  0.0265
     82591,      2189,  1.251601008112E+02,  0.0265
     82634,      2190,  1.251600916856E+02,  0.0265
     83908,      2191,  1.251600864922E+02,  0.0261
     84879,      2192,  1.251598651747E+02,  0.0258
     85015,      2193,  1.251598569719E+02,  0.0258
     86213,      2194,  1.251598279304E+02,  0.0254
     87994,      2195,  1.251598256698E+02,  0.0249
     88011,      2196,  1.251598247872E+02,  0.0250
     88047,      2197,  1.251592546984E+02,  0.0250
     88371,      2198,  1.251592490252E+02,  0.0249
     88443,      2199,  1.251518082184E+02,  0.0249
     89335,      2200,  1.251517201486E+02,  0.0246
     90168,      2201,  1.251517188647E+02,  0.0244
     90904,      2202,  1.251513933882E+02,  0.0242
     91662,      2203,  1.251513928676E+02,  0.0240
     92509,      2204,  1.251510768709E+02,  0.0238
     92685,      2205,  1.251510684526E+02,  0.0238
     93086,      2206,  1.251510655952E+02,  0.0237
     93964,      2207,  1.251506087009E+02,  0.0235
     94251,      2208,  1.251505906138E+02,  0.0234
     94701,      2209,  1.251505879839E+02,  0.0233
     95088,      2210,  1.251505836379E+02,  0.0232
     96418,      2211,  1.251501914520E+02,  0.0229
     97624,      2212,  1.251501723426E+02,  0.0227
     97924,      2213,  1.251501614521E+02,  0.0226
     97927,      2214,  1.251501508484E+02,  0.0226
     98221,      2215,  1.251501494002E+02,  0.0226
     98821,      2216,  1.251501489700E+02,  0.0224
     99323,      2217,  1.251491911259E+02,  0.0223
    101932,      2218,  1.251491895758E+02,  0.0218
    103496,      2219,  1.251491877004E+02,  0.0214
    103535,      2220,  1.251491607007E+02,  0.0214
    103659,      2221,  1.251491481222E+02,  0.0214
    104823,      2222,  1.251491372668E+02,  0.0212
    105369,      2223,  1.251491063363E+02,  0.0211
    106892,      2224,  1.251490978785E+02,  0.0208
    109286,      2225,  1.251490218924E+02,  0.0204
    110014,      2226,  1.251490141165E+02,  0.0202
    110572,      2227,  1.251490137779E+02,  0.0201
    110666,      2228,  1.251490022299E+02,  0.0201
    110826,      2229,  1.251483818788E+02,  0.0201
    110889,      2230,  1.251472984456E+02,  0.0201
    111084,      2231,  1.251472526208E+02,  0.0201
    112294,      2232,  1.251472498599E+02,  0.0199
    112712,      2233,  1.251470856412E+02,  0.0198
    113600,      2234,  1.251470597982E+02,  0.0197
    114568,      2235,  1.251470402679E+02,  0.0195
    114990,      2236,  1.251470315394E+02,  0.0194
    115064,      2237,  1.251469489422E+02,  0.0194
    115262,      2238,  1.251460023007E+02,  0.0194
    115673,      2239,  1.251459795976E+02,  0.0194
    116656,      2240,  1.251459777813E+02,  0.0192
    118434,      2241,  1.251459722044E+02,  0.0189
    118692,      2242,  1.251459715584E+02,  0.0189
    119402,      2243,  1.251459599898E+02,  0.0188
    121826,      2244,  1.251441757103E+02,  0.0184
    122881,      2245,  1.251441671705E+02,  0.0183
    123087,      2246,  1.251441632503E+02,  0.0182
    123704,      2247,  1.251406375077E+02,  0.0182
    124486,      2248,  1.251406373730E+02,  0.0181
    124523,      2249,  1.251406341845E+02,  0.0181
    124900,      2250,  1.251406260695E+02,  0.0180
    125718,      2251,  1.251406141144E+02,  0.0179
    127796,      2252,  1.251406028714E+02,  0.0176
    128332,      2253,  1.251406009288E+02,  0.0176
    131029,      2254,  1.251405707172E+02,  0.0172
    132549,      2255,  1.251405605449E+02,  0.0170
    132652,      2256,  1.251404375771E+02,  0.0170
    134276,      2257,  1.251404210749E+02,  0.0168
    134383,      2258,  1.251404096996E+02,  0.0168
    134987,      2259,  1.251402827408E+02,  0.0167
    135656,      2260,  1.251402773728E+02,  0.0167
    136589,      2261,  1.251400517636E+02,  0.0166
    136822,      2262,  1.251399431632E+02,  0.0165
    137020,      2263,  1.251399424792E+02,  0.0165
    137060,      2264,  1.251399389089E+02,  0.0165
    137994,      2265,  1.251399370722E+02,  0.0164
    138913,      2266,  1.251399333121E+02,  0.0163
    139401,      2267,  1.251399317054E+02,  0.0163
    140013,      2268,  1.251399187822E+02,  0.0162
    140303,      2269,  1.251399169239E+02,  0.0162
    140539,      2270,  1.251399138866E+02,  0.0162
    140682,      2271,  1.251399114655E+02,  0.0161
    141160,      2272,  1.251396581768E+02,  0.0161
    142513,      2273,  1.251396501733E+02,  0.0159
    142595,      2274,  1.251396497850E+02,  0.0159
    143086,      2275,  1.251391864079E+02,  0.0159
    145683,      2276,  1.251391654427E+02,  0.0156
    146930,      2277,  1.251391554185E+02,  0.0155
    148978,      2278,  1.251391496493E+02,  0.0153
    149662,      2279,  1.251385289741E+02,  0.0152
    150426,      2280,  1.251385267265E+02,  0.0152
    150891,      2281,  1.251385249327E+02,  0.0151
    151396,      2282,  1.251385223565E+02,  0.0151
    152003,      2283,  1.251385141361E+02,  0.0150
    154105,      2284,  1.251374323881E+02,  0.0148
    154209,      2285,  1.251374304349E+02,  0.0148
    159361,      2286,  1.251371156843E+02,  0.0143
    159523,      2287,  1.251371125934E+02,  0.0143
    162919,      2288,  1.251370176153E+02,  0.0140
    163932,      2289,  1.251370051547E+02,  0.0140
    164542,      2290,  1.251370009398E+02,  0.0139
    164964,      2291,  1.251369952484E+02,  0.0139
    165913,      2292,  1.251369939774E+02,  0.0138
    166680,      2293,  1.251369795276E+02,  0.0138
    166869,      2294,  1.251339273693E+02,  0.0137
    167852,      2295,  1.251335313353E+02,  0.0137
    168147,      2296,  1.251335231775E+02,  0.0137
    171126,      2297,  1.251335011583E+02,  0.0134
    173973,      2298,  1.251334902079E+02,  0.0132
    176575,      2299,  1.251334874154E+02,  0.0130
    176854,      2300,  1.251334746761E+02,  0.0130
    176871,      2301,  1.251334694352E+02,  0.0130
    177934,      2302,  1.251334661342E+02,  0.0129
    178172,      2303,  1.251334504311E+02,  0.0129
    181396,      2304,  1.251334493305E+02,  0.0127
    181532,      2305,  1.251330482125E+02,  0.0127
    182398,      2306,  1.251330481443E+02,  0.0126
    189327,      2307,  1.251330458359E+02,  0.0122
    190051,      2308,  1.251329410312E+02,  0.0121
    191182,      2309,  1.251329373001E+02,  0.0121
    193719,      2310,  1.251329363132E+02,  0.0119
    194381,      2311,  1.251329334219E+02,  0.0119
    195006,      2312,  1.251324074741E+02,  0.0119
    197216,      2313,  1.251322847841E+02,  0.0117
    197639,      2314,  1.251322734991E+02,  0.0117
    199430,      2315,  1.251322732920E+02,  0.0116
    202197,      2316,  1.251316363295E+02,  0.0115
    202793,      2317,  1.251316353252E+02,  0.0114
    203937,      2318,  1.251316331766E+02,  0.0114
    204314,      2319,  1.251310022646E+02,  0.0114
    206349,      2320,  1.251310003861E+02,  0.0112
    206776,      2321,  1.251309950840E+02,  0.0112
    207075,      2322,  1.251308924535E+02,  0.0112
    208306,      2323,  1.251308905793E+02,  0.0112
    209646,      2324,  1.251308861849E+02,  0.0111
    213278,      2325,  1.251308814820E+02,  0.0109
    215442,      2326,  1.251308806044E+02,  0.0108
    215488,      2327,  1.251307014620E+02,  0.0108
    216214,      2328,  1.251306549097E+02,  0.0108
    218124,      2329,  1.251306499485E+02,  0.0107
    219269,      2330,  1.251306276088E+02,  0.0106
    219493,      2331,  1.251306002296E+02,  0.0106
    220005,      2332,  1.251305668260E+02,  0.0106
    220326,      2333,  1.251305652192E+02,  0.0106
    220518,      2334,  1.251305623271E+02,  0.0106
    220808,      2335,  1.251305516529E+02,  0.0106
    220949,      2336,  1.251305507407E+02,  0.0106
    221180,      2337,  1.251305285203E+02,  0.0106
    222557,      2338,  1.251305235184E+02,  0.0105
    224255,      2339,  1.251305161686E+02,  0.0104
    224491,      2340,  1.251305075201E+02,  0.0104
    225127,      2341,  1.251305062492E+02,  0.0104
    225392,      2342,  1.251305016073E+02,  0.0104
    225998,      2343,  1.251304750860E+02,  0.0104
    226757,      2344,  1.251304732306E+02,  0.0103
    229003,      2345,  1.251304587923E+02,  0.0102
    229331,      2346,  1.251302884548E+02,  0.0102
    230445,      2347,  1.251302823750E+02,  0.0102
    232761,      2348,  1.251302787247E+02,  0.0101
    233029,      2349,  1.251302712701E+02,  0.0101
    233880,      2350,  1.251296988493E+02,  0.0100
    239493,      2351,  1.251296957406E+02,  0.0098
    241736,      2352,  1.251296950029E+02,  0.0097
    246366,      2353,  1.251296909222E+02,  0.0096
    247189,      2354,  1.251296724006E+02,  0.0095
    248243,      2355,  1.251296689028E+02,  0.0095
    250231,      2356,  1.251296607222E+02,  0.0094
    251341,      2357,  1.251296585740E+02,  0.0094
    251396,      2358,  1.251296433324E+02,  0.0094
    252010,      2359,  1.251296409106E+02,  0.0094
    255619,      2360,  1.251296370829E+02,  0.0092
    257725,      2361,  1.251296309470E+02,  0.0092
    258297,      2362,  1.251239780369E+02,  0.0091
    259387,      2363,  1.251239722086E+02,  0.0091
    259791,      2364,  1.251238777093E+02,  0.0091
    268791,      2365,  1.251238766130E+02,  0.0088
    270401,      2366,  1.251238503483E+02,  0.0087
    271300,      2367,  1.251238201170E+02,  0.0087
    272268,      2368,  1.251236641607E+02,  0.0087
    274090,      2369,  1.251236590870E+02,  0.0086
    275713,      2370,  1.251235517708E+02,  0.0086
    276048,      2371,  1.251235458571E+02,  0.0086
    276298,      2372,  1.251235456326E+02,  0.0086
    276952,      2373,  1.251235421953E+02,  0.0086
    277332,      2374,  1.251234346335E+02,  0.0086
    279224,      2375,  1.251234342018E+02,  0.0085
    280078,      2376,  1.251233801712E+02,  0.0085
    281795,      2377,  1.251233738872E+02,  0.0084
    285482,      2378,  1.251233458864E+02,  0.0083
    288633,      2379,  1.251232034477E+02,  0.0082
    289546,      2380,  1.251232034140E+02,  0.0082
    291802,      2381,  1.251232000531E+02,  0.0082
    293110,      2382,  1.251231930238E+02,  0.0081
    295324,      2383,  1.251231455845E+02,  0.0081
    297947,      2384,  1.251231426429E+02,  0.0080
    301961,      2385,  1.251231297902E+02,  0.0079
    302285,      2386,  1.251231269390E+02,  0.0079
    305455,      2387,  1.251231267348E+02,  0.0078
    306059,      2388,  1.251231265317E+02,  0.0078
    307771,      2389,  1.251231252925E+02,  0.0078
    308396,      2390,  1.251231222972E+02,  0.0077
    310346,      2391,  1.251210727386E+02,  0.0077
    312344,      2392,  1.251210671387E+02,  0.0077
    314187,      2393,  1.251210639552E+02,  0.0076
    320501,      2394,  1.251210598618E+02,  0.0075
    324588,      2395,  1.251210586732E+02,  0.0074
    325662,      2396,  1.251203956072E+02,  0.0074
    326950,      2397,  1.251183305805E+02,  0.0073
    330093,      2398,  1.251182694689E+02,  0.0073
    330415,      2399,  1.251182556903E+02,  0.0073
    330931,      2400,  1.251182546616E+02,  0.0073
    331257,      2401,  1.251182521779E+02,  0.0072
    331949,      2402,  1.251182509817E+02,  0.0072
    333721,      2403,  1.251182419138E+02,  0.0072
    337100,      2404,  1.251177429401E+02,  0.0071
    340310,      2405,  1.251177376453E+02,  0.0071
    341528,      2406,  1.251177334706E+02,  0.0070
    342076,      2407,  1.251177226643E+02,  0.0070
    345826,      2408,  1.251176250776E+02,  0.0070
    347022,      2409,  1.251176249641E+02,  0.0069
    353855,      2410,  1.251173940363E+02,  0.0068
    354552,      2411,  1.251169683575E+02,  0.0068
    357774,      2412,  1.251169456924E+02,  0.0067
    358601,      2413,  1.251169293631E+02,  0.0067
    360092,      2414,  1.251132599586E+02,  0.0067
    360245,      2415,  1.251132210606E+02,  0.0067
    360644,      2416,  1.251132180822E+02,  0.0067
    360887,      2417,  1.251132166206E+02,  0.0067
    361409,      2418,  1.251132152793E+02,  0.0067
    361778,      2419,  1.251132124661E+02,  0.0067
    363842,      2420,  1.251131431752E+02,  0.0067
    367679,      2421,  1.251131427271E+02,  0.0066
    369016,      2422,  1.251131367824E+02,  0.0066
    377884,      2423,  1.251131350471E+02,  0.0064
    379081,      2424,  1.251131263048E+02,  0.0064
    389542,      2425,  1.251131260610E+02,  0.0062
    391430,      2426,  1.251131231016E+02,  0.0062
    394282,      2427,  1.251131226737E+02,  0.0062
    394604,      2428,  1.251126906566E+02,  0.0062
    397003,      2429,  1.251126884979E+02,  0.0061
    405793,      2430,  1.251126875938E+02,  0.0060
    412549,      2431,  1.251126866679E+02,  0.0059
    415959,      2432,  1.251126851549E+02,  0.0058
    421158,      2433,  1.251126844893E+02,  0.0058
    422622,      2434,  1.251111272604E+02,  0.0058
    423649,      2435,  1.251108891697E+02,  0.0057
    423927,      2436,  1.251108890845E+02,  0.0057
    424471,      2437,  1.251108884853E+02,  0.0057
    426292,      2438,  1.251105464087E+02,  0.0057
    431941,      2439,  1.251105414369E+02,  0.0056
    432195,      2440,  1.251105405964E+02,  0.0056
    432513,      2441,  1.251104682043E+02,  0.0056
    432575,      2442,  1.251104671334E+02,  0.0056
    435954,      2443,  1.251104562212E+02,  0.0056
    436337,      2444,  1.251103082964E+02,  0.0056
    438594,      2445,  1.251103079445E+02,  0.0056
    441290,      2446,  1.251099504200E+02,  0.0055
    444902,      2447,  1.251096670424E+02,  0.0055
    446060,      2448,  1.251096491684E+02,  0.0055
    446224,      2449,  1.251096461757E+02,  0.0055
    446314,      2450,  1.251096353583E+02,  0.0055
    447906,      2451,  1.251096321848E+02,  0.0055
    447940,      2452,  1.251095955491E+02,  0.0055
    448984,      2453,  1.251095918311E+02,  0.0055
    449044,      2454,  1.251095871543E+02,  0.0055
    449833,      2455,  1.251094860678E+02,  0.0055
    450086,      2456,  1.251091234878E+02,  0.0055
    452234,      2457,  1.251091225277E+02,  0.0054
    452949,      2458,  1.251090918507E+02,  0.0054
    454154,      2459,  1.251090874212E+02,  0.0054
    455381,      2460,  1.251090867004E+02,  0.0054
    456785,      2461,  1.251090859012E+02,  0.0054
    459183,      2462,  1.251090584768E+02,  0.0054
    460136,      2463,  1.251090181284E+02,  0.0054
    460351,      2464,  1.251089771582E+02,  0.0054
    461048,      2465,  1.251089757814E+02,  0.0053
    462692,      2466,  1.251087009542E+02,  0.0053
    464155,      2467,  1.251086157244E+02,  0.0053
    464375,      2468,  1.251086057286E+02,  0.0053
    475895,      2469,  1.251086023233E+02,  0.0052
    477481,      2470,  1.251085890122E+02,  0.0052
    478773,      2471,  1.251083568058E+02,  0.0052
    482548,      2472,  1.251083469786E+02,  0.0051
    482954,      2473,  1.251082181832E+02,  0.0051
    483244,      2474,  1.251082141183E+02,  0.0051
    484079,      2475,  1.251082131989E+02,  0.0051
    487453,      2476,  1.251082118721E+02,  0.0051
    487749,      2477,  1.251082042823E+02,  0.0051
    487916,      2478,  1.251082030811E+02,  0.0051
    488516,      2479,  1.251081995791E+02,  0.0051
    492404,      2480,  1.251081985870E+02,  0.0050
    492950,      2481,  1.251079568982E+02,  0.0050
    493414,      2482,  1.251079499840E+02,  0.0050
    494526,      2483,  1.251079493017E+02,  0.0050
