iteration,accepted_count,energy,acceptance_rate
         0,         0,  1.781355697411E+02,  0.0000
         2,         1,  1.781158873776E+02,  0.5000
         4,         2,  1.780071504460E+02,  0.5000
         6,         3,  1.779061627795E+02,  0.5000
        10,         4,  1.778889169392E+02,  0.4000
        11,         5,  1.769586794308E+02,  0.4545
        12,         6,  1.767904620223E+02,  0.5000
        19,         7,  1.766407101319E+02,  0.3684
        23,         8,  1.761655232415E+02,  0.3478
        24,         9,  1.760059247917E+02,  0.3750
        28,        10,  1.758586742721E+02,  0.3571
        33,        11,  1.758547343456E+02,  0.3333
        34,        12,  1.752085921453E+02,  0.3529
        38,        13,  1.749361700562E+02,  0.3421
        40,        14,  1.749269785391E+02,  0.3500
        41,        15,  1.746946557967E+02,  0.3659
        42,        16,  1.745205838361E+02,  0.3810
        43,        17,  1.744410575220E+02,  0.3953
        45,        18,  1.743186791822E+02,  0.4000
        47,        19,  1.743116220522E+02,  0.4043
        48,        20,  1.740738011121E+02,  0.4167
        51,        21,  1.740511968452E+02,  0.4118
        55,        22,  1.740407356787E+02,  0.4000
        57,        23,  1.739751208154E+02,  0.4035
        60,        24,  1.739675762616E+02,  0.4000
        61,        25,  1.739212598455E+02,  0.4098
        62,        26,  1.738849018776E+02,  0.4194
        64,        27,  1.735637349256E+02,  0.4219
        65,        28,  1.732474081822E+02,  0.4308
        66,        29,  1.731297372985E+02,  0.4394
        70,        30,  1.727979186503E+02,  0.4286
        71,        31,  1.727942063592E+02,  0.4366
        73,        32,  1.724922900482E+02,  0.4384
        75,        33,  1.723126325041E+02,  0.4400
        76,        34,  1.721727261184E+02,  0.4474
        77,        35,  1.721173799195E+02,  0.4545
        83,        36,  1.719919978321E+02,  0.4337
        84,        37,  1.719713908523E+02,  0.4405
        86,        38,  1.719420280743E+02,  0.4419
        89,        39,  1.719007188977E+02,  0.4382
        90,        40,  1.716598372014E+02,  0.4444
        91,        41,  1.716231816401E+02,  0.4505
        92,        42,  1.712322555899E+02,  0.4565
        94,        43,  1.711438014827E+02,  0.4574
        96,        44,  1.710780382431E+02,  0.4583
        97,        45,  1.710526654169E+02,  0.4639
       101,        46,  1.709161410762E+02,  0.4554
       105,        47,  1.708076360802E+02,  0.4476
       116,        48,  1.706446307651E+02,  0.4138
       118,        49,  1.702780686203E+02,  0.4153
       119,        50,  1.701451560973E+02,  0.4202
       121,        51,  1.700651185670E+02,  0.4215
       123,        52,  1.700152869107E+02,  0.4228
       124,        53,  1.698620882548E+02,  0.4274
       125,        54,  1.697710692300E+02,  0.4320
       128,        55,  1.696617005191E+02,  0.4297
       130,        56,  1.695696792683E+02,  0.4308
       133,        57,  1.693975315894E+02,  0.4286
       136,        58,  1.693689193151E+02,  0.4265
       137,        59,  1.693326393143E+02,  0.4307
       139,        60,  1.693282690396E+02,  0.4317
       141,        61,  1.692699090132E+02,  0.4326
       142,        62,  1.691237862890E+02,  0.4366
       143,        63,  1.690019788581E+02,  0.4406
       144,        64,  1.689721849519E+02,  0.4444
       145,        65,  1.688745111924E+02,  0.4483
       146,        66,  1.687388500017E+02,  0.4521
       149,        67,  1.687044599455E+02,  0.4497
       152,        68,  1.685528414605E+02,  0.4474
       153,        69,  1.684825971925E+02,  0.4510
       154,        70,  1.683636439857E+02,  0.4545
       155,        71,  1.683400784354E+02,  0.4581
       158,        72,  1.680443266297E+02,  0.4557
       159,        73,  1.679388940531E+02,  0.4591
       160,        74,  1.677694615654E+02,  0.4625
       165,        75,  1.677018548805E+02,  0.4545
       166,        76,  1.676931100710E+02,  0.4578
       168,        77,  1.674388429523E+02,  0.4583
       169,        78,  1.674250096769E+02,  0.4615
       170,        79,  1.672532453560E+02,  0.4647
       172,        80,  1.672048471634E+02,  0.4651
       173,        81,  1.671675075256E+02,  0.4682
       174,        82,  1.668207019054E+02,  0.4713
       175,        83,  1.667602893448E+02,  0.4743
       179,        84,  1.667325593844E+02,  0.4693
       184,        85,  1.666600659988E+02,  0.4620
       185,        86,  1.664404009684E+02,  0.4649
       187,        87,  1.664313619232E+02,  0.4652
       189,        88,  1.662987851827E+02,  0.4656
       191,        89,  1.661653325109E+02,  0.4660
       193,        90,  1.660812467369E+02,  0.4663
       196,        91,  1.660734912752E+02,  0.4643
       199,        92,  1.659482474154E+02,  0.4623
       200,        93,  1.658676579017E+02,  0.4650
       201,        94,  1.658091372573E+02,  0.4677
       205,        95,  1.657304414620E+02,  0.4634
       206,        96,  1.655135155279E+02,  0.4660
       207,        97,  1.654781718581E+02,  0.4686
       212,        98,  1.654218263973E+02,  0.4623
       214,        99,  1.653210111055E+02,  0.4626
       216,       100,  1.653033406896E+02,  0.4630
       219,       101,  1.652865608179E+02,  0.4612
       222,       102,  1.650572667608E+02,  0.4595
       223,       103,  1.650482768715E+02,  0.4619
       226,       104,  1.649676663714E+02,  0.4602
       230,       105,  1.649664744184E+02,  0.4565
       236,       106,  1.649062944165E+02,  0.4492
       237,       107,  1.647074955057E+02,  0.4515
       238,       108,  1.646652701717E+02,  0.4538
       239,       109,  1.646641553358E+02,  0.4561
       243,       110,  1.646404321898E+02,  0.4527
       246,       111,  1.645230592155E+02,  0.4512
       247,       112,  1.644982530467E+02,  0.4534
       249,       113,  1.644764158042E+02,  0.4538
       254,       114,  1.644598020101E+02,  0.4488
       255,       115,  1.644406069532E+02,  0.4510
       258,       116,  1.643675662550E+02,  0.4496
       260,       117,  1.643499662727E+02,  0.4500
       262,       118,  1.643451253999E+02,  0.4504
       264,       119,  1.643291733455E+02,  0.4508
       266,       120,  1.643207698272E+02,  0.4511
       271,       121,  1.639484382184E+02,  0.4465
       275,       122,  1.638513314732E+02,  0.4436
       276,       123,  1.637903363913E+02,  0.4457
       277,       124,  1.637881191447E+02,  0.4477
       284,       125,  1.637134848368E+02,  0.4401
       286,       126,  1.636995212900E+02,  0.4406
       287,       127,  1.634308568874E+02,  0.4425
       288,       128,  1.634133206508E+02,  0.4444
       290,       129,  1.634107278136E+02,  0.4448
       291,       130,  1.633665272965E+02,  0.4467
       292,       131,  1.633662605321E+02,  0.4486
       295,       132,  1.631470522728E+02,  0.4475
       304,       133,  1.630030783446E+02,  0.4375
       305,       134,  1.628652158942E+02,  0.4393
       307,       135,  1.628585183371E+02,  0.4397
       308,       136,  1.626833568528E+02,  0.4416
       316,       137,  1.626674974417E+02,  0.4335
       319,       138,  1.625913891366E+02,  0.4326
       324,       139,  1.625404319418E+02,  0.4290
       326,       140,  1.625353535470E+02,  0.4294
       329,       141,  1.624649326742E+02,  0.4286
       333,       142,  1.624056513342E+02,  0.4264
       335,       143,  1.623956752067E+02,  0.4269
       336,       144,  1.623280664274E+02,  0.4286
       338,       145,  1.621977247576E+02,  0.4290
       341,       146,  1.621724146761E+02,  0.4282
       344,       147,  1.621493598786E+02,  0.4273
       347,       148,  1.620942095673E+02,  0.4265
       348,       149,  1.619315282007E+02,  0.4282
       349,       150,  1.619051252127E+02,  0.4298
       350,       151,  1.618301001339E+02,  0.4314
       351,       152,  1.617223950713E+02,  0.4330
       356,       153,  1.616395225585E+02,  0.4298
       357,       154,  1.615348612536E+02,  0.4314
       358,       155,  1.614935105568E+02,  0.4330
       360,       156,  1.614554132929E+02,  0.4333
       366,       157,  1.614226975599E+02,  0.4290
       370,       158,  1.614018297546E+02,  0.4270
       371,       159,  1.613227557749E+02,  0.4286
       372,       160,  1.613121703270E+02,  0.4301
       374,       161,  1.612469345987E+02,  0.4305
       375,       162,  1.610890961524E+02,  0.4320
       376,       163,  1.610831916469E+02,  0.4335
       377,       164,  1.609409376315E+02,  0.4350
       384,       165,  1.609386943174E+02,  0.4297
       386,       166,  1.608139626209E+02,  0.4301
       391,       167,  1.607659488183E+02,  0.4271
       394,       168,  1.606350568602E+02,  0.4264
       395,       169,  1.606195130844E+02,  0.4278
       396,       170,  1.605656113369E+02,  0.4293
       397,       171,  1.605072982546E+02,  0.4307
       399,       172,  1.604298099014E+02,  0.4311
       400,       173,  1.603972455741E+02,  0.4325
       401,       174,  1.603882996804E+02,  0.4339
       402,       175,  1.603421077478E+02,  0.4353
       404,       176,  1.602813873320E+02,  0.4356
       406,       177,  1.601293900569E+02,  0.4360
       407,       178,  1.600872704366E+02,  0.4373
       408,       179,  1.600123353057E+02,  0.4387
       410,       180,  1.599688953091E+02,  0.4390
       412,       181,  1.599525037642E+02,  0.4393
       413,       182,  1.598814648477E+02,  0.4407
       415,       183,  1.598691809628E+02,  0.4410
       419,       184,  1.598035076037E+02,  0.4391
       420,       185,  1.597873875461E+02,  0.4405
       424,       186,  1.597758293137E+02,  0.4387
       425,       187,  1.597071530978E+02,  0.4400
       427,       188,  1.596702499531E+02,  0.4403
       428,       189,  1.595892255445E+02,  0.4416
       430,       190,  1.595183795932E+02,  0.4419
       431,       191,  1.594814314123E+02,  0.4432
       437,       192,  1.593822114744E+02,  0.4394
       439,       193,  1.593667928883E+02,  0.4396
       442,       194,  1.593621423652E+02,  0.4389
       444,       195,  1.593583147426E+02,  0.4392
       445,       196,  1.593289009983E+02,  0.4404
       447,       197,  1.591741579882E+02,  0.4407
       452,       198,  1.591365259298E+02,  0.4381
       453,       199,  1.591246785898E+02,  0.4393
       454,       200,  1.590831620510E+02,  0.4405
       459,       201,  1.590222264309E+02,  0.4379
       461,       202,  1.588301901730E+02,  0.4382
       462,       203,  1.588295351017E+02,  0.4394
       463,       204,  1.588040281283E+02,  0.4406
       464,       205,  1.587767904911E+02,  0.4418
       466,       206,  1.587602561374E+02,  0.4421
       467,       207,  1.586583789338E+02,  0.4433
       469,       208,  1.585800436470E+02,  0.4435
       470,       209,  1.584857734177E+02,  0.4447
       472,       210,  1.584161949172E+02,  0.4449
       473,       211,  1.584147869563E+02,  0.4461
       475,       212,  1.582707346359E+02,  0.4463
       477,       213,  1.582626652486E+02,  0.4465
       478,       214,  1.582154591076E+02,  0.4477
       479,       215,  1.582117162480E+02,  0.4489
       480,       216,  1.582078886710E+02,  0.4500
       484,       217,  1.582049481291E+02,  0.4483
       486,       218,  1.581410831389E+02,  0.4486
       487,       219,  1.581241695901E+02,  0.4497
       489,       220,  1.580574623415E+02,  0.4499
       491,       221,  1.580118983502E+02,  0.4501
       492,       222,  1.579843489614E+02,  0.4512
       495,       223,  1.579740022510E+02,  0.4505
       497,       224,  1.579056463147E+02,  0.4507
       501,       225,  1.577821342948E+02,  0.4491
       502,       226,  1.577330795185E+02,  0.4502
       503,       227,  1.577236611423E+02,  0.4513
       505,       228,  1.576415997613E+02,  0.4515
       510,       229,  1.576376119245E+02,  0.4490
       513,       230,  1.575541120140E+02,  0.4483
       524,       231,  1.575318048356E+02,  0.4408
       529,       232,  1.574839376537E+02,  0.4386
       534,       233,  1.574023792742E+02,  0.4363
       536,       234,  1.573999757683E+02,  0.4366
       542,       235,  1.573630286419E+02,  0.4336
       544,       236,  1.573504103375E+02,  0.4338
       546,       237,  1.573124666467E+02,  0.4341
       548,       238,  1.572972212660E+02,  0.4343
       550,       239,  1.572793945162E+02,  0.4345
       553,       240,  1.571212744546E+02,  0.4340
       556,       241,  1.571002745612E+02,  0.4335
       558,       242,  1.570769682952E+02,  0.4337
       563,       243,  1.570115191376E+02,  0.4316
       565,       244,  1.569855315562E+02,  0.4319
       569,       245,  1.569701579200E+02,  0.4306
       572,       246,  1.569602650929E+02,  0.4301
       575,       247,  1.569160787737E+02,  0.4296
       576,       248,  1.567243607605E+02,  0.4306
       579,       249,  1.565869468042E+02,  0.4301
       582,       250,  1.565662034808E+02,  0.4296
       583,       251,  1.565402834800E+02,  0.4305
       584,       252,  1.564152208228E+02,  0.4315
       586,       253,  1.563838753637E+02,  0.4317
       589,       254,  1.562504599800E+02,  0.4312
       590,       255,  1.560835682457E+02,  0.4322
       592,       256,  1.560624613612E+02,  0.4324
       594,       257,  1.560608674710E+02,  0.4327
       596,       258,  1.560552658353E+02,  0.4329
       597,       259,  1.559859932445E+02,  0.4338
       599,       260,  1.559789107202E+02,  0.4341
       601,       261,  1.558896985056E+02,  0.4343
       607,       262,  1.558813717841E+02,  0.4316
       608,       263,  1.557977551913E+02,  0.4326
       611,       264,  1.557877309058E+02,  0.4321
       612,       265,  1.556380097472E+02,  0.4330
       616,       266,  1.556141605826E+02,  0.4318
       617,       267,  1.555563603236E+02,  0.4327
       618,       268,  1.555394322085E+02,  0.4337
       619,       269,  1.555228951900E+02,  0.4346
       620,       270,  1.553265628520E+02,  0.4355
       621,       271,  1.552558955004E+02,  0.4364
       622,       272,  1.552014539722E+02,  0.4373
       628,       273,  1.551993477076E+02,  0.4347
       629,       274,  1.551814110851E+02,  0.4356
       630,       275,  1.551742178676E+02,  0.4365
       631,       276,  1.551569033998E+02,  0.4374
       633,       277,  1.551297053603E+02,  0.4376
       638,       278,  1.550764886833E+02,  0.4357
       639,       279,  1.550588056343E+02,  0.4366
       641,       280,  1.550573103509E+02,  0.4368
       643,       281,  1.550572066594E+02,  0.4370
       651,       282,  1.550432543886E+02,  0.4332
       652,       283,  1.550332143232E+02,  0.4340
       656,       284,  1.550259023831E+02,  0.4329
       657,       285,  1.550174063124E+02,  0.4338
       661,       286,  1.550124190966E+02,  0.4327
       662,       287,  1.549718149597E+02,  0.4335
       667,       288,  1.549684504339E+02,  0.4318
       668,       289,  1.549537706402E+02,  0.4326
       669,       290,  1.549251807890E+02,  0.4335
       670,       291,  1.548807864322E+02,  0.4343
       671,       292,  1.548460428579E+02,  0.4352
       672,       293,  1.548195691902E+02,  0.4360
       675,       294,  1.548188676198E+02,  0.4356
       676,       295,  1.548100359718E+02,  0.4364
       677,       296,  1.546316285256E+02,  0.4372
       681,       297,  1.545809938880E+02,  0.4361
       682,       298,  1.545398784160E+02,  0.4370
       688,       299,  1.545212714911E+02,  0.4346
       695,       300,  1.545099971325E+02,  0.4317
       697,       301,  1.545067499721E+02,  0.4319
       698,       302,  1.543807268712E+02,  0.4327
       699,       303,  1.542999492361E+02,  0.4335
       700,       304,  1.542041825987E+02,  0.4343
       701,       305,  1.541454881220E+02,  0.4351
       702,       306,  1.541116203681E+02,  0.4359
       703,       307,  1.541066592071E+02,  0.4367
       709,       308,  1.540666397335E+02,  0.4344
       711,       309,  1.540571466698E+02,  0.4346
       717,       310,  1.540288738827E+02,  0.4324
       719,       311,  1.540227881475E+02,  0.4325
       720,       312,  1.540137951660E+02,  0.4333
       722,       313,  1.539241775336E+02,  0.4335
       724,       314,  1.538638517024E+02,  0.4337
       725,       315,  1.538108918654E+02,  0.4345
       728,       316,  1.537597193921E+02,  0.4341
       729,       317,  1.536012342840E+02,  0.4348
       731,       318,  1.535878122595E+02,  0.4350
       736,       319,  1.535309267318E+02,  0.4334
       737,       320,  1.534849898329E+02,  0.4342
       738,       321,  1.534332636798E+02,  0.4350
       741,       322,  1.531851478553E+02,  0.4345
       743,       323,  1.530698117108E+02,  0.4347
       747,       324,  1.530050372983E+02,  0.4337
       750,       325,  1.529095397761E+02,  0.4333
       752,       326,  1.528722375626E+02,  0.4335
       754,       327,  1.527525026998E+02,  0.4337
       755,       328,  1.526995641502E+02,  0.4344
       756,       329,  1.526985718752E+02,  0.4352
       758,       330,  1.526539672525E+02,  0.4354
       760,       331,  1.525621646294E+02,  0.4355
       761,       332,  1.525596356980E+02,  0.4363
       764,       333,  1.524799906268E+02,  0.4359
       765,       334,  1.524257229447E+02,  0.4366
       766,       335,  1.522534099969E+02,  0.4373
       768,       336,  1.522153099052E+02,  0.4375
       771,       337,  1.520511217452E+02,  0.4371
       772,       338,  1.520231600958E+02,  0.4378
       773,       339,  1.519522521016E+02,  0.4386
       779,       340,  1.518722739466E+02,  0.4365
       783,       341,  1.518687802205E+02,  0.4355
       784,       342,  1.518415159649E+02,  0.4362
       786,       343,  1.518392112009E+02,  0.4364
       787,       344,  1.517668334635E+02,  0.4371
       791,       345,  1.517666388893E+02,  0.4362
       795,       346,  1.517599017937E+02,  0.4352
       796,       347,  1.517246627989E+02,  0.4359
       797,       348,  1.517122426319E+02,  0.4366
       798,       349,  1.516384458686E+02,  0.4373
       800,       350,  1.516071714088E+02,  0.4375
       801,       351,  1.515719865062E+02,  0.4382
       803,       352,  1.515216371468E+02,  0.4384
       804,       353,  1.514384727452E+02,  0.4391
       806,       354,  1.513459905476E+02,  0.4392
       808,       355,  1.512862542007E+02,  0.4394
       809,       356,  1.510611606329E+02,  0.4400
       810,       357,  1.510281593359E+02,  0.4407
       811,       358,  1.509365252526E+02,  0.4414
       816,       359,  1.509009081233E+02,  0.4400
       817,       360,  1.508928546847E+02,  0.4406
       825,       361,  1.508546529189E+02,  0.4376
       826,       362,  1.507996567985E+02,  0.4383
       827,       363,  1.507361686054E+02,  0.4389
       834,       364,  1.507216323942E+02,  0.4365
       837,       365,  1.507101435811E+02,  0.4361
       838,       366,  1.506860390306E+02,  0.4368
       841,       367,  1.506814906640E+02,  0.4364
       843,       368,  1.505961331328E+02,  0.4365
       844,       369,  1.505913640703E+02,  0.4372
       845,       370,  1.503870975894E+02,  0.4379
       847,       371,  1.502621037279E+02,  0.4380
       855,       372,  1.502576449636E+02,  0.4351
       857,       373,  1.501452172126E+02,  0.4352
       860,       374,  1.501213977547E+02,  0.4349
       861,       375,  1.501128596141E+02,  0.4355
       862,       376,  1.500678113887E+02,  0.4362
       864,       377,  1.500041948494E+02,  0.4363
       865,       378,  1.499946239195E+02,  0.4370
       867,       379,  1.498861746085E+02,  0.4371
       872,       380,  1.498688133910E+02,  0.4358
       873,       381,  1.498110252470E+02,  0.4364
       877,       382,  1.497954677966E+02,  0.4356
       878,       383,  1.497153500457E+02,  0.4362
       879,       384,  1.496427306856E+02,  0.4369
       882,       385,  1.494679913716E+02,  0.4365
       884,       386,  1.494428024152E+02,  0.4367
       885,       387,  1.494256702572E+02,  0.4373
       887,       388,  1.493987718934E+02,  0.4374
       889,       389,  1.493551593207E+02,  0.4376
       892,       390,  1.493412417670E+02,  0.4372
       897,       391,  1.493400667152E+02,  0.4359
       898,       392,  1.493274397637E+02,  0.4365
       900,       393,  1.492922728188E+02,  0.4367
       907,       394,  1.492755173324E+02,  0.4344
       912,       395,  1.492424545306E+02,  0.4331
       916,       396,  1.492131658097E+02,  0.4323
       917,       397,  1.491517963091E+02,  0.4329
       921,       398,  1.491047257637E+02,  0.4321
       924,       399,  1.489902879564E+02,  0.4318
       925,       400,  1.489698899349E+02,  0.4324
       926,       401,  1.489485345625E+02,  0.4330
       928,       402,  1.488982277677E+02,  0.4332
       929,       403,  1.488353510006E+02,  0.4338
       930,       404,  1.488282114874E+02,  0.4344
       931,       405,  1.487311967334E+02,  0.4350
       937,       406,  1.486801554314E+02,  0.4333
       941,       407,  1.486731173595E+02,  0.4325
       944,       408,  1.486586777944E+02,  0.4322
       945,       409,  1.485469141652E+02,  0.4328
       951,       410,  1.485168272460E+02,  0.4311
       953,       411,  1.484646075270E+02,  0.4313
       954,       412,  1.484639223175E+02,  0.4319
       960,       413,  1.484638003870E+02,  0.4302
       961,       414,  1.484509513146E+02,  0.4308
       962,       415,  1.484363073290E+02,  0.4314
       965,       416,  1.484338897227E+02,  0.4311
       968,       417,  1.482892410420E+02,  0.4308
       970,       418,  1.482848870642E+02,  0.4309
       971,       419,  1.482809733905E+02,  0.4315
       973,       420,  1.482731924033E+02,  0.4317
       974,       421,  1.482731239561E+02,  0.4322
       975,       422,  1.481594958479E+02,  0.4328
       979,       423,  1.480976705551E+02,  0.4321
       980,       424,  1.480759103787E+02,  0.4327
       981,       425,  1.480674991916E+02,  0.4332
       983,       426,  1.480368175421E+02,  0.4334
       988,       427,  1.480127244196E+02,  0.4322
       990,       428,  1.480076642460E+02,  0.4323
       991,       429,  1.479875992458E+02,  0.4329
       998,       430,  1.479633145568E+02,  0.4309
       999,       431,  1.479619725094E+02,  0.4314
      1000,       432,  1.478626932721E+02,  0.4320
      1002,       433,  1.478587471971E+02,  0.4321
      1003,       434,  1.478405911829E+02,  0.4327
      1008,       435,  1.478290562998E+02,  0.4315
      1009,       436,  1.478044009317E+02,  0.4321
      1010,       437,  1.477957586338E+02,  0.4327
      1011,       438,  1.477533316445E+02,  0.4332
      1013,       439,  1.477073322133E+02,  0.4334
      1014,       440,  1.476820526612E+02,  0.4339
      1016,       441,  1.476417507623E+02,  0.4341
      1019,       442,  1.476223478176E+02,  0.4338
      1031,       443,  1.476202749075E+02,  0.4297
      1032,       444,  1.476012128974E+02,  0.4302
      1034,       445,  1.475434613050E+02,  0.4304
      1035,       446,  1.475378983114E+02,  0.4309
      1037,       447,  1.474979808432E+02,  0.4311
      1038,       448,  1.474659337287E+02,  0.4316
      1039,       449,  1.474257224146E+02,  0.4321
      1043,       450,  1.474037984534E+02,  0.4314
      1048,       451,  1.473518472055E+02,  0.4303
      1049,       452,  1.473517705116E+02,  0.4309
      1051,       453,  1.473394005508E+02,  0.4310
      1053,       454,  1.473242170321E+02,  0.4311
      1055,       455,  1.472091692378E+02,  0.4313
      1058,       456,  1.471217742438E+02,  0.4310
      1060,       457,  1.470698023231E+02,  0.4311
      1061,       458,  1.470372094335E+02,  0.4317
      1062,       459,  1.470050952232E+02,  0.4322
      1066,       460,  1.469790980257E+02,  0.4315
      1067,       461,  1.469749627489E+02,  0.4321
      1070,       462,  1.468697888276E+02,  0.4318
      1071,       463,  1.468420097987E+02,  0.4323
      1072,       464,  1.467915135954E+02,  0.4328
      1076,       465,  1.467625451945E+02,  0.4322
      1081,       466,  1.467595765145E+02,  0.4311
      1082,       467,  1.467515536105E+02,  0.4316
      1089,       468,  1.466997671953E+02,  0.4298
      1090,       469,  1.466046196976E+02,  0.4303
      1097,       470,  1.466018332398E+02,  0.4284
      1098,       471,  1.465477026486E+02,  0.4290
      1102,       472,  1.465350305982E+02,  0.4283
      1105,       473,  1.464411740912E+02,  0.4281
      1106,       474,  1.464205673347E+02,  0.4286
      1111,       475,  1.464182982928E+02,  0.4275
      1112,       476,  1.463756508168E+02,  0.4281
      1115,       477,  1.463634539973E+02,  0.4278
      1117,       478,  1.463579691519E+02,  0.4279
      1119,       479,  1.463431492965E+02,  0.4281
      1120,       480,  1.463181577923E+02,  0.4286
      1122,       481,  1.463132917540E+02,  0.4287
      1127,       482,  1.462543611268E+02,  0.4277
      1128,       483,  1.462325233384E+02,  0.4282
      1130,       484,  1.462026293232E+02,  0.4283
      1131,       485,  1.461753445361E+02,  0.4288
      1132,       486,  1.461659096374E+02,  0.4293
      1134,       487,  1.460818623297E+02,  0.4295
      1143,       488,  1.460634062075E+02,  0.4269
      1145,       489,  1.459592923874E+02,  0.4271
      1146,       490,  1.458044858748E+02,  0.4276
      1148,       491,  1.458026841713E+02,  0.4277
      1151,       492,  1.457832329642E+02,  0.4275
      1154,       493,  1.457642826627E+02,  0.4272
      1155,       494,  1.457304212562E+02,  0.4277
      1157,       495,  1.456868366459E+02,  0.4278
      1159,       496,  1.456788380262E+02,  0.4280
      1160,       497,  1.456761481625E+02,  0.4284
      1162,       498,  1.456727646436E+02,  0.4286
      1166,       499,  1.456721599120E+02,  0.4280
      1167,       500,  1.456699734946E+02,  0.4284
      1168,       501,  1.456635941948E+02,  0.4289
      1169,       502,  1.456507147432E+02,  0.4294
      1171,       503,  1.456463718734E+02,  0.4295
      1178,       504,  1.455139974135E+02,  0.4278
      1183,       505,  1.455074661442E+02,  0.4269
      1184,       506,  1.454373846685E+02,  0.4274
      1188,       507,  1.454367367002E+02,  0.4268
      1189,       508,  1.453814935207E+02,  0.4272
      1192,       509,  1.453582856390E+02,  0.4270
      1195,       510,  1.453537384233E+02,  0.4268
      1196,       511,  1.452877329156E+02,  0.4273
      1198,       512,  1.452480708259E+02,  0.4274
      1202,       513,  1.452256513457E+02,  0.4268
      1205,       514,  1.451859328313E+02,  0.4266
      1206,       515,  1.451750885769E+02,  0.4270
      1207,       516,  1.451061254073E+02,  0.4275
      1213,       517,  1.450862438355E+02,  0.4262
      1214,       518,  1.450804800886E+02,  0.4267
      1219,       519,  1.449700873064E+02,  0.4258
      1221,       520,  1.449507772645E+02,  0.4259
      1224,       521,  1.449494982362E+02,  0.4257
      1229,       522,  1.448828058027E+02,  0.4247
      1231,       523,  1.448750792506E+02,  0.4249
      1235,       524,  1.448606535970E+02,  0.4243
      1239,       525,  1.448525624831E+02,  0.4237
      1241,       526,  1.448397195808E+02,  0.4239
      1245,       527,  1.448369007336E+02,  0.4233
      1252,       528,  1.448184364759E+02,  0.4217
      1255,       529,  1.447647256987E+02,  0.4215
      1257,       530,  1.447312303388E+02,  0.4216
      1259,       531,  1.446164490953E+02,  0.4218
      1262,       532,  1.445435581824E+02,  0.4216
      1265,       533,  1.444984867766E+02,  0.4213
      1268,       534,  1.443896123245E+02,  0.4211
      1269,       535,  1.443848976597E+02,  0.4216
      1270,       536,  1.443337061408E+02,  0.4220
      1276,       537,  1.443245830416E+02,  0.4208
      1278,       538,  1.443170448675E+02,  0.4210
      1280,       539,  1.442855558017E+02,  0.4211
      1283,       540,  1.442209748381E+02,  0.4209
      1289,       541,  1.442138621012E+02,  0.4197
      1290,       542,  1.442095685761E+02,  0.4202
      1299,       543,  1.441934612386E+02,  0.4180
      1302,       544,  1.441818681579E+02,  0.4178
      1303,       545,  1.441763821651E+02,  0.4183
      1306,       546,  1.441753323407E+02,  0.4181
      1307,       547,  1.441441763928E+02,  0.4185
      1308,       548,  1.441317587601E+02,  0.4190
      1312,       549,  1.440953889856E+02,  0.4184
      1313,       550,  1.440542925454E+02,  0.4189
      1315,       551,  1.440120224554E+02,  0.4190
      1316,       552,  1.440094884156E+02,  0.4195
      1319,       553,  1.439915895134E+02,  0.4193
      1326,       554,  1.439809565272E+02,  0.4178
      1331,       555,  1.439584704499E+02,  0.4170
      1332,       556,  1.439150927566E+02,  0.4174
      1337,       557,  1.439142061733E+02,  0.4166
      1338,       558,  1.439044159996E+02,  0.4170
      1340,       559,  1.438889569479E+02,  0.4172
      1343,       560,  1.436963721463E+02,  0.4170
      1344,       561,  1.436491539383E+02,  0.4174
      1350,       562,  1.436379929351E+02,  0.4163
      1356,       563,  1.436176253857E+02,  0.4152
      1357,       564,  1.436046416423E+02,  0.4156
      1358,       565,  1.435887023998E+02,  0.4161
      1360,       566,  1.435836813604E+02,  0.4162
      1363,       567,  1.435770743290E+02,  0.4160
      1364,       568,  1.435746300052E+02,  0.4164
      1366,       569,  1.435158700279E+02,  0.4165
      1367,       570,  1.435048702805E+02,  0.4170
      1368,       571,  1.434906166524E+02,  0.4174
      1369,       572,  1.434848471426E+02,  0.4178
      1372,       573,  1.434812128886E+02,  0.4176
      1373,       574,  1.434462592204E+02,  0.4181
      1374,       575,  1.434414177535E+02,  0.4185
      1375,       576,  1.434111755167E+02,  0.4189
      1381,       577,  1.433914008272E+02,  0.4178
      1384,       578,  1.433895471618E+02,  0.4176
      1388,       579,  1.433193128747E+02,  0.4171
      1389,       580,  1.432952236056E+02,  0.4176
      1390,       581,  1.432917086352E+02,  0.4180
      1392,       582,  1.432907818104E+02,  0.4181
      1397,       583,  1.432768896128E+02,  0.4173
      1398,       584,  1.432743608442E+02,  0.4177
      1400,       585,  1.432525126731E+02,  0.4179
      1402,       586,  1.432433239757E+02,  0.4180
      1403,       587,  1.432427555670E+02,  0.4184
      1405,       588,  1.432098024394E+02,  0.4185
      1406,       589,  1.431449413235E+02,  0.4189
      1407,       590,  1.431404281666E+02,  0.4193
      1408,       591,  1.430323097542E+02,  0.4197
      1409,       592,  1.429465564948E+02,  0.4202
      1411,       593,  1.428878101574E+02,  0.4203
      1412,       594,  1.428829151242E+02,  0.4207
      1414,       595,  1.428617943671E+02,  0.4208
      1416,       596,  1.428536025719E+02,  0.4209
      1421,       597,  1.428346962134E+02,  0.4201
      1423,       598,  1.427610320302E+02,  0.4202
      1425,       599,  1.426776606725E+02,  0.4204
      1427,       600,  1.426387799226E+02,  0.4205
      1428,       601,  1.426334551382E+02,  0.4209
      1430,       602,  1.426007639787E+02,  0.4210
      1431,       603,  1.425645616060E+02,  0.4214
      1433,       604,  1.425526431825E+02,  0.4215
      1434,       605,  1.425103234117E+02,  0.4219
      1436,       606,  1.424956104183E+02,  0.4220
      1440,       607,  1.424917027034E+02,  0.4215
      1441,       608,  1.423787581395E+02,  0.4219
      1442,       609,  1.423785319629E+02,  0.4223
      1449,       610,  1.422752410629E+02,  0.4210
      1451,       611,  1.421082569100E+02,  0.4211
      1452,       612,  1.420761688748E+02,  0.4215
      1453,       613,  1.420675269150E+02,  0.4219
      1456,       614,  1.420601631407E+02,  0.4217
      1459,       615,  1.420511143597E+02,  0.4215
      1461,       616,  1.420252148622E+02,  0.4216
      1469,       617,  1.420142687047E+02,  0.4200
      1472,       618,  1.420050274438E+02,  0.4198
      1473,       619,  1.420019593788E+02,  0.4202
      1480,       620,  1.418729428213E+02,  0.4189
      1485,       621,  1.417958938196E+02,  0.4182
      1486,       622,  1.417708027004E+02,  0.4186
      1487,       623,  1.417436768741E+02,  0.4190
      1494,       624,  1.417302895906E+02,  0.4177
      1495,       625,  1.417103010175E+02,  0.4181
      1497,       626,  1.416884038963E+02,  0.4182
      1498,       627,  1.416412534067E+02,  0.4186
      1499,       628,  1.415276662707E+02,  0.4189
      1501,       629,  1.415094691256E+02,  0.4191
      1502,       630,  1.414845799980E+02,  0.4194
      1508,       631,  1.414826735854E+02,  0.4184
      1510,       632,  1.414593307428E+02,  0.4185
      1511,       633,  1.414488873679E+02,  0.4189
      1517,       634,  1.413751603004E+02,  0.4179
      1519,       635,  1.413740874352E+02,  0.4180
      1521,       636,  1.413689745034E+02,  0.4181
      1522,       637,  1.413687321141E+02,  0.4185
      1524,       638,  1.412560447902E+02,  0.4186
      1525,       639,  1.412257116846E+02,  0.4190
      1533,       640,  1.412225947312E+02,  0.4175
      1534,       641,  1.411885294397E+02,  0.4179
      1536,       642,  1.411760875720E+02,  0.4180
      1542,       643,  1.411630756256E+02,  0.4170
      1545,       644,  1.411497076321E+02,  0.4168
      1549,       645,  1.410732790650E+02,  0.4164
      1554,       646,  1.410265898718E+02,  0.4157
      1559,       647,  1.410062150379E+02,  0.4150
      1563,       648,  1.409737102556E+02,  0.4146
      1571,       649,  1.409712364168E+02,  0.4131
      1572,       650,  1.409677807329E+02,  0.4135
      1573,       651,  1.409530043879E+02,  0.4139
      1574,       652,  1.409486123229E+02,  0.4142
      1576,       653,  1.409130126742E+02,  0.4143
      1578,       654,  1.408664071627E+02,  0.4144
      1581,       655,  1.407979791276E+02,  0.4143
      1586,       656,  1.407768726964E+02,  0.4136
      1587,       657,  1.407682300067E+02,  0.4140
      1589,       658,  1.407604871759E+02,  0.4141
      1590,       659,  1.407276164253E+02,  0.4145
      1592,       660,  1.406229458817E+02,  0.4146
      1594,       661,  1.405300649341E+02,  0.4147
      1595,       662,  1.405172633275E+02,  0.4150
      1596,       663,  1.405000805875E+02,  0.4154
      1597,       664,  1.404814562222E+02,  0.4158
      1598,       665,  1.404785939245E+02,  0.4161
      1599,       666,  1.404663199678E+02,  0.4165
      1601,       667,  1.404071242676E+02,  0.4166
      1602,       668,  1.403685706885E+02,  0.4170
      1603,       669,  1.403501553307E+02,  0.4173
      1613,       670,  1.403238482720E+02,  0.4154
      1617,       671,  1.403217640328E+02,  0.4150
      1618,       672,  1.402737583949E+02,  0.4153
      1623,       673,  1.402715298277E+02,  0.4147
      1624,       674,  1.402392512189E+02,  0.4150
      1627,       675,  1.402338688232E+02,  0.4149
      1628,       676,  1.402135140089E+02,  0.4152
      1637,       677,  1.402021150692E+02,  0.4136
      1639,       678,  1.402015879297E+02,  0.4137
      1648,       679,  1.402011129958E+02,  0.4120
      1652,       680,  1.401521572743E+02,  0.4116
      1653,       681,  1.400405349191E+02,  0.4120
      1656,       682,  1.400361157874E+02,  0.4118
      1659,       683,  1.400320762725E+02,  0.4117
      1664,       684,  1.400311232881E+02,  0.4111
      1665,       685,  1.400145838454E+02,  0.4114
      1667,       686,  1.400109534580E+02,  0.4115
      1670,       687,  1.399999163311E+02,  0.4114
      1671,       688,  1.399477638159E+02,  0.4117
      1673,       689,  1.398983269941E+02,  0.4118
      1677,       690,  1.398864362453E+02,  0.4114
      1679,       691,  1.398827267464E+02,  0.4116
      1680,       692,  1.397635552375E+02,  0.4119
      1683,       693,  1.397323272298E+02,  0.4118
      1684,       694,  1.397199813952E+02,  0.4121
      1687,       695,  1.397039971434E+02,  0.4120
      1688,       696,  1.396936698344E+02,  0.4123
      1689,       697,  1.396854299410E+02,  0.4127
      1690,       698,  1.396840407948E+02,  0.4130
      1694,       699,  1.396683318764E+02,  0.4126
      1701,       700,  1.396677084445E+02,  0.4115
      1710,       701,  1.396540114931E+02,  0.4099
      1711,       702,  1.395134987502E+02,  0.4103
      1712,       703,  1.394615377443E+02,  0.4106
      1714,       704,  1.394479721584E+02,  0.4107
      1715,       705,  1.394188871512E+02,  0.4111
      1721,       706,  1.393697077964E+02,  0.4102
      1723,       707,  1.393438030220E+02,  0.4103
      1724,       708,  1.393216676720E+02,  0.4107
      1726,       709,  1.393134177318E+02,  0.4108
      1735,       710,  1.392961621406E+02,  0.4092
      1737,       711,  1.392861262273E+02,  0.4093
      1742,       712,  1.392817241251E+02,  0.4087
      1743,       713,  1.391893218875E+02,  0.4091
      1744,       714,  1.391892863441E+02,  0.4094
      1745,       715,  1.391795215501E+02,  0.4097
      1748,       716,  1.391778975727E+02,  0.4096
      1749,       717,  1.391185830249E+02,  0.4099
      1753,       718,  1.391055124363E+02,  0.4096
      1754,       719,  1.390581223493E+02,  0.4099
      1760,       720,  1.390524242802E+02,  0.4091
      1762,       721,  1.390514920515E+02,  0.4092
      1764,       722,  1.389892543179E+02,  0.4093
      1765,       723,  1.389531288816E+02,  0.4096
      1766,       724,  1.389326758666E+02,  0.4100
      1768,       725,  1.389304751736E+02,  0.4101
      1772,       726,  1.389244957539E+02,  0.4097
      1773,       727,  1.389223018937E+02,  0.4100
      1775,       728,  1.388563552141E+02,  0.4101
      1777,       729,  1.388446453966E+02,  0.4102
      1779,       730,  1.388264113446E+02,  0.4103
      1788,       731,  1.387802075164E+02,  0.4088
      1789,       732,  1.387533664829E+02,  0.4092
      1793,       733,  1.387465040703E+02,  0.4088
      1794,       734,  1.387384946121E+02,  0.4091
      1797,       735,  1.387344186789E+02,  0.4090
      1803,       736,  1.387058911396E+02,  0.4082
      1804,       737,  1.387024215576E+02,  0.4085
      1808,       738,  1.386956676707E+02,  0.4082
      1813,       739,  1.386803117504E+02,  0.4076
      1816,       740,  1.386778177601E+02,  0.4075
      1818,       741,  1.386520164098E+02,  0.4076
      1820,       742,  1.386500926039E+02,  0.4077
      1824,       743,  1.386341724991E+02,  0.4073
      1826,       744,  1.386214562854E+02,  0.4074
      1829,       745,  1.386110051467E+02,  0.4073
      1835,       746,  1.385867416095E+02,  0.4065
      1839,       747,  1.385592342859E+02,  0.4062
      1843,       748,  1.384848895304E+02,  0.4059
      1852,       749,  1.384817468263E+02,  0.4044
      1856,       750,  1.384619185962E+02,  0.4041
      1861,       751,  1.384580415921E+02,  0.4035
      1864,       752,  1.384037803468E+02,  0.4034
      1866,       753,  1.383954191164E+02,  0.4035
      1873,       754,  1.383773088011E+02,  0.4026
      1874,       755,  1.383503825707E+02,  0.4029
      1878,       756,  1.383474850508E+02,  0.4026
      1881,       757,  1.383133556405E+02,  0.4024
      1882,       758,  1.382913661790E+02,  0.4028
      1883,       759,  1.382866670492E+02,  0.4031
      1891,       760,  1.382204617799E+02,  0.4019
      1893,       761,  1.382155815963E+02,  0.4020
      1894,       762,  1.382133932911E+02,  0.4023
      1898,       763,  1.382047602344E+02,  0.4020
      1900,       764,  1.382002854867E+02,  0.4021
      1901,       765,  1.381920060715E+02,  0.4024
      1908,       766,  1.381621859726E+02,  0.4015
      1911,       767,  1.381574847216E+02,  0.4014
      1913,       768,  1.381547191390E+02,  0.4015
      1915,       769,  1.381426695857E+02,  0.4016
      1917,       770,  1.381266727581E+02,  0.4017
      1918,       771,  1.381210553049E+02,  0.4020
      1919,       772,  1.380989988174E+02,  0.4023
      1925,       773,  1.380030402204E+02,  0.4016
      1930,       774,  1.379433000768E+02,  0.4010
      1931,       775,  1.379409168046E+02,  0.4013
      1934,       776,  1.379259453108E+02,  0.4012
      1937,       777,  1.378583439815E+02,  0.4011
      1938,       778,  1.378521005810E+02,  0.4014
      1942,       779,  1.378309705153E+02,  0.4011
      1943,       780,  1.378261920058E+02,  0.4014
      1945,       781,  1.378038142079E+02,  0.4015
      1946,       782,  1.377997499784E+02,  0.4018
      1949,       783,  1.377984680507E+02,  0.4017
      1950,       784,  1.377926404323E+02,  0.4021
      1953,       785,  1.377777965284E+02,  0.4019
      1954,       786,  1.377479757294E+02,  0.4023
      1958,       787,  1.377281466760E+02,  0.4019
      1963,       788,  1.376592664227E+02,  0.4014
      1972,       789,  1.376532324561E+02,  0.4001
      1977,       790,  1.376461667088E+02,  0.3996
      1981,       791,  1.376373584705E+02,  0.3993
      1984,       792,  1.376307135764E+02,  0.3992
      1986,       793,  1.375805805631E+02,  0.3993
      1992,       794,  1.375179070878E+02,  0.3986
      1997,       795,  1.375032571576E+02,  0.3981
      1998,       796,  1.374975111409E+02,  0.3984
      2002,       797,  1.374889977033E+02,  0.3981
      2005,       798,  1.374866523559E+02,  0.3980
      2010,       799,  1.374801134447E+02,  0.3975
      2014,       800,  1.374725815041E+02,  0.3972
      2015,       801,  1.374719856488E+02,  0.3975
      2017,       802,  1.374718322945E+02,  0.3976
      2022,       803,  1.374236413858E+02,  0.3971
      2031,       804,  1.374188124782E+02,  0.3959
      2032,       805,  1.374011803024E+02,  0.3962
      2033,       806,  1.373689022240E+02,  0.3965
      2039,       807,  1.373649744222E+02,  0.3958
      2043,       808,  1.373634690868E+02,  0.3955
      2048,       809,  1.373115087986E+02,  0.3950
      2050,       810,  1.372872511288E+02,  0.3951
      2054,       811,  1.372690333309E+02,  0.3948
      2056,       812,  1.372583632523E+02,  0.3949
      2057,       813,  1.371876283763E+02,  0.3952
      2059,       814,  1.370815200280E+02,  0.3953
      2061,       815,  1.370407952655E+02,  0.3954
      2063,       816,  1.370401563482E+02,  0.3955
      2065,       817,  1.369827468806E+02,  0.3956
      2068,       818,  1.369573603678E+02,  0.3956
      2071,       819,  1.369307290380E+02,  0.3955
      2073,       820,  1.368432627967E+02,  0.3956
      2075,       821,  1.368061878502E+02,  0.3957
      2081,       822,  1.368013029472E+02,  0.3950
      2083,       823,  1.367949536535E+02,  0.3951
      2084,       824,  1.367785697830E+02,  0.3954
      2085,       825,  1.367772973065E+02,  0.3957
      2086,       826,  1.367751295238E+02,  0.3960
      2087,       827,  1.367751146754E+02,  0.3963
      2088,       828,  1.367445415502E+02,  0.3966
      2089,       829,  1.367431205059E+02,  0.3968
      2092,       830,  1.367370639785E+02,  0.3967
      2093,       831,  1.367342841080E+02,  0.3970
      2094,       832,  1.367283623623E+02,  0.3973
      2096,       833,  1.367217359356E+02,  0.3974
      2101,       834,  1.366525192410E+02,  0.3970
      2106,       835,  1.366496717894E+02,  0.3965
      2110,       836,  1.366450915113E+02,  0.3962
      2112,       837,  1.366393633149E+02,  0.3963
      2113,       838,  1.366275458819E+02,  0.3966
      2114,       839,  1.366258714772E+02,  0.3969
      2115,       840,  1.366230932300E+02,  0.3972
      2121,       841,  1.365807690746E+02,  0.3965
      2122,       842,  1.365652477770E+02,  0.3968
      2123,       843,  1.365645236513E+02,  0.3971
      2124,       844,  1.365560044023E+02,  0.3974
      2128,       845,  1.365431720231E+02,  0.3971
      2129,       846,  1.365386320610E+02,  0.3974
      2131,       847,  1.364592001917E+02,  0.3975
      2133,       848,  1.364466754292E+02,  0.3976
      2135,       849,  1.364391717222E+02,  0.3977
      2136,       850,  1.364317816576E+02,  0.3979
      2144,       851,  1.363467257269E+02,  0.3969
      2148,       852,  1.363014605294E+02,  0.3966
      2154,       853,  1.362992174941E+02,  0.3960
      2158,       854,  1.362974821852E+02,  0.3957
      2161,       855,  1.362779316650E+02,  0.3957
      2162,       856,  1.362654251657E+02,  0.3959
      2165,       857,  1.362551831699E+02,  0.3958
      2172,       858,  1.362505032277E+02,  0.3950
      2174,       859,  1.361744810422E+02,  0.3951
      2175,       860,  1.361727483722E+02,  0.3954
      2179,       861,  1.361481551253E+02,  0.3951
      2182,       862,  1.360435028280E+02,  0.3951
      2184,       863,  1.359760101054E+02,  0.3951
      2186,       864,  1.359696472679E+02,  0.3952
      2191,       865,  1.359197437541E+02,  0.3948
      2193,       866,  1.359026074673E+02,  0.3949
      2194,       867,  1.358405317774E+02,  0.3952
      2196,       868,  1.358072698807E+02,  0.3953
      2200,       869,  1.357629747092E+02,  0.3950
      2201,       870,  1.357561147744E+02,  0.3953
      2202,       871,  1.357495529220E+02,  0.3955
      2206,       872,  1.356880045864E+02,  0.3953
      2213,       873,  1.356740709261E+02,  0.3945
      2215,       874,  1.356544504599E+02,  0.3946
      2217,       875,  1.356418598024E+02,  0.3947
      2219,       876,  1.356079556440E+02,  0.3948
      2220,       877,  1.356059153523E+02,  0.3950
      2236,       878,  1.356051608653E+02,  0.3927
      2240,       879,  1.356010091353E+02,  0.3924
      2242,       880,  1.355942355930E+02,  0.3925
      2247,       881,  1.355745471159E+02,  0.3921
      2249,       882,  1.355521863201E+02,  0.3922
      2254,       883,  1.355424501846E+02,  0.3917
      2256,       884,  1.355343369902E+02,  0.3918
      2261,       885,  1.355253766541E+02,  0.3914
      2264,       886,  1.355239280857E+02,  0.3913
      2265,       887,  1.355108579725E+02,  0.3916
      2268,       888,  1.354853668243E+02,  0.3915
      2269,       889,  1.354709071089E+02,  0.3918
      2270,       890,  1.354692825418E+02,  0.3921
      2276,       891,  1.354663853549E+02,  0.3915
      2284,       892,  1.354170974685E+02,  0.3905
      2291,       893,  1.353711057280E+02,  0.3898
      2292,       894,  1.353694773283E+02,  0.3901
      2298,       895,  1.352872205679E+02,  0.3895
      2305,       896,  1.352864627904E+02,  0.3887
      2310,       897,  1.352671197263E+02,  0.3883
      2312,       898,  1.351913130290E+02,  0.3884
      2314,       899,  1.351831781607E+02,  0.3885
      2316,       900,  1.351769070217E+02,  0.3886
      2319,       901,  1.351166387525E+02,  0.3885
      2322,       902,  1.350953026114E+02,  0.3885
      2326,       903,  1.350942833063E+02,  0.3882
      2327,       904,  1.350916198429E+02,  0.3885
      2332,       905,  1.350732298435E+02,  0.3881
      2335,       906,  1.350590019720E+02,  0.3880
      2336,       907,  1.350583989793E+02,  0.3883
      2339,       908,  1.350353933766E+02,  0.3882
      2341,       909,  1.350231500162E+02,  0.3883
      2346,       910,  1.350099932698E+02,  0.3879
      2348,       911,  1.350083192241E+02,  0.3880
      2356,       912,  1.350048001391E+02,  0.3871
      2359,       913,  1.349915171351E+02,  0.3870
      2363,       914,  1.349628678081E+02,  0.3868
      2366,       915,  1.349553576414E+02,  0.3867
      2368,       916,  1.349494616383E+02,  0.3868
      2378,       917,  1.349483435110E+02,  0.3856
      2381,       918,  1.349239907555E+02,  0.3856
      2383,       919,  1.348966419742E+02,  0.3856
      2385,       920,  1.348962098433E+02,  0.3857
      2388,       921,  1.348927397330E+02,  0.3857
      2395,       922,  1.348320342499E+02,  0.3850
      2399,       923,  1.348097026146E+02,  0.3847
      2400,       924,  1.348061693310E+02,  0.3850
      2401,       925,  1.348024636038E+02,  0.3853
      2404,       926,  1.348011383169E+02,  0.3852
      2405,       927,  1.347784993178E+02,  0.3854
      2413,       928,  1.347750449960E+02,  0.3846
      2421,       929,  1.347534021352E+02,  0.3837
      2426,       930,  1.347437254636E+02,  0.3833
      2427,       931,  1.347222694857E+02,  0.3836
      2433,       932,  1.347068484530E+02,  0.3831
      2435,       933,  1.347055555081E+02,  0.3832
      2438,       934,  1.346415385618E+02,  0.3831
      2439,       935,  1.346244071548E+02,  0.3834
      2441,       936,  1.346201989407E+02,  0.3834
      2443,       937,  1.346178459834E+02,  0.3835
      2444,       938,  1.346153935001E+02,  0.3838
      2450,       939,  1.345366199980E+02,  0.3833
      2451,       940,  1.344296807703E+02,  0.3835
      2454,       941,  1.344267608098E+02,  0.3835
      2458,       942,  1.343456956558E+02,  0.3832
      2467,       943,  1.343335529637E+02,  0.3822
      2468,       944,  1.343257098436E+02,  0.3825
      2472,       945,  1.343222844237E+02,  0.3823
      2473,       946,  1.343141453922E+02,  0.3825
      2482,       947,  1.343121746492E+02,  0.3815
      2487,       948,  1.343116464636E+02,  0.3812
      2493,       949,  1.342471295530E+02,  0.3807
      2494,       950,  1.342148492121E+02,  0.3809
      2495,       951,  1.342132490487E+02,  0.3812
      2498,       952,  1.342094502085E+02,  0.3811
      2506,       953,  1.341897310764E+02,  0.3803
      2508,       954,  1.341767229887E+02,  0.3804
      2515,       955,  1.341357557602E+02,  0.3797
      2518,       956,  1.341315425387E+02,  0.3797
      2521,       957,  1.340058449926E+02,  0.3796
      2530,       958,  1.340021455869E+02,  0.3787
      2535,       959,  1.339618713070E+02,  0.3783
      2537,       960,  1.339616827451E+02,  0.3784
      2540,       961,  1.339526538513E+02,  0.3783
      2546,       962,  1.339469318493E+02,  0.3778
      2548,       963,  1.339401638858E+02,  0.3779
      2554,       964,  1.339382099904E+02,  0.3774
      2556,       965,  1.339021904579E+02,  0.3775
      2561,       966,  1.339021101735E+02,  0.3772
      2562,       967,  1.338978442394E+02,  0.3774
      2568,       968,  1.338969296879E+02,  0.3769
      2572,       969,  1.338863862214E+02,  0.3767
      2574,       970,  1.338313607507E+02,  0.3768
      2577,       971,  1.337698838756E+02,  0.3768
      2585,       972,  1.337314703115E+02,  0.3760
      2586,       973,  1.337141007912E+02,  0.3763
      2589,       974,  1.336862515609E+02,  0.3762
      2590,       975,  1.336317206822E+02,  0.3764
      2595,       976,  1.336292788757E+02,  0.3761
      2596,       977,  1.335510888995E+02,  0.3763
      2599,       978,  1.335510429702E+02,  0.3763
      2601,       979,  1.335445338504E+02,  0.3764
      2606,       980,  1.335342044086E+02,  0.3761
      2611,       981,  1.334797226647E+02,  0.3757
      2616,       982,  1.334788741765E+02,  0.3754
      2617,       983,  1.334495228600E+02,  0.3756
      2621,       984,  1.334445016758E+02,  0.3754
      2625,       985,  1.334123181949E+02,  0.3752
      2627,       986,  1.334010706225E+02,  0.3753
      2629,       987,  1.334000978357E+02,  0.3754
      2634,       988,  1.333952175817E+02,  0.3751
      2638,       989,  1.333889318658E+02,  0.3749
      2640,       990,  1.333717669308E+02,  0.3750
      2641,       991,  1.333703571668E+02,  0.3752
      2646,       992,  1.333518018204E+02,  0.3749
      2649,       993,  1.333460373660E+02,  0.3749
      2652,       994,  1.333081175513E+02,  0.3748
      2655,       995,  1.332157697275E+02,  0.3748
      2664,       996,  1.332123578784E+02,  0.3739
      2666,       997,  1.332111795219E+02,  0.3740
      2672,       998,  1.331763992175E+02,  0.3735
      2673,       999,  1.331752725067E+02,  0.3737
      2674,      1000,  1.331709889036E+02,  0.3740
      2682,      1001,  1.331562015759E+02,  0.3732
      2693,      1002,  1.331483474930E+02,  0.3721
      2702,      1003,  1.331473017395E+02,  0.3712
      2718,      1004,  1.331472028981E+02,  0.3694
      2724,      1005,  1.331130126721E+02,  0.3689
      2728,      1006,  1.331051976780E+02,  0.3688
      2730,      1007,  1.331012396073E+02,  0.3689
      2738,      1008,  1.331002773838E+02,  0.3682
      2748,      1009,  1.330571654862E+02,  0.3672
      2757,      1010,  1.330571623459E+02,  0.3663
      2764,      1011,  1.330567886872E+02,  0.3658
      2773,      1012,  1.330182791278E+02,  0.3649
      2778,      1013,  1.330071418937E+02,  0.3647
      2780,      1014,  1.330061006534E+02,  0.3647
      2785,      1015,  1.329988186115E+02,  0.3645
      2787,      1016,  1.329583702854E+02,  0.3645
      2798,      1017,  1.328239107754E+02,  0.3635
      2801,      1018,  1.328224480964E+02,  0.3634
      2809,      1019,  1.328208161303E+02,  0.3628
      2811,      1020,  1.328163867407E+02,  0.3629
      2812,      1021,  1.328144300855E+02,  0.3631
      2817,      1022,  1.328130725743E+02,  0.3628
      2822,      1023,  1.328110510490E+02,  0.3625
      2823,      1024,  1.328094048169E+02,  0.3627
      2827,      1025,  1.328087409155E+02,  0.3626
      2833,      1026,  1.328041441672E+02,  0.3622
      2837,      1027,  1.328030618410E+02,  0.3620
      2841,      1028,  1.327952627836E+02,  0.3618
      2844,      1029,  1.327865009017E+02,  0.3618
      2845,      1030,  1.327804515913E+02,  0.3620
      2847,      1031,  1.327651785179E+02,  0.3621
      2852,      1032,  1.327215028457E+02,  0.3619
      2856,      1033,  1.327205444627E+02,  0.3617
      2858,      1034,  1.327159031685E+02,  0.3618
      2863,      1035,  1.327155420731E+02,  0.3615
      2866,      1036,  1.326516951299E+02,  0.3615
      2867,      1037,  1.326159112964E+02,  0.3617
      2877,      1038,  1.325585758999E+02,  0.3608
      2881,      1039,  1.325165776017E+02,  0.3606
      2890,      1040,  1.325160873059E+02,  0.3599
      2895,      1041,  1.325109831787E+02,  0.3596
      2896,      1042,  1.324790414200E+02,  0.3598
      2898,      1043,  1.324763021847E+02,  0.3599
      2900,      1044,  1.324737716943E+02,  0.3600
      2903,      1045,  1.324669496703E+02,  0.3600
      2904,      1046,  1.324579931437E+02,  0.3602
      2908,      1047,  1.324573476283E+02,  0.3600
      2909,      1048,  1.324359975798E+02,  0.3603
      2915,      1049,  1.324303189424E+02,  0.3599
      2920,      1050,  1.324279122162E+02,  0.3596
      2921,      1051,  1.323986052970E+02,  0.3598
      2923,      1052,  1.323935767485E+02,  0.3599
      2925,      1053,  1.323902753920E+02,  0.3600
      2931,      1054,  1.323588089157E+02,  0.3596
      2937,      1055,  1.323533572929E+02,  0.3592
      2943,      1056,  1.323470181998E+02,  0.3588
      2947,      1057,  1.322479779360E+02,  0.3587
      2950,      1058,  1.321663715498E+02,  0.3586
      2952,      1059,  1.321613129910E+02,  0.3587
      2960,      1060,  1.321562487116E+02,  0.3581
      2961,      1061,  1.321463308512E+02,  0.3583
      2964,      1062,  1.321392384415E+02,  0.3583
      2967,      1063,  1.321386014648E+02,  0.3583
      2971,      1064,  1.321166129886E+02,  0.3581
      2974,      1065,  1.321151814429E+02,  0.3581
      2975,      1066,  1.321043036690E+02,  0.3583
      2977,      1067,  1.321011063682E+02,  0.3584
      2981,      1068,  1.320915116182E+02,  0.3583
      2985,      1069,  1.320781043105E+02,  0.3581
      3004,      1070,  1.320769999822E+02,  0.3562
      3006,      1071,  1.320758195129E+02,  0.3563
      3009,      1072,  1.320472633149E+02,  0.3563
      3016,      1073,  1.320401832143E+02,  0.3558
      3020,      1074,  1.320226724311E+02,  0.3556
      3021,      1075,  1.320186582736E+02,  0.3558
      3022,      1076,  1.320156320990E+02,  0.3561
      3033,      1077,  1.320049552494E+02,  0.3551
      3037,      1078,  1.320041679759E+02,  0.3550
      3041,      1079,  1.320017030835E+02,  0.3548
      3047,      1080,  1.319958635283E+02,  0.3544
      3058,      1081,  1.319939989581E+02,  0.3535
      3059,      1082,  1.319686969159E+02,  0.3537
      3064,      1083,  1.319667364297E+02,  0.3535
      3066,      1084,  1.319654322124E+02,  0.3536
      3067,      1085,  1.319652360135E+02,  0.3538
      3069,      1086,  1.319590886357E+02,  0.3539
      3075,      1087,  1.319572774241E+02,  0.3535
      3079,      1088,  1.319566723600E+02,  0.3534
      3085,      1089,  1.319561417602E+02,  0.3530
      3088,      1090,  1.319419040248E+02,  0.3530
      3089,      1091,  1.318783000779E+02,  0.3532
      3091,      1092,  1.318504020369E+02,  0.3533
      3097,      1093,  1.318472119383E+02,  0.3529
      3099,      1094,  1.318412387524E+02,  0.3530
      3100,      1095,  1.318120353955E+02,  0.3532
      3101,      1096,  1.317935707274E+02,  0.3534
      3102,      1097,  1.317841230340E+02,  0.3536
      3108,      1098,  1.317646232049E+02,  0.3533
      3109,      1099,  1.317645217768E+02,  0.3535
      3118,      1100,  1.317576229823E+02,  0.3528
      3121,      1101,  1.317570687455E+02,  0.3528
      3125,      1102,  1.317438396456E+02,  0.3526
      3128,      1103,  1.317434992611E+02,  0.3526
      3131,      1104,  1.317393206317E+02,  0.3526
      3136,      1105,  1.317345816603E+02,  0.3524
      3138,      1106,  1.317285005003E+02,  0.3525
      3139,      1107,  1.317267605050E+02,  0.3527
      3148,      1108,  1.317145529363E+02,  0.3520
      3151,      1109,  1.317144850052E+02,  0.3520
      3157,      1110,  1.317066453625E+02,  0.3516
      3160,      1111,  1.316757835283E+02,  0.3516
      3163,      1112,  1.316749514920E+02,  0.3516
      3164,      1113,  1.316613611940E+02,  0.3518
      3168,      1114,  1.316318041436E+02,  0.3516
      3169,      1115,  1.315498791036E+02,  0.3518
      3172,      1116,  1.315488889058E+02,  0.3518
      3181,      1117,  1.314745125564E+02,  0.3511
      3188,      1118,  1.314690082735E+02,  0.3507
      3196,      1119,  1.314663630178E+02,  0.3501
      3197,      1120,  1.314607364269E+02,  0.3503
      3201,      1121,  1.314596444353E+02,  0.3502
      3203,      1122,  1.314589173428E+02,  0.3503
      3204,      1123,  1.314452796139E+02,  0.3505
      3232,      1124,  1.314251224354E+02,  0.3478
      3233,      1125,  1.314228034528E+02,  0.3480
      3235,      1126,  1.314121788328E+02,  0.3481
      3236,      1127,  1.314118218481E+02,  0.3483
      3242,      1128,  1.313891047928E+02,  0.3479
      3243,      1129,  1.313480815863E+02,  0.3481
      3246,      1130,  1.312467005323E+02,  0.3481
      3250,      1131,  1.312191447119E+02,  0.3480
      3251,      1132,  1.312185805334E+02,  0.3482
      3258,      1133,  1.311959158244E+02,  0.3478
      3262,      1134,  1.311676610896E+02,  0.3476
      3263,      1135,  1.311408167427E+02,  0.3478
      3268,      1136,  1.311223054730E+02,  0.3476
      3269,      1137,  1.311220813227E+02,  0.3478
      3271,      1138,  1.311096330820E+02,  0.3479
      3274,      1139,  1.311042387857E+02,  0.3479
      3277,      1140,  1.310998385461E+02,  0.3479
      3278,      1141,  1.310880188198E+02,  0.3481
      3279,      1142,  1.310876667496E+02,  0.3483
      3281,      1143,  1.310845535743E+02,  0.3484
      3284,      1144,  1.309988562738E+02,  0.3484
      3285,      1145,  1.309985408250E+02,  0.3486
      3299,      1146,  1.309969478170E+02,  0.3474
      3301,      1147,  1.309929035333E+02,  0.3475
      3306,      1148,  1.309925703679E+02,  0.3472
      3309,      1149,  1.309166768666E+02,  0.3472
      3311,      1150,  1.309145183313E+02,  0.3473
      3313,      1151,  1.308772557130E+02,  0.3474
      3315,      1152,  1.308143321302E+02,  0.3475
      3322,      1153,  1.308098741186E+02,  0.3471
      3324,      1154,  1.308010450146E+02,  0.3472
      3332,      1155,  1.308007091321E+02,  0.3466
      3333,      1156,  1.307893197935E+02,  0.3468
      3335,      1157,  1.307302509503E+02,  0.3469
      3341,      1158,  1.307293073996E+02,  0.3466
      3349,      1159,  1.307224101912E+02,  0.3461
      3351,      1160,  1.307198796568E+02,  0.3462
      3353,      1161,  1.306978037578E+02,  0.3463
      3354,      1162,  1.306801566148E+02,  0.3465
      3373,      1163,  1.306791644110E+02,  0.3448
      3379,      1164,  1.306788297486E+02,  0.3445
      3385,      1165,  1.306743446341E+02,  0.3442
      3387,      1166,  1.306499722462E+02,  0.3443
      3390,      1167,  1.305766488652E+02,  0.3442
      3395,      1168,  1.305408831604E+02,  0.3440
      3402,      1169,  1.305137793700E+02,  0.3436
      3416,      1170,  1.305011075130E+02,  0.3425
      3426,      1171,  1.304985599196E+02,  0.3418
      3429,      1172,  1.304975465088E+02,  0.3418
      3443,      1173,  1.304832657834E+02,  0.3407
      3449,      1174,  1.304814760409E+02,  0.3404
      3454,      1175,  1.304800260762E+02,  0.3402
      3468,      1176,  1.304552623509E+02,  0.3391
      3474,      1177,  1.304441401660E+02,  0.3388
      3479,      1178,  1.304423439480E+02,  0.3386
      3486,      1179,  1.304398033529E+02,  0.3382
      3492,      1180,  1.304373491280E+02,  0.3379
      3493,      1181,  1.304025310495E+02,  0.3381
      3507,      1182,  1.303949972482E+02,  0.3370
      3511,      1183,  1.303922398524E+02,  0.3369
      3514,      1184,  1.303834679050E+02,  0.3369
      3527,      1185,  1.303790087856E+02,  0.3360
      3528,      1186,  1.303460176273E+02,  0.3362
      3534,      1187,  1.303450087999E+02,  0.3359
      3544,      1188,  1.303441920606E+02,  0.3352
      3550,      1189,  1.303378255229E+02,  0.3349
      3553,      1190,  1.303320795627E+02,  0.3349
      3558,      1191,  1.303317547425E+02,  0.3347
      3564,      1192,  1.303303397375E+02,  0.3345
      3577,      1193,  1.303296893529E+02,  0.3335
      3578,      1194,  1.302815452120E+02,  0.3337
      3589,      1195,  1.302734821258E+02,  0.3330
      3599,      1196,  1.302674913935E+02,  0.3323
      3605,      1197,  1.302617954654E+02,  0.3320
      3606,      1198,  1.302608710464E+02,  0.3322
      3615,      1199,  1.302427373280E+02,  0.3317
      3627,      1200,  1.302401645469E+02,  0.3309
      3633,      1201,  1.302012825935E+02,  0.3306
      3643,      1202,  1.302003596712E+02,  0.3299
      3644,      1203,  1.301967453970E+02,  0.3301
      3653,      1204,  1.301967419073E+02,  0.3296
      3657,      1205,  1.301921732559E+02,  0.3295
      3663,      1206,  1.301906657064E+02,  0.3292
      3665,      1207,  1.301903674607E+02,  0.3293
      3672,      1208,  1.301563359211E+02,  0.3290
      3676,      1209,  1.301549675519E+02,  0.3289
      3684,      1210,  1.301497466520E+02,  0.3284
      3693,      1211,  1.300912585944E+02,  0.3279
      3717,      1212,  1.300903536033E+02,  0.3261
      3718,      1213,  1.300899540713E+02,  0.3263
      3720,      1214,  1.300815281403E+02,  0.3263
      3721,      1215,  1.300791220863E+02,  0.3265
      3726,      1216,  1.300774914360E+02,  0.3264
      3732,      1217,  1.300764319368E+02,  0.3261
      3733,      1218,  1.300751930415E+02,  0.3263
      3734,      1219,  1.300738273123E+02,  0.3265
      3745,      1220,  1.300730593988E+02,  0.3258
      3747,      1221,  1.300646914644E+02,  0.3259
      3752,      1222,  1.300634348266E+02,  0.3257
      3757,      1223,  1.300603136073E+02,  0.3255
      3758,      1224,  1.300600037155E+02,  0.3257
      3759,      1225,  1.300550400855E+02,  0.3259
      3760,      1226,  1.300538425901E+02,  0.3261
      3762,      1227,  1.300510588382E+02,  0.3262
      3770,      1228,  1.300485306756E+02,  0.3257
      3782,      1229,  1.300484943325E+02,  0.3250
      3784,      1230,  1.300126048815E+02,  0.3251
      3785,      1231,  1.299685125789E+02,  0.3252
      3794,      1232,  1.299682927678E+02,  0.3247
      3795,      1233,  1.299651349126E+02,  0.3249
      3796,      1234,  1.299626950073E+02,  0.3251
      3807,      1235,  1.299615856989E+02,  0.3244
      3822,      1236,  1.299589149643E+02,  0.3234
      3824,      1237,  1.299567388501E+02,  0.3235
      3825,      1238,  1.299559761977E+02,  0.3237
      3826,      1239,  1.299453158192E+02,  0.3238
      3832,      1240,  1.299449016613E+02,  0.3236
      3837,      1241,  1.299422220518E+02,  0.3234
      3841,      1242,  1.299405165261E+02,  0.3234
      3843,      1243,  1.299175580202E+02,  0.3234
      3844,      1244,  1.298419370119E+02,  0.3236
      3848,      1245,  1.298399221746E+02,  0.3235
      3858,      1246,  1.298345371629E+02,  0.3230
      3860,      1247,  1.298208658140E+02,  0.3231
      3882,      1248,  1.298169852111E+02,  0.3215
      3892,      1249,  1.298141164116E+02,  0.3209
      3897,      1250,  1.298138322418E+02,  0.3208
      3900,      1251,  1.298135338742E+02,  0.3208
      3905,      1252,  1.298082044780E+02,  0.3206
      3912,      1253,  1.297985064522E+02,  0.3203
      3915,      1254,  1.297672676748E+02,  0.3203
      3919,      1255,  1.297663847297E+02,  0.3202
      3920,      1256,  1.297625254328E+02,  0.3204
      3926,      1257,  1.297607155539E+02,  0.3202
      3928,      1258,  1.297438675133E+02,  0.3203
      3929,      1259,  1.297250683339E+02,  0.3204
      3933,      1260,  1.297247466528E+02,  0.3204
      3935,      1261,  1.297200464938E+02,  0.3205
      3937,      1262,  1.297188727733E+02,  0.3205
      3941,      1263,  1.296985469265E+02,  0.3205
      3945,      1264,  1.296981584832E+02,  0.3204
      3958,      1265,  1.296978498257E+02,  0.3196
      3959,      1266,  1.296946061614E+02,  0.3198
      3963,      1267,  1.296505835067E+02,  0.3197
      3970,      1268,  1.296491165218E+02,  0.3194
      3982,      1269,  1.296489486624E+02,  0.3187
      3983,      1270,  1.296297863052E+02,  0.3189
      3985,      1271,  1.296176095727E+02,  0.3189
      3987,      1272,  1.296003729474E+02,  0.3190
      3992,      1273,  1.295714431472E+02,  0.3189
      3997,      1274,  1.295711421151E+02,  0.3187
      3998,      1275,  1.295694343579E+02,  0.3189
      4007,      1276,  1.295575888910E+02,  0.3184
      4013,      1277,  1.295563127258E+02,  0.3182
      4020,      1278,  1.294876906497E+02,  0.3179
      4024,      1279,  1.294338376729E+02,  0.3178
      4029,      1280,  1.294284759016E+02,  0.3177
      4030,      1281,  1.294073829785E+02,  0.3179
      4032,      1282,  1.293874441210E+02,  0.3180
      4039,      1283,  1.293566187010E+02,  0.3177
      4055,      1284,  1.292193412169E+02,  0.3166
      4064,      1285,  1.292188444904E+02,  0.3162
      4079,      1286,  1.292174546246E+02,  0.3153
      4092,      1287,  1.291743621960E+02,  0.3145
      4093,      1288,  1.291738548323E+02,  0.3147
      4099,      1289,  1.291732325933E+02,  0.3145
      4103,      1290,  1.291687751974E+02,  0.3144
      4111,      1291,  1.291684426053E+02,  0.3140
      4118,      1292,  1.291662930157E+02,  0.3137
      4119,      1293,  1.291656488708E+02,  0.3139
      4134,      1294,  1.291405718843E+02,  0.3130
      4137,      1295,  1.291394115286E+02,  0.3130
      4141,      1296,  1.290786641868E+02,  0.3130
      4143,      1297,  1.290776572178E+02,  0.3131
      4151,      1298,  1.290764565300E+02,  0.3127
      4155,      1299,  1.290759198586E+02,  0.3126
      4162,      1300,  1.290319771695E+02,  0.3123
      4164,      1301,  1.290302502746E+02,  0.3124
      4168,      1302,  1.290092738314E+02,  0.3124
      4176,      1303,  1.290045570015E+02,  0.3120
      4177,      1304,  1.289932321237E+02,  0.3122
      4184,      1305,  1.289807184040E+02,  0.3119
      4185,      1306,  1.289755122661E+02,  0.3121
      4196,      1307,  1.289724715363E+02,  0.3115
      4204,      1308,  1.289654496534E+02,  0.3111
      4205,      1309,  1.289647596604E+02,  0.3113
      4209,      1310,  1.289646262119E+02,  0.3112
      4217,      1311,  1.289637638094E+02,  0.3109
      4236,      1312,  1.289609836160E+02,  0.3097
      4241,      1313,  1.289585885555E+02,  0.3096
      4246,      1314,  1.289577119505E+02,  0.3095
      4248,      1315,  1.289248604310E+02,  0.3096
      4253,      1316,  1.289245520096E+02,  0.3094
      4268,      1317,  1.288866333223E+02,  0.3086
      4274,      1318,  1.288864441183E+02,  0.3084
      4277,      1319,  1.288497925113E+02,  0.3084
      4278,      1320,  1.288487860845E+02,  0.3086
      4286,      1321,  1.288437099383E+02,  0.3082
      4290,      1322,  1.288416300791E+02,  0.3082
      4291,      1323,  1.288407703342E+02,  0.3083
      4292,      1324,  1.288388717406E+02,  0.3085
      4306,      1325,  1.288345203510E+02,  0.3077
      4308,      1326,  1.288214788045E+02,  0.3078
      4312,      1327,  1.288214434624E+02,  0.3077
      4325,      1328,  1.288201454144E+02,  0.3071
      4335,      1329,  1.288010751719E+02,  0.3066
      4343,      1330,  1.287999664841E+02,  0.3062
      4347,      1331,  1.287998955179E+02,  0.3062
      4349,      1332,  1.287962182231E+02,  0.3063
      4352,      1333,  1.287940116600E+02,  0.3063
      4394,      1334,  1.287938408002E+02,  0.3036
      4396,      1335,  1.287016682733E+02,  0.3037
      4400,      1336,  1.286957785797E+02,  0.3036
      4402,      1337,  1.286957485072E+02,  0.3037
      4405,      1338,  1.286825308302E+02,  0.3037
      4406,      1339,  1.286793909151E+02,  0.3039
      4414,      1340,  1.286310415508E+02,  0.3036
      4416,      1341,  1.286302256629E+02,  0.3037
      4417,      1342,  1.286291367848E+02,  0.3038
      4420,      1343,  1.286239290635E+02,  0.3038
      4421,      1344,  1.286233524687E+02,  0.3040
      4433,      1345,  1.286203920149E+02,  0.3034
      4436,      1346,  1.286184164164E+02,  0.3034
      4445,      1347,  1.286183613087E+02,  0.3030
      4447,      1348,  1.286160707793E+02,  0.3031
      4450,      1349,  1.285970327136E+02,  0.3031
      4452,      1350,  1.285704171623E+02,  0.3032
      4453,      1351,  1.284793359674E+02,  0.3034
      4460,      1352,  1.284775362242E+02,  0.3031
      4477,      1353,  1.283935776842E+02,  0.3022
      4478,      1354,  1.283931720383E+02,  0.3024
      4480,      1355,  1.283892623108E+02,  0.3025
      4481,      1356,  1.283884571833E+02,  0.3026
      4483,      1357,  1.283884469898E+02,  0.3027
      4492,      1358,  1.283880496968E+02,  0.3023
      4494,      1359,  1.283853386654E+02,  0.3024
      4504,      1360,  1.283825213089E+02,  0.3020
      4514,      1361,  1.283804819805E+02,  0.3015
      4521,      1362,  1.283792212553E+02,  0.3013
      4551,      1363,  1.283780098767E+02,  0.2995
      4552,      1364,  1.283754632341E+02,  0.2996
      4555,      1365,  1.283738081200E+02,  0.2997
      4556,      1366,  1.283297346690E+02,  0.2998
      4559,      1367,  1.283293288883E+02,  0.2998
      4572,      1368,  1.283291189677E+02,  0.2992
      4578,      1369,  1.283285769390E+02,  0.2990
      4593,      1370,  1.283169155514E+02,  0.2983
      4597,      1371,  1.283137964290E+02,  0.2982
      4598,      1372,  1.283031606538E+02,  0.2984
      4629,      1373,  1.282986430391E+02,  0.2966
      4636,      1374,  1.282260347076E+02,  0.2964
      4637,      1375,  1.282240423421E+02,  0.2965
      4640,      1376,  1.282183498621E+02,  0.2966
      4641,      1377,  1.282162529458E+02,  0.2967
      4651,      1378,  1.282154128451E+02,  0.2963
      4653,      1379,  1.281415049794E+02,  0.2964
      4661,      1380,  1.281412930917E+02,  0.2961
      4669,      1381,  1.281393326430E+02,  0.2958
      4670,      1382,  1.281363663965E+02,  0.2959
      4672,      1383,  1.281252475938E+02,  0.2960
      4679,      1384,  1.281225877524E+02,  0.2958
      4691,      1385,  1.281220455595E+02,  0.2952
      4694,      1386,  1.281173512384E+02,  0.2953
      4698,      1387,  1.281127983024E+02,  0.2952
      4703,      1388,  1.281122618589E+02,  0.2951
      4711,      1389,  1.281118824777E+02,  0.2948
      4734,      1390,  1.280781738312E+02,  0.2936
      4747,      1391,  1.280771272176E+02,  0.2930
      4752,      1392,  1.280770901367E+02,  0.2929
      4760,      1393,  1.280762561100E+02,  0.2926
      4765,      1394,  1.280747315707E+02,  0.2925
      4767,      1395,  1.280560026678E+02,  0.2926
      4780,      1396,  1.280086092542E+02,  0.2921
      4784,      1397,  1.280082190911E+02,  0.2920
      4785,      1398,  1.279894966332E+02,  0.2922
      4790,      1399,  1.279741080091E+02,  0.2921
      4794,      1400,  1.279333338205E+02,  0.2920
      4802,      1401,  1.279049356545E+02,  0.2918
      4803,      1402,  1.279048822715E+02,  0.2919
      4811,      1403,  1.279042143676E+02,  0.2916
      4812,      1404,  1.278985431338E+02,  0.2918
      4819,      1405,  1.278969441051E+02,  0.2916
      4822,      1406,  1.278967108936E+02,  0.2916
      4833,      1407,  1.278863827339E+02,  0.2911
      4842,      1408,  1.278683456446E+02,  0.2908
      4843,      1409,  1.278676604922E+02,  0.2909
      4878,      1410,  1.278652856411E+02,  0.2891
      4880,      1411,  1.278585702640E+02,  0.2891
      4890,      1412,  1.278581092466E+02,  0.2888
      4899,      1413,  1.278578846309E+02,  0.2884
      4913,      1414,  1.278578061109E+02,  0.2878
      4920,      1415,  1.278535981319E+02,  0.2876
      4946,      1416,  1.278226505981E+02,  0.2863
      4948,      1417,  1.278113180167E+02,  0.2864
      4950,      1418,  1.276894668669E+02,  0.2865
      4956,      1419,  1.276658864857E+02,  0.2863
      4961,      1420,  1.276632964976E+02,  0.2862
      4962,      1421,  1.276626793593E+02,  0.2864
      4969,      1422,  1.276545018499E+02,  0.2862
      4977,      1423,  1.276534517204E+02,  0.2859
      4986,      1424,  1.276531632329E+02,  0.2856
      5019,      1425,  1.276527158759E+02,  0.2839
      5049,      1426,  1.276508975790E+02,  0.2824
      5062,      1427,  1.276508847585E+02,  0.2819
      5069,      1428,  1.276505978376E+02,  0.2817
      5073,      1429,  1.276457026331E+02,  0.2817
      5074,      1430,  1.276453792641E+02,  0.2818
      5086,      1431,  1.276274323633E+02,  0.2814
      5094,      1432,  1.276241841711E+02,  0.2811
      5098,      1433,  1.275769191485E+02,  0.2811
      5102,      1434,  1.275768835149E+02,  0.2811
      5115,      1435,  1.275666346793E+02,  0.2805
      5119,      1436,  1.275508252749E+02,  0.2805
      5123,      1437,  1.275443580694E+02,  0.2805
      5129,      1438,  1.275443296126E+02,  0.2804
      5141,      1439,  1.275434408829E+02,  0.2799
      5144,      1440,  1.275433975251E+02,  0.2799
      5154,      1441,  1.274954985722E+02,  0.2796
      5162,      1442,  1.274903336389E+02,  0.2793
      5165,      1443,  1.274302244442E+02,  0.2794
      5166,      1444,  1.274278825135E+02,  0.2795
      5170,      1445,  1.274273824068E+02,  0.2795
      5175,      1446,  1.274265812946E+02,  0.2794
      5193,      1447,  1.274233578859E+02,  0.2786
      5197,      1448,  1.274216806178E+02,  0.2786
      5225,      1449,  1.273791557478E+02,  0.2773
      5235,      1450,  1.273654028548E+02,  0.2770
      5280,      1451,  1.273651324094E+02,  0.2748
      5282,      1452,  1.273557640240E+02,  0.2749
      5295,      1453,  1.273318448444E+02,  0.2744
      5300,      1454,  1.273285005305E+02,  0.2743
      5302,      1455,  1.273261570221E+02,  0.2744
      5308,      1456,  1.273246944530E+02,  0.2743
      5309,      1457,  1.273246800275E+02,  0.2744
      5313,      1458,  1.272570726328E+02,  0.2744
      5324,      1459,  1.272566007982E+02,  0.2740
      5340,      1460,  1.272378429391E+02,  0.2734
      5345,      1461,  1.271745402126E+02,  0.2733
      5350,      1462,  1.271446245573E+02,  0.2733
      5388,      1463,  1.271291809542E+02,  0.2715
      5391,      1464,  1.270813467184E+02,  0.2716
      5392,      1465,  1.270812874944E+02,  0.2717
      5403,      1466,  1.270803391838E+02,  0.2713
      5420,      1467,  1.270741879506E+02,  0.2707
      5425,      1468,  1.270735803862E+02,  0.2706
      5426,      1469,  1.270732530390E+02,  0.2707
      5429,      1470,  1.270721690506E+02,  0.2708
      5432,      1471,  1.270718147794E+02,  0.2708
      5449,      1472,  1.270716011034E+02,  0.2701
      5451,      1473,  1.270646733712E+02,  0.2702
      5472,      1474,  1.269732895140E+02,  0.2694
      5486,      1475,  1.269732162376E+02,  0.2689
      5492,      1476,  1.269517507789E+02,  0.2688
      5494,      1477,  1.269517208782E+02,  0.2688
      5498,      1478,  1.269396230049E+02,  0.2688
      5502,      1479,  1.269207261205E+02,  0.2688
      5508,      1480,  1.268971478290E+02,  0.2687
      5514,      1481,  1.268971462906E+02,  0.2686
      5519,      1482,  1.268969446286E+02,  0.2685
      5546,      1483,  1.268903547494E+02,  0.2674
      5548,      1484,  1.268861717973E+02,  0.2675
      5557,      1485,  1.268854263842E+02,  0.2672
      5573,      1486,  1.268811305471E+02,  0.2666
      5578,      1487,  1.268799459832E+02,  0.2666
      5583,      1488,  1.268797702043E+02,  0.2665
      5596,      1489,  1.268794384287E+02,  0.2661
      5602,      1490,  1.268792882524E+02,  0.2660
      5614,      1491,  1.268790358287E+02,  0.2656
      5626,      1492,  1.268782944212E+02,  0.2652
      5647,      1493,  1.268780212185E+02,  0.2644
      5650,      1494,  1.268730278407E+02,  0.2644
      5651,      1495,  1.268728117286E+02,  0.2646
      5665,      1496,  1.268724194208E+02,  0.2641
      5670,      1497,  1.268695544702E+02,  0.2640
      5676,      1498,  1.268199237704E+02,  0.2639
      5684,      1499,  1.268163263583E+02,  0.2637
      5689,      1500,  1.268121917461E+02,  0.2637
      5694,      1501,  1.268119268524E+02,  0.2636
      5701,      1502,  1.268115605262E+02,  0.2635
      5711,      1503,  1.267950259495E+02,  0.2632
      5712,      1504,  1.267797365811E+02,  0.2633
      5716,      1505,  1.267793659243E+02,  0.2633
      5747,      1506,  1.267767607751E+02,  0.2620
      5761,      1507,  1.267687707067E+02,  0.2616
      5767,      1508,  1.267666864045E+02,  0.2615
      5792,      1509,  1.267663195158E+02,  0.2605
      5796,      1510,  1.267647994198E+02,  0.2605
      5803,      1511,  1.267413875144E+02,  0.2604
      5817,      1512,  1.267217270608E+02,  0.2599
      5819,      1513,  1.267210330718E+02,  0.2600
      5833,      1514,  1.267210202654E+02,  0.2596
      5841,      1515,  1.267109505605E+02,  0.2594
      5860,      1516,  1.267108597268E+02,  0.2587
      5886,      1517,  1.267102896812E+02,  0.2577
      5895,      1518,  1.267102520838E+02,  0.2575
      5896,      1519,  1.266627970969E+02,  0.2576
      5911,      1520,  1.266620000376E+02,  0.2571
      5931,      1521,  1.265703964020E+02,  0.2564
      5934,      1522,  1.265698859494E+02,  0.2565
      5940,      1523,  1.265698051451E+02,  0.2564
      5954,      1524,  1.265636775295E+02,  0.2560
      5957,      1525,  1.265631416456E+02,  0.2560
      5961,      1526,  1.265619229873E+02,  0.2560
      5965,      1527,  1.265589903569E+02,  0.2560
      5978,      1528,  1.265571023665E+02,  0.2556
      5991,      1529,  1.265558226340E+02,  0.2552
      5996,      1530,  1.265549966795E+02,  0.2552
      6008,      1531,  1.265471415890E+02,  0.2548
      6012,      1532,  1.265470781168E+02,  0.2548
      6026,      1533,  1.265462628372E+02,  0.2544
      6031,      1534,  1.264968049305E+02,  0.2544
      6032,      1535,  1.264951683593E+02,  0.2545
      6033,      1536,  1.264907509830E+02,  0.2546
      6038,      1537,  1.264535734027E+02,  0.2546
      6042,      1538,  1.264502404344E+02,  0.2546
      6053,      1539,  1.264501574991E+02,  0.2543
      6077,      1540,  1.264494958941E+02,  0.2534
      6083,      1541,  1.264437132831E+02,  0.2533
      6104,      1542,  1.264435643110E+02,  0.2526
      6151,      1543,  1.264428511137E+02,  0.2509
      6160,      1544,  1.264428502939E+02,  0.2506
      6173,      1545,  1.264114860141E+02,  0.2503
      6177,      1546,  1.264107934872E+02,  0.2503
      6189,      1547,  1.264098940191E+02,  0.2500
      6198,      1548,  1.264049833137E+02,  0.2498
      6203,      1549,  1.263906734466E+02,  0.2497
      6211,      1550,  1.263906551517E+02,  0.2496
      6218,      1551,  1.263896806621E+02,  0.2494
      6220,      1552,  1.263852351896E+02,  0.2495
      6224,      1553,  1.263845207342E+02,  0.2495
      6249,      1554,  1.263844382162E+02,  0.2487
      6253,      1555,  1.263835133395E+02,  0.2487
      6272,      1556,  1.263646365783E+02,  0.2481
      6285,      1557,  1.263637944999E+02,  0.2477
      6287,      1558,  1.263521420474E+02,  0.2478
      6300,      1559,  1.263506307958E+02,  0.2475
      6306,      1560,  1.263499214455E+02,  0.2474
      6314,      1561,  1.263486774617E+02,  0.2472
      6325,      1562,  1.263174940525E+02,  0.2470
      6332,      1563,  1.263021064468E+02,  0.2468
      6341,      1564,  1.262982364256E+02,  0.2466
      6354,      1565,  1.262976413740E+02,  0.2463
      6360,      1566,  1.262868828147E+02,  0.2462
      6365,      1567,  1.262866775714E+02,  0.2462
      6384,      1568,  1.262846426803E+02,  0.2456
      6409,      1569,  1.262834899308E+02,  0.2448
      6420,      1570,  1.262833563637E+02,  0.2445
      6427,      1571,  1.262824274063E+02,  0.2444
      6431,      1572,  1.262823104445E+02,  0.2444
      6444,      1573,  1.262797199908E+02,  0.2441
      6469,      1574,  1.262761672652E+02,  0.2433
      6479,      1575,  1.262760581361E+02,  0.2431
      6482,      1576,  1.262739115451E+02,  0.2431
      6486,      1577,  1.262638631046E+02,  0.2431
      6529,      1578,  1.262636633861E+02,  0.2417
      6540,      1579,  1.262630067274E+02,  0.2414
      6548,      1580,  1.262624781082E+02,  0.2413
      6550,      1581,  1.262624058314E+02,  0.2414
      6552,      1582,  1.262612244175E+02,  0.2415
      6558,      1583,  1.262598164048E+02,  0.2414
      6560,      1584,  1.262449721442E+02,  0.2415
      6575,      1585,  1.262391571944E+02,  0.2411
      6588,      1586,  1.262333488340E+02,  0.2407
      6608,      1587,  1.262265376114E+02,  0.2402
      6612,      1588,  1.262254872275E+02,  0.2402
      6618,      1589,  1.262253558560E+02,  0.2401
      6664,      1590,  1.262216715989E+02,  0.2386
      6680,      1591,  1.262134231545E+02,  0.2382
      6682,      1592,  1.262133622111E+02,  0.2383
      6685,      1593,  1.262066101701E+02,  0.2383
      6686,      1594,  1.262064140666E+02,  0.2384
      6694,      1595,  1.262062349255E+02,  0.2383
      6706,      1596,  1.262060670778E+02,  0.2380
      6729,      1597,  1.262052125132E+02,  0.2373
      6751,      1598,  1.262049934626E+02,  0.2367
      6760,      1599,  1.262035455694E+02,  0.2365
      6802,      1600,  1.262031941084E+02,  0.2352
      6808,      1601,  1.261756825338E+02,  0.2352
      6817,      1602,  1.261740918370E+02,  0.2350
      6830,      1603,  1.261604464907E+02,  0.2347
      6833,      1604,  1.261580459551E+02,  0.2347
      6841,      1605,  1.261489791659E+02,  0.2346
      6879,      1606,  1.261411534012E+02,  0.2335
      6884,      1607,  1.261406113353E+02,  0.2334
      6921,      1608,  1.261254775175E+02,  0.2323
      6937,      1609,  1.261252458698E+02,  0.2319
      6962,      1610,  1.261248344889E+02,  0.2313
      7000,      1611,  1.261245765616E+02,  0.2301
      7025,      1612,  1.261244356796E+02,  0.2295
      7066,      1613,  1.261233607121E+02,  0.2283
      7099,      1614,  1.261212165396E+02,  0.2274
      7102,      1615,  1.261185709514E+02,  0.2274
      7108,      1616,  1.261183390656E+02,  0.2273
      7110,      1617,  1.261154640853E+02,  0.2274
      7116,      1618,  1.261026921209E+02,  0.2274
      7121,      1619,  1.261025632968E+02,  0.2274
      7134,      1620,  1.261019377337E+02,  0.2271
      7149,      1621,  1.261016818905E+02,  0.2267
      7165,      1622,  1.261012451378E+02,  0.2264
      7175,      1623,  1.261006885730E+02,  0.2262
      7178,      1624,  1.261003210387E+02,  0.2262
      7188,      1625,  1.260927492532E+02,  0.2261
      7236,      1626,  1.260902983567E+02,  0.2247
      7239,      1627,  1.260879004706E+02,  0.2248
      7258,      1628,  1.260828319852E+02,  0.2243
      7287,      1629,  1.260823083317E+02,  0.2235
      7300,      1630,  1.260818611391E+02,  0.2233
      7307,      1631,  1.260800327355E+02,  0.2232
      7340,      1632,  1.260798849896E+02,  0.2223
      7356,      1633,  1.260797763242E+02,  0.2220
      7372,      1634,  1.260708069312E+02,  0.2216
      7395,      1635,  1.260705935771E+02,  0.2211
      7422,      1636,  1.260705913416E+02,  0.2204
      7452,      1637,  1.260705422082E+02,  0.2197
      7458,      1638,  1.260696082579E+02,  0.2196
      7462,      1639,  1.260696043733E+02,  0.2196
      7471,      1640,  1.260690200643E+02,  0.2195
      7475,      1641,  1.260666465075E+02,  0.2195
      7481,      1642,  1.260643909920E+02,  0.2195
      7509,      1643,  1.260639762393E+02,  0.2188
      7571,      1644,  1.260554858292E+02,  0.2171
      7587,      1645,  1.260541552782E+02,  0.2168
      7590,      1646,  1.260540247888E+02,  0.2169
      7591,      1647,  1.260538312856E+02,  0.2170
      7601,      1648,  1.260515604841E+02,  0.2168
      7692,      1649,  1.260513748208E+02,  0.2144
      7720,      1650,  1.260346435590E+02,  0.2137
      7729,      1651,  1.260273376729E+02,  0.2136
      7770,      1652,  1.260194117366E+02,  0.2126
      7815,      1653,  1.260015472064E+02,  0.2115
      7855,      1654,  1.260014475144E+02,  0.2106
      7942,      1655,  1.260012882152E+02,  0.2084
      7944,      1656,  1.260010167109E+02,  0.2085
      7956,      1657,  1.260009701073E+02,  0.2083
      7957,      1658,  1.260009481997E+02,  0.2084
      7963,      1659,  1.259985904721E+02,  0.2083
      7994,      1660,  1.259849626500E+02,  0.2077
      8004,      1661,  1.259745360795E+02,  0.2075
      8012,      1662,  1.259744577116E+02,  0.2074
      8019,      1663,  1.259742206265E+02,  0.2074
      8044,      1664,  1.259722526394E+02,  0.2069
      8057,      1665,  1.259721691259E+02,  0.2067
      8079,      1666,  1.259608926980E+02,  0.2062
      8082,      1667,  1.259607399940E+02,  0.2063
      8087,      1668,  1.259603817748E+02,  0.2063
      8089,      1669,  1.259442485465E+02,  0.2063
      8103,      1670,  1.259439587132E+02,  0.2061
      8108,      1671,  1.259415964966E+02,  0.2061
      8207,      1672,  1.259413532077E+02,  0.2037
      8213,      1673,  1.259413071315E+02,  0.2037
      8225,      1674,  1.259396552915E+02,  0.2035
      8227,      1675,  1.259343304553E+02,  0.2036
      8235,      1676,  1.259339348262E+02,  0.2035
      8239,      1677,  1.259337048311E+02,  0.2035
      8245,      1678,  1.259176409150E+02,  0.2035
      8251,      1679,  1.259172785218E+02,  0.2035
      8269,      1680,  1.259053581646E+02,  0.2032
      8318,      1681,  1.259051363381E+02,  0.2021
      8321,      1682,  1.259051323909E+02,  0.2021
      8328,      1683,  1.259049887969E+02,  0.2021
      8357,      1684,  1.259043252127E+02,  0.2015
      8360,      1685,  1.259040388182E+02,  0.2016
      8388,      1686,  1.259035872378E+02,  0.2010
      8426,      1687,  1.258872474546E+02,  0.2002
      8478,      1688,  1.258872230142E+02,  0.1991
      8479,      1689,  1.258848934870E+02,  0.1992
      8493,      1690,  1.258846025225E+02,  0.1990
      8495,      1691,  1.258844164850E+02,  0.1991
      8502,      1692,  1.258843263610E+02,  0.1990
      8524,      1693,  1.258842471968E+02,  0.1986
      8541,      1694,  1.258836937473E+02,  0.1983
      8547,      1695,  1.258573168824E+02,  0.1983
      8554,      1696,  1.258573125663E+02,  0.1983
      8567,      1697,  1.258573092310E+02,  0.1981
      8586,      1698,  1.258549251891E+02,  0.1978
      8589,      1699,  1.258238276572E+02,  0.1978
      8590,      1700,  1.258090013539E+02,  0.1979
      8591,      1701,  1.258086987805E+02,  0.1980
      8592,      1702,  1.258085175421E+02,  0.1981
      8625,      1703,  1.258083854482E+02,  0.1974
      8627,      1704,  1.258006399925E+02,  0.1975
      8640,      1705,  1.258004555709E+02,  0.1973
      8645,      1706,  1.257629795860E+02,  0.1973
      8676,      1707,  1.257573414448E+02,  0.1967
      8686,      1708,  1.257082740595E+02,  0.1966
      8706,      1709,  1.257082625849E+02,  0.1963
      8709,      1710,  1.257081615038E+02,  0.1963
      8737,      1711,  1.257053526256E+02,  0.1958
      8741,      1712,  1.257006651173E+02,  0.1959
      8749,      1713,  1.257005370627E+02,  0.1958
      8750,      1714,  1.256985761223E+02,  0.1959
      8765,      1715,  1.256907263568E+02,  0.1957
      8776,      1716,  1.256873115278E+02,  0.1955
      8815,      1717,  1.256863736592E+02,  0.1948
      8823,      1718,  1.256746742402E+02,  0.1947
      8872,      1719,  1.256745721390E+02,  0.1938
      8918,      1720,  1.256735884748E+02,  0.1929
      8936,      1721,  1.256733534023E+02,  0.1926
      8963,      1722,  1.256706503714E+02,  0.1921
      9003,      1723,  1.256705095999E+02,  0.1914
      9007,      1724,  1.256704969832E+02,  0.1914
      9023,      1725,  1.256702725788E+02,  0.1912
      9034,      1726,  1.256697408353E+02,  0.1911
      9068,      1727,  1.256677415856E+02,  0.1904
      9071,      1728,  1.256676439431E+02,  0.1905
      9119,      1729,  1.256674644041E+02,  0.1896
      9153,      1730,  1.256672095725E+02,  0.1890
      9154,      1731,  1.256632449242E+02,  0.1891
      9164,      1732,  1.256627593981E+02,  0.1890
      9219,      1733,  1.256604260232E+02,  0.1880
      9276,      1734,  1.256603531808E+02,  0.1869
      9286,      1735,  1.256601136720E+02,  0.1868
      9341,      1736,  1.256600452711E+02,  0.1858
      9357,      1737,  1.256598897358E+02,  0.1856
      9391,      1738,  1.256498420007E+02,  0.1851
      9414,      1739,  1.256496703070E+02,  0.1847
      9455,      1740,  1.256495250926E+02,  0.1840
      9500,      1741,  1.256460332196E+02,  0.1833
      9520,      1742,  1.256455068451E+02,  0.1830
      9531,      1743,  1.256312193006E+02,  0.1829
      9595,      1744,  1.256058714090E+02,  0.1818
      9630,      1745,  1.256058360429E+02,  0.1812
      9638,      1746,  1.256048943967E+02,  0.1812
      9644,      1747,  1.256047255372E+02,  0.1811
      9693,      1748,  1.256047080157E+02,  0.1803
      9733,      1749,  1.255997855872E+02,  0.1797
      9735,      1750,  1.255994446416E+02,  0.1798
      9738,      1751,  1.255992227636E+02,  0.1798
      9743,      1752,  1.255990493414E+02,  0.1798
      9757,      1753,  1.255985059675E+02,  0.1797
      9784,      1754,  1.255980887877E+02,  0.1793
      9799,      1755,  1.255980782354E+02,  0.1791
      9809,      1756,  1.255762363451E+02,  0.1790
      9810,      1757,  1.255760895561E+02,  0.1791
      9863,      1758,  1.255690577307E+02,  0.1782
      9866,      1759,  1.255688786418E+02,  0.1783
      9902,      1760,  1.255684430102E+02,  0.1777
      9936,      1761,  1.255639148098E+02,  0.1772
      9946,      1762,  1.255626717260E+02,  0.1772
      9954,      1763,  1.255624503597E+02,  0.1771
      9966,      1764,  1.255613201147E+02,  0.1770
     10014,      1765,  1.255582796718E+02,  0.1763
     10068,      1766,  1.255582427589E+02,  0.1754
     10102,      1767,  1.255367801586E+02,  0.1749
     10106,      1768,  1.255366850994E+02,  0.1749
     10112,      1769,  1.255323512760E+02,  0.1749
     10120,      1770,  1.255320207722E+02,  0.1749
     10121,      1771,  1.255290680052E+02,  0.1750
     10132,      1772,  1.255290650075E+02,  0.1749
     10246,      1773,  1.255287379300E+02,  0.1730
     10406,      1774,  1.255286506439E+02,  0.1705
     10434,      1775,  1.255286040236E+02,  0.1701
     10466,      1776,  1.255275175104E+02,  0.1697
     10499,      1777,  1.255098505412E+02,  0.1693
     10526,      1778,  1.255096525422E+02,  0.1689
     10552,      1779,  1.255058129935E+02,  0.1686
     10586,      1780,  1.255056904035E+02,  0.1681
     10596,      1781,  1.255055618700E+02,  0.1681
     10597,      1782,  1.255055575846E+02,  0.1682
     10619,      1783,  1.254978205081E+02,  0.1679
     10683,      1784,  1.254976142877E+02,  0.1670
     10699,      1785,  1.254971178495E+02,  0.1668
     10780,      1786,  1.254969670627E+02,  0.1657
     10891,      1787,  1.254968828055E+02,  0.1641
     10935,      1788,  1.254965370847E+02,  0.1635
     10944,      1789,  1.254875239909E+02,  0.1635
     11009,      1790,  1.254872143920E+02,  0.1626
     11017,      1791,  1.254852618473E+02,  0.1626
     11058,      1792,  1.254849649827E+02,  0.1621
     11065,      1793,  1.254843197451E+02,  0.1620
     11107,      1794,  1.254749545017E+02,  0.1615
     11144,      1795,  1.254749184192E+02,  0.1611
     11155,      1796,  1.254641895614E+02,  0.1610
     11156,      1797,  1.254636679994E+02,  0.1611
     11199,      1798,  1.254636105143E+02,  0.1606
     11340,      1799,  1.254635926079E+02,  0.1586
     11460,      1800,  1.254622961004E+02,  0.1571
     11521,      1801,  1.254622610431E+02,  0.1563
     11547,      1802,  1.254566830753E+02,  0.1561
     11674,      1803,  1.254557487145E+02,  0.1544
     11791,      1804,  1.254557170403E+02,  0.1530
     11806,      1805,  1.254556702653E+02,  0.1529
     11831,      1806,  1.254529670434E+02,  0.1526
     11947,      1807,  1.254528233359E+02,  0.1513
     11976,      1808,  1.254379221288E+02,  0.1510
     12039,      1809,  1.254378562004E+02,  0.1503
     12211,      1810,  1.254374251698E+02,  0.1482
     12310,      1811,  1.254373301230E+02,  0.1471
     12368,      1812,  1.254372758473E+02,  0.1465
     12448,      1813,  1.254248534720E+02,  0.1456
     12522,      1814,  1.254240339766E+02,  0.1449
     12527,      1815,  1.254105635208E+02,  0.1449
     12719,      1816,  1.254105603977E+02,  0.1428
     12777,      1817,  1.254102701056E+02,  0.1422
     12791,      1818,  1.254100600021E+02,  0.1421
     12809,      1819,  1.254086142208E+02,  0.1420
     12915,      1820,  1.254085967217E+02,  0.1409
     12952,      1821,  1.254085941739E+02,  0.1406
     12976,      1822,  1.254082739423E+02,  0.1404
     13059,      1823,  1.254010761496E+02,  0.1396
     13086,      1824,  1.254006928236E+02,  0.1394
     13130,      1825,  1.254006899469E+02,  0.1390
     13153,      1826,  1.254000653144E+02,  0.1388
     13161,      1827,  1.253997538378E+02,  0.1388
     13382,      1828,  1.253997199214E+02,  0.1366
     13455,      1829,  1.253968663274E+02,  0.1359
     13502,      1830,  1.253967532927E+02,  0.1355
     13582,      1831,  1.253967476354E+02,  0.1348
     13594,      1832,  1.253966875686E+02,  0.1348
     13624,      1833,  1.253966431831E+02,  0.1345
     13643,      1834,  1.253966290839E+02,  0.1344
     13716,      1835,  1.253955965761E+02,  0.1338
     13768,      1836,  1.253953483094E+02,  0.1334
     13774,      1837,  1.253950733977E+02,  0.1334
     13784,      1838,  1.253945086054E+02,  0.1333
     13846,      1839,  1.253942678670E+02,  0.1328
     13952,      1840,  1.253917313560E+02,  0.1319
     13970,      1841,  1.253916997056E+02,  0.1318
     13983,      1842,  1.253914671756E+02,  0.1317
     14029,      1843,  1.253861812969E+02,  0.1314
     14056,      1844,  1.253821649975E+02,  0.1312
     14096,      1845,  1.253813862217E+02,  0.1309
     14190,      1846,  1.253762877979E+02,  0.1301
     14375,      1847,  1.253762014992E+02,  0.1285
     14377,      1848,  1.253759361834E+02,  0.1285
     14386,      1849,  1.253758159269E+02,  0.1285
     14404,      1850,  1.253757940727E+02,  0.1284
     14436,      1851,  1.253757469046E+02,  0.1282
     14501,      1852,  1.253757032807E+02,  0.1277
     14582,      1853,  1.253739706822E+02,  0.1271
     14616,      1854,  1.253737426496E+02,  0.1268
     14733,      1855,  1.253731236007E+02,  0.1259
     14769,      1856,  1.253727681512E+02,  0.1257
     14772,      1857,  1.253727457253E+02,  0.1257
     14780,      1858,  1.253720862988E+02,  0.1257
     14808,      1859,  1.253720850625E+02,  0.1255
     14997,      1860,  1.253717454223E+02,  0.1240
     15166,      1861,  1.253672795814E+02,  0.1227
     15178,      1862,  1.253573735654E+02,  0.1227
     15201,      1863,  1.253572538998E+02,  0.1226
     15211,      1864,  1.253569985028E+02,  0.1225
     15220,      1865,  1.253569194559E+02,  0.1225
     15308,      1866,  1.253565363183E+02,  0.1219
     15360,      1867,  1.253518538249E+02,  0.1215
     15393,      1868,  1.253516745897E+02,  0.1214
     15415,      1869,  1.253511486167E+02,  0.1212
     15436,      1870,  1.253507711256E+02,  0.1211
     15813,      1871,  1.253504731436E+02,  0.1183
     15859,      1872,  1.253503760706E+02,  0.1180
     15892,      1873,  1.253501235653E+02,  0.1179
     15910,      1874,  1.253494323019E+02,  0.1178
     15960,      1875,  1.253493947215E+02,  0.1175
     16103,      1876,  1.253469203576E+02,  0.1165
     16125,      1877,  1.253450059758E+02,  0.1164
     16169,      1878,  1.253435068297E+02,  0.1161
     16171,      1879,  1.253430839997E+02,  0.1162
     16177,      1880,  1.253429511887E+02,  0.1162
     16194,      1881,  1.253428503063E+02,  0.1162
     16196,      1882,  1.253428316028E+02,  0.1162
     16204,      1883,  1.253427118178E+02,  0.1162
     16324,      1884,  1.253425609844E+02,  0.1154
     16358,      1885,  1.253424574939E+02,  0.1152
     16430,      1886,  1.253424050717E+02,  0.1148
     16438,      1887,  1.253422711074E+02,  0.1148
     16456,      1888,  1.253422011283E+02,  0.1147
     16480,      1889,  1.253421299308E+02,  0.1146
     16579,      1890,  1.253420454124E+02,  0.1140
     16587,      1891,  1.253420193528E+02,  0.1140
     16608,      1892,  1.253400581418E+02,  0.1139
     16692,      1893,  1.253400336211E+02,  0.1134
     16704,      1894,  1.253358885023E+02,  0.1134
     16803,      1895,  1.253354031137E+02,  0.1128
     16834,      1896,  1.253336602979E+02,  0.1126
     16841,      1897,  1.253333772088E+02,  0.1126
     16877,      1898,  1.253312400371E+02,  0.1125
     16908,      1899,  1.253309636118E+02,  0.1123
     16920,      1900,  1.253300597490E+02,  0.1123
     16960,      1901,  1.253298413262E+02,  0.1121
     17012,      1902,  1.253277985458E+02,  0.1118
     17112,      1903,  1.253276487471E+02,  0.1112
     17289,      1904,  1.253268724974E+02,  0.1101
     17353,      1905,  1.253267095862E+02,  0.1098
     17640,      1906,  1.253266027125E+02,  0.1080
     17677,      1907,  1.253234663421E+02,  0.1079
     17739,      1908,  1.253234257285E+02,  0.1076
     17744,      1909,  1.253233389705E+02,  0.1076
     17773,      1910,  1.253220290348E+02,  0.1075
     17814,      1911,  1.253210826657E+02,  0.1073
     17830,      1912,  1.253209378506E+02,  0.1072
     18209,      1913,  1.253200399918E+02,  0.1051
     18378,      1914,  1.253199748944E+02,  0.1041
     18474,      1915,  1.253199564064E+02,  0.1037
     18526,      1916,  1.253199245098E+02,  0.1034
     18606,      1917,  1.253198019654E+02,  0.1030
     18647,      1918,  1.253197802316E+02,  0.1029
     18736,      1919,  1.253196820517E+02,  0.1024
     18746,      1920,  1.253195893562E+02,  0.1024
     18774,      1921,  1.253195865837E+02,  0.1023
     18780,      1922,  1.253195652749E+02,  0.1023
     18868,      1923,  1.253183819321E+02,  0.1019
     18988,      1924,  1.253183705233E+02,  0.1013
     19024,      1925,  1.253183608454E+02,  0.1012
     19071,      1926,  1.253144155984E+02,  0.1010
     19089,      1927,  1.253143929843E+02,  0.1009
     19145,      1928,  1.253143845210E+02,  0.1007
     19176,      1929,  1.253125767038E+02,  0.1006
     19178,      1930,  1.253101695959E+02,  0.1006
     19244,      1931,  1.253099276986E+02,  0.1003
     19345,      1932,  1.253097701467E+02,  0.0999
     19356,      1933,  1.253097118545E+02,  0.0999
     19424,      1934,  1.253096869648E+02,  0.0996
     19491,      1935,  1.253096433740E+02,  0.0993
     19535,      1936,  1.253096166591E+02,  0.0991
     19653,      1937,  1.253096019196E+02,  0.0986
     19702,      1938,  1.253095836539E+02,  0.0984
     19812,      1939,  1.253095505693E+02,  0.0979
     19837,      1940,  1.253094398680E+02,  0.0978
     19896,      1941,  1.253093310599E+02,  0.0976
     20013,      1942,  1.253071967912E+02,  0.0970
     20090,      1943,  1.253071747777E+02,  0.0967
     20193,      1944,  1.253059686543E+02,  0.0963
     20277,      1945,  1.252874795692E+02,  0.0959
     20336,      1946,  1.252874716953E+02,  0.0957
     20403,      1947,  1.252874711585E+02,  0.0954
     20486,      1948,  1.252874006650E+02,  0.0951
     20570,      1949,  1.252873744399E+02,  0.0947
     20628,      1950,  1.252872054868E+02,  0.0945
     20674,      1951,  1.252871934801E+02,  0.0944
     20803,      1952,  1.252871510456E+02,  0.0938
     20919,      1953,  1.252871079592E+02,  0.0934
     20922,      1954,  1.252735613447E+02,  0.0934
     20933,      1955,  1.252727319796E+02,  0.0934
     21045,      1956,  1.252727219313E+02,  0.0929
     21072,      1957,  1.252726944450E+02,  0.0929
     21323,      1958,  1.252726339964E+02,  0.0918
     21657,      1959,  1.252446426348E+02,  0.0905
     21805,      1960,  1.252406073312E+02,  0.0899
     21822,      1961,  1.252405743083E+02,  0.0899
     21900,      1962,  1.252398630841E+02,  0.0896
     21947,      1963,  1.252397938767E+02,  0.0894
     21964,      1964,  1.252377370512E+02,  0.0894
     21995,      1965,  1.252375034745E+02,  0.0893
     22127,      1966,  1.252374606908E+02,  0.0889
     22280,      1967,  1.252373960806E+02,  0.0883
     22336,      1968,  1.252369785499E+02,  0.0881
     22376,      1969,  1.252368417779E+02,  0.0880
     22387,      1970,  1.252367489575E+02,  0.0880
     22390,      1971,  1.252367395605E+02,  0.0880
     22429,      1972,  1.252367260087E+02,  0.0879
     22466,      1973,  1.252367242257E+02,  0.0878
     22495,      1974,  1.252364700135E+02,  0.0878
     22622,      1975,  1.252360278510E+02,  0.0873
     22674,      1976,  1.252360239011E+02,  0.0871
     22721,      1977,  1.252360212716E+02,  0.0870
     22736,      1978,  1.252359787093E+02,  0.0870
     22768,      1979,  1.252359628048E+02,  0.0869
     22796,      1980,  1.252358126920E+02,  0.0869
     22899,      1981,  1.252358064741E+02,  0.0865
     22952,      1982,  1.252357567768E+02,  0.0864
     23101,      1983,  1.252348557834E+02,  0.0858
     23165,      1984,  1.252346536187E+02,  0.0856
     23173,      1985,  1.252345895533E+02,  0.0857
     23264,      1986,  1.252345727646E+02,  0.0854
     23345,      1987,  1.252345544875E+02,  0.0851
     23416,      1988,  1.252345300720E+02,  0.0849
     23432,      1989,  1.252345185934E+02,  0.0849
     23572,      1990,  1.252343367751E+02,  0.0844
     23771,      1991,  1.252308122282E+02,  0.0838
     23825,      1992,  1.252307482447E+02,  0.0836
     23869,      1993,  1.252307403828E+02,  0.0835
     23917,      1994,  1.252307134756E+02,  0.0834
     23996,      1995,  1.252307104771E+02,  0.0831
     24008,      1996,  1.252306875420E+02,  0.0831
     24057,      1997,  1.252306821726E+02,  0.0830
     24061,      1998,  1.252237213351E+02,  0.0830
     24115,      1999,  1.252224853120E+02,  0.0829
     24180,      2000,  1.252224029983E+02,  0.0827
     24182,      2001,  1.252223144704E+02,  0.0827
     24186,      2002,  1.252217863740E+02,  0.0828
     24245,      2003,  1.252217585718E+02,  0.0826
     24303,      2004,  1.252216881532E+02,  0.0825
     24348,      2005,  1.252216521805E+02,  0.0823
     24393,      2006,  1.252216098025E+02,  0.0822
     24420,      2007,  1.252212298059E+02,  0.0822
     24493,      2008,  1.252211182816E+02,  0.0820
     24730,      2009,  1.252174430120E+02,  0.0812
     24756,      2010,  1.252174210503E+02,  0.0812
     24772,      2011,  1.252173411601E+02,  0.0812
     24787,      2012,  1.252172681396E+02,  0.0812
     24897,      2013,  1.252172330423E+02,  0.0809
     24901,      2014,  1.252170954358E+02,  0.0809
     24909,      2015,  1.252166866887E+02,  0.0809
     24973,      2016,  1.252160944959E+02,  0.0807
     25015,      2017,  1.252160518129E+02,  0.0806
     25053,      2018,  1.252150296065E+02,  0.0805
     25069,      2019,  1.252147545606E+02,  0.0805
     25146,      2020,  1.252146967646E+02,  0.0803
     25184,      2021,  1.252146118513E+02,  0.0802
     25280,      2022,  1.252129162538E+02,  0.0800
     25356,      2023,  1.252127386387E+02,  0.0798
     25386,      2024,  1.252124148094E+02,  0.0797
     25486,      2025,  1.252123661086E+02,  0.0795
     25716,      2026,  1.252122976853E+02,  0.0788
     25821,      2027,  1.252121335303E+02,  0.0785
     25908,      2028,  1.252118538063E+02,  0.0783
     26015,      2029,  1.252118186753E+02,  0.0780
     26069,      2030,  1.252114694165E+02,  0.0779
     26104,      2031,  1.252114648404E+02,  0.0778
     26128,      2032,  1.252114402907E+02,  0.0778
     26142,      2033,  1.252113906795E+02,  0.0778
     26240,      2034,  1.252099016868E+02,  0.0775
     26318,      2035,  1.252098601003E+02,  0.0773
     26326,      2036,  1.252098581660E+02,  0.0773
     26430,      2037,  1.252098185060E+02,  0.0771
     26513,      2038,  1.252097506100E+02,  0.0769
     26522,      2039,  1.252097448286E+02,  0.0769
     26546,      2040,  1.252095172743E+02,  0.0768
     26619,      2041,  1.252087898910E+02,  0.0767
     26713,      2042,  1.252086927793E+02,  0.0764
     26892,      2043,  1.252086920026E+02,  0.0760
     27057,      2044,  1.252086475409E+02,  0.0755
     27157,      2045,  1.252085695657E+02,  0.0753
     27294,      2046,  1.252085686110E+02,  0.0750
     27309,      2047,  1.252085674470E+02,  0.0750
     27426,      2048,  1.252084946783E+02,  0.0747
     27624,      2049,  1.252084623383E+02,  0.0742
     27780,      2050,  1.252084291981E+02,  0.0738
     27893,      2051,  1.252083716911E+02,  0.0735
     28010,      2052,  1.252082009368E+02,  0.0733
     28207,      2053,  1.252081875112E+02,  0.0728
     28265,      2054,  1.252081203004E+02,  0.0727
     28550,      2055,  1.252079903937E+02,  0.0720
     28604,      2056,  1.252072016656E+02,  0.0719
     28813,      2057,  1.252071800597E+02,  0.0714
     28918,      2058,  1.252060112390E+02,  0.0712
     29310,      2059,  1.252059925192E+02,  0.0702
     29341,      2060,  1.252059603865E+02,  0.0702
     29454,      2061,  1.252059021976E+02,  0.0700
     30010,      2062,  1.252058667169E+02,  0.0687
     30039,      2063,  1.252057379731E+02,  0.0687
     30270,      2064,  1.252039420498E+02,  0.0682
     30407,      2065,  1.252039158026E+02,  0.0679
     30441,      2066,  1.252037593925E+02,  0.0679
     30498,      2067,  1.252037407461E+02,  0.0678
     30906,      2068,  1.252037279070E+02,  0.0669
     30951,      2069,  1.252036912993E+02,  0.0668
     30960,      2070,  1.252035771454E+02,  0.0669
     31195,      2071,  1.252035666514E+02,  0.0664
     31319,      2072,  1.252035427556E+02,  0.0662
     31387,      2073,  1.252035395175E+02,  0.0660
     31436,      2074,  1.252027986631E+02,  0.0660
     31535,      2075,  1.252027536743E+02,  0.0658
     31545,      2076,  1.252018603056E+02,  0.0658
     31605,      2077,  1.252018280844E+02,  0.0657
     31614,      2078,  1.252018216122E+02,  0.0657
     31618,      2079,  1.252017784592E+02,  0.0658
     31661,      2080,  1.252016943961E+02,  0.0657
     31701,      2081,  1.252011982826E+02,  0.0656
     31862,      2082,  1.252004776682E+02,  0.0653
     31909,      2083,  1.252004369644E+02,  0.0653
     31932,      2084,  1.252004333132E+02,  0.0653
     32023,      2085,  1.252003989126E+02,  0.0651
     32038,      2086,  1.252003342574E+02,  0.0651
     32054,      2087,  1.252002339749E+02,  0.0651
     32264,      2088,  1.252000842753E+02,  0.0647
     32590,      2089,  1.251999845199E+02,  0.0641
     32611,      2090,  1.251999799434E+02,  0.0641
     32773,      2091,  1.251999558285E+02,  0.0638
     32822,      2092,  1.251998933622E+02,  0.0637
     32913,      2093,  1.251998293575E+02,  0.0636
     32949,      2094,  1.251992785370E+02,  0.0636
     33134,      2095,  1.251992763175E+02,  0.0632
     33360,      2096,  1.251991601760E+02,  0.0628
     33443,      2097,  1.251990724890E+02,  0.0627
     33448,      2098,  1.251990480009E+02,  0.0627
     33835,      2099,  1.251988196416E+02,  0.0620
     33845,      2100,  1.251987063601E+02,  0.0620
     33919,      2101,  1.251986997590E+02,  0.0619
     34110,      2102,  1.251986269794E+02,  0.0616
     34118,      2103,  1.251985197161E+02,  0.0616
     34123,      2104,  1.251913977912E+02,  0.0617
     34247,      2105,  1.251913970435E+02,  0.0615
     34388,      2106,  1.251913701749E+02,  0.0612
     34648,      2107,  1.251913517773E+02,  0.0608
     34860,      2108,  1.251913121434E+02,  0.0605
     34922,      2109,  1.251913040163E+02,  0.0604
     35025,      2110,  1.251912111778E+02,  0.0602
     35181,      2111,  1.251911866497E+02,  0.0600
     35294,      2112,  1.251911852177E+02,  0.0598
     35347,      2113,  1.251910868957E+02,  0.0598
     35399,      2114,  1.251904479649E+02,  0.0597
     35464,      2115,  1.251903752049E+02,  0.0596
     35738,      2116,  1.251903692787E+02,  0.0592
     35750,      2117,  1.251899915721E+02,  0.0592
     35795,      2118,  1.251898934223E+02,  0.0592
     35829,      2119,  1.251896801810E+02,  0.0591
     35884,      2120,  1.251896581938E+02,  0.0591
     35886,      2121,  1.251895635081E+02,  0.0591
     35890,      2122,  1.251893856073E+02,  0.0591
     35922,      2123,  1.251892275515E+02,  0.0591
     35926,      2124,  1.251890086721E+02,  0.0591
     36014,      2125,  1.251888882807E+02,  0.0590
     36084,      2126,  1.251888787858E+02,  0.0589
     36447,      2127,  1.251872373384E+02,  0.0584
     36557,      2128,  1.251870914995E+02,  0.0582
     36685,      2129,  1.251870836349E+02,  0.0580
     36717,      2130,  1.251870684069E+02,  0.0580
     36906,      2131,  1.251867468648E+02,  0.0577
     37002,      2132,  1.251867358787E+02,  0.0576
     37075,      2133,  1.251866506859E+02,  0.0575
     37148,      2134,  1.251865145248E+02,  0.0574
     37261,      2135,  1.251864421530E+02,  0.0573
     37386,      2136,  1.251859692171E+02,  0.0571
     37510,      2137,  1.251858896335E+02,  0.0570
     37542,      2138,  1.251858413393E+02,  0.0569
     37604,      2139,  1.251858259628E+02,  0.0569
     37698,      2140,  1.251858221660E+02,  0.0568
     37788,      2141,  1.251857922772E+02,  0.0567
     37903,      2142,  1.251856905693E+02,  0.0565
     37943,      2143,  1.251855913745E+02,  0.0565
     37959,      2144,  1.251836147480E+02,  0.0565
     38141,      2145,  1.251836131348E+02,  0.0562
     38149,      2146,  1.251833642378E+02,  0.0563
     38453,      2147,  1.251831116185E+02,  0.0558
     38554,      2148,  1.251831059193E+02,  0.0557
     38555,      2149,  1.251829678349E+02,  0.0557
     38701,      2150,  1.251828622057E+02,  0.0556
     38819,      2151,  1.251827986539E+02,  0.0554
     38882,      2152,  1.251826822171E+02,  0.0553
     39109,      2153,  1.251826127678E+02,  0.0551
     39135,      2154,  1.251823936815E+02,  0.0550
     39159,      2155,  1.251821443348E+02,  0.0550
     39187,      2156,  1.251821321660E+02,  0.0550
     39215,      2157,  1.251820985024E+02,  0.0550
     39329,      2158,  1.251820885579E+02,  0.0549
     39748,      2159,  1.251820501873E+02,  0.0543
     39777,      2160,  1.251819101080E+02,  0.0543
     39822,      2161,  1.251817917556E+02,  0.0543
     40033,      2162,  1.251817433841E+02,  0.0540
     40067,      2163,  1.251816261841E+02,  0.0540
     40082,      2164,  1.251815046369E+02,  0.0540
     40168,      2165,  1.251814807957E+02,  0.0539
     40177,      2166,  1.251814361700E+02,  0.0539
     40207,      2167,  1.251812845982E+02,  0.0539
     40305,      2168,  1.251812733007E+02,  0.0538
     40387,      2169,  1.251811941119E+02,  0.0537
     40425,      2170,  1.251811561581E+02,  0.0537
     40457,      2171,  1.251809408436E+02,  0.0537
     40495,      2172,  1.251807461876E+02,  0.0536
     40532,      2173,  1.251804429809E+02,  0.0536
     40535,      2174,  1.251804062267E+02,  0.0536
     40613,      2175,  1.251803790266E+02,  0.0536
     40713,      2176,  1.251803239630E+02,  0.0534
     40732,      2177,  1.251800043295E+02,  0.0534
     40745,      2178,  1.251799876900E+02,  0.0535
     40910,      2179,  1.251799465550E+02,  0.0533
     40921,      2180,  1.251798617445E+02,  0.0533
     41095,      2181,  1.251797925205E+02,  0.0531
     41106,      2182,  1.251797783455E+02,  0.0531
     41123,      2183,  1.251797415217E+02,  0.0531
     41175,      2184,  1.251796592782E+02,  0.0530
     41234,      2185,  1.251796244097E+02,  0.0530
     41278,      2186,  1.251795714490E+02,  0.0530
     41452,      2187,  1.251795601039E+02,  0.0528
     41465,      2188,  1.251795105818E+02,  0.0528
     42221,      2189,  1.251794392886E+02,  0.0518
     42282,      2190,  1.251794005375E+02,  0.0518
     42366,      2191,  1.251789435767E+02,  0.0517
     42717,      2192,  1.251788724492E+02,  0.0513
     42770,      2193,  1.251787480296E+02,  0.0513
     42774,      2194,  1.251787089493E+02,  0.0513
     42775,      2195,  1.251786953004E+02,  0.0513
     42896,      2196,  1.251785793451E+02,  0.0512
     42899,      2197,  1.251776447326E+02,  0.0512
     43087,      2198,  1.251776308498E+02,  0.0510
     43109,      2199,  1.251762334031E+02,  0.0510
     43206,      2200,  1.251760224814E+02,  0.0509
     43223,      2201,  1.251750390519E+02,  0.0509
     43328,      2202,  1.251749781496E+02,  0.0508
     43402,      2203,  1.251749018750E+02,  0.0508
     43647,      2204,  1.251748182158E+02,  0.0505
     43653,      2205,  1.251747344448E+02,  0.0505
     43656,      2206,  1.251743491232E+02,  0.0505
     43723,      2207,  1.251742470008E+02,  0.0505
     44055,      2208,  1.251742002395E+02,  0.0501
     44182,      2209,  1.251739965916E+02,  0.0500
     44593,      2210,  1.251739256429E+02,  0.0496
     44756,      2211,  1.251739203499E+02,  0.0494
     45713,      2212,  1.251736365399E+02,  0.0484
     45731,      2213,  1.251735639040E+02,  0.0484
     46102,      2214,  1.251730866401E+02,  0.0480
     46490,      2215,  1.251729827456E+02,  0.0476
     46598,      2216,  1.251729706632E+02,  0.0476
     46648,      2217,  1.251729467149E+02,  0.0475
     46901,      2218,  1.251728970535E+02,  0.0473
     46992,      2219,  1.251728869753E+02,  0.0472
     47039,      2220,  1.251728801276E+02,  0.0472
     47272,      2221,  1.251728718845E+02,  0.0470
     47753,      2222,  1.251728141592E+02,  0.0465
     47925,      2223,  1.251728051161E+02,  0.0464
     47990,      2224,  1.251727099167E+02,  0.0463
     48165,      2225,  1.251726155725E+02,  0.0462
     48376,      2226,  1.251721668486E+02,  0.0460
     48696,      2227,  1.251721318260E+02,  0.0457
     49046,      2228,  1.251721191164E+02,  0.0454
     49129,      2229,  1.251720543208E+02,  0.0454
     49170,      2230,  1.251719979776E+02,  0.0454
     49705,      2231,  1.251719661070E+02,  0.0449
     49817,      2232,  1.251719131603E+02,  0.0448
     49894,      2233,  1.251719097872E+02,  0.0448
     49990,      2234,  1.251718858555E+02,  0.0447
     50291,      2235,  1.251718670435E+02,  0.0444
     50576,      2236,  1.251663751660E+02,  0.0442
     50680,      2237,  1.251663338993E+02,  0.0441
     51093,      2238,  1.251663276364E+02,  0.0438
     51303,      2239,  1.251663114345E+02,  0.0436
     51326,      2240,  1.251663103495E+02,  0.0436
     52208,      2241,  1.251658325829E+02,  0.0429
     52252,      2242,  1.251640851010E+02,  0.0429
     52480,      2243,  1.251640817054E+02,  0.0427
     52958,      2244,  1.251640774177E+02,  0.0424
     53098,      2245,  1.251636973756E+02,  0.0423
     53784,      2246,  1.251636304771E+02,  0.0418
     53939,      2247,  1.251636196565E+02,  0.0417
     54343,      2248,  1.251635881413E+02,  0.0414
     54606,      2249,  1.251626861291E+02,  0.0412
     54719,      2250,  1.251626557067E+02,  0.0411
     55045,      2251,  1.251626361216E+02,  0.0409
     55319,      2252,  1.251623379879E+02,  0.0407
     55600,      2253,  1.251623341180E+02,  0.0405
     55850,      2254,  1.251623059459E+02,  0.0404
     56582,      2255,  1.251613356005E+02,  0.0399
     56678,      2256,  1.251613325933E+02,  0.0398
     56713,      2257,  1.251607459216E+02,  0.0398
     57562,      2258,  1.251607447511E+02,  0.0392
     58044,      2259,  1.251607254895E+02,  0.0389
     58138,      2260,  1.251607163714E+02,  0.0389
     58206,      2261,  1.251607052818E+02,  0.0388
     59430,      2262,  1.251606994508E+02,  0.0381
     59538,      2263,  1.251572834493E+02,  0.0380
     59765,      2264,  1.251572705914E+02,  0.0379
     60702,      2265,  1.251572293678E+02,  0.0373
     60747,      2266,  1.251571878420E+02,  0.0373
     61111,      2267,  1.251569402171E+02,  0.0371
     61112,      2268,  1.251569370820E+02,  0.0371
     61256,      2269,  1.251569081593E+02,  0.0370
     61440,      2270,  1.251568532914E+02,  0.0369
     61812,      2271,  1.251568430622E+02,  0.0367
     62345,      2272,  1.251560962195E+02,  0.0364
     62562,      2273,  1.251560868923E+02,  0.0363
     62662,      2274,  1.251560241946E+02,  0.0363
     62838,      2275,  1.251506567282E+02,  0.0362
     63102,      2276,  1.251506212133E+02,  0.0361
     63106,      2277,  1.251506140284E+02,  0.0361
     63530,      2278,  1.251506058936E+02,  0.0359
     63779,      2279,  1.251503274157E+02,  0.0357
     63868,      2280,  1.251487686348E+02,  0.0357
     64223,      2281,  1.251487679651E+02,  0.0355
     64538,      2282,  1.251487630887E+02,  0.0354
     65409,      2283,  1.251487373198E+02,  0.0349
     65528,      2284,  1.251487200336E+02,  0.0349
     65878,      2285,  1.251480524783E+02,  0.0347
     66238,      2286,  1.251480373104E+02,  0.0345
     66329,      2287,  1.251476741561E+02,  0.0345
     66714,      2288,  1.251476635321E+02,  0.0343
     66895,      2289,  1.251476538914E+02,  0.0342
     67416,      2290,  1.251476503045E+02,  0.0340
     67976,      2291,  1.251476441280E+02,  0.0337
     68211,      2292,  1.251475040183E+02,  0.0336
     68734,      2293,  1.251474950700E+02,  0.0334
     68751,      2294,  1.251474873183E+02,  0.0334
     69820,      2295,  1.251474160744E+02,  0.0329
     70317,      2296,  1.251474037613E+02,  0.0327
     71341,      2297,  1.251471302962E+02,  0.0322
     71457,      2298,  1.251471229977E+02,  0.0322
     71554,      2299,  1.251471155439E+02,  0.0321
     71922,      2300,  1.251456861761E+02,  0.0320
     73027,      2301,  1.251454370868E+02,  0.0315
     73083,      2302,  1.251454369825E+02,  0.0315
     73756,      2303,  1.251454253154E+02,  0.0312
     74030,      2304,  1.251454198934E+02,  0.0311
     74548,      2305,  1.251454183971E+02,  0.0309
     74729,      2306,  1.251454182948E+02,  0.0309
     75032,      2307,  1.251454170577E+02,  0.0307
     75682,      2308,  1.251454107181E+02,  0.0305
     75965,      2309,  1.251453964875E+02,  0.0304
     76206,      2310,  1.251445214767E+02,  0.0303
     76651,      2311,  1.251444437454E+02,  0.0301
     76938,      2312,  1.251444428489E+02,  0.0301
     77674,      2313,  1.251443297204E+02,  0.0298
     78366,      2314,  1.251443242309E+02,  0.0295
     78466,      2315,  1.251436367992E+02,  0.0295
     78854,      2316,  1.251436157955E+02,  0.0294
     80073,      2317,  1.251435930968E+02,  0.0289
     80519,      2318,  1.251435906125E+02,  0.0288
     81480,      2319,  1.251435904692E+02,  0.0285
     81979,      2320,  1.251435869234E+02,  0.0283
     82064,      2321,  1.251435786862E+02,  0.0283
     82456,      2322,  1.251435765496E+02,  0.0282
     82673,      2323,  1.251432004233E+02,  0.0281
     82839,      2324,  1.251431606569E+02,  0.0281
     83053,      2325,  1.251431462570E+02,  0.0280
     86018,      2326,  1.251431461799E+02,  0.0270
     86133,      2327,  1.251430969490E+02,  0.0270
     86194,      2328,  1.251403300498E+02,  0.0270
     86197,      2329,  1.251403293979E+02,  0.0270
     86280,      2330,  1.251402615436E+02,  0.0270
     86515,      2331,  1.251402602966E+02,  0.0269
     87162,      2332,  1.251389354708E+02,  0.0268
     87392,      2333,  1.251389127937E+02,  0.0267
     87718,      2334,  1.251388693535E+02,  0.0266
     88086,      2335,  1.251388662487E+02,  0.0265
     89346,      2336,  1.251388659086E+02,  0.0261
     89349,      2337,  1.251388635743E+02,  0.0262
     89502,      2338,  1.251388430109E+02,  0.0261
     89926,      2339,  1.251386262640E+02,  0.0260
     90086,      2340,  1.251379487839E+02,  0.0260
     90252,      2341,  1.251379385658E+02,  0.0259
     90808,      2342,  1.251379352574E+02,  0.0258
     90847,      2343,  1.251379347095E+02,  0.0258
     91512,      2344,  1.251379316876E+02,  0.0256
     91762,      2345,  1.251379314739E+02,  0.0256
     91911,      2346,  1.251379018622E+02,  0.0255
     92859,      2347,  1.251379011506E+02,  0.0253
     93291,      2348,  1.251376749607E+02,  0.0252
     93462,      2349,  1.251374427071E+02,  0.0251
     93932,      2350,  1.251374362699E+02,  0.0250
     94272,      2351,  1.251374228051E+02,  0.0249
     94798,      2352,  1.251373931955E+02,  0.0248
     95205,      2353,  1.251373817829E+02,  0.0247
     95705,      2354,  1.251373404133E+02,  0.0246
     96006,      2355,  1.251371423593E+02,  0.0245
     96255,      2356,  1.251371385695E+02,  0.0245
     98214,      2357,  1.251371327726E+02,  0.0240
     98894,      2358,  1.251371236534E+02,  0.0238
     99466,      2359,  1.251365869819E+02,  0.0237
    100137,      2360,  1.251365693135E+02,  0.0236
    100936,      2361,  1.251365615663E+02,  0.0234
    101049,      2362,  1.251365588424E+02,  0.0234
    102027,      2363,  1.251365334942E+02,  0.0232
    103592,      2364,  1.251365312317E+02,  0.0228
    105017,      2365,  1.251365137018E+02,  0.0225
    105417,      2366,  1.251365136976E+02,  0.0224
    109299,      2367,  1.251362642414E+02,  0.0217
    109522,      2368,  1.251362626073E+02,  0.0216
    109721,      2369,  1.251362495672E+02,  0.0216
    110181,      2370,  1.251362464497E+02,  0.0215
    111662,      2371,  1.251362278992E+02,  0.0212
    114923,      2372,  1.251362180756E+02,  0.0206
    117877,      2373,  1.251362100993E+02,  0.0201
    118235,      2374,  1.251362048762E+02,  0.0201
    119946,      2375,  1.251361047051E+02,  0.0198
    120926,      2376,  1.251355977056E+02,  0.0196
    121525,      2377,  1.251351658510E+02,  0.0196
    121880,      2378,  1.251351472315E+02,  0.0195
    123457,      2379,  1.251351459953E+02,  0.0193
    124797,      2380,  1.251351160386E+02,  0.0191
    125493,      2381,  1.251351081675E+02,  0.0190
    125838,      2382,  1.251351058805E+02,  0.0189
    126245,      2383,  1.251350875143E+02,  0.0189
    126938,      2384,  1.251350857711E+02,  0.0188
    127101,      2385,  1.251350848130E+02,  0.0188
    127203,      2386,  1.251350803769E+02,  0.0188
    128450,      2387,  1.251350768572E+02,  0.0186
    128844,      2388,  1.251350526796E+02,  0.0185
    128858,      2389,  1.251350342415E+02,  0.0185
    130528,      2390,  1.251350315474E+02,  0.0183
    131030,      2391,  1.251348426818E+02,  0.0182
    131049,      2392,  1.251348419593E+02,  0.0183
    131112,      2393,  1.251348194909E+02,  0.0183
    131294,      2394,  1.251348183654E+02,  0.0182
    131520,      2395,  1.251347079029E+02,  0.0182
    132659,      2396,  1.251346944485E+02,  0.0181
    133223,      2397,  1.251327499784E+02,  0.0180
    135072,      2398,  1.251327455367E+02,  0.0178
    135179,      2399,  1.251327451020E+02,  0.0177
    135684,      2400,  1.251325810926E+02,  0.0177
    136303,      2401,  1.251320628790E+02,  0.0176
    137521,      2402,  1.251317660042E+02,  0.0175
    137561,      2403,  1.251317558818E+02,  0.0175
    138172,      2404,  1.251316171848E+02,  0.0174
    140548,      2405,  1.251310266791E+02,  0.0171
    140806,      2406,  1.251310239974E+02,  0.0171
    141119,      2407,  1.251310115655E+02,  0.0171
    141391,      2408,  1.251309349929E+02,  0.0170
    141923,      2409,  1.251308825297E+02,  0.0170
    142312,      2410,  1.251308765391E+02,  0.0169
    142410,      2411,  1.251308413644E+02,  0.0169
    142415,      2412,  1.251308314250E+02,  0.0169
    142646,      2413,  1.251308212467E+02,  0.0169
    142784,      2414,  1.251308186796E+02,  0.0169
    143694,      2415,  1.251308025688E+02,  0.0168
    143769,      2416,  1.251308006813E+02,  0.0168
    144556,      2417,  1.251307861779E+02,  0.0167
    144938,      2418,  1.251307853775E+02,  0.0167
    147465,      2419,  1.251307812476E+02,  0.0164
    147490,      2420,  1.251307800073E+02,  0.0164
    149999,      2421,  1.251304776862E+02,  0.0161
    150618,      2422,  1.251304017412E+02,  0.0161
    151355,      2423,  1.251303931221E+02,  0.0160
    152985,      2424,  1.251303392995E+02,  0.0158
    153409,      2425,  1.251303296901E+02,  0.0158
    154739,      2426,  1.251300213374E+02,  0.0157
    155369,      2427,  1.251290522451E+02,  0.0156
    155862,      2428,  1.251282677470E+02,  0.0156
    155927,      2429,  1.251282657082E+02,  0.0156
    156409,      2430,  1.251282234648E+02,  0.0155
    156696,      2431,  1.251282050045E+02,  0.0155
    157403,      2432,  1.251282017234E+02,  0.0155
    157948,      2433,  1.251281794170E+02,  0.0154
    158045,      2434,  1.251281652264E+02,  0.0154
    158076,      2435,  1.251281608105E+02,  0.0154
    158359,      2436,  1.251281389201E+02,  0.0154
    158899,      2437,  1.251273370049E+02,  0.0153
    159323,      2438,  1.251273193389E+02,  0.0153
    159771,      2439,  1.251273064910E+02,  0.0153
    159973,      2440,  1.251272941413E+02,  0.0153
    161455,      2441,  1.251272680140E+02,  0.0151
    161919,      2442,  1.251272518267E+02,  0.0151
    162527,      2443,  1.251272064436E+02,  0.0150
    163301,      2444,  1.251271855092E+02,  0.0150
    163649,      2445,  1.251271841145E+02,  0.0149
    163823,      2446,  1.251271441271E+02,  0.0149
    164416,      2447,  1.251271259215E+02,  0.0149
    164603,      2448,  1.251271249058E+02,  0.0149
    165357,      2449,  1.251271063233E+02,  0.0148
    166274,      2450,  1.251270892397E+02,  0.0147
    168085,      2451,  1.251270769480E+02,  0.0146
    168216,      2452,  1.251269801564E+02,  0.0146
    169496,      2453,  1.251269791037E+02,  0.0145
    170179,      2454,  1.251269726668E+02,  0.0144
    170582,      2455,  1.251269448552E+02,  0.0144
    182887,      2456,  1.251269448193E+02,  0.0134
    184230,      2457,  1.251269432134E+02,  0.0133
    184533,      2458,  1.251263613178E+02,  0.0133
    185553,      2459,  1.251263561412E+02,  0.0133
    186555,      2460,  1.251263486756E+02,  0.0132
    186647,      2461,  1.251263414835E+02,  0.0132
    187496,      2462,  1.251263329145E+02,  0.0131
    188507,      2463,  1.251263303991E+02,  0.0131
    192025,      2464,  1.251263289425E+02,  0.0128
    194790,      2465,  1.251260377464E+02,  0.0127
    194911,      2466,  1.251260336335E+02,  0.0127
    196544,      2467,  1.251259914223E+02,  0.0126
    197527,      2468,  1.251259854775E+02,  0.0125
    200933,      2469,  1.251203481657E+02,  0.0123
    201626,      2470,  1.251199867575E+02,  0.0123
    202135,      2471,  1.251199451964E+02,  0.0122
    202342,      2472,  1.251199442908E+02,  0.0122
    202361,      2473,  1.251191806171E+02,  0.0122
    204465,      2474,  1.251191796487E+02,  0.0121
    204756,      2475,  1.251191785547E+02,  0.0121
    206148,      2476,  1.251191607779E+02,  0.0120
    207043,      2477,  1.251191606083E+02,  0.0120
    208218,      2478,  1.251191537190E+02,  0.0119
    209134,      2479,  1.251189113955E+02,  0.0119
    213286,      2480,  1.251183457640E+02,  0.0116
    216763,      2481,  1.251183421616E+02,  0.0114
    217656,      2482,  1.251183241784E+02,  0.0114
    218955,      2483,  1.251183220622E+02,  0.0113
    221955,      2484,  1.251180527068E+02,  0.0112
    222386,      2485,  1.251180446680E+02,  0.0112
    222635,      2486,  1.251180423387E+02,  0.0112
    225527,      2487,  1.251180401008E+02,  0.0110
    225827,      2488,  1.251180288914E+02,  0.0110
    227489,      2489,  1.251180201520E+02,  0.0109
    229769,      2490,  1.251178754852E+02,  0.0108
    230681,      2491,  1.251178196442E+02,  0.0108
    233880,      2492,  1.251175926886E+02,  0.0107
    235972,      2493,  1.251168700523E+02,  0.0106
    237771,      2494,  1.251168572845E+02,  0.0105
    237895,      2495,  1.251166660942E+02,  0.0105
    240270,      2496,  1.251166643088E+02,  0.0104
    242530,      2497,  1.251166553926E+02,  0.0103
    243569,      2498,  1.251166428226E+02,  0.0103
    245783,      2499,  1.251166300821E+02,  0.0102
    251033,      2500,  1.251166291487E+02,  0.0100
    252437,      2501,  1.251166233305E+02,  0.0099
    256454,      2502,  1.251166207163E+02,  0.0098
    257006,      2503,  1.251166136318E+02,  0.0097
    258748,      2504,  1.251166081276E+02,  0.0097
    258752,      2505,  1.251166064054E+02,  0.0097
    259793,      2506,  1.251165849615E+02,  0.0096
    262105,      2507,  1.251158387068E+02,  0.0096
    265847,      2508,  1.251158358808E+02,  0.0094
    271077,      2509,  1.251158337058E+02,  0.0093
    271788,      2510,  1.251158317631E+02,  0.0092
    273837,      2511,  1.251154877568E+02,  0.0092
    277014,      2512,  1.251154830889E+02,  0.0091
    277051,      2513,  1.251154814368E+02,  0.0091
    280216,      2514,  1.251154698360E+02,  0.0090
    284038,      2515,  1.251154555824E+02,  0.0089
    285536,      2516,  1.251154426454E+02,  0.0088
    286228,      2517,  1.251153764288E+02,  0.0088
    288984,      2518,  1.251153695249E+02,  0.0087
    289755,      2519,  1.251153666994E+02,  0.0087
    291887,      2520,  1.251152599470E+02,  0.0086
    292733,      2521,  1.251152548969E+02,  0.0086
    295535,      2522,  1.251152503304E+02,  0.0085
    299056,      2523,  1.251152483059E+02,  0.0084
    302290,      2524,  1.251152408594E+02,  0.0083
    303209,      2525,  1.251152398452E+02,  0.0083
    303525,      2526,  1.251152393009E+02,  0.0083
    304905,      2527,  1.251152354364E+02,  0.0083
    306187,      2528,  1.251152352847E+02,  0.0083
    306708,      2529,  1.251152333962E+02,  0.0082
    308761,      2530,  1.251152332948E+02,  0.0082
    309113,      2531,  1.251150923568E+02,  0.0082
    312261,      2532,  1.251150912275E+02,  0.0081
    313150,      2533,  1.251150909691E+02,  0.0081
    314147,      2534,  1.251150840348E+02,  0.0081
    317006,      2535,  1.251150839632E+02,  0.0080
    317540,      2536,  1.251150838364E+02,  0.0080
    326258,      2537,  1.251150822319E+02,  0.0078
    328657,      2538,  1.251150813287E+02,  0.0077
    329612,      2539,  1.251150801814E+02,  0.0077
    331062,      2540,  1.251150799830E+02,  0.0077
    331815,      2541,  1.251150777974E+02,  0.0077
    334404,      2542,  1.251150765873E+02,  0.0076
    336238,      2543,  1.251148522390E+02,  0.0076
    337295,      2544,  1.251148520156E+02,  0.0075
    337556,      2545,  1.251148498070E+02,  0.0075
    342985,      2546,  1.251148479413E+02,  0.0074
    344454,      2547,  1.251148474917E+02,  0.0074
    346401,      2548,  1.251148424240E+02,  0.0074
    351882,      2549,  1.251148420250E+02,  0.0072
    352503,      2550,  1.251148419880E+02,  0.0072
    352808,      2551,  1.251148398696E+02,  0.0072
    352864,      2552,  1.251148361010E+02,  0.0072
    352933,      2553,  1.251148327601E+02,  0.0072
    353559,      2554,  1.251148190136E+02,  0.0072
    355915,      2555,  1.251148179420E+02,  0.0072
    356237,      2556,  1.251148172637E+02,  0.0072
    356618,      2557,  1.251146237330E+02,  0.0072
    357298,      2558,  1.251146106862E+02,  0.0072
    357570,      2559,  1.251146019910E+02,  0.0072
    358288,      2560,  1.251145976537E+02,  0.0071
    358721,      2561,  1.251145972089E+02,  0.0071
    358864,      2562,  1.251145933618E+02,  0.0071
    361499,      2563,  1.251145849878E+02,  0.0071
    365607,      2564,  1.251145800187E+02,  0.0070
    365825,      2565,  1.251145723779E+02,  0.0070
    367123,      2566,  1.251145649434E+02,  0.0070
    368448,      2567,  1.251145634445E+02,  0.0070
    370136,      2568,  1.251145599476E+02,  0.0069
    370156,      2569,  1.251145588794E+02,  0.0069
    370632,      2570,  1.251145531901E+02,  0.0069
    370717,      2571,  1.251145512745E+02,  0.0069
    370941,      2572,  1.251143424124E+02,  0.0069
    371301,      2573,  1.251143412395E+02,  0.0069
    373305,      2574,  1.251143349645E+02,  0.0069
    375026,      2575,  1.251141715637E+02,  0.0069
    378240,      2576,  1.251141711960E+02,  0.0068
    382005,      2577,  1.251141652094E+02,  0.0067
    383593,      2578,  1.251141623301E+02,  0.0067
    385358,      2579,  1.251141614460E+02,  0.0067
    389817,      2580,  1.251141505026E+02,  0.0066
    392491,      2581,  1.251139411996E+02,  0.0066
    396710,      2582,  1.251139380458E+02,  0.0065
    397754,      2583,  1.251139348452E+02,  0.0065
    403513,      2584,  1.251137484471E+02,  0.0064
    410448,      2585,  1.251137435571E+02,  0.0063
    415288,      2586,  1.251136214746E+02,  0.0062
    416223,      2587,  1.251136204056E+02,  0.0062
    419859,      2588,  1.251136198953E+02,  0.0062
    420407,      2589,  1.251136154933E+02,  0.0062
    426584,      2590,  1.251135574037E+02,  0.0061
    426787,      2591,  1.251134867225E+02,  0.0061
    431080,      2592,  1.251134864918E+02,  0.0060
    432387,      2593,  1.251134814203E+02,  0.0060
    433067,      2594,  1.251134801606E+02,  0.0060
    437859,      2595,  1.251133747848E+02,  0.0059
    443135,      2596,  1.251133702503E+02,  0.0059
    446729,      2597,  1.251132804043E+02,  0.0058
    451354,      2598,  1.251131543341E+02,  0.0058
    455501,      2599,  1.251131484674E+02,  0.0057
    458148,      2600,  1.251124317547E+02,  0.0057
    460807,      2601,  1.251123935519E+02,  0.0056
    461552,      2602,  1.251123925174E+02,  0.0056
    462570,      2603,  1.251123914223E+02,  0.0056
    468195,      2604,  1.251123913697E+02,  0.0056
    469565,      2605,  1.251122944465E+02,  0.0055
    469703,      2606,  1.251122900854E+02,  0.0055
    472834,      2607,  1.251122883203E+02,  0.0055
    477189,      2608,  1.251122842253E+02,  0.0055
    477558,      2609,  1.251118611996E+02,  0.0055
    480873,      2610,  1.251114991782E+02,  0.0054
    483250,      2611,  1.251114988306E+02,  0.0054
    484830,      2612,  1.251114983219E+02,  0.0054
    484983,      2613,  1.251114974360E+02,  0.0054
    491838,      2614,  1.251114911301E+02,  0.0053
    492805,      2615,  1.251114825175E+02,  0.0053
    493090,      2616,  1.251114822108E+02,  0.0053
    495646,      2617,  1.251114783586E+02,  0.0053
    496142,      2618,  1.251114690742E+02,  0.0053
