iteration,accepted_count,energy,acceptance_rate
         0,         0,  3.865265005582E+02,  0.0000
         7,         1,  3.862611307204E+02,  0.1429
         8,         2,  2.925992218856E+02,  0.2500
        12,         3,  2.922561411212E+02,  0.2500
        18,         4,  2.922015162711E+02,  0.2222
        19,         5,  2.921271692593E+02,  0.2632
        28,         6,  2.919893448536E+02,  0.2143
        29,         7,  1.965250260823E+02,  0.2414
        33,         8,  1.962333688054E+02,  0.2424
        34,         9,  1.959561951506E+02,  0.2647
        35,        10,  1.958888141799E+02,  0.2857
        37,        11,  1.958187202409E+02,  0.2973
        39,        12,  1.958096936307E+02,  0.3077
        41,        13,  1.957405564469E+02,  0.3171
        45,        14,  1.956081196517E+02,  0.3111
        48,        15,  1.927308379528E+02,  0.3125
        49,        16,  1.901119990772E+02,  0.3265
        50,        17,  1.899702280238E+02,  0.3400
        52,        18,  1.899317719784E+02,  0.3462
        54,        19,  1.882138835067E+02,  0.3519
        55,        20,  1.880812591622E+02,  0.3636
        57,        21,  1.879267521135E+02,  0.3684
        59,        22,  1.878202838911E+02,  0.3729
        60,        23,  1.877585091869E+02,  0.3833
        61,        24,  1.877148264233E+02,  0.3934
        64,        25,  1.875249461242E+02,  0.3906
        67,        26,  1.873774407771E+02,  0.3881
        72,        27,  1.873025347242E+02,  0.3750
        76,        28,  1.872563162311E+02,  0.3684
        77,        29,  1.871547043878E+02,  0.3766
        80,        30,  1.871373050075E+02,  0.3750
        83,        31,  1.871324166946E+02,  0.3735
        85,        32,  1.871104733784E+02,  0.3765
        87,        33,  1.868513710985E+02,  0.3793
        88,        34,  1.868445057531E+02,  0.3864
        89,        35,  1.865751139953E+02,  0.3933
        90,        36,  1.865070774269E+02,  0.4000
        92,        37,  1.864630568210E+02,  0.4022
        93,        38,  1.864192187527E+02,  0.4086
        94,        39,  1.861938172149E+02,  0.4149
        95,        40,  1.860185051364E+02,  0.4211
        97,        41,  1.859639469898E+02,  0.4227
        98,        42,  1.858847995311E+02,  0.4286
        99,        43,  1.853772070005E+02,  0.4343
       100,        44,  1.853223066325E+02,  0.4400
       103,        45,  1.852147288597E+02,  0.4369
       104,        46,  1.852006225020E+02,  0.4423
       108,        47,  1.850938806294E+02,  0.4352
       113,        48,  1.848258092597E+02,  0.4248
       114,        49,  1.848136279187E+02,  0.4298
       116,        50,  1.848123400023E+02,  0.4310
       117,        51,  1.841990777587E+02,  0.4359
       118,        52,  1.840962398077E+02,  0.4407
       119,        53,  1.837591726330E+02,  0.4454
       125,        54,  1.835890130350E+02,  0.4320
       127,        55,  1.835788083882E+02,  0.4331
       128,        56,  1.834951992943E+02,  0.4375
       129,        57,  1.832784998738E+02,  0.4419
       132,        58,  1.823991107167E+02,  0.4394
       134,        59,  1.823067080588E+02,  0.4403
       136,        60,  1.819114610173E+02,  0.4412
       137,        61,  1.818919027557E+02,  0.4453
       138,        62,  1.818382383348E+02,  0.4493
       139,        63,  1.818158618146E+02,  0.4532
       140,        64,  1.817475044626E+02,  0.4571
       142,        65,  1.817254816707E+02,  0.4577
       143,        66,  1.816745602968E+02,  0.4615
       145,        67,  1.815463780103E+02,  0.4621
       146,        68,  1.815302717079E+02,  0.4658
       148,        69,  1.814868828397E+02,  0.4662
       153,        70,  1.813315449723E+02,  0.4575
       155,        71,  1.809039550862E+02,  0.4581
       156,        72,  1.807539990551E+02,  0.4615
       158,        73,  1.806959722397E+02,  0.4620
       160,        74,  1.804848353171E+02,  0.4625
       162,        75,  1.802870095869E+02,  0.4630
       164,        76,  1.798503029625E+02,  0.4634
       165,        77,  1.798315549854E+02,  0.4667
       166,        78,  1.798278646709E+02,  0.4699
       167,        79,  1.798120826605E+02,  0.4731
       168,        80,  1.797703428934E+02,  0.4762
       171,        81,  1.795572313307E+02,  0.4737
       172,        82,  1.795349770224E+02,  0.4767
       174,        83,  1.794240596242E+02,  0.4770
       175,        84,  1.793190764311E+02,  0.4800
       176,        85,  1.792461908356E+02,  0.4830
       177,        86,  1.792421094491E+02,  0.4859
       178,        87,  1.792303778710E+02,  0.4888
       179,        88,  1.791035881413E+02,  0.4916
       181,        89,  1.790157415504E+02,  0.4917
       183,        90,  1.790005299081E+02,  0.4918
       188,        91,  1.789654575534E+02,  0.4840
       189,        92,  1.787880255751E+02,  0.4868
       190,        93,  1.787115486297E+02,  0.4895
       191,        94,  1.784691955557E+02,  0.4921
       192,        95,  1.784670470143E+02,  0.4948
       193,        96,  1.784315447832E+02,  0.4974
       194,        97,  1.784290569365E+02,  0.5000
       198,        98,  1.782295333134E+02,  0.4949
       202,        99,  1.781209522364E+02,  0.4901
       206,       100,  1.780963532594E+02,  0.4854
       208,       101,  1.780393341659E+02,  0.4856
       213,       102,  1.777843838131E+02,  0.4789
       214,       103,  1.777696829780E+02,  0.4813
       217,       104,  1.777494318931E+02,  0.4793
       219,       105,  1.776535022644E+02,  0.4795
       220,       106,  1.776270701376E+02,  0.4818
       221,       107,  1.775225575504E+02,  0.4842
       222,       108,  1.774685470250E+02,  0.4865
       223,       109,  1.773765177679E+02,  0.4888
       226,       110,  1.773070155704E+02,  0.4867
       228,       111,  1.772376328120E+02,  0.4868
       229,       112,  1.772168627963E+02,  0.4891
       231,       113,  1.772133890084E+02,  0.4892
       232,       114,  1.771544537985E+02,  0.4914
       239,       115,  1.769811057247E+02,  0.4812
       243,       116,  1.768710192412E+02,  0.4774
       248,       117,  1.766881900426E+02,  0.4718
       250,       118,  1.765392814804E+02,  0.4720
       251,       119,  1.765288773429E+02,  0.4741
       252,       120,  1.764993632621E+02,  0.4762
       253,       121,  1.764724352204E+02,  0.4783
       254,       122,  1.764238267450E+02,  0.4803
       258,       123,  1.762262532626E+02,  0.4767
       260,       124,  1.762041561473E+02,  0.4769
       261,       125,  1.758237936746E+02,  0.4789
       262,       126,  1.757201572559E+02,  0.4809
       263,       127,  1.756430499672E+02,  0.4829
       265,       128,  1.755951204692E+02,  0.4830
       267,       129,  1.755361256171E+02,  0.4831
       269,       130,  1.754804791631E+02,  0.4833
       270,       131,  1.754320889737E+02,  0.4852
       273,       132,  1.754045446676E+02,  0.4835
       274,       133,  1.753803085015E+02,  0.4854
       275,       134,  1.752775341418E+02,  0.4873
       276,       135,  1.752256119623E+02,  0.4891
       277,       136,  1.749096150632E+02,  0.4910
       278,       137,  1.747829996456E+02,  0.4928
       279,       138,  1.746749986538E+02,  0.4946
       280,       139,  1.745450647205E+02,  0.4964
       281,       140,  1.744889289794E+02,  0.4982
       282,       141,  1.743990987018E+02,  0.5000
       283,       142,  1.742299315443E+02,  0.5018
       284,       143,  1.742214836838E+02,  0.5035
       285,       144,  1.741430637142E+02,  0.5053
       286,       145,  1.741081620957E+02,  0.5070
       289,       146,  1.740760142041E+02,  0.5052
       290,       147,  1.739560784314E+02,  0.5069
       291,       148,  1.738786302131E+02,  0.5086
       292,       149,  1.738199747121E+02,  0.5103
       293,       150,  1.737788809079E+02,  0.5119
       295,       151,  1.736160771308E+02,  0.5119
       296,       152,  1.735801279600E+02,  0.5135
       297,       153,  1.735328188391E+02,  0.5152
       299,       154,  1.734199572628E+02,  0.5151
       301,       155,  1.733740016945E+02,  0.5150
       302,       156,  1.732317961828E+02,  0.5166
       306,       157,  1.731282882644E+02,  0.5131
       307,       158,  1.729600023180E+02,  0.5147
       308,       159,  1.729535816089E+02,  0.5162
       309,       160,  1.729084224989E+02,  0.5178
       311,       161,  1.728241165125E+02,  0.5177
       313,       162,  1.727255216595E+02,  0.5176
       314,       163,  1.726417943398E+02,  0.5191
       316,       164,  1.725390277624E+02,  0.5190
       319,       165,  1.724601376831E+02,  0.5172
       320,       166,  1.724398892998E+02,  0.5188
       324,       167,  1.724240270365E+02,  0.5154
       329,       168,  1.724180627111E+02,  0.5106
       333,       169,  1.723594129417E+02,  0.5075
       335,       170,  1.722837818033E+02,  0.5075
       336,       171,  1.722739956624E+02,  0.5089
       340,       172,  1.722029357792E+02,  0.5059
       342,       173,  1.720658742744E+02,  0.5058
       343,       174,  1.720546248909E+02,  0.5073
       348,       175,  1.720011525591E+02,  0.5029
       349,       176,  1.719803924731E+02,  0.5043
       352,       177,  1.718877705826E+02,  0.5028
       355,       178,  1.718459484035E+02,  0.5014
       356,       179,  1.718253809911E+02,  0.5028
       359,       180,  1.716771140890E+02,  0.5014
       363,       181,  1.716750213651E+02,  0.4986
       373,       182,  1.716638721905E+02,  0.4879
       374,       183,  1.715070120385E+02,  0.4893
       375,       184,  1.714724029488E+02,  0.4907
       377,       185,  1.713773527845E+02,  0.4907
       378,       186,  1.713296203556E+02,  0.4921
       379,       187,  1.713100542228E+02,  0.4934
       380,       188,  1.712241253047E+02,  0.4947
       384,       189,  1.710917267464E+02,  0.4922
       386,       190,  1.710617373905E+02,  0.4922
       387,       191,  1.709944942446E+02,  0.4935
       390,       192,  1.709075199143E+02,  0.4923
       392,       193,  1.708533181596E+02,  0.4923
       394,       194,  1.707477273937E+02,  0.4924
       396,       195,  1.706087526585E+02,  0.4924
       398,       196,  1.705945252345E+02,  0.4925
       399,       197,  1.705769972716E+02,  0.4937
       400,       198,  1.705346781499E+02,  0.4950
       406,       199,  1.703933895950E+02,  0.4901
       407,       200,  1.702903276207E+02,  0.4914
       409,       201,  1.702846056814E+02,  0.4914
       417,       202,  1.701962272609E+02,  0.4844
       418,       203,  1.701656106820E+02,  0.4856
       419,       204,  1.701102747333E+02,  0.4869
       420,       205,  1.700329085930E+02,  0.4881
       421,       206,  1.700152869970E+02,  0.4893
       422,       207,  1.699192566815E+02,  0.4905
       423,       208,  1.698260448108E+02,  0.4917
       425,       209,  1.697827666123E+02,  0.4918
       429,       210,  1.697329993287E+02,  0.4895
       434,       211,  1.696840431481E+02,  0.4862
       436,       212,  1.694524750699E+02,  0.4862
       437,       213,  1.694003302225E+02,  0.4874
       438,       214,  1.693623489582E+02,  0.4886
       439,       215,  1.693497895959E+02,  0.4897
       448,       216,  1.693486953918E+02,  0.4821
       449,       217,  1.693281532172E+02,  0.4833
       450,       218,  1.693253900615E+02,  0.4844
       451,       219,  1.692672944419E+02,  0.4856
       453,       220,  1.691680245465E+02,  0.4857
       454,       221,  1.691037962862E+02,  0.4868
       455,       222,  1.690404248793E+02,  0.4879
       456,       223,  1.689518193155E+02,  0.4890
       458,       224,  1.688945379973E+02,  0.4891
       460,       225,  1.688750415056E+02,  0.4891
       465,       226,  1.688744398797E+02,  0.4860
       468,       227,  1.688718731498E+02,  0.4850
       473,       228,  1.687375637697E+02,  0.4820
       478,       229,  1.685914631943E+02,  0.4791
       479,       230,  1.685525708530E+02,  0.4802
       480,       231,  1.684687565646E+02,  0.4813
       481,       232,  1.683807817724E+02,  0.4823
       488,       233,  1.683771328432E+02,  0.4775
       491,       234,  1.683572450220E+02,  0.4766
       494,       235,  1.683132090070E+02,  0.4757
       495,       236,  1.682934977625E+02,  0.4768
       496,       237,  1.681557349281E+02,  0.4778
       497,       238,  1.680712534486E+02,  0.4789
       498,       239,  1.679466094228E+02,  0.4799
       501,       240,  1.679404535699E+02,  0.4790
       502,       241,  1.677497196908E+02,  0.4801
       505,       242,  1.677399601897E+02,  0.4792
       507,       243,  1.677369746966E+02,  0.4793
       511,       244,  1.677001643624E+02,  0.4775
       513,       245,  1.676568933796E+02,  0.4776
       514,       246,  1.675725730677E+02,  0.4786
       516,       247,  1.675633735541E+02,  0.4787
       517,       248,  1.674999095632E+02,  0.4797
       520,       249,  1.673822231615E+02,  0.4788
       523,       250,  1.673597037052E+02,  0.4780
       525,       251,  1.673471627787E+02,  0.4781
       526,       252,  1.672559025187E+02,  0.4791
       527,       253,  1.670686732866E+02,  0.4801
       529,       254,  1.669397252724E+02,  0.4802
       531,       255,  1.668601816454E+02,  0.4802
       532,       256,  1.668405341726E+02,  0.4812
       538,       257,  1.667524837262E+02,  0.4777
       540,       258,  1.667299885531E+02,  0.4778
       541,       259,  1.667171221216E+02,  0.4787
       545,       260,  1.666560430186E+02,  0.4771
       546,       261,  1.666338730320E+02,  0.4780
       548,       262,  1.666188607422E+02,  0.4781
       550,       263,  1.666004396271E+02,  0.4782
       552,       264,  1.665988757630E+02,  0.4783
       553,       265,  1.662987428565E+02,  0.4792
       554,       266,  1.662493683634E+02,  0.4801
       555,       267,  1.662231573803E+02,  0.4811
       557,       268,  1.661604156970E+02,  0.4811
       558,       269,  1.661479066073E+02,  0.4821
       559,       270,  1.660289862277E+02,  0.4830
       561,       271,  1.659870559707E+02,  0.4831
       562,       272,  1.659665104512E+02,  0.4840
       564,       273,  1.658710292434E+02,  0.4840
       565,       274,  1.658449687206E+02,  0.4850
       569,       275,  1.657399775207E+02,  0.4833
       570,       276,  1.657355354987E+02,  0.4842
       572,       277,  1.657344677746E+02,  0.4843
       574,       278,  1.655963442772E+02,  0.4843
       577,       279,  1.655922706719E+02,  0.4835
       581,       280,  1.654074106307E+02,  0.4819
       587,       281,  1.653959918794E+02,  0.4787
       592,       282,  1.653702159821E+02,  0.4764
       593,       283,  1.652919418603E+02,  0.4772
       596,       284,  1.652557537514E+02,  0.4765
       597,       285,  1.652531676707E+02,  0.4774
       602,       286,  1.652313283400E+02,  0.4751
       604,       287,  1.651898597111E+02,  0.4752
       605,       288,  1.650889107561E+02,  0.4760
       608,       289,  1.649862220962E+02,  0.4753
       609,       290,  1.649293272958E+02,  0.4762
       610,       291,  1.648973469855E+02,  0.4770
       611,       292,  1.647344625162E+02,  0.4779
       612,       293,  1.646216347281E+02,  0.4788
       613,       294,  1.645761002067E+02,  0.4796
       614,       295,  1.645760750261E+02,  0.4805
       615,       296,  1.645710001295E+02,  0.4813
       617,       297,  1.645557911352E+02,  0.4814
       618,       298,  1.645249899867E+02,  0.4822
       620,       299,  1.645204050879E+02,  0.4823
       626,       300,  1.644741713702E+02,  0.4792
       629,       301,  1.643420085954E+02,  0.4785
       633,       302,  1.643168275111E+02,  0.4771
       641,       303,  1.642935189861E+02,  0.4727
       643,       304,  1.642421882806E+02,  0.4728
       645,       305,  1.642315784754E+02,  0.4729
       649,       306,  1.641944745639E+02,  0.4715
       650,       307,  1.640983681989E+02,  0.4723
       652,       308,  1.640062388757E+02,  0.4724
       653,       309,  1.639266583116E+02,  0.4732
       654,       310,  1.639103719448E+02,  0.4740
       657,       311,  1.638934260170E+02,  0.4734
       658,       312,  1.632671278317E+02,  0.4742
       659,       313,  1.632186097229E+02,  0.4750
       661,       314,  1.631635548525E+02,  0.4750
       665,       315,  1.630663318169E+02,  0.4737
       666,       316,  1.630276578565E+02,  0.4745
       668,       317,  1.625227682722E+02,  0.4746
       669,       318,  1.624735173648E+02,  0.4753
       675,       319,  1.624692714273E+02,  0.4726
       676,       320,  1.624340914565E+02,  0.4734
       678,       321,  1.624254595797E+02,  0.4735
       679,       322,  1.623810142895E+02,  0.4742
       681,       323,  1.623438346576E+02,  0.4743
       682,       324,  1.622894048379E+02,  0.4751
       684,       325,  1.621483070629E+02,  0.4751
       685,       326,  1.620387222995E+02,  0.4759
       687,       327,  1.620289529889E+02,  0.4760
       688,       328,  1.620206985514E+02,  0.4767
       690,       329,  1.618820023887E+02,  0.4768
       692,       330,  1.618671145475E+02,  0.4769
       693,       331,  1.618036083550E+02,  0.4776
       696,       332,  1.617088729657E+02,  0.4770
       697,       333,  1.616248631439E+02,  0.4778
       699,       334,  1.615715735249E+02,  0.4778
       701,       335,  1.615053788435E+02,  0.4779
       702,       336,  1.614852039492E+02,  0.4786
       704,       337,  1.614636961145E+02,  0.4787
       706,       338,  1.613021593030E+02,  0.4788
       712,       339,  1.612796540424E+02,  0.4761
       713,       340,  1.612306034867E+02,  0.4769
       715,       341,  1.609949661802E+02,  0.4769
       716,       342,  1.609912425385E+02,  0.4777
       718,       343,  1.609613028967E+02,  0.4777
       719,       344,  1.609486713596E+02,  0.4784
       726,       345,  1.609160680226E+02,  0.4752
       730,       346,  1.608884522170E+02,  0.4740
       732,       347,  1.608528355968E+02,  0.4740
       733,       348,  1.608087562869E+02,  0.4748
       737,       349,  1.607566887544E+02,  0.4735
       738,       350,  1.607423305603E+02,  0.4743
       739,       351,  1.606537716184E+02,  0.4750
       741,       352,  1.606477497722E+02,  0.4750
       743,       353,  1.605665278638E+02,  0.4751
       744,       354,  1.603187247530E+02,  0.4758
       745,       355,  1.601269619963E+02,  0.4765
       746,       356,  1.601199199739E+02,  0.4772
       747,       357,  1.600091995820E+02,  0.4779
       748,       358,  1.599341000288E+02,  0.4786
       749,       359,  1.598876344245E+02,  0.4793
       750,       360,  1.598685752262E+02,  0.4800
       755,       361,  1.598487766505E+02,  0.4781
       756,       362,  1.597170098447E+02,  0.4788
       761,       363,  1.596065043586E+02,  0.4770
       766,       364,  1.595689576013E+02,  0.4752
       769,       365,  1.595299853780E+02,  0.4746
       771,       366,  1.595273641927E+02,  0.4747
       778,       367,  1.595223546279E+02,  0.4717
       779,       368,  1.594234805667E+02,  0.4724
       781,       369,  1.593879396475E+02,  0.4725
       782,       370,  1.592892204643E+02,  0.4731
       785,       371,  1.591305289853E+02,  0.4726
       788,       372,  1.591117046468E+02,  0.4721
       790,       373,  1.590333620834E+02,  0.4722
       791,       374,  1.589966479763E+02,  0.4728
       794,       375,  1.589774441770E+02,  0.4723
       795,       376,  1.589148345373E+02,  0.4730
       796,       377,  1.589136328389E+02,  0.4736
       797,       378,  1.588498034865E+02,  0.4743
       800,       379,  1.588305643308E+02,  0.4738
       805,       380,  1.588305598062E+02,  0.4720
       806,       381,  1.588145884228E+02,  0.4727
       808,       382,  1.587897888249E+02,  0.4728
       811,       383,  1.587825793782E+02,  0.4723
       812,       384,  1.587519615809E+02,  0.4729
       813,       385,  1.587502529776E+02,  0.4736
       814,       386,  1.587334881740E+02,  0.4742
       818,       387,  1.587110335446E+02,  0.4731
       820,       388,  1.586845507817E+02,  0.4732
       821,       389,  1.586498782610E+02,  0.4738
       822,       390,  1.585288730164E+02,  0.4745
       823,       391,  1.584972059092E+02,  0.4751
       824,       392,  1.584329748659E+02,  0.4757
       825,       393,  1.583258349425E+02,  0.4764
       829,       394,  1.583106179051E+02,  0.4753
       831,       395,  1.583077197814E+02,  0.4753
       833,       396,  1.582412086278E+02,  0.4754
       834,       397,  1.582177240363E+02,  0.4760
       835,       398,  1.581916820925E+02,  0.4766
       837,       399,  1.581647119492E+02,  0.4767
       838,       400,  1.581323152185E+02,  0.4773
       839,       401,  1.580281282907E+02,  0.4779
       840,       402,  1.577012693891E+02,  0.4786
       841,       403,  1.575927415540E+02,  0.4792
       844,       404,  1.575684935868E+02,  0.4787
       845,       405,  1.575605566021E+02,  0.4793
       850,       406,  1.575595516813E+02,  0.4776
       851,       407,  1.573780892425E+02,  0.4783
       858,       408,  1.573315272203E+02,  0.4755
       860,       409,  1.573311733003E+02,  0.4756
       862,       410,  1.573300640207E+02,  0.4756
       865,       411,  1.572874430974E+02,  0.4751
       867,       412,  1.572743124172E+02,  0.4752
       868,       413,  1.572532462564E+02,  0.4758
       869,       414,  1.571577766269E+02,  0.4764
       870,       415,  1.570888422389E+02,  0.4770
       873,       416,  1.569995109080E+02,  0.4765
       874,       417,  1.569917939446E+02,  0.4771
       876,       418,  1.569750255335E+02,  0.4772
       877,       419,  1.568383569093E+02,  0.4778
       878,       420,  1.567970684425E+02,  0.4784
       880,       421,  1.567895400716E+02,  0.4784
       882,       422,  1.567207462101E+02,  0.4785
       883,       423,  1.567145686983E+02,  0.4790
       884,       424,  1.566240970553E+02,  0.4796
       886,       425,  1.565838321490E+02,  0.4797
       889,       426,  1.565509200655E+02,  0.4792
       891,       427,  1.565494996348E+02,  0.4792
       897,       428,  1.565277670702E+02,  0.4771
       900,       429,  1.565227824054E+02,  0.4767
       902,       430,  1.565082353256E+02,  0.4767
       903,       431,  1.564531615233E+02,  0.4773
       904,       432,  1.564003566241E+02,  0.4779
       906,       433,  1.562756933128E+02,  0.4779
       909,       434,  1.562714306465E+02,  0.4774
       910,       435,  1.562593577463E+02,  0.4780
       911,       436,  1.562508799832E+02,  0.4786
       914,       437,  1.562304182118E+02,  0.4781
       918,       438,  1.561731194327E+02,  0.4771
       920,       439,  1.561573177432E+02,  0.4772
       925,       440,  1.561273629661E+02,  0.4757
       926,       441,  1.560950723945E+02,  0.4762
       927,       442,  1.559838980486E+02,  0.4768
       928,       443,  1.559764474564E+02,  0.4774
       929,       444,  1.558574397295E+02,  0.4779
       931,       445,  1.558032518396E+02,  0.4780
       932,       446,  1.558011313478E+02,  0.4785
       933,       447,  1.557948976671E+02,  0.4791
       938,       448,  1.557758843390E+02,  0.4776
       939,       449,  1.557287582293E+02,  0.4782
       940,       450,  1.557265865521E+02,  0.4787
       942,       451,  1.555986305045E+02,  0.4788
       944,       452,  1.555677557752E+02,  0.4788
       945,       453,  1.555401856229E+02,  0.4794
       948,       454,  1.555028153858E+02,  0.4789
       950,       455,  1.553994524089E+02,  0.4789
       952,       456,  1.553515004986E+02,  0.4790
       956,       457,  1.553423508438E+02,  0.4780
       958,       458,  1.553366936620E+02,  0.4781
       959,       459,  1.553055682126E+02,  0.4786
       960,       460,  1.552317140943E+02,  0.4792
       964,       461,  1.551504381032E+02,  0.4782
       965,       462,  1.551193185563E+02,  0.4788
       969,       463,  1.550191675372E+02,  0.4778
       970,       464,  1.549566266680E+02,  0.4784
       971,       465,  1.549563214340E+02,  0.4789
       972,       466,  1.549561368988E+02,  0.4794
       973,       467,  1.549426491760E+02,  0.4800
       977,       468,  1.549126635407E+02,  0.4790
       978,       469,  1.547602502961E+02,  0.4796
       980,       470,  1.547524988004E+02,  0.4796
       982,       471,  1.547428371801E+02,  0.4796
       983,       472,  1.547217144278E+02,  0.4802
       988,       473,  1.547105855417E+02,  0.4787
       991,       474,  1.546550687108E+02,  0.4783
       993,       475,  1.545912340680E+02,  0.4783
       995,       476,  1.545135511166E+02,  0.4784
       996,       477,  1.544993381447E+02,  0.4789
       999,       478,  1.544788181515E+02,  0.4785
      1001,       479,  1.543661690205E+02,  0.4785
      1003,       480,  1.543589044291E+02,  0.4786
      1006,       481,  1.543350650732E+02,  0.4781
      1007,       482,  1.543259218607E+02,  0.4786
      1010,       483,  1.543120229973E+02,  0.4782
      1014,       484,  1.541725056513E+02,  0.4773
      1015,       485,  1.541227855175E+02,  0.4778
      1017,       486,  1.540640366351E+02,  0.4779
      1022,       487,  1.540405268997E+02,  0.4765
      1025,       488,  1.538670154589E+02,  0.4761
      1026,       489,  1.538581117982E+02,  0.4766
      1027,       490,  1.538118877731E+02,  0.4771
      1032,       491,  1.538016324838E+02,  0.4758
      1033,       492,  1.537722504422E+02,  0.4763
      1034,       493,  1.537391755722E+02,  0.4768
      1045,       494,  1.537079533372E+02,  0.4727
      1046,       495,  1.537022360245E+02,  0.4732
      1048,       496,  1.535593038761E+02,  0.4733
      1049,       497,  1.535510746630E+02,  0.4738
      1051,       498,  1.534352121756E+02,  0.4738
      1054,       499,  1.534313392616E+02,  0.4734
      1055,       500,  1.534048263464E+02,  0.4739
      1057,       501,  1.533952960541E+02,  0.4740
      1060,       502,  1.533865760664E+02,  0.4736
      1061,       503,  1.533048150604E+02,  0.4741
      1063,       504,  1.532972816673E+02,  0.4741
      1064,       505,  1.532847305954E+02,  0.4746
      1066,       506,  1.532712923714E+02,  0.4747
      1068,       507,  1.531995383477E+02,  0.4747
      1073,       508,  1.531044423320E+02,  0.4734
      1077,       509,  1.530823334100E+02,  0.4726
      1080,       510,  1.530760192062E+02,  0.4722
      1081,       511,  1.530405638899E+02,  0.4727
      1083,       512,  1.530183194333E+02,  0.4728
      1089,       513,  1.529794470203E+02,  0.4711
      1092,       514,  1.529384514280E+02,  0.4707
      1095,       515,  1.529037108766E+02,  0.4703
      1098,       516,  1.528738588142E+02,  0.4699
      1099,       517,  1.528474170839E+02,  0.4704
      1100,       518,  1.528449825566E+02,  0.4709
      1101,       519,  1.528056403999E+02,  0.4714
      1102,       520,  1.527225351433E+02,  0.4719
      1104,       521,  1.526230372666E+02,  0.4719
      1109,       522,  1.526170286581E+02,  0.4707
      1110,       523,  1.525773961170E+02,  0.4712
      1111,       524,  1.525330485212E+02,  0.4716
      1112,       525,  1.524752491445E+02,  0.4721
      1113,       526,  1.524534799534E+02,  0.4726
      1119,       527,  1.524022700164E+02,  0.4710
      1121,       528,  1.523847982352E+02,  0.4710
      1122,       529,  1.523381218006E+02,  0.4715
      1124,       530,  1.523195501650E+02,  0.4715
      1127,       531,  1.523163779336E+02,  0.4712
      1131,       532,  1.522735569793E+02,  0.4704
      1133,       533,  1.522438009639E+02,  0.4704
      1135,       534,  1.522143652739E+02,  0.4705
      1136,       535,  1.521997897386E+02,  0.4710
      1142,       536,  1.521217111048E+02,  0.4694
      1143,       537,  1.520564482961E+02,  0.4698
      1149,       538,  1.519649313023E+02,  0.4682
      1150,       539,  1.518827058921E+02,  0.4687
      1154,       540,  1.518720801004E+02,  0.4679
      1159,       541,  1.518379392530E+02,  0.4668
      1160,       542,  1.517979986095E+02,  0.4672
      1163,       543,  1.517424466145E+02,  0.4669
      1164,       544,  1.515691325922E+02,  0.4674
      1165,       545,  1.514817879200E+02,  0.4678
      1166,       546,  1.514531157826E+02,  0.4683
      1167,       547,  1.514307525666E+02,  0.4687
      1172,       548,  1.514096505270E+02,  0.4676
      1174,       549,  1.513526546419E+02,  0.4676
      1175,       550,  1.513309233600E+02,  0.4681
      1176,       551,  1.511884721441E+02,  0.4685
      1177,       552,  1.511425030151E+02,  0.4690
      1179,       553,  1.509871312735E+02,  0.4690
      1182,       554,  1.509806486040E+02,  0.4687
      1183,       555,  1.509732867168E+02,  0.4691
      1185,       556,  1.508678898658E+02,  0.4692
      1198,       557,  1.507873581422E+02,  0.4649
      1199,       558,  1.507853193017E+02,  0.4654
      1200,       559,  1.506630851952E+02,  0.4658
      1205,       560,  1.506512612660E+02,  0.4647
      1206,       561,  1.506378607988E+02,  0.4652
      1207,       562,  1.506312725371E+02,  0.4656
      1208,       563,  1.506241596890E+02,  0.4661
      1210,       564,  1.505776267168E+02,  0.4661
      1213,       565,  1.505068392212E+02,  0.4658
      1214,       566,  1.504465511354E+02,  0.4662
      1220,       567,  1.504097488661E+02,  0.4648
      1223,       568,  1.504038666877E+02,  0.4644
      1224,       569,  1.503963940884E+02,  0.4649
      1227,       570,  1.502836754307E+02,  0.4645
      1228,       571,  1.502650843411E+02,  0.4650
      1229,       572,  1.502518083508E+02,  0.4654
      1230,       573,  1.501809813091E+02,  0.4659
      1231,       574,  1.501656127464E+02,  0.4663
      1233,       575,  1.501111944508E+02,  0.4663
      1238,       576,  1.500724322390E+02,  0.4653
      1239,       577,  1.500364271913E+02,  0.4657
      1244,       578,  1.500076317010E+02,  0.4646
      1246,       579,  1.499992458979E+02,  0.4647
      1249,       580,  1.498318512761E+02,  0.4644
      1253,       581,  1.498236769312E+02,  0.4637
      1256,       582,  1.497770271153E+02,  0.4634
      1259,       583,  1.496939116921E+02,  0.4631
      1260,       584,  1.496539594791E+02,  0.4635
      1261,       585,  1.495319635276E+02,  0.4639
      1264,       586,  1.495218484996E+02,  0.4636
      1267,       587,  1.495061940963E+02,  0.4633
      1269,       588,  1.495052291807E+02,  0.4634
      1270,       589,  1.494815275759E+02,  0.4638
      1273,       590,  1.494766676928E+02,  0.4635
      1275,       591,  1.494352166236E+02,  0.4635
      1277,       592,  1.494321893183E+02,  0.4636
      1280,       593,  1.493764535207E+02,  0.4633
      1282,       594,  1.492696451322E+02,  0.4633
      1284,       595,  1.492634912881E+02,  0.4634
      1286,       596,  1.492599309308E+02,  0.4635
      1289,       597,  1.492586726081E+02,  0.4631
      1290,       598,  1.492558172662E+02,  0.4636
      1293,       599,  1.492272555458E+02,  0.4633
      1295,       600,  1.491936592457E+02,  0.4633
      1296,       601,  1.491849232781E+02,  0.4637
      1297,       602,  1.490697296404E+02,  0.4641
      1298,       603,  1.490447915168E+02,  0.4646
      1303,       604,  1.489854323654E+02,  0.4635
      1306,       605,  1.489844063163E+02,  0.4632
      1307,       606,  1.489739820999E+02,  0.4637
      1308,       607,  1.489684691242E+02,  0.4641
      1314,       608,  1.489376617723E+02,  0.4627
      1315,       609,  1.489204584283E+02,  0.4631
      1317,       610,  1.488805471893E+02,  0.4632
      1322,       611,  1.488640342202E+02,  0.4622
      1324,       612,  1.488518189802E+02,  0.4622
      1326,       613,  1.488137917290E+02,  0.4623
      1329,       614,  1.487937637356E+02,  0.4620
      1330,       615,  1.487124725933E+02,  0.4624
      1332,       616,  1.487075197755E+02,  0.4625
      1334,       617,  1.486866806946E+02,  0.4625
      1336,       618,  1.486737955095E+02,  0.4626
      1337,       619,  1.485894570912E+02,  0.4630
      1341,       620,  1.485767431999E+02,  0.4623
      1344,       621,  1.485635533612E+02,  0.4621
      1345,       622,  1.485207767009E+02,  0.4625
      1347,       623,  1.485014474346E+02,  0.4625
      1350,       624,  1.483733549326E+02,  0.4622
      1352,       625,  1.483264907802E+02,  0.4623
      1353,       626,  1.483237384399E+02,  0.4627
      1360,       627,  1.482253014021E+02,  0.4610
      1362,       628,  1.482206149924E+02,  0.4611
      1365,       629,  1.482133305883E+02,  0.4608
      1367,       630,  1.482128365867E+02,  0.4609
      1368,       631,  1.482027957490E+02,  0.4613
      1370,       632,  1.481386658291E+02,  0.4613
      1371,       633,  1.481275356946E+02,  0.4617
      1374,       634,  1.481073953568E+02,  0.4614
      1378,       635,  1.480253893141E+02,  0.4608
      1380,       636,  1.480211403253E+02,  0.4609
      1383,       637,  1.479993440689E+02,  0.4606
      1384,       638,  1.479917845393E+02,  0.4610
      1386,       639,  1.479649655892E+02,  0.4610
      1390,       640,  1.479412845772E+02,  0.4604
      1393,       641,  1.478992621224E+02,  0.4602
      1394,       642,  1.478605378070E+02,  0.4605
      1395,       643,  1.478593777179E+02,  0.4609
      1396,       644,  1.477073893339E+02,  0.4613
      1400,       645,  1.476281110107E+02,  0.4607
      1401,       646,  1.476229068769E+02,  0.4611
      1402,       647,  1.474819785590E+02,  0.4615
      1407,       648,  1.474551497325E+02,  0.4606
      1416,       649,  1.474513080701E+02,  0.4583
      1419,       650,  1.474506507034E+02,  0.4581
      1425,       651,  1.474255340492E+02,  0.4568
      1427,       652,  1.473810266013E+02,  0.4569
      1429,       653,  1.473785430232E+02,  0.4570
      1435,       654,  1.473510428720E+02,  0.4557
      1436,       655,  1.473448103722E+02,  0.4561
      1437,       656,  1.473247097255E+02,  0.4565
      1439,       657,  1.473067212891E+02,  0.4566
      1440,       658,  1.472519511390E+02,  0.4569
      1446,       659,  1.472119801050E+02,  0.4557
      1449,       660,  1.472006029853E+02,  0.4555
      1451,       661,  1.471500149441E+02,  0.4555
      1452,       662,  1.471137862377E+02,  0.4559
      1454,       663,  1.470853969502E+02,  0.4560
      1456,       664,  1.470562579815E+02,  0.4560
      1464,       665,  1.470533987968E+02,  0.4542
      1466,       666,  1.470222046431E+02,  0.4543
      1467,       667,  1.470217745214E+02,  0.4547
      1468,       668,  1.470212924423E+02,  0.4550
      1469,       669,  1.469542527840E+02,  0.4554
      1473,       670,  1.469323926998E+02,  0.4549
      1475,       671,  1.469299532405E+02,  0.4549
      1477,       672,  1.468534639713E+02,  0.4550
      1478,       673,  1.468293643918E+02,  0.4553
      1482,       674,  1.468176359010E+02,  0.4548
      1484,       675,  1.467835631800E+02,  0.4549
      1485,       676,  1.467812583595E+02,  0.4552
      1486,       677,  1.466862080828E+02,  0.4556
      1489,       678,  1.466726421697E+02,  0.4553
      1490,       679,  1.465593091553E+02,  0.4557
      1493,       680,  1.465579945902E+02,  0.4555
      1494,       681,  1.465341309595E+02,  0.4558
      1496,       682,  1.465287975023E+02,  0.4559
      1503,       683,  1.465276371904E+02,  0.4544
      1504,       684,  1.464670102056E+02,  0.4548
      1505,       685,  1.464641069470E+02,  0.4551
      1511,       686,  1.464603502078E+02,  0.4540
      1514,       687,  1.464512555130E+02,  0.4538
      1515,       688,  1.463517012190E+02,  0.4541
      1518,       689,  1.463190157968E+02,  0.4539
      1525,       690,  1.462460069947E+02,  0.4525
      1528,       691,  1.461840326000E+02,  0.4522
      1530,       692,  1.461214422884E+02,  0.4523
      1534,       693,  1.459574903030E+02,  0.4518
      1537,       694,  1.459483115288E+02,  0.4515
      1542,       695,  1.459472855889E+02,  0.4507
      1543,       696,  1.458873546413E+02,  0.4511
      1545,       697,  1.458288237885E+02,  0.4511
      1546,       698,  1.458219952637E+02,  0.4515
      1547,       699,  1.457367517358E+02,  0.4518
      1548,       700,  1.457058854306E+02,  0.4522
      1555,       701,  1.456326639097E+02,  0.4508
      1556,       702,  1.455909308237E+02,  0.4512
      1557,       703,  1.455729276451E+02,  0.4515
      1558,       704,  1.455635132749E+02,  0.4519
      1560,       705,  1.455307496499E+02,  0.4519
      1564,       706,  1.454318386934E+02,  0.4514
      1570,       707,  1.453668326504E+02,  0.4503
      1575,       708,  1.453495810792E+02,  0.4495
      1585,       709,  1.452688722201E+02,  0.4473
      1587,       710,  1.451629047044E+02,  0.4474
      1590,       711,  1.451612493351E+02,  0.4472
      1592,       712,  1.451307013831E+02,  0.4472
      1593,       713,  1.450685722370E+02,  0.4476
      1597,       714,  1.450446299612E+02,  0.4471
      1599,       715,  1.450293708412E+02,  0.4472
      1603,       716,  1.449888510017E+02,  0.4467
      1604,       717,  1.449416560169E+02,  0.4470
      1606,       718,  1.449182394122E+02,  0.4471
      1613,       719,  1.449177938844E+02,  0.4458
      1614,       720,  1.448900828776E+02,  0.4461
      1615,       721,  1.448899083338E+02,  0.4464
      1616,       722,  1.448676935361E+02,  0.4468
      1617,       723,  1.448465800345E+02,  0.4471
      1619,       724,  1.448380160941E+02,  0.4472
      1621,       725,  1.448271653612E+02,  0.4473
      1623,       726,  1.448159362938E+02,  0.4473
      1626,       727,  1.448149924067E+02,  0.4471
      1628,       728,  1.447730512155E+02,  0.4472
      1629,       729,  1.447446469180E+02,  0.4475
      1635,       730,  1.447402859051E+02,  0.4465
      1637,       731,  1.446363589390E+02,  0.4465
      1640,       732,  1.446207449799E+02,  0.4463
      1643,       733,  1.446074257083E+02,  0.4461
      1647,       734,  1.446021581759E+02,  0.4457
      1648,       735,  1.445984333048E+02,  0.4460
      1652,       736,  1.445053879323E+02,  0.4455
      1654,       737,  1.444925686368E+02,  0.4456
      1655,       738,  1.444923008840E+02,  0.4459
      1656,       739,  1.444776221941E+02,  0.4463
      1660,       740,  1.444177321021E+02,  0.4458
      1670,       741,  1.444144537613E+02,  0.4437
      1671,       742,  1.443047796405E+02,  0.4440
      1672,       743,  1.442942198733E+02,  0.4444
      1673,       744,  1.442503262967E+02,  0.4447
      1676,       745,  1.442430648583E+02,  0.4445
      1677,       746,  1.442426252273E+02,  0.4448
      1679,       747,  1.441499647537E+02,  0.4449
      1680,       748,  1.441389377184E+02,  0.4452
      1681,       749,  1.441231749849E+02,  0.4456
      1683,       750,  1.441167177313E+02,  0.4456
      1684,       751,  1.440654858507E+02,  0.4460
      1690,       752,  1.440511946885E+02,  0.4450
      1693,       753,  1.440217204998E+02,  0.4448
      1694,       754,  1.440099508577E+02,  0.4451
      1696,       755,  1.439409593950E+02,  0.4452
      1700,       756,  1.439376293038E+02,  0.4447
      1703,       757,  1.438848322438E+02,  0.4445
      1709,       758,  1.438255581270E+02,  0.4435
      1712,       759,  1.437726721633E+02,  0.4433
      1713,       760,  1.437420079717E+02,  0.4437
      1718,       761,  1.437411832997E+02,  0.4430
      1719,       762,  1.437162248009E+02,  0.4433
      1722,       763,  1.437133330431E+02,  0.4431
      1723,       764,  1.436659771619E+02,  0.4434
      1728,       765,  1.435769193859E+02,  0.4427
      1731,       766,  1.435721993341E+02,  0.4425
      1741,       767,  1.435390988560E+02,  0.4406
      1748,       768,  1.435229978625E+02,  0.4394
      1749,       769,  1.434602863294E+02,  0.4397
      1750,       770,  1.434505820893E+02,  0.4400
      1756,       771,  1.434423665910E+02,  0.4391
      1757,       772,  1.433927073461E+02,  0.4394
      1758,       773,  1.433841101455E+02,  0.4397
      1760,       774,  1.433779394706E+02,  0.4398
      1762,       775,  1.433555799803E+02,  0.4398
      1765,       776,  1.433460925647E+02,  0.4397
      1770,       777,  1.433036807133E+02,  0.4390
      1777,       778,  1.432951791250E+02,  0.4378
      1780,       779,  1.432597484208E+02,  0.4376
      1781,       780,  1.432586477126E+02,  0.4380
      1783,       781,  1.432138429557E+02,  0.4380
      1792,       782,  1.432015136468E+02,  0.4364
      1800,       783,  1.431680396450E+02,  0.4350
      1804,       784,  1.431466929474E+02,  0.4346
      1806,       785,  1.431442995728E+02,  0.4347
      1809,       786,  1.431374939745E+02,  0.4345
      1821,       787,  1.431233646687E+02,  0.4322
      1830,       788,  1.431194738745E+02,  0.4306
      1835,       789,  1.430961995450E+02,  0.4300
      1836,       790,  1.430915170280E+02,  0.4303
      1837,       791,  1.430457062613E+02,  0.4306
      1839,       792,  1.430306823015E+02,  0.4307
      1841,       793,  1.430113607508E+02,  0.4307
      1847,       794,  1.430083825864E+02,  0.4299
      1848,       795,  1.429709992798E+02,  0.4302
      1850,       796,  1.429522263605E+02,  0.4303
      1851,       797,  1.428663723295E+02,  0.4306
      1853,       798,  1.428555115380E+02,  0.4307
      1854,       799,  1.427260503718E+02,  0.4310
      1860,       800,  1.426960540333E+02,  0.4301
      1863,       801,  1.426896021539E+02,  0.4300
      1865,       802,  1.426816465731E+02,  0.4300
      1870,       803,  1.425581529845E+02,  0.4294
      1878,       804,  1.425311678147E+02,  0.4281
      1879,       805,  1.425010282055E+02,  0.4284
      1881,       806,  1.424954981786E+02,  0.4285
      1883,       807,  1.424464814546E+02,  0.4286
      1885,       808,  1.424081761607E+02,  0.4286
      1886,       809,  1.423938085702E+02,  0.4290
      1891,       810,  1.423385349827E+02,  0.4283
      1897,       811,  1.423287291440E+02,  0.4275
      1898,       812,  1.422976213400E+02,  0.4278
      1899,       813,  1.422939679379E+02,  0.4281
      1900,       814,  1.422556221671E+02,  0.4284
      1901,       815,  1.422159238178E+02,  0.4287
      1903,       816,  1.422029070747E+02,  0.4288
      1904,       817,  1.422019834826E+02,  0.4291
      1905,       818,  1.421699543580E+02,  0.4294
      1911,       819,  1.421580622778E+02,  0.4286
      1913,       820,  1.421163148023E+02,  0.4286
      1914,       821,  1.420963305136E+02,  0.4289
      1919,       822,  1.420791132469E+02,  0.4283
      1920,       823,  1.420780184475E+02,  0.4286
      1922,       824,  1.420761965456E+02,  0.4287
      1923,       825,  1.420690617346E+02,  0.4290
      1924,       826,  1.420508302360E+02,  0.4293
      1925,       827,  1.420470763807E+02,  0.4296
      1930,       828,  1.419962662032E+02,  0.4290
      1932,       829,  1.419957861392E+02,  0.4291
      1934,       830,  1.419453522558E+02,  0.4292
      1936,       831,  1.419351815920E+02,  0.4292
      1937,       832,  1.419187967867E+02,  0.4295
      1940,       833,  1.419077427019E+02,  0.4294
      1943,       834,  1.417694558720E+02,  0.4292
      1949,       835,  1.417618324586E+02,  0.4284
      1957,       836,  1.417400440205E+02,  0.4272
      1958,       837,  1.417194607387E+02,  0.4275
      1959,       838,  1.416267619578E+02,  0.4278
      1963,       839,  1.416114767096E+02,  0.4274
      1965,       840,  1.415744761757E+02,  0.4275
      1967,       841,  1.415182175470E+02,  0.4276
      1971,       842,  1.414976423476E+02,  0.4272
      1974,       843,  1.414710068429E+02,  0.4271
      1976,       844,  1.413900554226E+02,  0.4271
      1989,       845,  1.413749820440E+02,  0.4248
      1994,       846,  1.413728791561E+02,  0.4243
      1996,       847,  1.413542492974E+02,  0.4243
      1997,       848,  1.413421555637E+02,  0.4246
      2001,       849,  1.412636827673E+02,  0.4243
      2002,       850,  1.412169628402E+02,  0.4246
      2003,       851,  1.412069436868E+02,  0.4249
      2004,       852,  1.411753678290E+02,  0.4251
      2006,       853,  1.411686961182E+02,  0.4252
      2010,       854,  1.411665186751E+02,  0.4249
      2011,       855,  1.411659099477E+02,  0.4252
      2014,       856,  1.411280613815E+02,  0.4250
      2017,       857,  1.410972453588E+02,  0.4249
      2018,       858,  1.410872592120E+02,  0.4252
      2020,       859,  1.410870526811E+02,  0.4252
      2022,       860,  1.409878560717E+02,  0.4253
      2023,       861,  1.409685505131E+02,  0.4256
      2027,       862,  1.409672334019E+02,  0.4253
      2028,       863,  1.409669564576E+02,  0.4255
      2029,       864,  1.408955426940E+02,  0.4258
      2030,       865,  1.408689507277E+02,  0.4261
      2031,       866,  1.408608960529E+02,  0.4264
      2033,       867,  1.408491505587E+02,  0.4265
      2036,       868,  1.408418477010E+02,  0.4263
      2039,       869,  1.408223320810E+02,  0.4262
      2040,       870,  1.408131714829E+02,  0.4265
      2041,       871,  1.408109206876E+02,  0.4268
      2042,       872,  1.408092369311E+02,  0.4270
      2043,       873,  1.408049564341E+02,  0.4273
      2047,       874,  1.407239123320E+02,  0.4270
      2048,       875,  1.406266038519E+02,  0.4272
      2053,       876,  1.405772173599E+02,  0.4267
      2055,       877,  1.405194936302E+02,  0.4268
      2057,       878,  1.405181147001E+02,  0.4268
      2058,       879,  1.404204347618E+02,  0.4271
      2062,       880,  1.404016997083E+02,  0.4268
      2068,       881,  1.403383221230E+02,  0.4260
      2072,       882,  1.403053629422E+02,  0.4257
      2077,       883,  1.402742886002E+02,  0.4251
      2078,       884,  1.402559282395E+02,  0.4254
      2082,       885,  1.402430204788E+02,  0.4251
      2089,       886,  1.402374670460E+02,  0.4241
      2092,       887,  1.402283717599E+02,  0.4240
      2093,       888,  1.402273736753E+02,  0.4243
      2094,       889,  1.400992612677E+02,  0.4245
      2099,       890,  1.400990924892E+02,  0.4240
      2102,       891,  1.400875189719E+02,  0.4239
      2104,       892,  1.400869269143E+02,  0.4240
      2107,       893,  1.400257360959E+02,  0.4238
      2109,       894,  1.400074810398E+02,  0.4239
      2110,       895,  1.399595342681E+02,  0.4242
      2116,       896,  1.398859366065E+02,  0.4234
      2118,       897,  1.397769748810E+02,  0.4235
      2126,       898,  1.397143865745E+02,  0.4224
      2128,       899,  1.397016053437E+02,  0.4225
      2131,       900,  1.396884446680E+02,  0.4223
      2133,       901,  1.396531868061E+02,  0.4224
      2134,       902,  1.395836612650E+02,  0.4227
      2138,       903,  1.395650356716E+02,  0.4224
      2142,       904,  1.395529692356E+02,  0.4220
      2146,       905,  1.395521318903E+02,  0.4217
      2150,       906,  1.395164290246E+02,  0.4214
      2151,       907,  1.394887773044E+02,  0.4217
      2155,       908,  1.394631435296E+02,  0.4213
      2156,       909,  1.394333108876E+02,  0.4216
      2159,       910,  1.394058089773E+02,  0.4215
      2163,       911,  1.393394538656E+02,  0.4212
      2166,       912,  1.393248142960E+02,  0.4211
      2171,       913,  1.393215992845E+02,  0.4205
      2173,       914,  1.393211446169E+02,  0.4206
      2175,       915,  1.393199925602E+02,  0.4207
      2178,       916,  1.392898410883E+02,  0.4206
      2180,       917,  1.392639523983E+02,  0.4206
      2181,       918,  1.392183366930E+02,  0.4209
      2183,       919,  1.391367481013E+02,  0.4210
      2185,       920,  1.390847991763E+02,  0.4211
      2186,       921,  1.390104500486E+02,  0.4213
      2188,       922,  1.390100579267E+02,  0.4214
      2190,       923,  1.390086813088E+02,  0.4215
      2198,       924,  1.389909316733E+02,  0.4204
      2206,       925,  1.389848735065E+02,  0.4193
      2207,       926,  1.389521684537E+02,  0.4196
      2208,       927,  1.389094892881E+02,  0.4198
      2213,       928,  1.389089141730E+02,  0.4193
      2214,       929,  1.388998829226E+02,  0.4196
      2224,       930,  1.388761843559E+02,  0.4182
      2227,       931,  1.388759240277E+02,  0.4181
      2229,       932,  1.388669228277E+02,  0.4181
      2232,       933,  1.388559232464E+02,  0.4180
      2234,       934,  1.388151381506E+02,  0.4181
      2236,       935,  1.387343732594E+02,  0.4182
      2237,       936,  1.386450929251E+02,  0.4184
      2238,       937,  1.386402079125E+02,  0.4187
      2241,       938,  1.386245070698E+02,  0.4186
      2242,       939,  1.386181584036E+02,  0.4188
      2243,       940,  1.386161484733E+02,  0.4191
      2244,       941,  1.385843987879E+02,  0.4193
      2245,       942,  1.385696426130E+02,  0.4196
      2248,       943,  1.385490088367E+02,  0.4195
      2249,       944,  1.385290625851E+02,  0.4197
      2251,       945,  1.384986248205E+02,  0.4198
      2256,       946,  1.384658245450E+02,  0.4193
      2257,       947,  1.384588230381E+02,  0.4196
      2259,       948,  1.384548860643E+02,  0.4197
      2261,       949,  1.384434570244E+02,  0.4197
      2264,       950,  1.383999044761E+02,  0.4196
      2266,       951,  1.383902700008E+02,  0.4197
      2268,       952,  1.383650688564E+02,  0.4198
      2270,       953,  1.383619695992E+02,  0.4198
      2273,       954,  1.383601509693E+02,  0.4197
      2274,       955,  1.383491315429E+02,  0.4200
      2276,       956,  1.383132306750E+02,  0.4200
      2278,       957,  1.382907069939E+02,  0.4201
      2286,       958,  1.382873498619E+02,  0.4191
      2291,       959,  1.382672135002E+02,  0.4186
      2292,       960,  1.382575745703E+02,  0.4188
      2297,       961,  1.382296439915E+02,  0.4184
      2299,       962,  1.381743608913E+02,  0.4184
      2301,       963,  1.381638448013E+02,  0.4185
      2302,       964,  1.381627126262E+02,  0.4188
      2303,       965,  1.381141100845E+02,  0.4190
      2304,       966,  1.380963213579E+02,  0.4193
      2305,       967,  1.380645522563E+02,  0.4195
      2306,       968,  1.380548400878E+02,  0.4198
      2307,       969,  1.380536476031E+02,  0.4200
      2309,       970,  1.380380291631E+02,  0.4201
      2310,       971,  1.380342994191E+02,  0.4203
      2314,       972,  1.380005704235E+02,  0.4201
      2324,       973,  1.379956139211E+02,  0.4187
      2333,       974,  1.379941482539E+02,  0.4175
      2334,       975,  1.379742757048E+02,  0.4177
      2337,       976,  1.379645017697E+02,  0.4176
      2341,       977,  1.379470246722E+02,  0.4173
      2344,       978,  1.379428588458E+02,  0.4172
      2346,       979,  1.379361522215E+02,  0.4173
      2348,       980,  1.379287654803E+02,  0.4174
      2350,       981,  1.379281358125E+02,  0.4174
      2352,       982,  1.379140594048E+02,  0.4175
      2354,       983,  1.379076445414E+02,  0.4176
      2355,       984,  1.379016494763E+02,  0.4178
      2356,       985,  1.378597032293E+02,  0.4181
      2358,       986,  1.378190947341E+02,  0.4182
      2363,       987,  1.377971453951E+02,  0.4177
      2364,       988,  1.377936418303E+02,  0.4179
      2371,       989,  1.377909472897E+02,  0.4171
      2372,       990,  1.377114407387E+02,  0.4174
      2378,       991,  1.377102981540E+02,  0.4167
      2381,       992,  1.377068905399E+02,  0.4166
      2383,       993,  1.376941285011E+02,  0.4167
      2384,       994,  1.375731800600E+02,  0.4169
      2387,       995,  1.374924413102E+02,  0.4168
      2388,       996,  1.374920667647E+02,  0.4171
      2392,       997,  1.374585433700E+02,  0.4168
      2393,       998,  1.374491223201E+02,  0.4170
      2395,       999,  1.373544476889E+02,  0.4171
      2396,      1000,  1.373487354933E+02,  0.4174
      2400,      1001,  1.373198703424E+02,  0.4171
      2403,      1002,  1.373092395159E+02,  0.4170
      2408,      1003,  1.372952679820E+02,  0.4165
      2412,      1004,  1.372848875603E+02,  0.4163
      2415,      1005,  1.372756579754E+02,  0.4161
      2417,      1006,  1.372433371399E+02,  0.4162
      2420,      1007,  1.372414854679E+02,  0.4161
      2421,      1008,  1.372362851963E+02,  0.4164
      2422,      1009,  1.372257932032E+02,  0.4166
      2425,      1010,  1.371669974458E+02,  0.4165
      2429,      1011,  1.371291913878E+02,  0.4162
      2431,      1012,  1.371245488195E+02,  0.4163
      2432,      1013,  1.371228336653E+02,  0.4165
      2433,      1014,  1.370792182953E+02,  0.4168
      2436,      1015,  1.370746362785E+02,  0.4167
      2439,      1016,  1.370380168376E+02,  0.4166
      2446,      1017,  1.370263887092E+02,  0.4158
      2450,      1018,  1.370110888104E+02,  0.4155
      2457,      1019,  1.370072470262E+02,  0.4147
      2461,      1020,  1.370006119183E+02,  0.4145
      2470,      1021,  1.369753095437E+02,  0.4134
      2471,      1022,  1.369720599870E+02,  0.4136
      2474,      1023,  1.369696403196E+02,  0.4135
      2475,      1024,  1.369623241917E+02,  0.4137
      2477,      1025,  1.369449467340E+02,  0.4138
      2478,      1026,  1.369442037334E+02,  0.4140
      2479,      1027,  1.369404713535E+02,  0.4143
      2481,      1028,  1.369390044462E+02,  0.4143
      2482,      1029,  1.369218649357E+02,  0.4146
      2486,      1030,  1.369060872882E+02,  0.4143
      2489,      1031,  1.369037020827E+02,  0.4142
      2492,      1032,  1.368771583704E+02,  0.4141
      2494,      1033,  1.368165541620E+02,  0.4142
      2504,      1034,  1.367780467543E+02,  0.4129
      2510,      1035,  1.367716003705E+02,  0.4124
      2515,      1036,  1.367699236165E+02,  0.4119
      2518,      1037,  1.367165734446E+02,  0.4118
      2521,      1038,  1.367060436164E+02,  0.4117
      2532,      1039,  1.367050226722E+02,  0.4103
      2539,      1040,  1.366687620739E+02,  0.4096
      2546,      1041,  1.366410503246E+02,  0.4089
      2552,      1042,  1.366369886580E+02,  0.4083
      2556,      1043,  1.366346821919E+02,  0.4081
      2562,      1044,  1.366221271442E+02,  0.4075
      2564,      1045,  1.365251087457E+02,  0.4076
      2566,      1046,  1.365219036470E+02,  0.4076
      2571,      1047,  1.364625358292E+02,  0.4072
      2573,      1048,  1.364613482778E+02,  0.4073
      2578,      1049,  1.364599717335E+02,  0.4069
      2579,      1050,  1.364427655708E+02,  0.4071
      2580,      1051,  1.363623024691E+02,  0.4074
      2582,      1052,  1.363357446677E+02,  0.4074
      2583,      1053,  1.363159225423E+02,  0.4077
      2588,      1054,  1.363126927299E+02,  0.4073
      2600,      1055,  1.362968742406E+02,  0.4058
      2606,      1056,  1.362878313822E+02,  0.4052
      2607,      1057,  1.362223218529E+02,  0.4054
      2612,      1058,  1.361832022194E+02,  0.4051
      2616,      1059,  1.361817055130E+02,  0.4048
      2619,      1060,  1.361676607719E+02,  0.4047
      2623,      1061,  1.361454055445E+02,  0.4045
      2626,      1062,  1.361339075605E+02,  0.4044
      2627,      1063,  1.361095431452E+02,  0.4046
      2628,      1064,  1.360691740951E+02,  0.4049
      2632,      1065,  1.360484353657E+02,  0.4046
      2634,      1066,  1.360399946390E+02,  0.4047
      2641,      1067,  1.360364838164E+02,  0.4040
      2644,      1068,  1.360291411455E+02,  0.4039
      2647,      1069,  1.360089165675E+02,  0.4039
      2650,      1070,  1.359777967746E+02,  0.4038
      2654,      1071,  1.359701421545E+02,  0.4035
      2655,      1072,  1.359067733167E+02,  0.4038
      2663,      1073,  1.358481759805E+02,  0.4029
      2664,      1074,  1.358326046481E+02,  0.4032
      2666,      1075,  1.358049921075E+02,  0.4032
      2667,      1076,  1.357562725780E+02,  0.4034
      2668,      1077,  1.357420980444E+02,  0.4037
      2670,      1078,  1.356653540632E+02,  0.4037
      2674,      1079,  1.356531133760E+02,  0.4035
      2677,      1080,  1.356482580101E+02,  0.4034
      2678,      1081,  1.356098059587E+02,  0.4037
      2688,      1082,  1.355905079820E+02,  0.4025
      2691,      1083,  1.355058504659E+02,  0.4025
      2693,      1084,  1.354987489553E+02,  0.4025
      2695,      1085,  1.354966126769E+02,  0.4026
      2698,      1086,  1.354902737408E+02,  0.4025
      2704,      1087,  1.354754573962E+02,  0.4020
      2706,      1088,  1.354736856860E+02,  0.4021
      2708,      1089,  1.354189486237E+02,  0.4021
      2709,      1090,  1.354078556763E+02,  0.4024
      2711,      1091,  1.353998209211E+02,  0.4024
      2715,      1092,  1.353574332668E+02,  0.4022
      2716,      1093,  1.353525667279E+02,  0.4024
      2720,      1094,  1.353474362500E+02,  0.4022
      2727,      1095,  1.353119399341E+02,  0.4015
      2734,      1096,  1.352515750350E+02,  0.4009
      2736,      1097,  1.352503549219E+02,  0.4010
      2739,      1098,  1.352271189060E+02,  0.4009
      2745,      1099,  1.351861292580E+02,  0.4004
      2746,      1100,  1.351790787590E+02,  0.4006
      2748,      1101,  1.351660249614E+02,  0.4007
      2749,      1102,  1.351096096517E+02,  0.4009
      2751,      1103,  1.350621628199E+02,  0.4009
      2752,      1104,  1.350588057670E+02,  0.4012
      2758,      1105,  1.350408033160E+02,  0.4007
      2759,      1106,  1.350387919491E+02,  0.4009
      2760,      1107,  1.350260846647E+02,  0.4011
      2761,      1108,  1.350202286567E+02,  0.4013
      2762,      1109,  1.349974642083E+02,  0.4015
      2769,      1110,  1.349970987198E+02,  0.4009
      2772,      1111,  1.349946515462E+02,  0.4008
      2775,      1112,  1.349776157075E+02,  0.4007
      2786,      1113,  1.349380031847E+02,  0.3995
      2788,      1114,  1.349219578534E+02,  0.3996
      2789,      1115,  1.348616580859E+02,  0.3998
      2792,      1116,  1.348544990859E+02,  0.3997
      2795,      1117,  1.348511532774E+02,  0.3996
      2797,      1118,  1.348164445621E+02,  0.3997
      2803,      1119,  1.347527076421E+02,  0.3992
      2804,      1120,  1.347408748081E+02,  0.3994
      2805,      1121,  1.347371871517E+02,  0.3996
      2811,      1122,  1.347223186502E+02,  0.3991
      2812,      1123,  1.347214411320E+02,  0.3994
      2814,      1124,  1.347199405271E+02,  0.3994
      2817,      1125,  1.347186381647E+02,  0.3994
      2825,      1126,  1.347096028739E+02,  0.3986
      2827,      1127,  1.347095281411E+02,  0.3987
      2828,      1128,  1.347073794231E+02,  0.3989
      2834,      1129,  1.346912550404E+02,  0.3984
      2836,      1130,  1.346782032866E+02,  0.3984
      2837,      1131,  1.346628151742E+02,  0.3987
      2839,      1132,  1.346627900951E+02,  0.3987
      2841,      1133,  1.346618228383E+02,  0.3988
      2843,      1134,  1.346468412855E+02,  0.3989
      2846,      1135,  1.346282698893E+02,  0.3988
      2857,      1136,  1.346179714503E+02,  0.3976
      2859,      1137,  1.345656253671E+02,  0.3977
      2873,      1138,  1.345433885794E+02,  0.3961
      2876,      1139,  1.345359951549E+02,  0.3960
      2880,      1140,  1.345247274434E+02,  0.3958
      2883,      1141,  1.345034929963E+02,  0.3958
      2884,      1142,  1.345015834963E+02,  0.3960
      2887,      1143,  1.345000365446E+02,  0.3959
      2893,      1144,  1.344996854180E+02,  0.3954
      2897,      1145,  1.344988002800E+02,  0.3952
      2900,      1146,  1.344983717512E+02,  0.3952
      2902,      1147,  1.344964905303E+02,  0.3952
      2907,      1148,  1.344957800475E+02,  0.3949
      2909,      1149,  1.344819657532E+02,  0.3950
      2912,      1150,  1.343803384742E+02,  0.3949
      2916,      1151,  1.343762665499E+02,  0.3947
      2921,      1152,  1.343629894737E+02,  0.3944
      2922,      1153,  1.343194898465E+02,  0.3946
      2924,      1154,  1.343094648869E+02,  0.3947
      2929,      1155,  1.343065774939E+02,  0.3943
      2932,      1156,  1.343028486085E+02,  0.3943
      2933,      1157,  1.342856225686E+02,  0.3945
      2934,      1158,  1.342812669633E+02,  0.3947
      2939,      1159,  1.342713537923E+02,  0.3944
      2942,      1160,  1.342582033549E+02,  0.3943
      2949,      1161,  1.342578241609E+02,  0.3937
      2952,      1162,  1.342569318469E+02,  0.3936
      2953,      1163,  1.342548881925E+02,  0.3938
      2960,      1164,  1.342277091569E+02,  0.3932
      2971,      1165,  1.342226168522E+02,  0.3921
      2972,      1166,  1.341858075571E+02,  0.3923
      2974,      1167,  1.341854546689E+02,  0.3924
      2976,      1168,  1.341425160799E+02,  0.3925
      2979,      1169,  1.341373040094E+02,  0.3924
      2981,      1170,  1.341360811711E+02,  0.3925
      2983,      1171,  1.341243326031E+02,  0.3926
      2988,      1172,  1.340889422029E+02,  0.3922
      2990,      1173,  1.340817692230E+02,  0.3923
      2993,      1174,  1.340733901648E+02,  0.3922
      2994,      1175,  1.340482885244E+02,  0.3925
      2999,      1176,  1.339788703166E+02,  0.3921
      3005,      1177,  1.339636302090E+02,  0.3917
      3009,      1178,  1.339568390389E+02,  0.3915
      3010,      1179,  1.339394302627E+02,  0.3917
      3011,      1180,  1.339365638360E+02,  0.3919
      3014,      1181,  1.339033763559E+02,  0.3918
      3020,      1182,  1.338790069953E+02,  0.3914
      3022,      1183,  1.338704217297E+02,  0.3915
      3023,      1184,  1.338683910634E+02,  0.3917
      3033,      1185,  1.338617252313E+02,  0.3907
      3036,      1186,  1.338587110115E+02,  0.3906
      3039,      1187,  1.338130633038E+02,  0.3906
      3040,      1188,  1.337705972912E+02,  0.3908
      3042,      1189,  1.337690367451E+02,  0.3909
      3044,      1190,  1.337415883758E+02,  0.3909
      3046,      1191,  1.337055901238E+02,  0.3910
      3049,      1192,  1.336921395240E+02,  0.3909
      3051,      1193,  1.336905273938E+02,  0.3910
      3058,      1194,  1.336393048091E+02,  0.3905
      3065,      1195,  1.336149541665E+02,  0.3899
      3066,      1196,  1.336070466072E+02,  0.3901
      3069,      1197,  1.335808622401E+02,  0.3900
      3072,      1198,  1.334735608595E+02,  0.3900
      3080,      1199,  1.334144366774E+02,  0.3893
      3081,      1200,  1.334137055105E+02,  0.3895
      3083,      1201,  1.334126513747E+02,  0.3896
      3087,      1202,  1.334024805165E+02,  0.3894
      3088,      1203,  1.333987399731E+02,  0.3896
      3089,      1204,  1.333711008020E+02,  0.3898
      3090,      1205,  1.333683523940E+02,  0.3900
      3092,      1206,  1.333657761195E+02,  0.3900
      3093,      1207,  1.333425284410E+02,  0.3902
      3094,      1208,  1.333385507489E+02,  0.3904
      3103,      1209,  1.333382579950E+02,  0.3896
      3112,      1210,  1.332994987007E+02,  0.3888
      3117,      1211,  1.332855513911E+02,  0.3885
      3118,      1212,  1.332798700488E+02,  0.3887
      3119,      1213,  1.332757866015E+02,  0.3889
      3120,      1214,  1.332688545018E+02,  0.3891
      3124,      1215,  1.332674195028E+02,  0.3889
      3126,      1216,  1.332018155619E+02,  0.3890
      3131,      1217,  1.331981949562E+02,  0.3887
      3133,      1218,  1.331931289197E+02,  0.3888
      3135,      1219,  1.331832706615E+02,  0.3888
      3136,      1220,  1.331809521804E+02,  0.3890
      3137,      1221,  1.331778932172E+02,  0.3892
      3145,      1222,  1.331532015367E+02,  0.3886
      3146,      1223,  1.331527298851E+02,  0.3887
      3148,      1224,  1.331514643941E+02,  0.3888
      3154,      1225,  1.331491303667E+02,  0.3884
      3159,      1226,  1.331093321192E+02,  0.3881
      3162,      1227,  1.331058857468E+02,  0.3880
      3164,      1228,  1.330996628792E+02,  0.3881
      3168,      1229,  1.330583770475E+02,  0.3879
      3170,      1230,  1.330114517537E+02,  0.3880
      3171,      1231,  1.330041362108E+02,  0.3882
      3173,      1232,  1.329912487012E+02,  0.3883
      3174,      1233,  1.329854981076E+02,  0.3885
      3175,      1234,  1.329642980866E+02,  0.3887
      3176,      1235,  1.329633699500E+02,  0.3889
      3178,      1236,  1.328999079471E+02,  0.3889
      3179,      1237,  1.328950697662E+02,  0.3891
      3181,      1238,  1.328928557361E+02,  0.3892
      3184,      1239,  1.328456154872E+02,  0.3891
      3190,      1240,  1.328325279872E+02,  0.3887
      3193,      1241,  1.328149412670E+02,  0.3887
      3215,      1242,  1.328107319065E+02,  0.3863
      3218,      1243,  1.328074838183E+02,  0.3863
      3219,      1244,  1.328061036793E+02,  0.3865
      3226,      1245,  1.327334441635E+02,  0.3859
      3227,      1246,  1.327125224014E+02,  0.3861
      3231,      1247,  1.327040350737E+02,  0.3859
      3240,      1248,  1.326330232446E+02,  0.3852
      3241,      1249,  1.326307970283E+02,  0.3854
      3242,      1250,  1.326042117439E+02,  0.3856
      3244,      1251,  1.325824948442E+02,  0.3856
      3249,      1252,  1.324385165847E+02,  0.3853
      3252,      1253,  1.323989804563E+02,  0.3853
      3255,      1254,  1.323653377842E+02,  0.3853
      3256,      1255,  1.323615356282E+02,  0.3854
      3258,      1256,  1.323609335704E+02,  0.3855
      3260,      1257,  1.323361762442E+02,  0.3856
      3266,      1258,  1.322879673253E+02,  0.3852
      3267,      1259,  1.322855094296E+02,  0.3854
      3278,      1260,  1.322823158432E+02,  0.3844
      3281,      1261,  1.322737977172E+02,  0.3843
      3294,      1262,  1.322731566176E+02,  0.3831
      3297,      1263,  1.322471193763E+02,  0.3831
      3302,      1264,  1.321963201952E+02,  0.3828
      3303,      1265,  1.321765290798E+02,  0.3830
      3307,      1266,  1.321715421130E+02,  0.3828
      3310,      1267,  1.321654587546E+02,  0.3828
      3317,      1268,  1.321653056900E+02,  0.3823
      3318,      1269,  1.321631191503E+02,  0.3825
      3322,      1270,  1.321454303695E+02,  0.3823
      3325,      1271,  1.321098805825E+02,  0.3823
      3328,      1272,  1.320790374792E+02,  0.3822
      3329,      1273,  1.320680072134E+02,  0.3824
      3332,      1274,  1.320489157328E+02,  0.3824
      3334,      1275,  1.320482271314E+02,  0.3824
      3336,      1276,  1.320454311783E+02,  0.3825
      3339,      1277,  1.320421354947E+02,  0.3824
      3340,      1278,  1.320274968175E+02,  0.3826
      3343,      1279,  1.320225882617E+02,  0.3826
      3344,      1280,  1.319529832774E+02,  0.3828
      3347,      1281,  1.318971385961E+02,  0.3827
      3352,      1282,  1.318782721897E+02,  0.3825
      3354,      1283,  1.318612055534E+02,  0.3825
      3361,      1284,  1.318493523623E+02,  0.3820
      3363,      1285,  1.318301485351E+02,  0.3821
      3371,      1286,  1.317609582742E+02,  0.3815
      3372,      1287,  1.317337893974E+02,  0.3817
      3377,      1288,  1.317144582090E+02,  0.3814
      3378,      1289,  1.317114842918E+02,  0.3816
      3392,      1290,  1.316776782876E+02,  0.3803
      3393,      1291,  1.316447571136E+02,  0.3805
      3396,      1292,  1.316383306095E+02,  0.3804
      3398,      1293,  1.316332178934E+02,  0.3805
      3403,      1294,  1.315934342929E+02,  0.3803
      3404,      1295,  1.315848269658E+02,  0.3804
      3405,      1296,  1.315745169246E+02,  0.3806
      3406,      1297,  1.314989768435E+02,  0.3808
      3408,      1298,  1.314882056735E+02,  0.3809
      3411,      1299,  1.314861558831E+02,  0.3808
      3417,      1300,  1.314835300188E+02,  0.3805
      3418,      1301,  1.313962246715E+02,  0.3806
      3419,      1302,  1.313789115686E+02,  0.3808
      3420,      1303,  1.313753784009E+02,  0.3810
      3422,      1304,  1.313751024581E+02,  0.3811
      3423,      1305,  1.313180327425E+02,  0.3812
      3428,      1306,  1.313166930787E+02,  0.3810
      3429,      1307,  1.312926516707E+02,  0.3812
      3433,      1308,  1.312757398145E+02,  0.3810
      3435,      1309,  1.312683255488E+02,  0.3811
      3445,      1310,  1.312675817564E+02,  0.3803
      3448,      1311,  1.312571901030E+02,  0.3802
      3450,      1312,  1.312523238718E+02,  0.3803
      3457,      1313,  1.312489023253E+02,  0.3798
      3461,      1314,  1.312477147141E+02,  0.3797
      3469,      1315,  1.312472688135E+02,  0.3791
      3470,      1316,  1.312465657501E+02,  0.3793
      3473,      1317,  1.312451824228E+02,  0.3792
      3476,      1318,  1.312405162166E+02,  0.3792
      3480,      1319,  1.311699221485E+02,  0.3790
      3484,      1320,  1.311681067341E+02,  0.3789
      3488,      1321,  1.311674644838E+02,  0.3787
      3489,      1322,  1.310855188155E+02,  0.3789
      3493,      1323,  1.310186579761E+02,  0.3788
      3494,      1324,  1.310140531826E+02,  0.3789
      3495,      1325,  1.309235437652E+02,  0.3791
      3498,      1326,  1.308976200996E+02,  0.3791
      3499,      1327,  1.308803070749E+02,  0.3793
      3506,      1328,  1.308410588942E+02,  0.3788
      3509,      1329,  1.308410420280E+02,  0.3787
      3523,      1330,  1.308393786566E+02,  0.3775
      3525,      1331,  1.308335190239E+02,  0.3776
      3526,      1332,  1.308332606066E+02,  0.3778
      3537,      1333,  1.307907615161E+02,  0.3769
      3546,      1334,  1.307514943633E+02,  0.3762
      3549,      1335,  1.307376039510E+02,  0.3762
      3575,      1336,  1.307373190571E+02,  0.3737
      3576,      1337,  1.307370901536E+02,  0.3739
      3578,      1338,  1.307167137717E+02,  0.3740
      3579,      1339,  1.307125976600E+02,  0.3741
      3581,      1340,  1.307101876480E+02,  0.3742
      3582,      1341,  1.307091438378E+02,  0.3744
      3583,      1342,  1.307062943100E+02,  0.3745
      3585,      1343,  1.306619429799E+02,  0.3746
      3586,      1344,  1.306608247770E+02,  0.3748
      3589,      1345,  1.306028559747E+02,  0.3748
      3594,      1346,  1.306017752249E+02,  0.3745
      3596,      1347,  1.305736248537E+02,  0.3746
      3599,      1348,  1.305421579884E+02,  0.3745
      3600,      1349,  1.305365417481E+02,  0.3747
      3604,      1350,  1.305076411668E+02,  0.3746
      3605,      1351,  1.305075737977E+02,  0.3748
      3606,      1352,  1.305067971504E+02,  0.3749
      3608,      1353,  1.305062742308E+02,  0.3750
      3611,      1354,  1.305043773429E+02,  0.3750
      3620,      1355,  1.305032351016E+02,  0.3743
      3625,      1356,  1.304982207629E+02,  0.3741
      3626,      1357,  1.304917308328E+02,  0.3742
      3627,      1358,  1.304915748010E+02,  0.3744
      3628,      1359,  1.304853105340E+02,  0.3746
      3631,      1360,  1.304821796830E+02,  0.3746
      3632,      1361,  1.304803076009E+02,  0.3747
      3636,      1362,  1.304784605771E+02,  0.3746
      3638,      1363,  1.304664471364E+02,  0.3747
      3642,      1364,  1.304599869739E+02,  0.3745
      3648,      1365,  1.304342283225E+02,  0.3742
      3651,      1366,  1.304002134277E+02,  0.3741
      3652,      1367,  1.303960058725E+02,  0.3743
      3654,      1368,  1.303958706464E+02,  0.3744
      3669,      1369,  1.303947574809E+02,  0.3731
      3671,      1370,  1.303929147147E+02,  0.3732
      3675,      1371,  1.303556731575E+02,  0.3731
      3683,      1372,  1.303051765618E+02,  0.3725
      3684,      1373,  1.303014629500E+02,  0.3727
      3701,      1374,  1.302973332352E+02,  0.3713
      3705,      1375,  1.302940648980E+02,  0.3711
      3710,      1376,  1.302919466828E+02,  0.3709
      3713,      1377,  1.302318119590E+02,  0.3709
      3716,      1378,  1.302076041673E+02,  0.3708
      3721,      1379,  1.302051488575E+02,  0.3706
      3723,      1380,  1.302051161322E+02,  0.3707
      3729,      1381,  1.301965660092E+02,  0.3703
      3735,      1382,  1.301946133335E+02,  0.3700
      3743,      1383,  1.301934632916E+02,  0.3695
      3750,      1384,  1.301925356712E+02,  0.3691
      3758,      1385,  1.301909453864E+02,  0.3685
      3763,      1386,  1.301906966699E+02,  0.3683
      3767,      1387,  1.301852726270E+02,  0.3682
      3771,      1388,  1.301799322583E+02,  0.3681
      3776,      1389,  1.301672313050E+02,  0.3678
      3784,      1390,  1.301605512771E+02,  0.3673
      3787,      1391,  1.301404207803E+02,  0.3673
      3790,      1392,  1.301380661752E+02,  0.3673
      3791,      1393,  1.301374051593E+02,  0.3674
      3792,      1394,  1.301112291618E+02,  0.3676
      3812,      1395,  1.301075376137E+02,  0.3659
      3818,      1396,  1.300763899108E+02,  0.3656
      3819,      1397,  1.300587818546E+02,  0.3658
      3821,      1398,  1.300586207412E+02,  0.3659
      3829,      1399,  1.300374079126E+02,  0.3654
      3833,      1400,  1.300347169610E+02,  0.3652
      3836,      1401,  1.300323347317E+02,  0.3652
      3849,      1402,  1.300296529888E+02,  0.3643
      3850,      1403,  1.300256148381E+02,  0.3644
      3853,      1404,  1.300035985106E+02,  0.3644
      3855,      1405,  1.299721266971E+02,  0.3645
      3858,      1406,  1.299713296650E+02,  0.3644
      3861,      1407,  1.299585621685E+02,  0.3644
      3863,      1408,  1.299452727521E+02,  0.3645
      3864,      1409,  1.299315158171E+02,  0.3646
      3866,      1410,  1.299300405642E+02,  0.3647
      3879,      1411,  1.299260295267E+02,  0.3638
      3887,      1412,  1.299178832134E+02,  0.3633
      3899,      1413,  1.299111911202E+02,  0.3624
      3906,      1414,  1.298820647266E+02,  0.3620
      3909,      1415,  1.297989792149E+02,  0.3620
      3910,      1416,  1.297754230835E+02,  0.3621
      3913,      1417,  1.297680542660E+02,  0.3621
      3920,      1418,  1.297672030106E+02,  0.3617
      3922,      1419,  1.297659465691E+02,  0.3618
      3926,      1420,  1.296971267998E+02,  0.3617
      3936,      1421,  1.296938488410E+02,  0.3610
      3939,      1422,  1.296833405836E+02,  0.3610
      3940,      1423,  1.296833334325E+02,  0.3612
      3946,      1424,  1.296803993114E+02,  0.3609
      3960,      1425,  1.296630190411E+02,  0.3598
      3961,      1426,  1.296629851349E+02,  0.3600
      3962,      1427,  1.296626373437E+02,  0.3602
      3970,      1428,  1.296288276781E+02,  0.3597
      3978,      1429,  1.296254747004E+02,  0.3592
      3980,      1430,  1.296090044092E+02,  0.3593
      3987,      1431,  1.296088300987E+02,  0.3589
      3988,      1432,  1.295989502463E+02,  0.3591
      3991,      1433,  1.295940166406E+02,  0.3591
      4004,      1434,  1.295712090412E+02,  0.3581
      4005,      1435,  1.295615122308E+02,  0.3583
      4006,      1436,  1.295610628131E+02,  0.3585
      4014,      1437,  1.295406773482E+02,  0.3580
      4027,      1438,  1.295379278749E+02,  0.3571
      4045,      1439,  1.295372837875E+02,  0.3557
      4058,      1440,  1.295365352893E+02,  0.3549
      4071,      1441,  1.295362817609E+02,  0.3540
      4079,      1442,  1.295269638060E+02,  0.3535
      4089,      1443,  1.295268613642E+02,  0.3529
      4094,      1444,  1.295263550702E+02,  0.3527
      4097,      1445,  1.295191198912E+02,  0.3527
      4101,      1446,  1.295150207269E+02,  0.3526
      4103,      1447,  1.295141421740E+02,  0.3527
      4107,      1448,  1.295138593502E+02,  0.3526
      4108,      1449,  1.295081627490E+02,  0.3527
      4118,      1450,  1.295076059085E+02,  0.3521
      4120,      1451,  1.295039580915E+02,  0.3522
      4124,      1452,  1.295037135736E+02,  0.3521
      4131,      1453,  1.295028261372E+02,  0.3517
      4133,      1454,  1.294842769045E+02,  0.3518
      4149,      1455,  1.294607325852E+02,  0.3507
      4152,      1456,  1.293903221730E+02,  0.3507
      4155,      1457,  1.293722858525E+02,  0.3507
      4168,      1458,  1.293678969542E+02,  0.3498
      4172,      1459,  1.293672919851E+02,  0.3497
      4184,      1460,  1.293606353243E+02,  0.3489
      4185,      1461,  1.293591122406E+02,  0.3491
      4186,      1462,  1.293330983956E+02,  0.3493
      4195,      1463,  1.293155040092E+02,  0.3487
      4204,      1464,  1.292934426405E+02,  0.3482
      4207,      1465,  1.292868473229E+02,  0.3482
      4211,      1466,  1.292415421267E+02,  0.3481
      4219,      1467,  1.292023659098E+02,  0.3477
      4222,      1468,  1.291868048224E+02,  0.3477
      4227,      1469,  1.291856950484E+02,  0.3475
      4231,      1470,  1.291852450658E+02,  0.3474
      4234,      1471,  1.291847849081E+02,  0.3474
      4240,      1472,  1.291664769523E+02,  0.3472
      4261,      1473,  1.291609448142E+02,  0.3457
      4264,      1474,  1.291435927879E+02,  0.3457
      4266,      1475,  1.291394466376E+02,  0.3458
      4284,      1476,  1.291381529086E+02,  0.3445
      4292,      1477,  1.291115147570E+02,  0.3441
      4315,      1478,  1.291078957906E+02,  0.3425
      4331,      1479,  1.290678395111E+02,  0.3415
      4333,      1480,  1.290066267549E+02,  0.3416
      4336,      1481,  1.290032026479E+02,  0.3416
      4338,      1482,  1.290031171700E+02,  0.3416
      4342,      1483,  1.289147336345E+02,  0.3415
      4345,      1484,  1.289118219048E+02,  0.3415
      4349,      1485,  1.289111459407E+02,  0.3415
      4362,      1486,  1.289061498735E+02,  0.3407
      4369,      1487,  1.289061363930E+02,  0.3404
      4372,      1488,  1.289014040915E+02,  0.3403
      4378,      1489,  1.288976612376E+02,  0.3401
      4385,      1490,  1.288881677777E+02,  0.3398
      4386,      1491,  1.288818647720E+02,  0.3399
      4390,      1492,  1.288638044266E+02,  0.3399
      4393,      1493,  1.288635900581E+02,  0.3399
      4400,      1494,  1.288593836847E+02,  0.3395
      4407,      1495,  1.288271372208E+02,  0.3392
      4410,      1496,  1.288265650504E+02,  0.3392
      4414,      1497,  1.288237000763E+02,  0.3391
      4421,      1498,  1.288220589731E+02,  0.3388
      4425,      1499,  1.288170780272E+02,  0.3388
      4439,      1500,  1.287310451101E+02,  0.3379
      4443,      1501,  1.287290912357E+02,  0.3378
      4453,      1502,  1.287242123212E+02,  0.3373
      4462,      1503,  1.287117074352E+02,  0.3368
      4480,      1504,  1.286865619164E+02,  0.3357
      4489,      1505,  1.286670913104E+02,  0.3353
      4490,      1506,  1.286428819538E+02,  0.3354
      4492,      1507,  1.286277872165E+02,  0.3355
      4497,      1508,  1.286176567021E+02,  0.3353
      4498,      1509,  1.285835608418E+02,  0.3355
      4500,      1510,  1.285750488533E+02,  0.3356
      4512,      1511,  1.285659467554E+02,  0.3349
      4515,      1512,  1.285610384239E+02,  0.3349
      4520,      1513,  1.285329200371E+02,  0.3347
      4525,      1514,  1.285310607163E+02,  0.3346
      4529,      1515,  1.285290380573E+02,  0.3345
      4531,      1516,  1.285150235429E+02,  0.3346
      4546,      1517,  1.284941137000E+02,  0.3337
      4560,      1518,  1.284654576285E+02,  0.3329
      4561,      1519,  1.284577919600E+02,  0.3330
      4564,      1520,  1.284458247154E+02,  0.3330
      4566,      1521,  1.283972536204E+02,  0.3331
      4571,      1522,  1.283946106390E+02,  0.3330
      4573,      1523,  1.283916793133E+02,  0.3330
      4575,      1524,  1.283875519462E+02,  0.3331
      4587,      1525,  1.283830016106E+02,  0.3325
      4590,      1526,  1.283614539288E+02,  0.3325
      4591,      1527,  1.283488613624E+02,  0.3326
      4599,      1528,  1.283435010535E+02,  0.3322
      4602,      1529,  1.283366993593E+02,  0.3322
      4604,      1530,  1.283336391869E+02,  0.3323
      4612,      1531,  1.283241946776E+02,  0.3320
      4616,      1532,  1.283087697692E+02,  0.3319
      4623,      1533,  1.282907047703E+02,  0.3316
      4635,      1534,  1.282900791383E+02,  0.3310
      4641,      1535,  1.282295291210E+02,  0.3307
      4642,      1536,  1.282138585949E+02,  0.3309
      4648,      1537,  1.282111668928E+02,  0.3307
      4649,      1538,  1.281926292152E+02,  0.3308
      4654,      1539,  1.281698067866E+02,  0.3307
      4655,      1540,  1.281686845431E+02,  0.3308
      4656,      1541,  1.281685599743E+02,  0.3310
      4661,      1542,  1.281684386767E+02,  0.3308
      4665,      1543,  1.281670100897E+02,  0.3308
      4666,      1544,  1.281557880346E+02,  0.3309
      4679,      1545,  1.281540543802E+02,  0.3302
      4681,      1546,  1.281526850946E+02,  0.3303
      4686,      1547,  1.281477262155E+02,  0.3301
      4700,      1548,  1.281411939361E+02,  0.3294
      4711,      1549,  1.281410817230E+02,  0.3288
      4712,      1550,  1.281390629033E+02,  0.3289
      4720,      1551,  1.281387474116E+02,  0.3286
      4721,      1552,  1.281370641195E+02,  0.3287
      4722,      1553,  1.281316619302E+02,  0.3289
      4734,      1554,  1.281220917163E+02,  0.3283
      4749,      1555,  1.281205911180E+02,  0.3274
      4755,      1556,  1.281202519158E+02,  0.3272
      4761,      1557,  1.280784798138E+02,  0.3270
      4771,      1558,  1.280734580296E+02,  0.3266
      4774,      1559,  1.280662110014E+02,  0.3266
      4777,      1560,  1.280637453919E+02,  0.3266
      4792,      1561,  1.280530900643E+02,  0.3258
      4793,      1562,  1.280516294143E+02,  0.3259
      4799,      1563,  1.280484093407E+02,  0.3257
      4800,      1564,  1.280442774522E+02,  0.3258
      4803,      1565,  1.280390951099E+02,  0.3258
      4814,      1566,  1.280376393994E+02,  0.3253
      4818,      1567,  1.280335676263E+02,  0.3252
      4821,      1568,  1.280325876097E+02,  0.3252
      4823,      1569,  1.280095380398E+02,  0.3253
      4825,      1570,  1.280076669986E+02,  0.3254
      4826,      1571,  1.280075878953E+02,  0.3255
      4836,      1572,  1.280060570611E+02,  0.3251
      4841,      1573,  1.280053254347E+02,  0.3249
      4842,      1574,  1.279867141989E+02,  0.3251
      4846,      1575,  1.279821095424E+02,  0.3250
      4847,      1576,  1.279758229981E+02,  0.3251
      4849,      1577,  1.279671592664E+02,  0.3252
      4866,      1578,  1.279659453560E+02,  0.3243
      4875,      1579,  1.279648856511E+02,  0.3239
      4880,      1580,  1.279607325757E+02,  0.3238
      4889,      1581,  1.279598952234E+02,  0.3234
      4899,      1582,  1.279267742083E+02,  0.3229
      4905,      1583,  1.279241445739E+02,  0.3227
      4911,      1584,  1.279196377036E+02,  0.3225
      4913,      1585,  1.279088809291E+02,  0.3226
      4931,      1586,  1.279037431058E+02,  0.3216
      4948,      1587,  1.279013702871E+02,  0.3207
      4956,      1588,  1.279007512707E+02,  0.3204
      4957,      1589,  1.278942896756E+02,  0.3206
      4967,      1590,  1.278917546722E+02,  0.3201
      4974,      1591,  1.278895507914E+02,  0.3199
      4975,      1592,  1.278888281839E+02,  0.3200
      4983,      1593,  1.278816798555E+02,  0.3197
      4987,      1594,  1.278816148830E+02,  0.3196
      4994,      1595,  1.278803488070E+02,  0.3194
      4995,      1596,  1.278759756152E+02,  0.3195
      5001,      1597,  1.278739634874E+02,  0.3193
      5005,      1598,  1.278415917193E+02,  0.3193
      5009,      1599,  1.278415388620E+02,  0.3192
      5014,      1600,  1.278409262543E+02,  0.3191
      5037,      1601,  1.278405068744E+02,  0.3178
      5041,      1602,  1.278395889742E+02,  0.3178
      5043,      1603,  1.278395703480E+02,  0.3179
      5048,      1604,  1.278393435192E+02,  0.3177
      5050,      1605,  1.278064769489E+02,  0.3178
      5058,      1606,  1.277963778990E+02,  0.3175
      5063,      1607,  1.277879805534E+02,  0.3174
      5068,      1608,  1.277850666024E+02,  0.3173
      5069,      1609,  1.277849801609E+02,  0.3174
      5072,      1610,  1.277838011882E+02,  0.3174
      5090,      1611,  1.277778610416E+02,  0.3165
      5098,      1612,  1.277524678671E+02,  0.3162
      5102,      1613,  1.277425973469E+02,  0.3162
      5109,      1614,  1.277419556696E+02,  0.3159
      5113,      1615,  1.277017489273E+02,  0.3159
      5114,      1616,  1.277017191812E+02,  0.3160
      5116,      1617,  1.276975033038E+02,  0.3161
      5122,      1618,  1.276938123556E+02,  0.3159
      5137,      1619,  1.276889970024E+02,  0.3152
      5139,      1620,  1.276877688955E+02,  0.3152
      5150,      1621,  1.276862345641E+02,  0.3148
      5158,      1622,  1.276839062221E+02,  0.3145
      5171,      1623,  1.276830022745E+02,  0.3139
      5175,      1624,  1.276804058225E+02,  0.3138
      5185,      1625,  1.276704998763E+02,  0.3134
      5203,      1626,  1.276611464654E+02,  0.3125
      5205,      1627,  1.276611345101E+02,  0.3126
      5212,      1628,  1.276540528113E+02,  0.3124
      5214,      1629,  1.276508192471E+02,  0.3124
      5222,      1630,  1.276405635497E+02,  0.3121
      5228,      1631,  1.276387549852E+02,  0.3120
      5244,      1632,  1.276242309790E+02,  0.3112
      5245,      1633,  1.276241399744E+02,  0.3113
      5247,      1634,  1.276237602219E+02,  0.3114
      5250,      1635,  1.276099998782E+02,  0.3114
      5251,      1636,  1.276091441020E+02,  0.3116
      5263,      1637,  1.276090704508E+02,  0.3110
      5271,      1638,  1.275996495148E+02,  0.3108
      5275,      1639,  1.275848893799E+02,  0.3107
      5278,      1640,  1.275841095922E+02,  0.3107
      5283,      1641,  1.275831846767E+02,  0.3106
      5288,      1642,  1.275828721541E+02,  0.3105
      5294,      1643,  1.275768183216E+02,  0.3104
      5299,      1644,  1.275757186303E+02,  0.3102
      5307,      1645,  1.275747402468E+02,  0.3100
      5309,      1646,  1.275738647098E+02,  0.3100
      5320,      1647,  1.275727621546E+02,  0.3096
      5321,      1648,  1.275561527913E+02,  0.3097
      5330,      1649,  1.275553255614E+02,  0.3094
      5337,      1650,  1.275541506394E+02,  0.3092
      5342,      1651,  1.275538726134E+02,  0.3091
      5346,      1652,  1.275412319705E+02,  0.3090
      5352,      1653,  1.275407461718E+02,  0.3089
      5355,      1654,  1.275275364153E+02,  0.3089
      5376,      1655,  1.275241990860E+02,  0.3078
      5392,      1656,  1.275151349375E+02,  0.3071
      5399,      1657,  1.275150420721E+02,  0.3069
      5400,      1658,  1.275082337905E+02,  0.3070
      5401,      1659,  1.275074710366E+02,  0.3072
      5408,      1660,  1.275070357242E+02,  0.3070
      5413,      1661,  1.275061908579E+02,  0.3069
      5416,      1662,  1.275059790582E+02,  0.3069
      5422,      1663,  1.275053490762E+02,  0.3067
      5441,      1664,  1.275047836478E+02,  0.3058
      5450,      1665,  1.275037161237E+02,  0.3055
      5451,      1666,  1.275006050599E+02,  0.3056
      5452,      1667,  1.275003345452E+02,  0.3058
      5457,      1668,  1.274996649662E+02,  0.3057
      5472,      1669,  1.274970867066E+02,  0.3050
      5481,      1670,  1.274969148701E+02,  0.3047
      5486,      1671,  1.274802404720E+02,  0.3046
      5488,      1672,  1.274685038381E+02,  0.3047
      5505,      1673,  1.274682986590E+02,  0.3039
      5506,      1674,  1.274678350828E+02,  0.3040
      5511,      1675,  1.274267851848E+02,  0.3039
      5517,      1676,  1.274226742538E+02,  0.3038
      5543,      1677,  1.274224058390E+02,  0.3025
      5544,      1678,  1.274171937444E+02,  0.3027
      5546,      1679,  1.274168905933E+02,  0.3027
      5548,      1680,  1.274166978360E+02,  0.3028
      5553,      1681,  1.274163717319E+02,  0.3027
      5555,      1682,  1.274163505473E+02,  0.3028
      5559,      1683,  1.274158808863E+02,  0.3028
      5590,      1684,  1.274116971749E+02,  0.3013
      5593,      1685,  1.274107199270E+02,  0.3013
      5611,      1686,  1.274010237157E+02,  0.3005
      5612,      1687,  1.274009383462E+02,  0.3006
      5616,      1688,  1.274006660939E+02,  0.3006
      5654,      1689,  1.273994573927E+02,  0.2987
      5666,      1690,  1.273991672845E+02,  0.2983
      5671,      1691,  1.273988239243E+02,  0.2982
      5673,      1692,  1.273958995390E+02,  0.2983
      5678,      1693,  1.273759785014E+02,  0.2982
      5680,      1694,  1.273668470313E+02,  0.2982
      5723,      1695,  1.273664783656E+02,  0.2962
      5724,      1696,  1.273553331216E+02,  0.2963
      5731,      1697,  1.273361488204E+02,  0.2961
      5782,      1698,  1.273320576758E+02,  0.2937
      5791,      1699,  1.273317703094E+02,  0.2934
      5797,      1700,  1.273228056508E+02,  0.2933
      5821,      1701,  1.273213331536E+02,  0.2922
      5822,      1702,  1.273190638702E+02,  0.2923
      5845,      1703,  1.273185029696E+02,  0.2914
      5875,      1704,  1.273134403209E+02,  0.2900
      5879,      1705,  1.273133154863E+02,  0.2900
      5887,      1706,  1.273052476422E+02,  0.2898
      5890,      1707,  1.272954651151E+02,  0.2898
      5891,      1708,  1.272915904824E+02,  0.2899
      5893,      1709,  1.272845815707E+02,  0.2900
      5897,      1710,  1.272843628930E+02,  0.2900
      5900,      1711,  1.272603563261E+02,  0.2900
      5901,      1712,  1.272544670767E+02,  0.2901
      5903,      1713,  1.272535880213E+02,  0.2902
      5924,      1714,  1.272519362638E+02,  0.2893
      5933,      1715,  1.272389563719E+02,  0.2891
      5940,      1716,  1.272387035384E+02,  0.2889
      5997,      1717,  1.272358727179E+02,  0.2863
      6007,      1718,  1.272313359656E+02,  0.2860
      6022,      1719,  1.272185892107E+02,  0.2855
      6036,      1720,  1.272182975789E+02,  0.2850
      6051,      1721,  1.272172782374E+02,  0.2844
      6072,      1722,  1.272172244449E+02,  0.2836
      6091,      1723,  1.272159695591E+02,  0.2829
      6098,      1724,  1.272156735614E+02,  0.2827
      6103,      1725,  1.272156334298E+02,  0.2826
      6109,      1726,  1.272146461073E+02,  0.2825
      6114,      1727,  1.272145324676E+02,  0.2825
      6127,      1728,  1.271982958573E+02,  0.2820
      6130,      1729,  1.271982416283E+02,  0.2821
      6142,      1730,  1.271972770278E+02,  0.2817
      6172,      1731,  1.271961455757E+02,  0.2805
      6203,      1732,  1.271960839161E+02,  0.2792
      6204,      1733,  1.271947006706E+02,  0.2793
      6205,      1734,  1.271909977470E+02,  0.2795
      6220,      1735,  1.271892642733E+02,  0.2789
      6229,      1736,  1.271891850916E+02,  0.2787
      6235,      1737,  1.271865000741E+02,  0.2786
      6260,      1738,  1.271807907701E+02,  0.2776
      6274,      1739,  1.271530325893E+02,  0.2772
      6307,      1740,  1.271527689952E+02,  0.2759
      6308,      1741,  1.271526624106E+02,  0.2760
      6312,      1742,  1.271467643100E+02,  0.2760
      6317,      1743,  1.271466645148E+02,  0.2759
      6319,      1744,  1.271453769794E+02,  0.2760
      6325,      1745,  1.271447156536E+02,  0.2759
      6355,      1746,  1.271445487429E+02,  0.2747
      6357,      1747,  1.271353330958E+02,  0.2748
      6367,      1748,  1.271304510217E+02,  0.2745
      6374,      1749,  1.271234671026E+02,  0.2744
      6379,      1750,  1.271233330002E+02,  0.2743
      6383,      1751,  1.271222901877E+02,  0.2743
      6387,      1752,  1.271199887797E+02,  0.2743
      6415,      1753,  1.271140282227E+02,  0.2733
      6446,      1754,  1.271130258874E+02,  0.2721
      6449,      1755,  1.271029261020E+02,  0.2721
      6453,      1756,  1.271019933055E+02,  0.2721
      6461,      1757,  1.271016503725E+02,  0.2719
      6464,      1758,  1.271016209385E+02,  0.2720
      6479,      1759,  1.271015037706E+02,  0.2715
      6481,      1760,  1.271012190284E+02,  0.2716
      6486,      1761,  1.270991883500E+02,  0.2715
      6492,      1762,  1.270895234475E+02,  0.2714
      6522,      1763,  1.270892332055E+02,  0.2703
      6527,      1764,  1.270872853042E+02,  0.2703
      6532,      1765,  1.270871812486E+02,  0.2702
      6536,      1766,  1.270861923639E+02,  0.2702
      6544,      1767,  1.270860114566E+02,  0.2700
      6562,      1768,  1.270857258569E+02,  0.2694
      6567,      1769,  1.270816316417E+02,  0.2694
      6569,      1770,  1.270796150895E+02,  0.2694
      6570,      1771,  1.270744615702E+02,  0.2696
      6572,      1772,  1.270625547346E+02,  0.2696
      6581,      1773,  1.270624801950E+02,  0.2694
      6601,      1774,  1.270612938931E+02,  0.2687
      6602,      1775,  1.270525817660E+02,  0.2689
      6613,      1776,  1.270523626925E+02,  0.2686
      6642,      1777,  1.270507698784E+02,  0.2675
      6644,      1778,  1.270506735353E+02,  0.2676
      6666,      1779,  1.270326106334E+02,  0.2669
      6671,      1780,  1.270299550159E+02,  0.2668
      6684,      1781,  1.270056021817E+02,  0.2665
      6699,      1782,  1.269950059416E+02,  0.2660
      6711,      1783,  1.269949708323E+02,  0.2657
      6713,      1784,  1.269945979611E+02,  0.2658
      6726,      1785,  1.269815009094E+02,  0.2654
      6748,      1786,  1.269652873769E+02,  0.2647
      6769,      1787,  1.269645803302E+02,  0.2640
      6774,      1788,  1.269611215496E+02,  0.2640
      6778,      1789,  1.269603028818E+02,  0.2639
      6823,      1790,  1.269602473190E+02,  0.2623
      6859,      1791,  1.269566821083E+02,  0.2611
      6862,      1792,  1.269549660179E+02,  0.2611
      6908,      1793,  1.269549401307E+02,  0.2596
      6925,      1794,  1.269544756944E+02,  0.2591
      6945,      1795,  1.269542977576E+02,  0.2585
      6967,      1796,  1.269239443153E+02,  0.2578
      6982,      1797,  1.269033078747E+02,  0.2574
      7002,      1798,  1.268934859894E+02,  0.2568
      7009,      1799,  1.268934465330E+02,  0.2567
      7012,      1800,  1.268885026304E+02,  0.2567
      7016,      1801,  1.268713314846E+02,  0.2567
      7079,      1802,  1.268710907952E+02,  0.2546
      7082,      1803,  1.268678598343E+02,  0.2546
      7084,      1804,  1.268624813074E+02,  0.2547
      7085,      1805,  1.268623057297E+02,  0.2548
      7091,      1806,  1.268191220712E+02,  0.2547
      7107,      1807,  1.268131307269E+02,  0.2543
      7137,      1808,  1.268125701715E+02,  0.2533
      7143,      1809,  1.268116110955E+02,  0.2533
      7147,      1810,  1.268101908096E+02,  0.2533
      7180,      1811,  1.268100927530E+02,  0.2522
      7181,      1812,  1.268096200132E+02,  0.2523
      7200,      1813,  1.267958773464E+02,  0.2518
      7210,      1814,  1.267955255802E+02,  0.2516
      7254,      1815,  1.267894074239E+02,  0.2502
      7277,      1816,  1.267890294087E+02,  0.2496
      7281,      1817,  1.267881671372E+02,  0.2496
      7284,      1818,  1.267849485654E+02,  0.2496
      7286,      1819,  1.267844912437E+02,  0.2497
      7310,      1820,  1.267828046603E+02,  0.2490
      7318,      1821,  1.267824931330E+02,  0.2488
      7327,      1822,  1.267813755739E+02,  0.2487
      7329,      1823,  1.267813389368E+02,  0.2487
      7330,      1824,  1.267806514848E+02,  0.2488
      7337,      1825,  1.267785577714E+02,  0.2487
      7338,      1826,  1.267778488675E+02,  0.2488
      7340,      1827,  1.267704329365E+02,  0.2489
      7352,      1828,  1.267656450658E+02,  0.2486
      7354,      1829,  1.267649435661E+02,  0.2487
      7374,      1830,  1.267630379591E+02,  0.2482
      7386,      1831,  1.267628134101E+02,  0.2479
      7403,      1832,  1.267627029152E+02,  0.2475
      7405,      1833,  1.267619278505E+02,  0.2475
      7408,      1834,  1.267612068971E+02,  0.2476
      7422,      1835,  1.267596391969E+02,  0.2472
      7425,      1836,  1.267515015542E+02,  0.2473
      7436,      1837,  1.267471091633E+02,  0.2470
      7468,      1838,  1.267469296773E+02,  0.2461
      7472,      1839,  1.267468138603E+02,  0.2461
      7475,      1840,  1.267465765544E+02,  0.2462
      7477,      1841,  1.267463364074E+02,  0.2462
      7490,      1842,  1.267455561581E+02,  0.2459
      7495,      1843,  1.267447280855E+02,  0.2459
      7498,      1844,  1.267330495002E+02,  0.2459
      7512,      1845,  1.267329602118E+02,  0.2456
      7515,      1846,  1.267222152508E+02,  0.2456
      7542,      1847,  1.267221505857E+02,  0.2449
      7547,      1848,  1.267156030968E+02,  0.2449
      7551,      1849,  1.267153431094E+02,  0.2449
      7554,      1850,  1.267076966225E+02,  0.2449
      7560,      1851,  1.267073008532E+02,  0.2448
      7561,      1852,  1.266534112156E+02,  0.2449
      7579,      1853,  1.266531544602E+02,  0.2445
      7580,      1854,  1.266488510965E+02,  0.2446
      7587,      1855,  1.266477477671E+02,  0.2445
      7592,      1856,  1.266013835173E+02,  0.2445
      7597,      1857,  1.266005392593E+02,  0.2444
      7599,      1858,  1.265998429858E+02,  0.2445
      7612,      1859,  1.265988700948E+02,  0.2442
      7618,      1860,  1.265974548802E+02,  0.2442
      7632,      1861,  1.265962836162E+02,  0.2438
      7656,      1862,  1.265959257261E+02,  0.2432
      7659,      1863,  1.265956260224E+02,  0.2432
      7666,      1864,  1.265696373569E+02,  0.2432
      7671,      1865,  1.265409852855E+02,  0.2431
      7694,      1866,  1.265404535729E+02,  0.2425
      7695,      1867,  1.264797437381E+02,  0.2426
      7710,      1868,  1.264473831147E+02,  0.2423
      7717,      1869,  1.264468447526E+02,  0.2422
      7724,      1870,  1.264465174505E+02,  0.2421
      7731,      1871,  1.264429119620E+02,  0.2420
      7745,      1872,  1.264165434243E+02,  0.2417
      7787,      1873,  1.264154202728E+02,  0.2405
      7791,      1874,  1.264149483239E+02,  0.2405
      7797,      1875,  1.264101983849E+02,  0.2405
      7809,      1876,  1.263799041570E+02,  0.2402
      7823,      1877,  1.263797929174E+02,  0.2399
      7824,      1878,  1.263797714288E+02,  0.2400
      7833,      1879,  1.263795003184E+02,  0.2399
      7839,      1880,  1.263781296144E+02,  0.2398
      7840,      1881,  1.263773883925E+02,  0.2399
      7845,      1882,  1.263675166103E+02,  0.2399
      7853,      1883,  1.263672302477E+02,  0.2398
      7887,      1884,  1.263656547809E+02,  0.2389
      7899,      1885,  1.263655008340E+02,  0.2386
      7910,      1886,  1.263653634543E+02,  0.2384
      7912,      1887,  1.263613561126E+02,  0.2385
      7928,      1888,  1.262857548594E+02,  0.2381
      7929,      1889,  1.262856863284E+02,  0.2382
      7935,      1890,  1.261941762449E+02,  0.2382
      7940,      1891,  1.261708172496E+02,  0.2382
      7946,      1892,  1.261705822306E+02,  0.2381
      7957,      1893,  1.261702828142E+02,  0.2379
      7972,      1894,  1.261696690783E+02,  0.2376
      7977,      1895,  1.261689632320E+02,  0.2376
      7983,      1896,  1.261535491652E+02,  0.2375
      7985,      1897,  1.261534719841E+02,  0.2376
      7993,      1898,  1.261533681697E+02,  0.2375
      7996,      1899,  1.261533660309E+02,  0.2375
      8021,      1900,  1.261519872072E+02,  0.2369
      8031,      1901,  1.261518842509E+02,  0.2367
      8037,      1902,  1.261516519174E+02,  0.2367
      8039,      1903,  1.261516042590E+02,  0.2367
      8041,      1904,  1.261514455827E+02,  0.2368
      8073,      1905,  1.261454686727E+02,  0.2360
      8078,      1906,  1.261440979881E+02,  0.2359
      8079,      1907,  1.261440136386E+02,  0.2360
      8106,      1908,  1.261434800539E+02,  0.2354
      8115,      1909,  1.261413401877E+02,  0.2352
      8120,      1910,  1.261262438730E+02,  0.2352
      8133,      1911,  1.261252933257E+02,  0.2350
      8150,      1912,  1.261125310175E+02,  0.2346
      8158,      1913,  1.261120934292E+02,  0.2345
      8161,      1914,  1.261120321404E+02,  0.2345
      8176,      1915,  1.261118075227E+02,  0.2342
      8177,      1916,  1.261105580389E+02,  0.2343
      8179,      1917,  1.261101063228E+02,  0.2344
      8219,      1918,  1.261074074949E+02,  0.2334
      8221,      1919,  1.261063902243E+02,  0.2334
      8249,      1920,  1.261053685755E+02,  0.2328
      8257,      1921,  1.261050861100E+02,  0.2327
      8284,      1922,  1.261049811619E+02,  0.2320
      8327,      1923,  1.261049708726E+02,  0.2309
      8418,      1924,  1.261048531546E+02,  0.2286
      8421,      1925,  1.261047513624E+02,  0.2286
      8422,      1926,  1.261041560950E+02,  0.2287
      8444,      1927,  1.261040177288E+02,  0.2282
      8464,      1928,  1.261036383659E+02,  0.2278
      8488,      1929,  1.260730542711E+02,  0.2273
      8494,      1930,  1.260513902785E+02,  0.2272
      8497,      1931,  1.260511373792E+02,  0.2273
      8498,      1932,  1.260477488257E+02,  0.2273
      8507,      1933,  1.260459809058E+02,  0.2272
      8508,      1934,  1.260202337646E+02,  0.2273
      8515,      1935,  1.260189676346E+02,  0.2272
      8516,      1936,  1.260189461342E+02,  0.2273
      8522,      1937,  1.260189265403E+02,  0.2273
      8535,      1938,  1.260181543249E+02,  0.2271
      8560,      1939,  1.260174548198E+02,  0.2265
      8568,      1940,  1.260170138682E+02,  0.2264
      8607,      1941,  1.260165983911E+02,  0.2255
      8635,      1942,  1.260050612555E+02,  0.2249
      8643,      1943,  1.259819329499E+02,  0.2248
      8657,      1944,  1.259800563836E+02,  0.2246
      8715,      1945,  1.259785960928E+02,  0.2232
      8719,      1946,  1.259767169893E+02,  0.2232
      8743,      1947,  1.259766936494E+02,  0.2227
      8752,      1948,  1.259764942373E+02,  0.2226
      8763,      1949,  1.259742540213E+02,  0.2224
      8778,      1950,  1.259742198579E+02,  0.2221
      8791,      1951,  1.259740579712E+02,  0.2219
      8798,      1952,  1.259708979777E+02,  0.2219
      8836,      1953,  1.259704413470E+02,  0.2210
      8842,      1954,  1.259703655280E+02,  0.2210
      8855,      1955,  1.259696576085E+02,  0.2208
      8886,      1956,  1.259695353019E+02,  0.2201
      8936,      1957,  1.259689028595E+02,  0.2190
      8951,      1958,  1.259681401481E+02,  0.2187
      8963,      1959,  1.259681297766E+02,  0.2186
      8966,      1960,  1.259671505669E+02,  0.2186
      8967,      1961,  1.259599654677E+02,  0.2187
      8972,      1962,  1.259554220131E+02,  0.2187
      9011,      1963,  1.259553578596E+02,  0.2178
      9024,      1964,  1.259552220359E+02,  0.2176
      9030,      1965,  1.259393089112E+02,  0.2176
      9059,      1966,  1.259392182557E+02,  0.2170
      9064,      1967,  1.259383576864E+02,  0.2170
      9101,      1968,  1.259383517916E+02,  0.2162
      9133,      1969,  1.259383028001E+02,  0.2156
      9151,      1970,  1.259379027299E+02,  0.2153
      9179,      1971,  1.259376072701E+02,  0.2147
      9219,      1972,  1.259374431190E+02,  0.2139
      9225,      1973,  1.259373509831E+02,  0.2139
      9248,      1974,  1.259372501841E+02,  0.2135
      9260,      1975,  1.259263773355E+02,  0.2133
      9303,      1976,  1.259254272180E+02,  0.2124
      9323,      1977,  1.259252944123E+02,  0.2121
      9325,      1978,  1.259251318434E+02,  0.2121
      9341,      1979,  1.259251127972E+02,  0.2119
      9350,      1980,  1.259239746948E+02,  0.2118
      9365,      1981,  1.259239501819E+02,  0.2115
      9412,      1982,  1.259237551132E+02,  0.2106
      9414,      1983,  1.259223088451E+02,  0.2106
      9436,      1984,  1.259199890796E+02,  0.2103
      9466,      1985,  1.259199879628E+02,  0.2097
      9521,      1986,  1.259197641790E+02,  0.2086
      9543,      1987,  1.259191171552E+02,  0.2082
      9549,      1988,  1.259185631158E+02,  0.2082
      9574,      1989,  1.259174462891E+02,  0.2078
      9577,      1990,  1.259174245517E+02,  0.2078
      9580,      1991,  1.259173563106E+02,  0.2078
      9620,      1992,  1.259163203228E+02,  0.2071
      9623,      1993,  1.259162668456E+02,  0.2071
      9627,      1994,  1.259085907606E+02,  0.2071
      9644,      1995,  1.259084593740E+02,  0.2069
      9669,      1996,  1.259081714616E+02,  0.2064
      9694,      1997,  1.259079945864E+02,  0.2060
      9731,      1998,  1.259076731357E+02,  0.2053
      9733,      1999,  1.259076273639E+02,  0.2054
      9769,      2000,  1.259066080489E+02,  0.2047
      9899,      2001,  1.259063030873E+02,  0.2021
      9912,      2002,  1.259062160823E+02,  0.2020
      9915,      2003,  1.259043456701E+02,  0.2020
      9957,      2004,  1.258994149396E+02,  0.2013
      9970,      2005,  1.258986773887E+02,  0.2011
      9989,      2006,  1.258984161204E+02,  0.2008
     10005,      2007,  1.258979379518E+02,  0.2006
     10013,      2008,  1.258974291495E+02,  0.2005
     10035,      2009,  1.258970509081E+02,  0.2002
     10036,      2010,  1.258964542666E+02,  0.2003
     10054,      2011,  1.258936316346E+02,  0.2000
     10177,      2012,  1.258935930401E+02,  0.1977
     10181,      2013,  1.258895863039E+02,  0.1977
     10198,      2014,  1.258894792779E+02,  0.1975
     10265,      2015,  1.258893080976E+02,  0.1963
     10291,      2016,  1.258892621032E+02,  0.1959
     10364,      2017,  1.258891393828E+02,  0.1946
     10407,      2018,  1.258891310840E+02,  0.1939
     10530,      2019,  1.258857917068E+02,  0.1917
     10538,      2020,  1.258855704210E+02,  0.1917
     10579,      2021,  1.258855621270E+02,  0.1910
     10613,      2022,  1.258853882768E+02,  0.1905
     10626,      2023,  1.258853793559E+02,  0.1904
     10640,      2024,  1.258852337446E+02,  0.1902
     10652,      2025,  1.258852307500E+02,  0.1901
     10662,      2026,  1.258851660078E+02,  0.1900
     10685,      2027,  1.258851487190E+02,  0.1897
     10742,      2028,  1.258850298995E+02,  0.1888
     10743,      2029,  1.258847674195E+02,  0.1889
     10761,      2030,  1.258839221523E+02,  0.1886
     10784,      2031,  1.258837294737E+02,  0.1883
     10796,      2032,  1.258834800447E+02,  0.1882
     10820,      2033,  1.258833475359E+02,  0.1879
     10869,      2034,  1.258773553199E+02,  0.1871
     10872,      2035,  1.258773285368E+02,  0.1872
     10910,      2036,  1.258759885326E+02,  0.1866
     10924,      2037,  1.258758432730E+02,  0.1865
     10931,      2038,  1.258758097231E+02,  0.1864
     10958,      2039,  1.258757402898E+02,  0.1861
     10988,      2040,  1.258757265506E+02,  0.1857
     11000,      2041,  1.258756513776E+02,  0.1855
     11016,      2042,  1.258754793049E+02,  0.1854
     11042,      2043,  1.258754300159E+02,  0.1850
     11153,      2044,  1.258620838319E+02,  0.1833
     11183,      2045,  1.258620052967E+02,  0.1829
     11203,      2046,  1.258619420915E+02,  0.1826
     11264,      2047,  1.258611043528E+02,  0.1817
     11265,      2048,  1.258610051495E+02,  0.1818
     11292,      2049,  1.258609286367E+02,  0.1815
     11293,      2050,  1.258608598410E+02,  0.1815
     11298,      2051,  1.258606426802E+02,  0.1815
     11312,      2052,  1.258601354008E+02,  0.1814
     11415,      2053,  1.258601257738E+02,  0.1799
     11427,      2054,  1.258599145135E+02,  0.1797
     11448,      2055,  1.258598856501E+02,  0.1795
     11498,      2056,  1.258595880514E+02,  0.1788
     11545,      2057,  1.258591118908E+02,  0.1782
     11624,      2058,  1.258590311778E+02,  0.1770
     11631,      2059,  1.258569772047E+02,  0.1770
     11801,      2060,  1.258566492372E+02,  0.1746
     11849,      2061,  1.258565874231E+02,  0.1739
     11894,      2062,  1.258565545236E+02,  0.1734
     11935,      2063,  1.258557705535E+02,  0.1729
     11991,      2064,  1.258499069358E+02,  0.1721
     11996,      2065,  1.258480594653E+02,  0.1721
     12001,      2066,  1.258463352855E+02,  0.1722
     12026,      2067,  1.258462656154E+02,  0.1719
     12028,      2068,  1.258313534039E+02,  0.1719
     12221,      2069,  1.258313148306E+02,  0.1693
     12278,      2070,  1.258310614611E+02,  0.1686
     12280,      2071,  1.258307589477E+02,  0.1686
     12357,      2072,  1.258307115132E+02,  0.1677
     12462,      2073,  1.258160285885E+02,  0.1663
     12532,      2074,  1.258157462246E+02,  0.1655
     12636,      2075,  1.258156650052E+02,  0.1642
     12741,      2076,  1.258144687776E+02,  0.1629
     12758,      2077,  1.258143982140E+02,  0.1628
     12831,      2078,  1.258143879507E+02,  0.1620
     13005,      2079,  1.258143111579E+02,  0.1599
     13028,      2080,  1.258141215605E+02,  0.1597
     13055,      2081,  1.258140035458E+02,  0.1594
     13179,      2082,  1.258137508640E+02,  0.1580
     13190,      2083,  1.258137169871E+02,  0.1579
     13202,      2084,  1.258136794279E+02,  0.1579
     13233,      2085,  1.258135102690E+02,  0.1576
     13238,      2086,  1.258134745538E+02,  0.1576
     13304,      2087,  1.258132901778E+02,  0.1569
     13477,      2088,  1.258114330386E+02,  0.1549
     13502,      2089,  1.258112818758E+02,  0.1547
     13563,      2090,  1.258109508938E+02,  0.1541
     13570,      2091,  1.258091675433E+02,  0.1541
     13595,      2092,  1.258090190715E+02,  0.1539
     13619,      2093,  1.258089212383E+02,  0.1537
     13624,      2094,  1.258086342285E+02,  0.1537
     13657,      2095,  1.258074767673E+02,  0.1534
     13677,      2096,  1.258072953593E+02,  0.1532
     13709,      2097,  1.258070928620E+02,  0.1530
     13746,      2098,  1.258043364657E+02,  0.1526
     13779,      2099,  1.258039539507E+02,  0.1523
     13783,      2100,  1.258035734972E+02,  0.1524
     13787,      2101,  1.258035464845E+02,  0.1524
     13795,      2102,  1.258035126095E+02,  0.1524
     13806,      2103,  1.258034275954E+02,  0.1523
     13824,      2104,  1.258029595225E+02,  0.1522
     13832,      2105,  1.258016708428E+02,  0.1522
     13838,      2106,  1.258013520635E+02,  0.1522
     13849,      2107,  1.258012888955E+02,  0.1521
     13880,      2108,  1.258004161566E+02,  0.1519
     13894,      2109,  1.257996640149E+02,  0.1518
     13905,      2110,  1.257990247776E+02,  0.1517
     13977,      2111,  1.257986758613E+02,  0.1510
     14017,      2112,  1.257982061779E+02,  0.1507
     14094,      2113,  1.257952997048E+02,  0.1499
     14102,      2114,  1.257947370338E+02,  0.1499
     14108,      2115,  1.257946563156E+02,  0.1499
     14109,      2116,  1.257940097230E+02,  0.1500
     14126,      2117,  1.257936844677E+02,  0.1499
     14247,      2118,  1.257791804849E+02,  0.1487
     14248,      2119,  1.257722733505E+02,  0.1487
     14250,      2120,  1.257720482316E+02,  0.1488
     14345,      2121,  1.257715060358E+02,  0.1479
     14381,      2122,  1.257688417439E+02,  0.1476
     14393,      2123,  1.257687909393E+02,  0.1475
     14422,      2124,  1.257686412545E+02,  0.1473
     14425,      2125,  1.257683448565E+02,  0.1473
     14453,      2126,  1.257681752173E+02,  0.1471
     14462,      2127,  1.257677778142E+02,  0.1471
     14477,      2128,  1.257673005774E+02,  0.1470
     14557,      2129,  1.257568328737E+02,  0.1463
     14560,      2130,  1.257566685929E+02,  0.1463
     14590,      2131,  1.257338121379E+02,  0.1461
     14611,      2132,  1.257316836131E+02,  0.1459
     14618,      2133,  1.257315050963E+02,  0.1459
     14661,      2134,  1.257071796150E+02,  0.1456
     14676,      2135,  1.257070696188E+02,  0.1455
     14677,      2136,  1.257066663515E+02,  0.1455
     14715,      2137,  1.257061404344E+02,  0.1452
     14753,      2138,  1.257060640078E+02,  0.1449
     14773,      2139,  1.257030299304E+02,  0.1448
     14780,      2140,  1.257027116340E+02,  0.1448
     14800,      2141,  1.257008722663E+02,  0.1447
     14805,      2142,  1.256658667591E+02,  0.1447
     14839,      2143,  1.256656585098E+02,  0.1444
     14939,      2144,  1.256629227841E+02,  0.1435
     14951,      2145,  1.256461112719E+02,  0.1435
     14958,      2146,  1.256447722592E+02,  0.1435
     14959,      2147,  1.256171451497E+02,  0.1435
     14965,      2148,  1.256154279934E+02,  0.1435
     14985,      2149,  1.256122889334E+02,  0.1434
     15025,      2150,  1.256121181304E+02,  0.1431
     15033,      2151,  1.256115236727E+02,  0.1431
     15034,      2152,  1.256088852527E+02,  0.1431
     15044,      2153,  1.256087753638E+02,  0.1431
     15058,      2154,  1.256087026552E+02,  0.1430
     15063,      2155,  1.256086931875E+02,  0.1431
     15102,      2156,  1.256086854317E+02,  0.1428
     15106,      2157,  1.256085784991E+02,  0.1428
     15158,      2158,  1.256083722945E+02,  0.1424
     15233,      2159,  1.256064743231E+02,  0.1417
     15253,      2160,  1.256053845488E+02,  0.1416
     15298,      2161,  1.256053250873E+02,  0.1413
     15316,      2162,  1.256053135501E+02,  0.1412
     15378,      2163,  1.256051742402E+02,  0.1407
     15383,      2164,  1.256051146403E+02,  0.1407
     15451,      2165,  1.256049693895E+02,  0.1401
     15469,      2166,  1.256049556103E+02,  0.1400
     15563,      2167,  1.256049292180E+02,  0.1392
     15567,      2168,  1.255930992878E+02,  0.1393
     15603,      2169,  1.255930445571E+02,  0.1390
     15625,      2170,  1.255929337960E+02,  0.1389
     15631,      2171,  1.255772025030E+02,  0.1389
     15647,      2172,  1.255741156549E+02,  0.1388
     15649,      2173,  1.255710467919E+02,  0.1389
     15655,      2174,  1.255706931873E+02,  0.1389
     15674,      2175,  1.255705069797E+02,  0.1388
     15766,      2176,  1.255703374575E+02,  0.1380
     15800,      2177,  1.255460656085E+02,  0.1378
     15830,      2178,  1.255456939031E+02,  0.1376
     15853,      2179,  1.255453273528E+02,  0.1375
     15877,      2180,  1.255450598062E+02,  0.1373
     15887,      2181,  1.255450465116E+02,  0.1373
     15894,      2182,  1.255450369481E+02,  0.1373
     15899,      2183,  1.255444597328E+02,  0.1373
     15952,      2184,  1.255444087464E+02,  0.1369
     15977,      2185,  1.255439255179E+02,  0.1368
     16008,      2186,  1.255438550102E+02,  0.1366
     16078,      2187,  1.255426699135E+02,  0.1360
     16101,      2188,  1.255426072942E+02,  0.1359
     16109,      2189,  1.255425892418E+02,  0.1359
     16126,      2190,  1.255425086809E+02,  0.1358
     16179,      2191,  1.255365685856E+02,  0.1354
     16217,      2192,  1.255365410714E+02,  0.1352
     16240,      2193,  1.255359718883E+02,  0.1350
     16267,      2194,  1.255357135345E+02,  0.1349
     16316,      2195,  1.255329224098E+02,  0.1345
     16327,      2196,  1.255327216815E+02,  0.1345
     16368,      2197,  1.255326508800E+02,  0.1342
     16405,      2198,  1.255322327309E+02,  0.1340
     16500,      2199,  1.255319996603E+02,  0.1333
     16509,      2200,  1.255319961565E+02,  0.1333
     16523,      2201,  1.255317340958E+02,  0.1332
     16586,      2202,  1.255315369402E+02,  0.1328
     16588,      2203,  1.255314494115E+02,  0.1328
     16638,      2204,  1.255314196485E+02,  0.1325
     16676,      2205,  1.255314027158E+02,  0.1322
     16691,      2206,  1.255313639001E+02,  0.1322
     16804,      2207,  1.255275027526E+02,  0.1313
     16821,      2208,  1.255274648604E+02,  0.1313
     16839,      2209,  1.255274300221E+02,  0.1312
     16869,      2210,  1.255273157444E+02,  0.1310
     16923,      2211,  1.255272322019E+02,  0.1307
     17023,      2212,  1.255269436853E+02,  0.1299
     17190,      2213,  1.255267685905E+02,  0.1287
     17323,      2214,  1.255266186157E+02,  0.1278
     17441,      2215,  1.255263494320E+02,  0.1270
     17456,      2216,  1.255263474520E+02,  0.1269
     17458,      2217,  1.255260139554E+02,  0.1270
     17470,      2218,  1.255258844361E+02,  0.1270
     17543,      2219,  1.255258720437E+02,  0.1265
     17554,      2220,  1.255257818193E+02,  0.1265
     17611,      2221,  1.255257584461E+02,  0.1261
     17740,      2222,  1.255256340334E+02,  0.1253
     17847,      2223,  1.255155849457E+02,  0.1246
     17858,      2224,  1.255155700599E+02,  0.1245
     17868,      2225,  1.255154889277E+02,  0.1245
     17910,      2226,  1.255153786760E+02,  0.1243
     17946,      2227,  1.255151402348E+02,  0.1241
     17976,      2228,  1.255149820332E+02,  0.1239
     18105,      2229,  1.255149434518E+02,  0.1231
     18142,      2230,  1.255149409420E+02,  0.1229
     18145,      2231,  1.255149330489E+02,  0.1230
     18160,      2232,  1.255141952781E+02,  0.1229
     18209,      2233,  1.255141366669E+02,  0.1226
     18476,      2234,  1.255140978125E+02,  0.1209
     18630,      2235,  1.255132697692E+02,  0.1200
     18649,      2236,  1.255132344641E+02,  0.1199
     18675,      2237,  1.255128437545E+02,  0.1198
     18746,      2238,  1.255097513883E+02,  0.1194
     18792,      2239,  1.255002742522E+02,  0.1191
     18849,      2240,  1.255002596748E+02,  0.1188
     18862,      2241,  1.255000420354E+02,  0.1188
     18966,      2242,  1.254999247949E+02,  0.1182
     19020,      2243,  1.254998212383E+02,  0.1179
     19051,      2244,  1.254998018897E+02,  0.1178
     19217,      2245,  1.254985924022E+02,  0.1168
     19530,      2246,  1.254976312662E+02,  0.1150
     19542,      2247,  1.254957925788E+02,  0.1150
     19613,      2248,  1.254955970059E+02,  0.1146
     19700,      2249,  1.254954403156E+02,  0.1142
     19856,      2250,  1.254884916890E+02,  0.1133
     19962,      2251,  1.254884298474E+02,  0.1128
     19971,      2252,  1.254881191082E+02,  0.1128
     20117,      2253,  1.254881151305E+02,  0.1120
     20155,      2254,  1.254874422296E+02,  0.1118
     20370,      2255,  1.254874100011E+02,  0.1107
     20454,      2256,  1.254873751966E+02,  0.1103
     20489,      2257,  1.254872664170E+02,  0.1102
     20509,      2258,  1.254872565606E+02,  0.1101
     20570,      2259,  1.254872347899E+02,  0.1098
     20632,      2260,  1.254872057606E+02,  0.1095
     20748,      2261,  1.254870436015E+02,  0.1090
     20811,      2262,  1.254838229301E+02,  0.1087
     20954,      2263,  1.254836962247E+02,  0.1080
     21041,      2264,  1.254804860207E+02,  0.1076
     21115,      2265,  1.254784609490E+02,  0.1073
     21162,      2266,  1.254784243356E+02,  0.1071
     21372,      2267,  1.254784128718E+02,  0.1061
     21520,      2268,  1.254783908453E+02,  0.1054
     21569,      2269,  1.254763949549E+02,  0.1052
     21570,      2270,  1.254762629046E+02,  0.1052
     21806,      2271,  1.254761696947E+02,  0.1041
     21879,      2272,  1.254761456971E+02,  0.1038
     21981,      2273,  1.254761349041E+02,  0.1034
     22031,      2274,  1.254730077853E+02,  0.1032
     22100,      2275,  1.254728759987E+02,  0.1029
     22118,      2276,  1.254728592536E+02,  0.1029
     22138,      2277,  1.254727497365E+02,  0.1029
     22307,      2278,  1.254725158146E+02,  0.1021
     22511,      2279,  1.254691325411E+02,  0.1012
     22633,      2280,  1.254691291865E+02,  0.1007
     22649,      2281,  1.254678921370E+02,  0.1007
     22701,      2282,  1.254675788367E+02,  0.1005
     22777,      2283,  1.254673790496E+02,  0.1002
     22831,      2284,  1.254672866874E+02,  0.1000
     22854,      2285,  1.254669324518E+02,  0.1000
     22872,      2286,  1.254666235473E+02,  0.0999
     22949,      2287,  1.254665887027E+02,  0.0997
     23034,      2288,  1.254662611330E+02,  0.0993
     23069,      2289,  1.254662446378E+02,  0.0992
     23128,      2290,  1.254650034784E+02,  0.0990
     23134,      2291,  1.254649611220E+02,  0.0990
     23149,      2292,  1.254649385491E+02,  0.0990
     23257,      2293,  1.254632715784E+02,  0.0986
     23370,      2294,  1.254632705017E+02,  0.0982
     23390,      2295,  1.254632608302E+02,  0.0981
     23434,      2296,  1.254632262879E+02,  0.0980
     23437,      2297,  1.254630763918E+02,  0.0980
     23525,      2298,  1.254629654765E+02,  0.0977
     23527,      2299,  1.254628888584E+02,  0.0977
     23673,      2300,  1.254625282826E+02,  0.0972
     23730,      2301,  1.254624353299E+02,  0.0970
     23790,      2302,  1.254614348716E+02,  0.0968
     23822,      2303,  1.254588113315E+02,  0.0967
     23836,      2304,  1.254587926047E+02,  0.0967
     23965,      2305,  1.254587553028E+02,  0.0962
     24024,      2306,  1.254587090516E+02,  0.0960
     24032,      2307,  1.254584665200E+02,  0.0960
     24096,      2308,  1.254584223019E+02,  0.0958
     24141,      2309,  1.254584113109E+02,  0.0956
     24232,      2310,  1.254581965322E+02,  0.0953
     24495,      2311,  1.254581916564E+02,  0.0943
     24762,      2312,  1.254568122606E+02,  0.0934
     24883,      2313,  1.254559681723E+02,  0.0930
     24966,      2314,  1.254557140122E+02,  0.0927
     25012,      2315,  1.254557101013E+02,  0.0926
     25074,      2316,  1.254556319283E+02,  0.0924
     25126,      2317,  1.254555683297E+02,  0.0922
     25131,      2318,  1.254507007766E+02,  0.0922
     25205,      2319,  1.254506480446E+02,  0.0920
     25217,      2320,  1.254505258824E+02,  0.0920
     25372,      2321,  1.254504794655E+02,  0.0915
     25426,      2322,  1.254500008717E+02,  0.0913
     25569,      2323,  1.254499875267E+02,  0.0909
     25621,      2324,  1.254499002077E+02,  0.0907
     25671,      2325,  1.254498500650E+02,  0.0906
     25766,      2326,  1.254437466124E+02,  0.0903
     25903,      2327,  1.254435404582E+02,  0.0898
     25970,      2328,  1.254433397477E+02,  0.0896
     26148,      2329,  1.254433311696E+02,  0.0891
     26280,      2330,  1.254432466805E+02,  0.0887
     26448,      2331,  1.254432376129E+02,  0.0881
     26455,      2332,  1.254432154993E+02,  0.0881
     26896,      2333,  1.254420930143E+02,  0.0867
     26926,      2334,  1.254420539282E+02,  0.0867
     26952,      2335,  1.254417377925E+02,  0.0866
     26993,      2336,  1.254416867946E+02,  0.0865
     27154,      2337,  1.254416842565E+02,  0.0861
     27176,      2338,  1.254416433318E+02,  0.0860
     27280,      2339,  1.254415069793E+02,  0.0857
     27472,      2340,  1.254414972806E+02,  0.0852
     27819,      2341,  1.254414612351E+02,  0.0842
     27820,      2342,  1.254413347786E+02,  0.0842
     27869,      2343,  1.254410921681E+02,  0.0841
     27903,      2344,  1.254410826107E+02,  0.0840
     28047,      2345,  1.254410020120E+02,  0.0836
     28358,      2346,  1.254397089286E+02,  0.0827
     28380,      2347,  1.254396357743E+02,  0.0827
     28430,      2348,  1.254396082546E+02,  0.0826
     28583,      2349,  1.254387160893E+02,  0.0822
     28591,      2350,  1.254375862575E+02,  0.0822
     28653,      2351,  1.254362154779E+02,  0.0821
     29267,      2352,  1.254356980659E+02,  0.0804
     29384,      2353,  1.254352330430E+02,  0.0801
     29416,      2354,  1.254352264523E+02,  0.0800
     29443,      2355,  1.254352257755E+02,  0.0800
     29461,      2356,  1.254352098717E+02,  0.0800
     29551,      2357,  1.254346120322E+02,  0.0798
     29782,      2358,  1.254346001723E+02,  0.0792
     29807,      2359,  1.254345766567E+02,  0.0791
     30053,      2360,  1.254344517211E+02,  0.0785
     30082,      2361,  1.254344443268E+02,  0.0785
     30295,      2362,  1.254321240315E+02,  0.0780
     30356,      2363,  1.254321024087E+02,  0.0778
     30365,      2364,  1.254293170996E+02,  0.0779
     30403,      2365,  1.254292597080E+02,  0.0778
     30488,      2366,  1.254292087320E+02,  0.0776
     30679,      2367,  1.254291845152E+02,  0.0772
     30945,      2368,  1.254266109887E+02,  0.0765
     31213,      2369,  1.254265956442E+02,  0.0759
     31453,      2370,  1.254265164713E+02,  0.0754
     31537,      2371,  1.254264726054E+02,  0.0752
     31567,      2372,  1.254263918639E+02,  0.0751
     31655,      2373,  1.254263772275E+02,  0.0750
     31666,      2374,  1.254263751657E+02,  0.0750
     31843,      2375,  1.254263545358E+02,  0.0746
     31847,      2376,  1.254258029962E+02,  0.0746
     31921,      2377,  1.254257778532E+02,  0.0745
     32572,      2378,  1.254257111616E+02,  0.0730
     32938,      2379,  1.254256990577E+02,  0.0722
     33141,      2380,  1.254256452328E+02,  0.0718
     33534,      2381,  1.254256435261E+02,  0.0710
     33596,      2382,  1.254256339578E+02,  0.0709
     33689,      2383,  1.254256004413E+02,  0.0707
     33780,      2384,  1.254242906852E+02,  0.0706
     34067,      2385,  1.254242828606E+02,  0.0700
     34111,      2386,  1.254241637024E+02,  0.0699
     34280,      2387,  1.254241628638E+02,  0.0696
     34891,      2388,  1.254231017538E+02,  0.0684
     35084,      2389,  1.254219866663E+02,  0.0681
     35219,      2390,  1.254217983479E+02,  0.0679
     35267,      2391,  1.254217627550E+02,  0.0678
     35419,      2392,  1.254217449948E+02,  0.0675
     35823,      2393,  1.254194454646E+02,  0.0668
     35847,      2394,  1.254194317051E+02,  0.0668
     35950,      2395,  1.254193879594E+02,  0.0666
     36017,      2396,  1.254193208053E+02,  0.0665
     36061,      2397,  1.254192583731E+02,  0.0665
     36110,      2398,  1.254182755604E+02,  0.0664
     36171,      2399,  1.254180438081E+02,  0.0663
     36196,      2400,  1.254180259230E+02,  0.0663
     36242,      2401,  1.254179355138E+02,  0.0662
     36255,      2402,  1.254178892607E+02,  0.0663
     36402,      2403,  1.254178816127E+02,  0.0660
     36583,      2404,  1.254178034879E+02,  0.0657
     36700,      2405,  1.254146599828E+02,  0.0655
     36781,      2406,  1.254145938158E+02,  0.0654
     36845,      2407,  1.254145175502E+02,  0.0653
     37029,      2408,  1.254145091428E+02,  0.0650
     37136,      2409,  1.254139924424E+02,  0.0649
     37152,      2410,  1.254137007259E+02,  0.0649
     37219,      2411,  1.254136983931E+02,  0.0648
     37230,      2412,  1.254136764394E+02,  0.0648
     37389,      2413,  1.254136114061E+02,  0.0645
     37419,      2414,  1.254135596654E+02,  0.0645
     37650,      2415,  1.254113016245E+02,  0.0641
     37682,      2416,  1.254099815113E+02,  0.0641
     37707,      2417,  1.254099405226E+02,  0.0641
     37853,      2418,  1.254096571391E+02,  0.0639
     37861,      2419,  1.254096410141E+02,  0.0639
     37904,      2420,  1.254096134456E+02,  0.0638
     37937,      2421,  1.254094364967E+02,  0.0638
     37989,      2422,  1.254093920457E+02,  0.0638
     38398,      2423,  1.254093812627E+02,  0.0631
     38534,      2424,  1.254093713607E+02,  0.0629
     38554,      2425,  1.254092830312E+02,  0.0629
     38623,      2426,  1.254092391074E+02,  0.0628
     38749,      2427,  1.254091620320E+02,  0.0626
     38756,      2428,  1.254091339040E+02,  0.0626
     38768,      2429,  1.254084988636E+02,  0.0627
     38875,      2430,  1.254084564930E+02,  0.0625
     39003,      2431,  1.254057690606E+02,  0.0623
     39108,      2432,  1.254053240369E+02,  0.0622
     39111,      2433,  1.254052738129E+02,  0.0622
     39238,      2434,  1.254051825775E+02,  0.0620
     39243,      2435,  1.254051641730E+02,  0.0620
     39276,      2436,  1.254049849840E+02,  0.0620
     39388,      2437,  1.254049813936E+02,  0.0619
     39436,      2438,  1.254049716350E+02,  0.0618
     39499,      2439,  1.254046957489E+02,  0.0617
     39730,      2440,  1.254046723272E+02,  0.0614
     39790,      2441,  1.254043524651E+02,  0.0613
     40209,      2442,  1.254043266925E+02,  0.0607
     40294,      2443,  1.254043054809E+02,  0.0606
     40645,      2444,  1.254024589002E+02,  0.0601
     40759,      2445,  1.254024513319E+02,  0.0600
     40915,      2446,  1.254024417669E+02,  0.0598
     40934,      2447,  1.254024017068E+02,  0.0598
     41488,      2448,  1.254017382649E+02,  0.0590
     41510,      2449,  1.254017051319E+02,  0.0590
     41519,      2450,  1.254017017803E+02,  0.0590
     41610,      2451,  1.254017010393E+02,  0.0589
     41630,      2452,  1.254016929017E+02,  0.0589
     41727,      2453,  1.253986006747E+02,  0.0588
     41734,      2454,  1.253985722062E+02,  0.0588
     41796,      2455,  1.253985688164E+02,  0.0587
     41995,      2456,  1.253983382361E+02,  0.0585
     42072,      2457,  1.253982894340E+02,  0.0584
     42076,      2458,  1.253982262801E+02,  0.0584
     42312,      2459,  1.253979839184E+02,  0.0581
     43018,      2460,  1.253973028401E+02,  0.0572
     43073,      2461,  1.253970352136E+02,  0.0571
     43392,      2462,  1.253970140050E+02,  0.0567
     43448,      2463,  1.253960175872E+02,  0.0567
     43651,      2464,  1.253959618081E+02,  0.0564
     43668,      2465,  1.253953234691E+02,  0.0564
     43774,      2466,  1.253939004373E+02,  0.0563
     43781,      2467,  1.253934893571E+02,  0.0563
     43868,      2468,  1.253934865136E+02,  0.0563
     44026,      2469,  1.253931385335E+02,  0.0561
     44072,      2470,  1.253786988745E+02,  0.0560
     44108,      2471,  1.253786645204E+02,  0.0560
     44457,      2472,  1.253786350319E+02,  0.0556
     44904,      2473,  1.253785923731E+02,  0.0551
     44906,      2474,  1.253775864201E+02,  0.0551
     45300,      2475,  1.253774939701E+02,  0.0546
     45620,      2476,  1.253763137044E+02,  0.0543
     45755,      2477,  1.253763006560E+02,  0.0541
     45809,      2478,  1.253762624956E+02,  0.0541
     46382,      2479,  1.253762574325E+02,  0.0534
     46596,      2480,  1.253760558053E+02,  0.0532
     46686,      2481,  1.253753262342E+02,  0.0531
     46900,      2482,  1.253741209968E+02,  0.0529
     46999,      2483,  1.253741136446E+02,  0.0528
     47003,      2484,  1.253740771798E+02,  0.0528
     47054,      2485,  1.253647685404E+02,  0.0528
     47496,      2486,  1.253647685347E+02,  0.0523
     47951,      2487,  1.253641549932E+02,  0.0519
     48335,      2488,  1.253641516256E+02,  0.0515
     48454,      2489,  1.253641419901E+02,  0.0514
     48921,      2490,  1.253628858584E+02,  0.0509
     49001,      2491,  1.253628711385E+02,  0.0508
     49312,      2492,  1.253628607707E+02,  0.0505
     49766,      2493,  1.253613858133E+02,  0.0501
     49855,      2494,  1.253613829402E+02,  0.0500
     50020,      2495,  1.253613636297E+02,  0.0499
     50276,      2496,  1.253612210942E+02,  0.0496
     50621,      2497,  1.253606170942E+02,  0.0493
     50707,      2498,  1.253606155835E+02,  0.0493
     50824,      2499,  1.253605969397E+02,  0.0492
     51277,      2500,  1.253605927140E+02,  0.0488
     51289,      2501,  1.253605360566E+02,  0.0488
     51489,      2502,  1.253599357966E+02,  0.0486
     51820,      2503,  1.253598994181E+02,  0.0483
     51882,      2504,  1.253598944671E+02,  0.0483
     51937,      2505,  1.253598943045E+02,  0.0482
     52187,      2506,  1.253598673340E+02,  0.0480
     52443,      2507,  1.253596305980E+02,  0.0478
     52668,      2508,  1.253596301350E+02,  0.0476
     52856,      2509,  1.253596165410E+02,  0.0475
     52907,      2510,  1.253596162089E+02,  0.0474
     53148,      2511,  1.253595432996E+02,  0.0472
     53338,      2512,  1.253595363382E+02,  0.0471
     53415,      2513,  1.253595056294E+02,  0.0470
     53705,      2514,  1.253594757879E+02,  0.0468
     53883,      2515,  1.253594626691E+02,  0.0467
     53999,      2516,  1.253594284686E+02,  0.0466
     54206,      2517,  1.253593579785E+02,  0.0464
     54423,      2518,  1.253593021329E+02,  0.0463
     55111,      2519,  1.253593019252E+02,  0.0457
     55121,      2520,  1.253592886221E+02,  0.0457
     55524,      2521,  1.253592430613E+02,  0.0454
     55639,      2522,  1.253592293952E+02,  0.0453
     55758,      2523,  1.253591929094E+02,  0.0452
     55826,      2524,  1.253588205284E+02,  0.0452
     56143,      2525,  1.253588152027E+02,  0.0450
     56298,      2526,  1.253587790984E+02,  0.0449
     56667,      2527,  1.253587784032E+02,  0.0446
     56698,      2528,  1.253587782579E+02,  0.0446
     57751,      2529,  1.253587778386E+02,  0.0438
     57798,      2530,  1.253587092724E+02,  0.0438
     58489,      2531,  1.253586973544E+02,  0.0433
     58526,      2532,  1.253586955119E+02,  0.0433
     59063,      2533,  1.253584180080E+02,  0.0429
     59205,      2534,  1.253584152078E+02,  0.0428
     59553,      2535,  1.253584081493E+02,  0.0426
     59875,      2536,  1.253580311596E+02,  0.0424
     59897,      2537,  1.253579759854E+02,  0.0424
     59967,      2538,  1.253579728265E+02,  0.0423
     60044,      2539,  1.253579611618E+02,  0.0423
     60470,      2540,  1.253579518648E+02,  0.0420
     61663,      2541,  1.253579418415E+02,  0.0412
     62039,      2542,  1.253578237139E+02,  0.0410
     62164,      2543,  1.253575157955E+02,  0.0409
     62286,      2544,  1.253574129658E+02,  0.0408
     62381,      2545,  1.253573900734E+02,  0.0408
     62588,      2546,  1.253573779989E+02,  0.0407
     62777,      2547,  1.253573625705E+02,  0.0406
     62987,      2548,  1.253568670602E+02,  0.0405
     63007,      2549,  1.253568611160E+02,  0.0405
     63457,      2550,  1.253568569316E+02,  0.0402
     64069,      2551,  1.253556265661E+02,  0.0398
     64392,      2552,  1.253542422835E+02,  0.0396
     64458,      2553,  1.253542345300E+02,  0.0396
     65022,      2554,  1.253542191316E+02,  0.0393
     65590,      2555,  1.253537962580E+02,  0.0390
     67368,      2556,  1.253525974384E+02,  0.0379
     67726,      2557,  1.253513202603E+02,  0.0378
     68468,      2558,  1.253513017850E+02,  0.0374
     69840,      2559,  1.253488800923E+02,  0.0366
     70165,      2560,  1.253487541204E+02,  0.0365
     70246,      2561,  1.253487525216E+02,  0.0365
     70638,      2562,  1.253487440151E+02,  0.0363
     70737,      2563,  1.253487347787E+02,  0.0362
     70823,      2564,  1.253487305233E+02,  0.0362
     70994,      2565,  1.253487109086E+02,  0.0361
     71284,      2566,  1.253485826631E+02,  0.0360
     71320,      2567,  1.253485777557E+02,  0.0360
     71539,      2568,  1.253485507289E+02,  0.0359
     71567,      2569,  1.253466348349E+02,  0.0359
     72016,      2570,  1.253466267181E+02,  0.0357
     72745,      2571,  1.253465870287E+02,  0.0353
     72766,      2572,  1.253465808126E+02,  0.0353
     73245,      2573,  1.253463606213E+02,  0.0351
     73495,      2574,  1.253463473548E+02,  0.0350
     73785,      2575,  1.253463404014E+02,  0.0349
     73798,      2576,  1.253463134705E+02,  0.0349
     73940,      2577,  1.253463018018E+02,  0.0349
     74546,      2578,  1.253462810288E+02,  0.0346
     74578,      2579,  1.253462718793E+02,  0.0346
     75308,      2580,  1.253462542708E+02,  0.0343
     75638,      2581,  1.253459783818E+02,  0.0341
     75650,      2582,  1.253459535690E+02,  0.0341
     75714,      2583,  1.253448202572E+02,  0.0341
     75723,      2584,  1.253447954335E+02,  0.0341
     75775,      2585,  1.253446070068E+02,  0.0341
     75808,      2586,  1.253436324115E+02,  0.0341
     76199,      2587,  1.253435148252E+02,  0.0340
     76338,      2588,  1.253434847877E+02,  0.0339
     76651,      2589,  1.253433669742E+02,  0.0338
     77274,      2590,  1.253433545119E+02,  0.0335
     77655,      2591,  1.253433516194E+02,  0.0334
     78096,      2592,  1.253433437555E+02,  0.0332
     78251,      2593,  1.253432995363E+02,  0.0331
     78359,      2594,  1.253432977734E+02,  0.0331
     78468,      2595,  1.253432864099E+02,  0.0331
     79535,      2596,  1.253432504335E+02,  0.0326
     79596,      2597,  1.253432342350E+02,  0.0326
     79728,      2598,  1.253432182886E+02,  0.0326
     80808,      2599,  1.253432047867E+02,  0.0322
     82197,      2600,  1.253431969081E+02,  0.0316
     82544,      2601,  1.253431310726E+02,  0.0315
     82723,      2602,  1.253431223382E+02,  0.0315
     82851,      2603,  1.253431196861E+02,  0.0314
     83041,      2604,  1.253431186410E+02,  0.0314
     83199,      2605,  1.253431092851E+02,  0.0313
     83464,      2606,  1.253430986351E+02,  0.0312
     83604,      2607,  1.253430963586E+02,  0.0312
     83837,      2608,  1.253430935795E+02,  0.0311
     84021,      2609,  1.253430919018E+02,  0.0311
     85815,      2610,  1.253430699841E+02,  0.0304
     87662,      2611,  1.253430678758E+02,  0.0298
     87727,      2612,  1.253425232789E+02,  0.0298
     88180,      2613,  1.253425055930E+02,  0.0296
     88915,      2614,  1.253425050875E+02,  0.0294
     89127,      2615,  1.253424982538E+02,  0.0293
     89235,      2616,  1.253424874583E+02,  0.0293
     89402,      2617,  1.253424508606E+02,  0.0293
     90568,      2618,  1.253422840321E+02,  0.0289
     90654,      2619,  1.253422766465E+02,  0.0289
     91662,      2620,  1.253419410894E+02,  0.0286
     91748,      2621,  1.253418432465E+02,  0.0286
     91845,      2622,  1.253407470563E+02,  0.0285
     91994,      2623,  1.253407469675E+02,  0.0285
     92334,      2624,  1.253407346686E+02,  0.0284
     92431,      2625,  1.253407230604E+02,  0.0284
     92449,      2626,  1.253407220457E+02,  0.0284
     93107,      2627,  1.253406208500E+02,  0.0282
     93580,      2628,  1.253406140115E+02,  0.0281
     94123,      2629,  1.253406102579E+02,  0.0279
     94392,      2630,  1.253405894492E+02,  0.0279
     94575,      2631,  1.253405561167E+02,  0.0278
     94920,      2632,  1.253405426583E+02,  0.0277
     95273,      2633,  1.253405287207E+02,  0.0276
     95561,      2634,  1.253401924437E+02,  0.0276
     95795,      2635,  1.253398306402E+02,  0.0275
     95840,      2636,  1.253398241507E+02,  0.0275
     96620,      2637,  1.253398111903E+02,  0.0273
     97885,      2638,  1.253397988221E+02,  0.0269
     98491,      2639,  1.253396358266E+02,  0.0268
     98570,      2640,  1.253396051721E+02,  0.0268
     98733,      2641,  1.253396041864E+02,  0.0267
     99422,      2642,  1.253395917539E+02,  0.0266
     99633,      2643,  1.253395850906E+02,  0.0265
    100470,      2644,  1.253395832192E+02,  0.0263
    101679,      2645,  1.253395728130E+02,  0.0260
    102507,      2646,  1.253393536075E+02,  0.0258
    103404,      2647,  1.253393480762E+02,  0.0256
    103417,      2648,  1.253390003176E+02,  0.0256
    103582,      2649,  1.253389904910E+02,  0.0256
    103594,      2650,  1.253372473597E+02,  0.0256
    103729,      2651,  1.253372295991E+02,  0.0256
    105149,      2652,  1.253364766992E+02,  0.0252
    106946,      2653,  1.253364719170E+02,  0.0248
    108885,      2654,  1.253350135652E+02,  0.0244
    109323,      2655,  1.253350093077E+02,  0.0243
    109506,      2656,  1.253343328763E+02,  0.0243
    110412,      2657,  1.253343124156E+02,  0.0241
    110495,      2658,  1.253343063691E+02,  0.0241
    110667,      2659,  1.253342910472E+02,  0.0240
    111537,      2660,  1.253337811207E+02,  0.0238
    111994,      2661,  1.253337781410E+02,  0.0238
    112680,      2662,  1.253337768983E+02,  0.0236
    112885,      2663,  1.253337768839E+02,  0.0236
    113285,      2664,  1.253331340784E+02,  0.0235
    113466,      2665,  1.253331178382E+02,  0.0235
    113805,      2666,  1.253327903393E+02,  0.0234
    114422,      2667,  1.253325020483E+02,  0.0233
    115234,      2668,  1.253324620267E+02,  0.0232
    115573,      2669,  1.253324596716E+02,  0.0231
    115843,      2670,  1.253324593454E+02,  0.0230
    116216,      2671,  1.253324518367E+02,  0.0230
    116784,      2672,  1.253324497365E+02,  0.0229
    117237,      2673,  1.253320127876E+02,  0.0228
    117956,      2674,  1.253319692316E+02,  0.0227
    118081,      2675,  1.253319550409E+02,  0.0227
    118185,      2676,  1.253279561919E+02,  0.0226
    119252,      2677,  1.253278198956E+02,  0.0224
    119418,      2678,  1.253278141158E+02,  0.0224
    119739,      2679,  1.253277945274E+02,  0.0224
    120577,      2680,  1.253277882521E+02,  0.0222
    120820,      2681,  1.253277767710E+02,  0.0222
    120871,      2682,  1.253277697286E+02,  0.0222
    122861,      2683,  1.253277601563E+02,  0.0218
    123644,      2684,  1.253277588092E+02,  0.0217
    123840,      2685,  1.253277507059E+02,  0.0217
    124339,      2686,  1.253277505220E+02,  0.0216
    125020,      2687,  1.253275676887E+02,  0.0215
    125465,      2688,  1.253275177157E+02,  0.0214
    125758,      2689,  1.253274940056E+02,  0.0214
    126568,      2690,  1.253268403577E+02,  0.0213
    126821,      2691,  1.253268307394E+02,  0.0212
    126863,      2692,  1.253266986694E+02,  0.0212
    127130,      2693,  1.253266806114E+02,  0.0212
    127819,      2694,  1.253266723605E+02,  0.0211
    128847,      2695,  1.253266651395E+02,  0.0209
    129194,      2696,  1.253262895898E+02,  0.0209
    129848,      2697,  1.253260556885E+02,  0.0208
    131123,      2698,  1.253257139913E+02,  0.0206
    131341,      2699,  1.253256974747E+02,  0.0205
    131417,      2700,  1.253256938696E+02,  0.0205
    132068,      2701,  1.253256745018E+02,  0.0205
    132168,      2702,  1.253256413332E+02,  0.0204
    132189,      2703,  1.253256275929E+02,  0.0204
    133484,      2704,  1.253250642605E+02,  0.0203
    135390,      2705,  1.253250372605E+02,  0.0200
    136350,      2706,  1.253173408973E+02,  0.0198
    136818,      2707,  1.253173408702E+02,  0.0198
    137042,      2708,  1.253173404994E+02,  0.0198
    138153,      2709,  1.253173368800E+02,  0.0196
    138503,      2710,  1.253173322666E+02,  0.0196
    142668,      2711,  1.253173202137E+02,  0.0190
    143362,      2712,  1.253173176105E+02,  0.0189
    144019,      2713,  1.253170259672E+02,  0.0188
    144377,      2714,  1.253169491468E+02,  0.0188
    144485,      2715,  1.253169441531E+02,  0.0188
    144502,      2716,  1.253169232237E+02,  0.0188
    144578,      2717,  1.253168135217E+02,  0.0188
    145112,      2718,  1.253167957821E+02,  0.0187
    145224,      2719,  1.253167402338E+02,  0.0187
    145695,      2720,  1.253167385685E+02,  0.0187
    145781,      2721,  1.253166995847E+02,  0.0187
    145820,      2722,  1.253166920821E+02,  0.0187
    145831,      2723,  1.253164240210E+02,  0.0187
    146470,      2724,  1.253155170069E+02,  0.0186
    147205,      2725,  1.253154817207E+02,  0.0185
    148629,      2726,  1.253154670228E+02,  0.0183
    149849,      2727,  1.253154585068E+02,  0.0182
    150854,      2728,  1.253154481773E+02,  0.0181
    150967,      2729,  1.253150138260E+02,  0.0181
    152009,      2730,  1.253150100735E+02,  0.0180
    152377,      2731,  1.253149951211E+02,  0.0179
    153293,      2732,  1.253149915763E+02,  0.0178
    153979,      2733,  1.253149894190E+02,  0.0177
    155100,      2734,  1.253143296398E+02,  0.0176
    155279,      2735,  1.253137361200E+02,  0.0176
    156082,      2736,  1.253137324400E+02,  0.0175
    157762,      2737,  1.253137321632E+02,  0.0173
    157775,      2738,  1.253137207818E+02,  0.0174
    161959,      2739,  1.253137193754E+02,  0.0169
    162128,      2740,  1.253136138424E+02,  0.0169
    163170,      2741,  1.253136127065E+02,  0.0168
    163945,      2742,  1.253136108268E+02,  0.0167
    164018,      2743,  1.253136090371E+02,  0.0167
    164939,      2744,  1.253136013691E+02,  0.0166
    167006,      2745,  1.253136000981E+02,  0.0164
    167197,      2746,  1.253133778158E+02,  0.0164
    167939,      2747,  1.253133709078E+02,  0.0164
    168507,      2748,  1.253133653606E+02,  0.0163
    169298,      2749,  1.253133294249E+02,  0.0162
    169705,      2750,  1.253120735965E+02,  0.0162
    169825,      2751,  1.253120710658E+02,  0.0162
    169997,      2752,  1.253120491205E+02,  0.0162
    170049,      2753,  1.253120429125E+02,  0.0162
    171874,      2754,  1.253120364289E+02,  0.0160
    172154,      2755,  1.253119281542E+02,  0.0160
    172163,      2756,  1.253119070890E+02,  0.0160
    172291,      2757,  1.253118998561E+02,  0.0160
    172422,      2758,  1.253118984613E+02,  0.0160
    173276,      2759,  1.253118926471E+02,  0.0159
    173416,      2760,  1.253118837036E+02,  0.0159
    174187,      2761,  1.253118227908E+02,  0.0159
    176491,      2762,  1.253117660663E+02,  0.0156
    176708,      2763,  1.253117618434E+02,  0.0156
    176778,      2764,  1.253116538540E+02,  0.0156
    177130,      2765,  1.253116106139E+02,  0.0156
    177732,      2766,  1.253116094988E+02,  0.0156
    177932,      2767,  1.253116065850E+02,  0.0156
    177938,      2768,  1.253116006707E+02,  0.0156
    179334,      2769,  1.253115502769E+02,  0.0154
    179862,      2770,  1.253115444318E+02,  0.0154
    180875,      2771,  1.253115435746E+02,  0.0153
    182550,      2772,  1.253115267836E+02,  0.0152
    182620,      2773,  1.253115238494E+02,  0.0152
    186312,      2774,  1.253112741281E+02,  0.0149
    190288,      2775,  1.253112669370E+02,  0.0146
    190471,      2776,  1.253112626155E+02,  0.0146
    191219,      2777,  1.253112322964E+02,  0.0145
    191806,      2778,  1.253112201193E+02,  0.0145
    191966,      2779,  1.253111726144E+02,  0.0145
    192794,      2780,  1.253111723378E+02,  0.0144
    193049,      2781,  1.253111630334E+02,  0.0144
    193264,      2782,  1.253111563686E+02,  0.0144
    197036,      2783,  1.253110960339E+02,  0.0141
    199220,      2784,  1.253110947782E+02,  0.0140
    200710,      2785,  1.253110943747E+02,  0.0139
    200969,      2786,  1.253110884892E+02,  0.0139
    202462,      2787,  1.253110727224E+02,  0.0138
    202770,      2788,  1.253110626922E+02,  0.0137
    203817,      2789,  1.253110550844E+02,  0.0137
    206108,      2790,  1.253110380297E+02,  0.0135
    206125,      2791,  1.253098353335E+02,  0.0135
    206188,      2792,  1.253098257825E+02,  0.0135
    207020,      2793,  1.253097396190E+02,  0.0135
    207482,      2794,  1.253097395741E+02,  0.0135
    208105,      2795,  1.253097341987E+02,  0.0134
    208165,      2796,  1.253097298884E+02,  0.0134
    209846,      2797,  1.253094365949E+02,  0.0133
    209944,      2798,  1.253094320703E+02,  0.0133
    210106,      2799,  1.253094120439E+02,  0.0133
    210173,      2800,  1.253094115953E+02,  0.0133
    211497,      2801,  1.253094041139E+02,  0.0132
    212206,      2802,  1.253094038435E+02,  0.0132
    213578,      2803,  1.253090558547E+02,  0.0131
    214476,      2804,  1.253090429674E+02,  0.0131
    217723,      2805,  1.253090366400E+02,  0.0129
    219078,      2806,  1.253090350956E+02,  0.0128
    220337,      2807,  1.253090274362E+02,  0.0127
    223268,      2808,  1.253090171990E+02,  0.0126
    224188,      2809,  1.253089670462E+02,  0.0125
    225916,      2810,  1.253089612098E+02,  0.0124
    229757,      2811,  1.253089555759E+02,  0.0122
    230187,      2812,  1.253068597986E+02,  0.0122
    231700,      2813,  1.253066740811E+02,  0.0121
    231882,      2814,  1.253066620545E+02,  0.0121
    232137,      2815,  1.253066581353E+02,  0.0121
    232807,      2816,  1.253066219615E+02,  0.0121
    233059,      2817,  1.253066113193E+02,  0.0121
    233307,      2818,  1.253065979203E+02,  0.0121
    233333,      2819,  1.253065856211E+02,  0.0121
    233778,      2820,  1.253065470694E+02,  0.0121
    233909,      2821,  1.253063229960E+02,  0.0121
    233933,      2822,  1.253062791297E+02,  0.0121
    234039,      2823,  1.253062752054E+02,  0.0121
    235577,      2824,  1.253062608590E+02,  0.0120
    235672,      2825,  1.253062589653E+02,  0.0120
    236224,      2826,  1.253062482827E+02,  0.0120
    236324,      2827,  1.253062146355E+02,  0.0120
    237332,      2828,  1.253060913900E+02,  0.0119
    237459,      2829,  1.253060562849E+02,  0.0119
    237677,      2830,  1.253056424963E+02,  0.0119
    237836,      2831,  1.253056404784E+02,  0.0119
    237920,      2832,  1.253054935279E+02,  0.0119
    238360,      2833,  1.253054759094E+02,  0.0119
    238765,      2834,  1.253054721149E+02,  0.0119
    238830,      2835,  1.253048931714E+02,  0.0119
    239853,      2836,  1.253048906235E+02,  0.0118
    241337,      2837,  1.253048836574E+02,  0.0118
    243979,      2838,  1.253048796014E+02,  0.0116
    245684,      2839,  1.253048669730E+02,  0.0116
    248124,      2840,  1.253048627895E+02,  0.0114
    248855,      2841,  1.253048544649E+02,  0.0114
    248935,      2842,  1.253048035085E+02,  0.0114
    252394,      2843,  1.253047984382E+02,  0.0113
    253346,      2844,  1.253047864669E+02,  0.0112
    253727,      2845,  1.253047754600E+02,  0.0112
    254511,      2846,  1.253047704201E+02,  0.0112
    257593,      2847,  1.253047037560E+02,  0.0111
    258127,      2848,  1.253046972334E+02,  0.0110
    258277,      2849,  1.253043318520E+02,  0.0110
    259237,      2850,  1.253042799078E+02,  0.0110
    260300,      2851,  1.253038478166E+02,  0.0110
    260590,      2852,  1.253038428330E+02,  0.0109
    260827,      2853,  1.253038397248E+02,  0.0109
    261884,      2854,  1.253038269792E+02,  0.0109
    263871,      2855,  1.253031279713E+02,  0.0108
    263906,      2856,  1.253029441442E+02,  0.0108
    264643,      2857,  1.253029375575E+02,  0.0108
    264998,      2858,  1.253029322181E+02,  0.0108
    265455,      2859,  1.253029313210E+02,  0.0108
    265801,      2860,  1.253029140496E+02,  0.0108
    266220,      2861,  1.253028205647E+02,  0.0107
    266722,      2862,  1.253020461145E+02,  0.0107
    267014,      2863,  1.253020456852E+02,  0.0107
    267086,      2864,  1.253020347259E+02,  0.0107
    268038,      2865,  1.253020209968E+02,  0.0107
    271505,      2866,  1.253020143206E+02,  0.0106
    273198,      2867,  1.253019954134E+02,  0.0105
    273199,      2868,  1.253019933867E+02,  0.0105
    274408,      2869,  1.253019745707E+02,  0.0105
    274483,      2870,  1.253019593854E+02,  0.0105
    275916,      2871,  1.253019543336E+02,  0.0104
    275976,      2872,  1.253019442505E+02,  0.0104
    276318,      2873,  1.253019335001E+02,  0.0104
    276543,      2874,  1.253019315988E+02,  0.0104
    277471,      2875,  1.253014127948E+02,  0.0104
    278139,      2876,  1.253014070835E+02,  0.0103
    278453,      2877,  1.253014027999E+02,  0.0103
    280175,      2878,  1.253013980764E+02,  0.0103
    282136,      2879,  1.253013764510E+02,  0.0102
    286100,      2880,  1.253013676149E+02,  0.0101
    286291,      2881,  1.253010405072E+02,  0.0101
    287786,      2882,  1.253010356641E+02,  0.0100
    288107,      2883,  1.253010331143E+02,  0.0100
    288729,      2884,  1.253006954121E+02,  0.0100
    288837,      2885,  1.253006939203E+02,  0.0100
    289361,      2886,  1.253006873277E+02,  0.0100
    290028,      2887,  1.253006851103E+02,  0.0100
    290485,      2888,  1.253006831170E+02,  0.0099
    291411,      2889,  1.253006793309E+02,  0.0099
    292298,      2890,  1.253006749514E+02,  0.0099
    293254,      2891,  1.253006739439E+02,  0.0099
    293784,      2892,  1.253006707069E+02,  0.0098
    294242,      2893,  1.253005279075E+02,  0.0098
    295947,      2894,  1.253005239011E+02,  0.0098
    297774,      2895,  1.253005012940E+02,  0.0097
    300539,      2896,  1.253004883196E+02,  0.0096
    303814,      2897,  1.253004712915E+02,  0.0095
    304640,      2898,  1.253004699967E+02,  0.0095
    306209,      2899,  1.253001779030E+02,  0.0095
    306547,      2900,  1.253001770343E+02,  0.0095
    310640,      2901,  1.252994897534E+02,  0.0093
    310936,      2902,  1.252994758238E+02,  0.0093
    313429,      2903,  1.252994751732E+02,  0.0093
    314385,      2904,  1.252994749972E+02,  0.0092
    315689,      2905,  1.252992968992E+02,  0.0092
    317536,      2906,  1.252980259062E+02,  0.0092
    318579,      2907,  1.252980241764E+02,  0.0091
    321476,      2908,  1.252980179046E+02,  0.0090
    322710,      2909,  1.252980161580E+02,  0.0090
    322815,      2910,  1.252980160482E+02,  0.0090
    325624,      2911,  1.252980110449E+02,  0.0089
    326830,      2912,  1.252980076353E+02,  0.0089
    329433,      2913,  1.252980069573E+02,  0.0088
    332212,      2914,  1.252978523034E+02,  0.0088
    333999,      2915,  1.252977322600E+02,  0.0087
    336177,      2916,  1.252977317974E+02,  0.0087
    336690,      2917,  1.252971017748E+02,  0.0087
    337876,      2918,  1.252970978057E+02,  0.0086
    338231,      2919,  1.252968436930E+02,  0.0086
    338256,      2920,  1.252968404937E+02,  0.0086
    339322,      2921,  1.252966829354E+02,  0.0086
    341441,      2922,  1.252966808921E+02,  0.0086
    343977,      2923,  1.252966747067E+02,  0.0085
    347875,      2924,  1.252966614932E+02,  0.0084
    348770,      2925,  1.252966540447E+02,  0.0084
    349915,      2926,  1.252966427868E+02,  0.0084
    350974,      2927,  1.252966405240E+02,  0.0083
    351250,      2928,  1.252966346743E+02,  0.0083
    353216,      2929,  1.252966335565E+02,  0.0083
    358279,      2930,  1.252966311432E+02,  0.0082
    364307,      2931,  1.252966304597E+02,  0.0080
    364966,      2932,  1.252966302538E+02,  0.0080
    366302,      2933,  1.252966272268E+02,  0.0080
    366902,      2934,  1.252966220513E+02,  0.0080
    367049,      2935,  1.252963471380E+02,  0.0080
    367910,      2936,  1.252963453850E+02,  0.0080
    370875,      2937,  1.252961049069E+02,  0.0079
    370914,      2938,  1.252959869139E+02,  0.0079
    371048,      2939,  1.252959865462E+02,  0.0079
    371154,      2940,  1.252959684317E+02,  0.0079
    371415,      2941,  1.252959680106E+02,  0.0079
    371690,      2942,  1.252955800281E+02,  0.0079
    371903,      2943,  1.252955769224E+02,  0.0079
    374995,      2944,  1.252950048160E+02,  0.0079
    377480,      2945,  1.252950036591E+02,  0.0078
    377700,      2946,  1.252949084073E+02,  0.0078
    378551,      2947,  1.252949080144E+02,  0.0078
    378629,      2948,  1.252949078020E+02,  0.0078
    379023,      2949,  1.252949054489E+02,  0.0078
    379445,      2950,  1.252944501750E+02,  0.0078
    379567,      2951,  1.252944461128E+02,  0.0078
    380196,      2952,  1.252944429616E+02,  0.0078
    380291,      2953,  1.252944424158E+02,  0.0078
    380901,      2954,  1.252944394893E+02,  0.0078
    382489,      2955,  1.252944353841E+02,  0.0077
    385026,      2956,  1.252944353515E+02,  0.0077
    385875,      2957,  1.252944325342E+02,  0.0077
    386050,      2958,  1.252944322685E+02,  0.0077
    388885,      2959,  1.252944253097E+02,  0.0076
    389808,      2960,  1.252942334182E+02,  0.0076
    391679,      2961,  1.252942288426E+02,  0.0076
    393141,      2962,  1.252942287449E+02,  0.0075
    394210,      2963,  1.252942273965E+02,  0.0075
    396814,      2964,  1.252942233766E+02,  0.0075
    401201,      2965,  1.252942220126E+02,  0.0074
    401370,      2966,  1.252942213431E+02,  0.0074
    402857,      2967,  1.252942167124E+02,  0.0074
    404654,      2968,  1.252942138163E+02,  0.0073
    405554,      2969,  1.252942137413E+02,  0.0073
    406330,      2970,  1.252942096115E+02,  0.0073
    406508,      2971,  1.252942090882E+02,  0.0073
    410431,      2972,  1.252941479104E+02,  0.0072
    411130,      2973,  1.252941428615E+02,  0.0072
    412488,      2974,  1.252937775859E+02,  0.0072
    414966,      2975,  1.252936357044E+02,  0.0072
    414983,      2976,  1.252936297157E+02,  0.0072
    415676,      2977,  1.252936296026E+02,  0.0072
    417171,      2978,  1.252936213184E+02,  0.0071
    421577,      2979,  1.252935971615E+02,  0.0071
    429814,      2980,  1.252933858810E+02,  0.0069
    430041,      2981,  1.252933813285E+02,  0.0069
    431021,      2982,  1.252933809768E+02,  0.0069
    431386,      2983,  1.252933803934E+02,  0.0069
    432164,      2984,  1.252932155533E+02,  0.0069
    432344,      2985,  1.252932154305E+02,  0.0069
    432639,      2986,  1.252932125897E+02,  0.0069
    432903,      2987,  1.252932112998E+02,  0.0069
    434059,      2988,  1.252932004294E+02,  0.0069
    437941,      2989,  1.252930566889E+02,  0.0068
    438598,      2990,  1.252930438016E+02,  0.0068
    443273,      2991,  1.252930437469E+02,  0.0067
    445886,      2992,  1.252930397641E+02,  0.0067
    446677,      2993,  1.252930189603E+02,  0.0067
    448498,      2994,  1.252929713930E+02,  0.0067
    449298,      2995,  1.252929695132E+02,  0.0067
    450348,      2996,  1.252929665195E+02,  0.0067
    451554,      2997,  1.252927310848E+02,  0.0066
    451692,      2998,  1.252927207221E+02,  0.0066
    452640,      2999,  1.252927199215E+02,  0.0066
    452754,      3000,  1.252927166520E+02,  0.0066
    452830,      3001,  1.252926835005E+02,  0.0066
    455474,      3002,  1.252926831134E+02,  0.0066
    456382,      3003,  1.252926604741E+02,  0.0066
    459521,      3004,  1.252926602833E+02,  0.0065
    460893,      3005,  1.252926217431E+02,  0.0065
    462052,      3006,  1.252926207180E+02,  0.0065
    464557,      3007,  1.252926139494E+02,  0.0065
    466081,      3008,  1.252926132875E+02,  0.0065
    466612,      3009,  1.252924174483E+02,  0.0064
    466890,      3010,  1.252923740629E+02,  0.0064
    469213,      3011,  1.252923733879E+02,  0.0064
    469724,      3012,  1.252923432206E+02,  0.0064
    470415,      3013,  1.252923287285E+02,  0.0064
    472581,      3014,  1.252923285762E+02,  0.0064
    472821,      3015,  1.252923268704E+02,  0.0064
    472890,      3016,  1.252922809922E+02,  0.0064
    472911,      3017,  1.252922785411E+02,  0.0064
    473447,      3018,  1.252922395109E+02,  0.0064
    474015,      3019,  1.252913995135E+02,  0.0064
    475128,      3020,  1.252913933495E+02,  0.0064
    475148,      3021,  1.252913846721E+02,  0.0064
    475709,      3022,  1.252913162089E+02,  0.0064
    476377,      3023,  1.252913112725E+02,  0.0063
    478204,      3024,  1.252913009410E+02,  0.0063
    478469,      3025,  1.252913005925E+02,  0.0063
    479748,      3026,  1.252913001050E+02,  0.0063
    479857,      3027,  1.252913000931E+02,  0.0063
    480031,      3028,  1.252913000221E+02,  0.0063
    480496,      3029,  1.252912982817E+02,  0.0063
    483731,      3030,  1.252912954092E+02,  0.0063
    486199,      3031,  1.252912928806E+02,  0.0062
    486791,      3032,  1.252912893648E+02,  0.0062
    487463,      3033,  1.252912732482E+02,  0.0062
    492565,      3034,  1.252912684601E+02,  0.0062
    493383,      3035,  1.252912631773E+02,  0.0062
    494437,      3036,  1.252911119948E+02,  0.0061
    496998,      3037,  1.252910944579E+02,  0.0061
    497787,      3038,  1.252910939685E+02,  0.0061
    499660,      3039,  1.252910825938E+02,  0.0061
